{
	"metadata": {
		"slug": "cloudautomation-template",
		"name": "CloudAutomation Template",
		"short_description": "Lifecycle management workflow templates for Cloud Automation",
		"author": "ActiveEon's Team",
		"tags": ["Cloud Automation", "Template"],
		"version": "1.0"
	},
	"catalog" : {
		"bucket" : "cloud-automation",
		"objects" : [
			{
				"name" : "PCA_Example_Start",
				"metadata" : {
					"kind": "Workflow/pca",
					"commitMessage": "First commit",
					"contentType": "application/xml"
				},
				"file" : "resources/catalog/PCA_example_start.xml"
			},
			{
				"name" : "PCA_Example_Finish",
				"metadata" : {
					"kind": "Workflow/pca",
					"commitMessage": "First commit",
					"contentType": "application/xml"
				},
				"file" : "resources/catalog/PCA_example_finish.xml"
			}
		]
	}
}
