{
	"metadata": {
		"slug": "hadooporchestration",
		"name": "Hadoop Orchestration",
		"short_description": "Orchestrate Hadoop jobs from ProActive",
		"author": "ActiveEon's Team",
		"tags": ["Building blocks", "Hadoop", "Orchestration", "Big Data", "Analytics"],
		"version": "1.0"
	},
	"test": {
		"scenarios": "resources/test/scenarios.json"
	},
	"catalog" : {
		"bucket" : "big-data",
		"objects" : [
			{
				"name" : "Hadoop_PI",
				"metadata" : {
					"kind": "Workflow/standard",
					"commitMessage": "First commit",
					"contentType": "application/xml"
				},
				"file" : "resources/catalog/hadoop_pi.xml"			}
		]
	}
}
