<?xml version="1.0" encoding="UTF-8"?>
<job
  xmlns:xsi="http://www.w3.org/2001/XMLSchema-instance"
  xmlns="urn:proactive:jobdescriptor:3.11" xsi:schemaLocation="urn:proactive:jobdescriptor:3.11 http://www.activeeon.com/public_content/schemas/proactive/jobdescriptor/3.11/schedulerjob.xsd"  name="Twitter_Language_R_Analysis" projectName="Big Data Workflows" priority="normal" onTaskError="continueJobExecution"  maxNumberOfExecution="1" >
  <variables>
    <variable name="KeyWord" value="HybridCloud" />
    <variable name="Number_of_search" value="3" />
    <variable name="Number_of_tweets" value="2000" />
  </variables>
  <description>
    <![CDATA[ A workflow to run a simple Twitter analysis using R. It requires R to be installed before execution. ]]>
  </description>
  <genericInformation>
    <info name="workflow.icon" value="/automation-dashboard/styles/patterns/img/wf-icons/twitter-r.png"/>
  </genericInformation>
  <taskFlow>
    <task name="Analysis" >
      <description>
        <![CDATA[ Create a wordcloud using the tweets from one town. ]]>
      </description>
      <depends>
        <task ref="Split"/>
      </depends>
      <forkEnvironment javaHome="/usr" >
        <envScript>
          <script>
            <code language="python">
              <![CDATA[
#Be aware, that the prefix command is internally split by spaces. So paths with spaces won't work.
# Prepare Docker parameters 
containerName = 'activeeon/demor' 
dockerRunCommand =  'docker run ' 
dockerParameters = '--rm ' 
# Prepare ProActive home volume 
paHomeHost = variables.get("PA_SCHEDULER_HOME") 
paHomeContainer = variables.get("PA_SCHEDULER_HOME") 
proActiveHomeVolume = '-v '+paHomeHost +':'+paHomeContainer+' ' 
# Prepare working directory (For Dataspaces and serialized task file) 
workspaceHost = localspace 
workspaceContainer = localspace 
workspaceVolume = '-v '+localspace +':'+localspace+' ' 
# Prepare container working directory 
containerWorkingDirectory = '-w '+workspaceContainer+' ' 
# Save pre execution command into magic variable 'preJavaHomeCmd', which is picked up by the node 
preJavaHomeCmd = dockerRunCommand + dockerParameters + proActiveHomeVolume + workspaceVolume + containerWorkingDirectory + containerName
]]>
            </code>
          </script>
        </envScript>
      </forkEnvironment>
      <pre>
        <script>
          <code language="bash">
            <![CDATA[

]]>
          </code>
        </script>
      </pre>
      <scriptExecutable>
        <script>
          <code language="R">
            <![CDATA[
#Change to your own or the limits will be shared
consumer_key_api <- "K5sM7uI8QPwK1iiTsvWayIl9q"
consumer_secret_api <- "4Lc9V9bjzNTI2B6Eq7wvf3TZJQMnv3sFqiDCBCgqWQL1kjFmM6"
token <- "804452393895088129-JmyRNVoDLaDBOyjlUrh4my3Yl8M2Q9U"
token_secret <- "yedHoQyQEardwoQNbFraWIz1n552BgfADDk5XOSwcc7PT"
#15 calls every 15 minutes. 



Locations <- data.frame( lats=unlist(results[[1]][1]), lons=unlist(results[[1]][2]), cities=unlist(results[[1]][3]))


Sys.setlocale("LC_NUMERIC", "C") 
library(twitteR)
library(stringr)
library(tm)
library(wordcloud)
library(textreg)
library(mailR)


tryCatch({
options(httr_oauth_cache=F)
setup_twitter_oauth(consumer_key_api, consumer_secret_api, token , token_secret)
} ,error=function(cond) {
print("The credentials seem to be wrong or you made too many calls. In the latter case, wait 15 minutes and try again")
stop("Could not connect")
return(NA)
})

Tweets <- searchTwitter(toString(variables[["KeyWord"]]) , n=variables[["Number_of_tweets"]], lang='en', geocode=paste(Locations$lats[variables[["PA_TASK_REPLICATION"]]+1],Locations$lons[variables[["PA_TASK_REPLICATION"]]+1],paste0(300,"km"),sep=",") )


Tweetstext <-sapply(Tweets, function(x) x$getText())
Tweetstext <-unlist(Tweetstext)


corpus <- Corpus(VectorSource(Tweetstext))
corpus <- tm_map(corpus, str_replace_all,"[^[:alnum:]]", " ")
corpus <- tm_map(corpus, removePunctuation)
corpus <- tm_map(corpus, removeWords, stopwords("english"))
corpus <- tm_map(corpus, removeWords, c("http", "https", "amp", variables[["KeyWord"]]))
corpus <- tm_map(corpus, PlainTextDocument)



#plot and save
col <- brewer.pal(6,"Dark2")
png(paste(Locations$cities[variables[["PA_TASK_REPLICATION"]]+1], "_", variables[["KeyWord"]], ".png", sep = ""))
plot.new()
wordcloud(corpus, scale=c(3,.2),rot.per = 0.25,  random.color=T, max.word=700, random.order=F, colors=col)
dev.off()



corpus <- convert.tm.to.character(corpus)
result <- corpus
]]>
          </code>
        </script>
      </scriptExecutable>
      <controlFlow block="start"></controlFlow>
      <outputFiles>
        <files  includes="*.png" accessMode="transferToUserSpace"/>
      </outputFiles>
    </task>
    <task name="Split" >
      <forkEnvironment javaHome="/usr" >
        <envScript>
          <script>
            <code language="python">
              <![CDATA[
#Be aware, that the prefix command is internally split by spaces. So paths with spaces won't work.
# Prepare Docker parameters 
containerName = 'activeeon/demor' 
dockerRunCommand =  'docker run ' 
dockerParameters = '--rm ' 
# Prepare ProActive home volume 
paHomeHost = variables.get("PA_SCHEDULER_HOME") 
paHomeContainer = variables.get("PA_SCHEDULER_HOME") 
proActiveHomeVolume = '-v '+paHomeHost +':'+paHomeContainer+' ' 
# Prepare working directory (For Dataspaces and serialized task file) 
workspaceHost = localspace 
workspaceContainer = localspace 
workspaceVolume = '-v '+localspace +':'+localspace+' ' 
# Prepare container working directory 
containerWorkingDirectory = '-w '+workspaceContainer+' ' 
# Save pre execution command into magic variable 'preJavaHomeCmd', which is picked up by the node 
preJavaHomeCmd = dockerRunCommand + dockerParameters + proActiveHomeVolume + workspaceVolume + containerWorkingDirectory + containerName
]]>
            </code>
          </script>
        </envScript>
      </forkEnvironment>
      <scriptExecutable>
        <script>
          <code language="R">
            <![CDATA[
lats <- c(38.9, 40.7, 37.8, 39, 37.4, 28, 30, 42.4, 48, 36, 32.3, 33.5, 34.7, 33.8, 37.2)
lons <- c(-77, -74, -122, -105.5, -122, -82.5, -98, -71, -122, -115, -86.3, -112, -92.3, -84.4, -93.3)
cities <- c("DC", "New-York", "San-Francisco", "Colorado", "Mountain-View", "Tampa", "Austin", "Boston", "Seattle", "Vegas", "Montgomery", "Phoenix", "Little-Rock", "Atlanta", "Springfield")
variables[['names']] <- cities

result <- list(lats, lons, cities)
]]>
          </code>
        </script>
      </scriptExecutable>
      <controlFlow >
        <replicate>
          <script>
            <code language="javascript">
              <![CDATA[
runs=variables.get("Number_of_search")
]]>
            </code>
          </script>
        </replicate>
      </controlFlow>
    </task>
    <task name="Merge" >
      <depends>
        <task ref="Additional"/>
      </depends>
      <forkEnvironment javaHome="/usr" >
        <envScript>
          <script>
            <code language="python">
              <![CDATA[
#Be aware, that the prefix command is internally split by spaces. So paths with spaces won't work.
# Prepare Docker parameters 
containerName = 'activeeon/demor' 
dockerRunCommand =  'docker run ' 
dockerParameters = '--rm ' 
# Prepare ProActive home volume 
paHomeHost = variables.get("PA_SCHEDULER_HOME") 
paHomeContainer = variables.get("PA_SCHEDULER_HOME") 
proActiveHomeVolume = '-v '+paHomeHost +':'+paHomeContainer+' ' 
# Prepare working directory (For Dataspaces and serialized task file) 
workspaceHost = localspace 
workspaceContainer = localspace 
workspaceVolume = '-v '+localspace +':'+localspace+' ' 
# Prepare container working directory 
containerWorkingDirectory = '-w '+workspaceContainer+' ' 
# Save pre execution command into magic variable 'preJavaHomeCmd', which is picked up by the node 
preJavaHomeCmd = dockerRunCommand + dockerParameters + proActiveHomeVolume + workspaceVolume + containerWorkingDirectory + containerName
]]>
            </code>
          </script>
        </envScript>
      </forkEnvironment>
      <scriptExecutable>
        <script>
          <code language="R">
            <![CDATA[
library(wordcloud)
library(tm)
library(stringr)
library(mailR)


corpus <- c()
for (i in 1:variables[["Number_of_search"]])
    corpus <- c(corpus, results[[i]])

corpus <- Corpus(VectorSource(corpus))



#plot and save
col <- brewer.pal(6,"Dark2")
png(paste("Main_", variables[['KeyWord']], ".png", sep =""))
plot.new()
wordcloud(corpus, scale=c(3,.2),rot.per = 0.25,  random.color=T, max.word=700, random.order=F, colors=col)
dev.off()

print ("Done.")
]]>
          </code>
        </script>
      </scriptExecutable>
      <outputFiles>
        <files  includes="*.png" accessMode="transferToUserSpace"/>
      </outputFiles>
    </task>
    <task name="Images" >
      <description>
        <![CDATA[ Retrieve the wordclouds in an accessible way. ]]>
      </description>
      <depends>
        <task ref="Analysis"/>
      </depends>
      <inputFiles>
        <files  includes="**" accessMode="transferFromUserSpace"/>
      </inputFiles>
      <scriptExecutable>
        <script>
          <code language="groovy">
            <![CDATA[
import com.google.common.net.MediaType

replication = variables.get('PA_TASK_REPLICATION')
fileName = variables.get("names")[replication] + "_" + variables.get('KeyWord') + ".png"

file = new File(fileName)

result = file.getBytes()
resultMetadata.put("file.name", fileName)
resultMetadata.put("content.type", MediaType.PNG.toString())

// The result of the analysis will be available through the 'Preview' tab in the scheduler.
// You can also access them in the dataspace.
]]>
          </code>
        </script>
      </scriptExecutable>
      <controlFlow block="none"></controlFlow>
    </task>
    <task name="Additional" >
      <description>
        <![CDATA[ Only used as end of the block. ]]>
      </description>
      <depends>
        <task ref="Analysis"/>
        <task ref="Images"/>
      </depends>
      <scriptExecutable>
        <script>
          <code language="R">
            <![CDATA[
result <- results[[1]]
]]>
          </code>
        </script>
      </scriptExecutable>
      <controlFlow block="end"></controlFlow>
    </task>
    <task name="Image" >
      <description>
        <![CDATA[ Retrieve the last wordcloud in an accessible way. ]]>
      </description>
      <depends>
        <task ref="Merge"/>
      </depends>
      <inputFiles>
        <files  includes="**" accessMode="transferFromUserSpace"/>
      </inputFiles>
      <scriptExecutable>
        <script>
          <code language="groovy">
            <![CDATA[
import com.google.common.net.MediaType

fileName = "Main_" + variables.get('KeyWord') + ".png"

file = new File(fileName)

result = file.getBytes()
resultMetadata.put("file.name", fileName)
resultMetadata.put("content.type", MediaType.PNG.toString())

// The result of the analysis will be available through the 'Preview' tab in the scheduler.
// You can also access them in the dataspace.
]]>
          </code>
        </script>
      </scriptExecutable>
    </task>
  </taskFlow>
  <metadata>
    <visualization>
      <![CDATA[ <html><head><link rel="stylesheet" href="/studio/styles/studio-standalone.css"><style>
        #workflow-designer {
            left:0 !important;
            top:0 !important;
            width:1122px;
            height:795px;
            }
        </style></head><body><div id="workflow-visualization-view"><div id="workflow-visualization" style="position:relative;top:-108px;left:-479px"><div class="task block-start ui-draggable _jsPlumb_endpoint_anchor_" id="jsPlumb_1_1247" style="top: 239px; left: 521px;"><a class="task-name"><img src="/studio/images/R.png" width="20px">&nbsp;<span class="name">Analysis</span></a></div><div class="task ui-draggable _jsPlumb_endpoint_anchor_" id="jsPlumb_1_1250" style="top: 113px; left: 521px;"><a class="task-name"><img src="/studio/images/R.png" width="20px">&nbsp;<span class="name">Split</span></a></div><div class="task ui-draggable _jsPlumb_endpoint_anchor_" id="jsPlumb_1_1253" style="top: 617px; left: 521px;"><a class="task-name"><img src="/studio/images/R.png" width="20px">&nbsp;<span class="name">Merge</span></a></div><div class="task ui-draggable _jsPlumb_endpoint_anchor_" id="jsPlumb_1_1256" style="top: 365px; left: 484px;"><a class="task-name"><img src="/studio/images/Groovy.png" width="20px">&nbsp;<span class="name">Images</span></a></div><div class="task block-end ui-draggable _jsPlumb_endpoint_anchor_" id="jsPlumb_1_1259" style="top: 491px; left: 521px;"><a class="task-name"><img src="/studio/images/R.png" width="20px">&nbsp;<span class="name">Additional</span></a></div><div class="task ui-draggable _jsPlumb_endpoint_anchor_" id="jsPlumb_1_1262" style="top: 745px; left: 521px;"><a class="task-name"><img src="/studio/images/Groovy.png" width="20px">&nbsp;<span class="name">Image</span></a></div><svg style="position:absolute;left:555.9783554952701px;top:152.5px" width="15.521644504729927" height="87" pointer-events="none" position="absolute" version="1.1"
      xmlns="http://www.w3.org/1999/xhtml" class="_jsPlumb_connector "><path d="M 0 86 C -10 36 -10 50 0 0 " transform="translate(15.021644504729927,0.5)" pointer-events="visibleStroke" version="1.1"
      xmlns="http://www.w3.org/1999/xhtml" fill="none" stroke="#666" style=""></path><path pointer-events="all" version="1.1"
      xmlns="http://www.w3.org/1999/xhtml" d="M-4.331249999999999,64.94400000000002 L-1.2792764656232984,43.975321988607305 L-7.004697339623629,51.20163196089339 L-15.021644504729927,46.64876932823094 L-4.331249999999999,64.94400000000002" class="" stroke="#666" fill="#666" transform="translate(15.021644504729927,0.5)"></path><path pointer-events="all" version="1.1"
      xmlns="http://www.w3.org/1999/xhtml" d="M-4.331249999999999,64.94400000000002 L-1.2792764656232984,43.975321988607305 L-7.004697339623629,51.20163196089339 L-15.021644504729927,46.64876932823094 L-4.331249999999999,64.94400000000002" class="" stroke="#666" fill="#666" transform="translate(15.021644504729927,0.5)"></path></svg><svg style="position:absolute;left:586.4121268553389px;top:142.5px" width="15.0878731446611" height="97" pointer-events="none" position="absolute" version="1.1"
      xmlns="http://www.w3.org/1999/xhtml" class="_jsPlumb_connector "><path d="M 0 86 C -10 86 -10 -10 0 0 " transform="translate(14.5878731446611,10.5)" pointer-events="visibleStroke" version="1.1"
      xmlns="http://www.w3.org/1999/xhtml" fill="none" stroke="#e5db3d" style=""></path><path pointer-events="all" version="1.1"
      xmlns="http://www.w3.org/1999/xhtml" d="M-4.889249999999999,75.63705525 L-0.7223965311020599,54.861171823085684 L-6.825369386517105,61.771578636440964 L-14.5878731446611,56.79729120960279 L-4.889249999999999,75.63705525" class="" stroke="rgba(229,219,61,0.5)" fill="rgba(229,219,61,0.5)" transform="translate(14.5878731446611,10.5)"></path><path pointer-events="all" version="1.1"
      xmlns="http://www.w3.org/1999/xhtml" d="M-4.889249999999999,75.63705525 L-0.7223965311020599,54.861171823085684 L-6.825369386517105,61.771578636440964 L-14.5878731446611,56.79729120960279 L-4.889249999999999,75.63705525" class="" stroke="rgba(229,219,61,0.5)" fill="rgba(229,219,61,0.5)" transform="translate(14.5878731446611,10.5)"></path></svg><div class="_jsPlumb_overlay l1 component label" id="jsPlumb_1_1273" style="position: absolute; transform: translate(-50%, -50%); left: 593px; top: 191.75px;">replicate</div><svg style="position:absolute;left:555.9783554952701px;top:530.5px" width="15.521644504729927" height="87" pointer-events="none" position="absolute" version="1.1"
      xmlns="http://www.w3.org/1999/xhtml" class="_jsPlumb_connector "><path d="M 0 86 C -10 36 -10 50 0 0 " transform="translate(15.021644504729927,0.5)" pointer-events="visibleStroke" version="1.1"
      xmlns="http://www.w3.org/1999/xhtml" fill="none" stroke="#666" style=""></path><path pointer-events="all" version="1.1"
      xmlns="http://www.w3.org/1999/xhtml" d="M-4.331249999999999,64.94400000000002 L-1.2792764656232984,43.975321988607305 L-7.004697339623629,51.20163196089339 L-15.021644504729927,46.64876932823094 L-4.331249999999999,64.94400000000002" class="" stroke="#666" fill="#666" transform="translate(15.021644504729927,0.5)"></path><path pointer-events="all" version="1.1"
      xmlns="http://www.w3.org/1999/xhtml" d="M-4.331249999999999,64.94400000000002 L-1.2792764656232984,43.975321988607305 L-7.004697339623629,51.20163196089339 L-15.021644504729927,46.64876932823094 L-4.331249999999999,64.94400000000002" class="" stroke="#666" fill="#666" transform="translate(15.021644504729927,0.5)"></path></svg><svg style="position:absolute;left:523.5px;top:278.5px" width="58" height="87" pointer-events="none" position="absolute" version="1.1"
      xmlns="http://www.w3.org/1999/xhtml" class="_jsPlumb_connector "><path d="M 0 86 C -10 36 47 50 37 0 " transform="translate(10.5,0.5)" pointer-events="visibleStroke" version="1.1"
      xmlns="http://www.w3.org/1999/xhtml" fill="none" stroke="#666" style=""></path><path pointer-events="all" version="1.1"
      xmlns="http://www.w3.org/1999/xhtml" d="M0.6369939999999978,63.55324800000002 L16.450957324818276,49.449398739556884 L7.42036260451156,51.30637450611078 L4.204083830929036,42.66603013504532 L0.6369939999999978,63.55324800000002" class="" stroke="#666" fill="#666" transform="translate(10.5,0.5)"></path><path pointer-events="all" version="1.1"
      xmlns="http://www.w3.org/1999/xhtml" d="M0.6369939999999978,63.55324800000002 L16.450957324818276,49.449398739556884 L7.42036260451156,51.30637450611078 L4.204083830929036,42.66603013504532 L0.6369939999999978,63.55324800000002" class="" stroke="#666" fill="#666" transform="translate(10.5,0.5)"></path></svg><svg style="position:absolute;left:557.1259892538149px;top:278.5px" width="14.374010746185128" height="213" pointer-events="none" position="absolute" version="1.1"
      xmlns="http://www.w3.org/1999/xhtml" class="_jsPlumb_connector "><path d="M 0 212 C -10 162 -10 50 0 0 " transform="translate(13.874010746185128,0.5)" pointer-events="visibleStroke" version="1.1"
      xmlns="http://www.w3.org/1999/xhtml" fill="none" stroke="#666" style=""></path><path pointer-events="all" version="1.1"
      xmlns="http://www.w3.org/1999/xhtml" d="M-5.699249999999999,163.7114405 L0.10130629018787651,143.3312160968105 L-6.530221559599038,149.736123463627 L-13.874010746185128,144.16218765640954 L-5.699249999999999,163.7114405" class="" stroke="#666" fill="#666" transform="translate(13.874010746185128,0.5)"></path><path pointer-events="all" version="1.1"
      xmlns="http://www.w3.org/1999/xhtml" d="M-5.699249999999999,163.7114405 L0.10130629018787651,143.3312160968105 L-6.530221559599038,149.736123463627 L-13.874010746185128,144.16218765640954 L-5.699249999999999,163.7114405" class="" stroke="#666" fill="#666" transform="translate(13.874010746185128,0.5)"></path></svg><svg style="position:absolute;left:523.5px;top:404.5px" width="58" height="87" pointer-events="none" position="absolute" version="1.1"
      xmlns="http://www.w3.org/1999/xhtml" class="_jsPlumb_connector "><path d="M 37 86 C 47 36 -10 50 0 0 " transform="translate(10.5,0.5)" pointer-events="visibleStroke" version="1.1"
      xmlns="http://www.w3.org/1999/xhtml" fill="none" stroke="#666" style=""></path><path pointer-events="all" version="1.1"
      xmlns="http://www.w3.org/1999/xhtml" d="M36.363006000000006,63.55324800000002 L32.795916169070956,42.666030135045325 L29.57963739548844,51.30637450611078 L20.549042675181717,49.44939873955689 L36.363006000000006,63.55324800000002" class="" stroke="#666" fill="#666" transform="translate(10.5,0.5)"></path><path pointer-events="all" version="1.1"
      xmlns="http://www.w3.org/1999/xhtml" d="M36.363006000000006,63.55324800000002 L32.795916169070956,42.666030135045325 L29.57963739548844,51.30637450611078 L20.549042675181717,49.44939873955689 L36.363006000000006,63.55324800000002" class="" stroke="#666" fill="#666" transform="translate(10.5,0.5)"></path></svg><svg style="position:absolute;left:555.9817132113825px;top:656.5px" width="15.518286788617468" height="89" pointer-events="none" position="absolute" version="1.1"
      xmlns="http://www.w3.org/1999/xhtml" class="_jsPlumb_connector "><path d="M 0 88 C -10 38 -10 50 0 0 " transform="translate(15.018286788617468,0.5)" pointer-events="visibleStroke" version="1.1"
      xmlns="http://www.w3.org/1999/xhtml" fill="none" stroke="#666" style=""></path><path pointer-events="all" version="1.1"
      xmlns="http://www.w3.org/1999/xhtml" d="M-4.427999999999998,66.303232 L-1.2615185838583702,45.35154005301801 L-7.026331880366543,52.546463795240896 L-15.018286788617468,47.94987193338456 L-4.427999999999998,66.303232" class="" stroke="#666" fill="#666" transform="translate(15.018286788617468,0.5)"></path><path pointer-events="all" version="1.1"
      xmlns="http://www.w3.org/1999/xhtml" d="M-4.427999999999998,66.303232 L-1.2615185838583702,45.35154005301801 L-7.026331880366543,52.546463795240896 L-15.018286788617468,47.94987193338456 L-4.427999999999998,66.303232" class="" stroke="#666" fill="#666" transform="translate(15.018286788617468,0.5)"></path></svg><div class="_jsPlumb_endpoint source-endpoint dependency-source-endpoint connected _jsPlumb_endpoint_anchor_ ui-draggable ui-droppable _jsPlumb_endpoint_connected" style="position: absolute; height: 20px; width: 20px; left: 561px; top: 269px;"><svg style="position:absolute;left:0px;top:0px" width="20" height="20" pointer-events="all" position="absolute" version="1.1"
      xmlns="http://www.w3.org/1999/xhtml"><circle cx="10" cy="10" r="10" version="1.1"
      xmlns="http://www.w3.org/1999/xhtml" fill="#666" stroke="none" style=""></circle></svg></div><div class="_jsPlumb_endpoint target-endpoint dependency-target-endpoint _jsPlumb_endpoint_anchor_ ui-draggable ui-droppable _jsPlumb_endpoint_connected" style="position: absolute; height: 20px; width: 20px; left: 561px; top: 229px;"><svg style="position:absolute;left:0px;top:0px" width="20" height="20" pointer-events="all" position="absolute" version="1.1"
      xmlns="http://www.w3.org/1999/xhtml"><circle cx="10" cy="10" r="10" version="1.1"
      xmlns="http://www.w3.org/1999/xhtml" fill="#666" stroke="none" style=""></circle></svg></div><div class="_jsPlumb_endpoint target-endpoint replicate-target-endpoint _jsPlumb_endpoint_anchor_ ui-draggable ui-droppable _jsPlumb_endpoint_connected _jsPlumb_endpoint_full" style="position: absolute; height: 20px; width: 20px; left: 591px; top: 229px;"><svg style="position:absolute;left:0px;top:0px" width="20" height="20" pointer-events="all" position="absolute" version="1.1"
      xmlns="http://www.w3.org/1999/xhtml"><circle cx="10" cy="10" r="10" version="1.1"
      xmlns="http://www.w3.org/1999/xhtml" fill="#e5db3d" stroke="none" style=""></circle></svg></div><div class="_jsPlumb_endpoint source-endpoint dependency-source-endpoint connected _jsPlumb_endpoint_anchor_ ui-draggable ui-droppable _jsPlumb_endpoint_connected" style="position: absolute; height: 20px; width: 20px; left: 561px; top: 143px;"><svg style="position:absolute;left:0px;top:0px" width="20" height="20" pointer-events="all" position="absolute" version="1.1"
      xmlns="http://www.w3.org/1999/xhtml"><circle cx="10" cy="10" r="10" version="1.1"
      xmlns="http://www.w3.org/1999/xhtml" fill="#666" stroke="none" style=""></circle></svg></div><div class="_jsPlumb_endpoint source-endpoint replicate-source-endpoint _jsPlumb_endpoint_anchor_ ui-draggable ui-droppable _jsPlumb_endpoint_connected _jsPlumb_endpoint_full" style="position: absolute; height: 20px; width: 20px; left: 591px; top: 143px;"><svg style="position:absolute;left:0px;top:0px" width="20" height="20" pointer-events="all" position="absolute" version="1.1"
      xmlns="http://www.w3.org/1999/xhtml"><circle cx="10" cy="10" r="10" version="1.1"
      xmlns="http://www.w3.org/1999/xhtml" fill="#e5db3d" stroke="none" style=""></circle></svg></div><div class="_jsPlumb_endpoint source-endpoint dependency-source-endpoint connected _jsPlumb_endpoint_anchor_ ui-draggable ui-droppable _jsPlumb_endpoint_connected" style="position: absolute; height: 20px; width: 20px; left: 561px; top: 647px;"><svg style="position:absolute;left:0px;top:0px" width="20" height="20" pointer-events="all" position="absolute" version="1.1"
      xmlns="http://www.w3.org/1999/xhtml"><circle cx="10" cy="10" r="10" version="1.1"
      xmlns="http://www.w3.org/1999/xhtml" fill="#666" stroke="none" style=""></circle></svg></div><div class="_jsPlumb_endpoint target-endpoint dependency-target-endpoint _jsPlumb_endpoint_anchor_ ui-draggable ui-droppable _jsPlumb_endpoint_connected" style="position: absolute; height: 20px; width: 20px; left: 561px; top: 607px;"><svg style="position:absolute;left:0px;top:0px" width="20" height="20" pointer-events="all" position="absolute" version="1.1"
      xmlns="http://www.w3.org/1999/xhtml"><circle cx="10" cy="10" r="10" version="1.1"
      xmlns="http://www.w3.org/1999/xhtml" fill="#666" stroke="none" style=""></circle></svg></div><div class="_jsPlumb_endpoint source-endpoint dependency-source-endpoint connected _jsPlumb_endpoint_anchor_ ui-draggable ui-droppable _jsPlumb_endpoint_connected" style="position: absolute; height: 20px; width: 20px; left: 524px; top: 395px;"><svg style="position:absolute;left:0px;top:0px" width="20" height="20" pointer-events="all" position="absolute" version="1.1"
      xmlns="http://www.w3.org/1999/xhtml"><circle cx="10" cy="10" r="10" version="1.1"
      xmlns="http://www.w3.org/1999/xhtml" fill="#666" stroke="none" style=""></circle></svg></div><div class="_jsPlumb_endpoint target-endpoint dependency-target-endpoint _jsPlumb_endpoint_anchor_ ui-draggable ui-droppable _jsPlumb_endpoint_connected" style="position: absolute; height: 20px; width: 20px; left: 524px; top: 355px;"><svg style="position:absolute;left:0px;top:0px" width="20" height="20" pointer-events="all" position="absolute" version="1.1"
      xmlns="http://www.w3.org/1999/xhtml"><circle cx="10" cy="10" r="10" version="1.1"
      xmlns="http://www.w3.org/1999/xhtml" fill="#666" stroke="none" style=""></circle></svg></div><div class="_jsPlumb_endpoint source-endpoint dependency-source-endpoint connected _jsPlumb_endpoint_anchor_ ui-draggable ui-droppable _jsPlumb_endpoint_connected" style="position: absolute; height: 20px; width: 20px; left: 561px; top: 521px;"><svg style="position:absolute;left:0px;top:0px" width="20" height="20" pointer-events="all" position="absolute" version="1.1"
      xmlns="http://www.w3.org/1999/xhtml"><circle cx="10" cy="10" r="10" version="1.1"
      xmlns="http://www.w3.org/1999/xhtml" fill="#666" stroke="none" style=""></circle></svg></div><div class="_jsPlumb_endpoint target-endpoint dependency-target-endpoint _jsPlumb_endpoint_anchor_ ui-draggable ui-droppable _jsPlumb_endpoint_connected" style="position: absolute; height: 20px; width: 20px; left: 561px; top: 481px;"><svg style="position:absolute;left:0px;top:0px" width="20" height="20" pointer-events="all" position="absolute" version="1.1"
      xmlns="http://www.w3.org/1999/xhtml"><circle cx="10" cy="10" r="10" version="1.1"
      xmlns="http://www.w3.org/1999/xhtml" fill="#666" stroke="none" style=""></circle></svg></div><div class="_jsPlumb_endpoint source-endpoint dependency-source-endpoint connected _jsPlumb_endpoint_anchor_ ui-draggable ui-droppable" style="position: absolute; height: 20px; width: 20px; left: 561px; top: 775px;"><svg style="position:absolute;left:0px;top:0px" width="20" height="20" pointer-events="all" position="absolute" version="1.1"
      xmlns="http://www.w3.org/1999/xhtml"><circle cx="10" cy="10" r="10" version="1.1"
      xmlns="http://www.w3.org/1999/xhtml" fill="#666" stroke="none" style=""></circle></svg></div><div class="_jsPlumb_endpoint target-endpoint dependency-target-endpoint _jsPlumb_endpoint_anchor_ ui-draggable ui-droppable _jsPlumb_endpoint_connected" style="position: absolute; height: 20px; width: 20px; left: 561px; top: 735px;"><svg style="position:absolute;left:0px;top:0px" width="20" height="20" pointer-events="all" position="absolute" version="1.1"
      xmlns="http://www.w3.org/1999/xhtml"><circle cx="10" cy="10" r="10" version="1.1"
      xmlns="http://www.w3.org/1999/xhtml" fill="#666" stroke="none" style=""></circle></svg></div></div></div></body></html>
 ]]>
    </visualization>
  </metadata>
</job>