{
  "nodeSourceName": "AwsAmazonEC2Cloud",
  "nodesRecoverable": true,
  "infrastructurePluginDescriptor": {
    "pluginName": "org.ow2.proactive.resourcemanager.nodesource.infrastructure.AWSEC2Infrastructure",
    "pluginDescription": "Handles nodes from the Amazon Elastic Compute Cloud Service.",
    "configurableFields": [
      {
        "name": "aws_key",
        "value": "[please put your AWS EC2 credentials]",
        "meta": {
          "type": "NONE",
          "description": "The AWS_AKEY",
          "dynamic": false
        }
      },
      {
        "name": "aws_secret_key",
        "value": "[please put your AWS EC2 credentials]",
        "meta": {
          "type": "NONE",
          "description": "The AWS_SKEY",
          "dynamic": false
        }
      },
      {
        "name": "rmHostname",
        "value": "[please put the address of the server]",
        "meta": {
          "type": "NONE",
          "description": "Resource manager hostname or ip address",
          "dynamic": false
        }
      },
      {
        "name": "connectorIaasURL",
        "value": "http://[please put the address of the server]:8080/connector-iaas",
        "meta": {
          "type": "NONE",
          "description": "Connector-iaas URL",
          "dynamic": false
        }
      },
      {
        "name": "image",
        "value": "[please put your AWS EC2 image]",
        "meta": {
          "type": "NONE",
          "description": "Image",
          "dynamic": false
        }
      },
      {
        "name": "vmUsername",
        "value": "",
        "meta": {
          "type": "NONE",
          "description": "The virtual machine Username (optional)",
          "dynamic": false
        }
      },
      {
        "name": "vmKeyPairName",
        "value": "",
        "meta": {
          "type": "NONE",
          "description": "The name of the AWS key pair (optional)",
          "dynamic": false
        }
      },
      {
        "name": "vmPrivateKey",
        "value": "",
        "meta": {
          "type": "FILEBROWSER",
          "description": "The AWS private key file (optional)",
          "dynamic": false
        }
      },
      {
        "name": "numberOfInstances",
        "value": "1",
        "meta": {
          "type": "NONE",
          "description": "Total instance to create",
          "dynamic": false
        }
      },
      {
        "name": "numberOfNodesPerInstance",
        "value": "1",
        "meta": {
          "type": "NONE",
          "description": "Total nodes to create per instance",
          "dynamic": false
        }
      },
      {
        "name": "downloadCommand",
        "value": "wget -nv [please put the address of the server]:8080/rest/node.jar",
        "meta": {
          "type": "NONE",
          "description": "Command used to download the worker jar",
          "dynamic": false
        }
      },
      {
        "name": "additionalProperties",
        "value": "-Dproactive.net.nolocal=true",
        "meta": {
          "type": "NONE",
          "description": "Additional Java command properties (e.g. \"-Dpropertyname=propertyvalue\")",
          "dynamic": false
        }
      },
      {
        "name": "ram",
        "value": "512",
        "meta": {
          "type": "NONE",
          "description": "minumum RAM required (in Mega Bytes)",
          "dynamic": false
        }
      },
      {
        "name": "cores",
        "value": "1",
        "meta": {
          "type": "NONE",
          "description": "minimum number of CPU cores required",
          "dynamic": false
        }
      },
      {
        "name": "spotPrice",
        "value": "",
        "meta": {
          "type": "NONE",
          "description": "Spot Price",
          "dynamic": false
        }
      },
      {
        "name": "securityGroupNames",
        "value": "default",
        "meta": {
          "type": "NONE",
          "description": "Security Group Names",
          "dynamic": false
        }
      },
      {
        "name": "subnetId",
        "value": "",
        "meta": {
          "type": "NONE",
          "description": "Subnet and VPC",
          "dynamic": false
        }
      }
    ],
    "defaultValues": {}
  },
  "policyPluginDescriptor": {
    "pluginName": "org.ow2.proactive.resourcemanager.nodesource.policy.StaticPolicy",
    "pluginDescription": "Static nodes acquisition.",
    "configurableFields": [
      {
        "name": "userAccessType",
        "value": "ALL",
        "meta": {
          "type": "NONE",
          "description": "ME|users=name1,name2;groups=group1,group2;tokens=t1,t2|ALL",
          "dynamic": false
        }
      },
      {
        "name": "providerAccessType",
        "value": "ME",
        "meta": {
          "type": "NONE",
          "description": "ME|users=name1,name2;groups=group1,group2|ALL",
          "dynamic": false
        }
      }
    ],
    "defaultValues": {}
  }
}