{
  "nodeSourceName": "AzureScaleSetCloud",
  "nodesRecoverable": true,
  "infrastructurePluginDescriptor": {
    "pluginName": "org.ow2.proactive.resourcemanager.nodesource.infrastructure.AzureVMScaleSetInfrastructure",
    "pluginDescription": "NodeSource Infrastructure relying on Azure Virtual Machine Scale Sets",
    "configurableFields": [
      {
        "name": "azureCredentialFile",
        "value": "[please put your Azure credentials or upload the credentials file]",
        "meta": {
          "type": "FILEBROWSER",
          "description": "Azure Credential file (Optional, use ./config/authentication/azure.creds if not provided)",
          "dynamic": false
        }
      },
      {
        "name": "maxVms",
        "value": "10",
        "meta": {
          "type": "NONE",
          "description": "Maximum number of VMs in VM Scale Set (can not exceed 100)",
          "dynamic": false
        }
      },
      {
        "name": "maxNodesPerVm",
        "value": "4",
        "meta": {
          "type": "NONE",
          "description": "Maximum number of nodes per VM",
          "dynamic": false
        }
      },
      {
        "name": "machineType",
        "value": "STANDARD_DS2_V2",
        "meta": {
          "type": "NONE",
          "description": "Azure VM SKU Type (Standard Tier)",
          "dynamic": false
        }
      },
      {
        "name": "linuxImage",
        "value": "DEBIAN_8",
        "meta": {
          "type": "NONE",
          "description": "Linux image name (custom images format: resource_group:name, provided images examples: CENTOS_7_2, DEBIAN_8, OPENSUSE_LEAP_42_1, SLES_12_SP1, UBUNTU_SERVER_14_04_LTS, UBUNTU_SERVER_16_04_LTS",
          "dynamic": false
        }
      },
      {
        "name": "sshPublicKey",
        "value": "",
        "meta": {
          "type": "NONE",
          "description": "SSH Public Key (If empty, a password will be generated and written in logs)",
          "dynamic": false
        }
      },
      {
        "name": "targetNetwork",
        "value": "",
        "meta": {
          "type": "NONE",
          "description": "Specific network subnet for the VMs. Format: resource_group:network:subnet (Optional. Implies PAMR if unset)",
          "dynamic": false
        }
      },
      {
        "name": "publicIp",
        "value": "",
        "meta": {
          "type": "NONE",
          "description": "Specific frontend public IP address. Format: resource_group:name (Optional)",
          "dynamic": false
        }
      },
      {
        "name": "backendPortNumber1",
        "value": "22",
        "meta": {
          "type": "NONE",
          "description": "Backend port for NatPool (Frontend port range: 10,000-10,150)",
          "dynamic": false
        }
      },
      {
        "name": "backendPortNumber2",
        "value": "64738",
        "meta": {
          "type": "NONE",
          "description": "Backend port for NatPool 2 (Frontend port range: 20,000-29,999)",
          "dynamic": false
        }
      },
      {
        "name": "azureRegion",
        "value": "[please put your Azure region]",
        "meta": {
          "type": "NONE",
          "description": "Azure Region",
          "dynamic": false
        }
      },
      {
        "name": "rmurl",
        "value": "",
        "meta": {
          "type": "NONE",
          "description": "RM URL (Optional, provided by RM if empty)",
          "dynamic": false
        }
      },
      {
        "name": "rmCredentials",
        "value": "",
        "meta": {
          "type": "NONE",
          "description": "RM Credentials (Optional, logged user credentials if empty)",
          "dynamic": false
        }
      },
      {
        "name": "deploymentTimeout",
        "value": "120",
        "meta": {
          "type": "NONE",
          "description": "Instance deployment timeout (delay before declaring deploying nodes as lost, in min.)",
          "dynamic": false
        }
      },
      {
        "name": "cleaningDelay",
        "value": "60",
        "meta": {
          "type": "NONE",
          "description": "Periodical cleaning delay (delay to actually delete instances from scale set, in sec.)",
          "dynamic": false
        }
      },
      {
        "name": "externalStorageAccount",
        "value": "",
        "meta": {
          "type": "NONE",
          "description": "Expose external Azure Storage Account (Optional)",
          "dynamic": false
        }
      },
      {
        "name": "userCustomStartupScriptUrl",
        "value": "",
        "meta": {
          "type": "NONE",
          "description": "User VM custom startup script URL (Optional)",
          "dynamic": false
        }
      },
      {
        "name": "internalCustomStartupScriptUrl",
        "value": "",
        "meta": {
          "type": "NONE",
          "description": "Override internal VM custom startup script URL (Optional)",
          "dynamic": false
        }
      }
    ],
    "defaultValues": {}
  },
  "policyPluginDescriptor": {
    "pluginName": "org.ow2.proactive.resourcemanager.nodesource.policy.SimpleJMXNodeSourcePolicy",
    "pluginDescription": "Adapt nodes amount from MBean attributes/operations.",
    "configurableFields": [
      {
        "name": "userAccessType",
        "value": "ALL",
        "meta": {
          "type": "NONE",
          "description": "ME|users=name1,name2;groups=group1,group2;tokens=t1,t2|ALL",
          "dynamic": false
        }
      },
      {
        "name": "providerAccessType",
        "value": "ME",
        "meta": {
          "type": "NONE",
          "description": "ME|users=name1,name2;groups=group1,group2|ALL",
          "dynamic": false
        }
      },
      {
        "name": "minNodes",
        "value": "4",
        "meta": {
          "type": "NONE",
          "description": "Minimum number of nodes deployed.",
          "dynamic": true
        }
      },
      {
        "name": "maxNodes",
        "value": "40",
        "meta": {
          "type": "NONE",
          "description": "Maximum number of nodes deployed.",
          "dynamic": true
        }
      }
    ],
    "defaultValues": {}
  }
}