{
  "nodeSourceName": "AzureCloud",
  "nodesRecoverable": true,
  "infrastructurePluginDescriptor": {
    "pluginName": "org.ow2.proactive.resourcemanager.nodesource.infrastructure.AzureInfrastructure",
    "pluginDescription": "Handles nodes from Microsoft Azure",
    "configurableFields": [
      {
        "name": "clientId",
        "value": "[please put your Azure credentials]",
        "meta": {
          "type": "NONE",
          "description": "The Azure clientId",
          "dynamic": false
        }
      },
      {
        "name": "secret",
        "value": "[please put your Azure credentials]",
        "meta": {
          "type": "NONE",
          "description": "The Azure secret key",
          "dynamic": false
        }
      },
      {
        "name": "domain",
        "value": "[please put your Azure credentials]",
        "meta": {
          "type": "NONE",
          "description": "The Azure domain or tenantId",
          "dynamic": false
        }
      },
      {
        "name": "subscriptionId",
        "value": "[please put your Azure credentials]",
        "meta": {
          "type": "NONE",
          "description": "The Azure subscriptionId to use (if not specified, it will try to use the default one)",
          "dynamic": false
        }
      },
      {
        "name": "authenticationEndpoint",
        "value": "",
        "meta": {
          "type": "NONE",
          "description": "Optional authentication endpoint from specific Azure environment",
          "dynamic": false
        }
      },
      {
        "name": "managementEndpoint",
        "value": "",
        "meta": {
          "type": "NONE",
          "description": "Optional management endpoint from specific Azure environment",
          "dynamic": false
        }
      },
      {
        "name": "resourceManagerEndpoint",
        "value": "",
        "meta": {
          "type": "NONE",
          "description": "Optional resource manager endpoint from specific Azure environment",
          "dynamic": false
        }
      },
      {
        "name": "graphEndpoint",
        "value": "",
        "meta": {
          "type": "NONE",
          "description": "Optional graph endpoint from specific Azure environment",
          "dynamic": false
        }
      },
      {
        "name": "rmHttpUrl",
        "value": "http://[please put the address of the server]:8080",
        "meta": {
          "type": "NONE",
          "description": "Resource manager HTTP URL (must be accessible from nodes)",
          "dynamic": false
        }
      },
      {
        "name": "connectorIaasURL",
        "value": "http://[please put the address of the server]:8080/connector-iaas",
        "meta": {
          "type": "NONE",
          "description": "Connector-iaas URL",
          "dynamic": false
        }
      },
      {
        "name": "image",
        "value": "[please put your Azure image]",
        "meta": {
          "type": "NONE",
          "description": "Image (name or key)",
          "dynamic": false
        }
      },
      {
        "name": "imageOSType",
        "value": "linux",
        "meta": {
          "type": "NONE",
          "description": "Image OS type (choose between 'linux' and 'windows', default: 'linux')",
          "dynamic": false
        }
      },
      {
        "name": "vmSizeType",
        "value": "",
        "meta": {
          "type": "NONE",
          "description": "Azure virtual machine size type (by default: 'Standard_D1_v2')",
          "dynamic": false
        }
      },
      {
        "name": "vmUsername",
        "value": "[please put your VM username]",
        "meta": {
          "type": "NONE",
          "description": "The virtual machine Username",
          "dynamic": false
        }
      },
      {
        "name": "vmPassword",
        "value": "[please put your VM password]",
        "meta": {
          "type": "NONE",
          "description": "The virtual machine Password",
          "dynamic": false
        }
      },
      {
        "name": "vmPublicKey",
        "value": "",
        "meta": {
          "type": "NONE",
          "description": "A public key to allow SSH connection to the VM",
          "dynamic": false
        }
      },
      {
        "name": "resourceGroup",
        "value": "[please put your Azure resource group]",
        "meta": {
          "type": "NONE",
          "description": "The Azure resourceGroup to use (if not specified, the one from the image will be used)",
          "dynamic": false
        }
      },
      {
        "name": "region",
        "value": "",
        "meta": {
          "type": "NONE",
          "description": "The Azure Region to use (if not specified, the one from the image will be used)",
          "dynamic": false
        }
      },
      {
        "name": "numberOfInstances",
        "value": "1",
        "meta": {
          "type": "NONE",
          "description": "Total instance to create",
          "dynamic": false
        }
      },
      {
        "name": "numberOfNodesPerInstance",
        "value": "2",
        "meta": {
          "type": "NONE",
          "description": "Total nodes to create per instance",
          "dynamic": false
        }
      },
      {
        "name": "downloadCommand",
        "value": "",
        "meta": {
          "type": "NONE",
          "description": "Command used to download the worker jar (a default command will be generated for the specified image OS type)",
          "dynamic": false
        }
      },
      {
        "name": "privateNetworkCIDR",
        "value": "",
        "meta": {
          "type": "NONE",
          "description": "Optional network CIDR to attach with new VM(s) (by default: '10.0.0.0/24')",
          "dynamic": false
        }
      },
      {
        "name": "staticPublicIP",
        "value": "true",
        "meta": {
          "type": "NONE",
          "description": "Optional flag to specify if the public IP(s) of the new VM(s) must be static ('true' by default)",
          "dynamic": false
        }
      },
      {
        "name": "additionalProperties",
        "value": "-Dproactive.useIPaddress=true",
        "meta": {
          "type": "NONE",
          "description": "Additional Java command properties (e.g. \"-Dpropertyname=propertyvalue\")",
          "dynamic": false
        }
      }
    ],
    "defaultValues": {}
  },
  "policyPluginDescriptor": {
    "pluginName": "org.ow2.proactive.resourcemanager.nodesource.policy.StaticPolicy",
    "pluginDescription": "Static nodes acquisition.",
    "configurableFields": [
      {
        "name": "userAccessType",
        "value": "ALL",
        "meta": {
          "type": "NONE",
          "description": "ME|users=name1,name2;groups=group1,group2;tokens=t1,t2|ALL",
          "dynamic": false
        }
      },
      {
        "name": "providerAccessType",
        "value": "ME",
        "meta": {
          "type": "NONE",
          "description": "ME|users=name1,name2;groups=group1,group2|ALL",
          "dynamic": false
        }
      }
    ],
    "defaultValues": {}
  }
}