{
  "nodeSourceName": "LocalDynamicCluster",
  "nodesRecoverable": true,
  "infrastructurePluginDescriptor": {
    "pluginName": "org.ow2.proactive.resourcemanager.nodesource.infrastructure.LocalInfrastructure",
    "pluginDescription": "Deploys nodes on Resource Manager's machine",
    "configurableFields": [
      {
        "name": "credentials",
        "value": "[please put your Resource Manager credentials or upload your credentials file]",
        "meta": {
          "type": "CREDENTIAL",
          "description": "Absolute path to credentials file\nused to add the node to the Resource Manager",
          "dynamic": false
        }
      },
      {
        "name": "maxNodes",
        "value": "100",
        "meta": {
          "type": "NONE",
          "description": "Maximum number of nodes to\nbe deployed on Resource Manager machine",
          "dynamic": false
        }
      },
      {
        "name": "nodeTimeout",
        "value": "30000",
        "meta": {
          "type": "NONE",
          "description": "in ms. After this timeout expired\nthe node is considered to be lost",
          "dynamic": false
        }
      },
      {
        "name": "paProperties",
        "value": "",
        "meta": {
          "type": "NONE",
          "description": "Additional ProActive properties",
          "dynamic": false
        }
      }
    ],
    "defaultValues": {}
  },
  "policyPluginDescriptor": {
    "pluginName": "org.ow2.proactive.resourcemanager.nodesource.policy.DynamicPolicy",
    "pluginDescription": "Allocates as many resources as scheduler required according\nto loading factor. Releases resources smoothly.",
    "configurableFields": [
      {
        "name": "userAccessType",
        "value": "ALL",
        "meta": {
          "type": "NONE",
          "description": "ME|users=name1,name2;groups=group1,group2;tokens=t1,t2|ALL",
          "dynamic": false
        }
      },
      {
        "name": "providerAccessType",
        "value": "ALL",
        "meta": {
          "type": "NONE",
          "description": "ME|users=name1,name2;groups=group1,group2|ALL",
          "dynamic": false
        }
      },
      {
        "name": "minNodes",
        "value": "0",
        "meta": {
          "type": "NONE",
          "description": "Minimum number of nodes deployed.",
          "dynamic": true
        }
      },
      {
        "name": "maxNodes",
        "value": "4",
        "meta": {
          "type": "NONE",
          "description": "Maximum number of nodes deployed.",
          "dynamic": true
        }
      },
      {
        "name": "schedulerUrl",
        "value": "[please put the Scheduler URL]",
        "meta": {
          "type": "NONE",
          "description": "URL used to contact the scheduler (e.g. pnp://SCHEDULER_IP:PORT or pamr://4096).",
          "dynamic": false
        }
      },
      {
        "name": "schedulerCredentialsPath",
        "value": "[please put your Scheduler credentials or upload your credentials file]",
        "meta": {
          "type": "CREDENTIAL",
          "description": "Credentials used when contacting the scheduler.",
          "dynamic": false
        }
      },
      {
        "name": "schedulerConnectionTimeout",
        "value": "3000",
        "meta": {
          "type": "NONE",
          "description": "Timeout in ms to establish connection with the scheduler.",
          "dynamic": false
        }
      },
      {
        "name": "schedulerConnectionTrialsNumber",
        "value": "3",
        "meta": {
          "type": "NONE",
          "description": "Number of attempts to connect with the scheduler.",
          "dynamic": false
        }
      },
      {
        "name": "refreshTime",
        "value": "15000",
        "meta": {
          "type": "NONE",
          "description": "Refresh frequency (ms).",
          "dynamic": false
        }
      },
      {
        "name": "loadFactor",
        "value": "1",
        "meta": {
          "type": "NONE",
          "description": "Desired number of tasks per node.",
          "dynamic": false
        }
      },
      {
        "name": "initDelay",
        "value": "1000",
        "meta": {
          "type": "NONE",
          "description": "Delay to initialize the infrastructure (eg. in a scaleSet this must cover the creation of Azure's resources).",
          "dynamic": false
        }
      },
      {
        "name": "minUptime",
        "value": "30000",
        "meta": {
          "type": "NONE",
          "description": "Minimal uptime of a new free node to be candidate for deletion (ms).",
          "dynamic": false
        }
      },
      {
        "name": "globalScope",
        "value": "false",
        "meta": {
          "type": "NONE",
          "description": "Specify the scope of the policy: consider specific tasks ('false': target generic information NODESOURCENAME) or all tasks ('true': use only if a single DynamicPolicy is activated).",
          "dynamic": true
        }
      }
    ],
    "defaultValues": {}
  }
}