{
  "nodeSourceName": "LocalStaticCluster",
  "nodesRecoverable": true,
  "infrastructurePluginDescriptor": {
    "pluginName": "org.ow2.proactive.resourcemanager.nodesource.infrastructure.LocalInfrastructure",
    "pluginDescription": "Deploys nodes on Resource Manager's machine",
    "configurableFields": [
      {
        "name": "credentials",
        "value": "[please put your Resource Manager credentials or upload your credentials file]",
        "meta": {
          "type": "CREDENTIAL",
          "description": "Absolute path to credentials file\nused to add the node to the Resource Manager",
          "dynamic": false
        }
      },
      {
        "name": "maxNodes",
        "value": "2",
        "meta": {
          "type": "NONE",
          "description": "Maximum number of nodes to\nbe deployed on Resource Manager machine",
          "dynamic": false
        }
      },
      {
        "name": "nodeTimeout",
        "value": "30000",
        "meta": {
          "type": "NONE",
          "description": "in ms. After this timeout expired\nthe node is considered to be lost",
          "dynamic": false
        }
      },
      {
        "name": "paProperties",
        "value": "",
        "meta": {
          "type": "NONE",
          "description": "Additional ProActive properties",
          "dynamic": false
        }
      }
    ],
    "defaultValues": {}
  },
  "policyPluginDescriptor": {
    "pluginName": "org.ow2.proactive.resourcemanager.nodesource.policy.StaticPolicy",
    "pluginDescription": "Static nodes acquisition.",
    "configurableFields": [
      {
        "name": "userAccessType",
        "value": "ALL",
        "meta": {
          "type": "NONE",
          "description": "ME|users=name1,name2;groups=group1,group2;tokens=t1,t2|ALL",
          "dynamic": false
        }
      },
      {
        "name": "providerAccessType",
        "value": "ALL",
        "meta": {
          "type": "NONE",
          "description": "ME|users=name1,name2;groups=group1,group2|ALL",
          "dynamic": false
        }
      }
    ],
    "defaultValues": {}
  }
}