{
  "nodeSourceName": "OpenStack",
  "nodesRecoverable": true,
  "infrastructurePluginDescriptor": {
    "pluginName": "org.ow2.proactive.resourcemanager.nodesource.infrastructure.DefaultInfrastructureManager",
    "pluginDescription": "Default infrastructure",
    "configurableFields": [],
    "defaultValues": {}
  },
  "policyPluginDescriptor": {
    "pluginName": "org.ow2.proactive.resourcemanager.nodesource.policy.StaticPolicy",
    "pluginDescription": "Static nodes acquisition.",
    "configurableFields": [
      {
        "name": "userAccessType",
        "value": "ALL",
        "meta": {
          "type": "NONE",
          "description": "ME|users=name1,name2;groups=group1,group2;tokens=t1,t2|ALL",
          "dynamic": false
        }
      },
      {
        "name": "providerAccessType",
        "value": "ALL",
        "meta": {
          "type": "NONE",
          "description": "ME|users=name1,name2;groups=group1,group2|ALL",
          "dynamic": false
        }
      }
    ],
    "defaultValues": {}
  }
}