{
	"pluginName": "org.ow2.proactive.resourcemanager.nodesource.policy.RestartDownNodesPolicy",
	"pluginDescription": "Static nodes acquisition. If node becomes down policy tries to restart it.",
	"configurableFields": [
		{
			"name": "userAccessType",
			"value": "ALL",
			"meta": {
				"type": "NONE",
				"description": "ME|users=name1,name2;groups=group1,group2;tokens=t1,t2|ALL",
				"dynamic": false
			}
		},
		{
			"name": "providerAccessType",
			"value": "ALL",
			"meta": {
				"type": "NONE",
				"description": "ME|users=name1,name2;groups=group1,group2|ALL",
				"dynamic": false
			}
		},
		{
			"name": "checkNodeStateEach",
			"value": "10000",
			"meta": {
				"type": "NONE",
				"description": "ms (30 mins by default)",
				"dynamic": true
			}
		}
	],
	"defaultValues": {}
}
