<?xml version="1.0" encoding="UTF-8"?>
<job
  xmlns:xsi="http://www.w3.org/2001/XMLSchema-instance"
  xmlns="urn:proactive:jobdescriptor:3.12" xsi:schemaLocation="urn:proactive:jobdescriptor:3.12 http://www.activeeon.com/public_content/schemas/proactive/jobdescriptor/3.12/schedulerjob.xsd"  name="DLaaS" projectName="Cloud Automation - Deployment" priority="normal" onTaskError="continueJobExecution"  maxNumberOfExecution="2"  >
  <variables>
    <variable name="NATIVE_SCHEDULER" value="" />
    <variable name="NATIVE_SCHEDULER_PARAMS" value="" />
    <variable name="NODE_NAME" value="" />
    <variable name="INSTANCE_NAME" value="model-server-$PA_JOB_ID" />
    <variable name="ENDPOINT_ID" value="dlaas-gui-$PA_JOB_ID" />
    <variable name="PROXYFIED" value="False" model="PA:Boolean"/>
    <variable name="HTTPS_ENABLED" value="False" model="PA:Boolean"/>
    <variable name="DEBUG_ENABLED" value="True" model="PA:Boolean"/>
    <variable name="TRACE_ENABLED" value="True" model="PA:Boolean"/>
    <variable name="YAML_FILE" value="dl_service-api" />
    <variable name="PYTHON_ENTRYPOINT" value="dl_service" />
    <variable name="SERVICE_PORT" value="-1" />
    <variable name="ENGINE" value="docker" model="PA:List(docker,singularity)"/>
    <variable name="DOCKER_IMAGE" value="activeeon/dlaas" />
    <variable name="SINGULARITY_IMAGE_PATH" value="/tmp/dlaas.sif" />
    <variable name="BUILD_IMAGE_IF_NOT_EXISTS" value="True" model="PA:Boolean"/>
    <variable name="MODEL_BASE_PATH" value="/tmp" />
    <variable name="MODELS_DEPLOYMENT_REFRESH" value="30" model="PA:Integer"/>
  </variables>
  <description>
    <![CDATA[ Deploy a server to deploy and call DL models.
The service can be started using the following variable:
$INSTANCE_NAME (Required): service instance name ]]>
  </description>
  <genericInformation>
    <info name="bucketName" value="cloud-automation"/>
    <info name="workflow.icon" value="/automation-dashboard/styles/patterns/img/wf-icons/model_as_service.png"/>
    <info name="pca.states" value="(VOID,RUNNING)"/>
    <info name="NS" value="$NATIVE_SCHEDULER"/>
    <info name="Documentation" value="../doc/PCA/PCAUserGuide.html#_model_service"/>
    <info name="pca.service.id" value="DLaaS"/>
    <info name="NS_BATCH" value="$NATIVE_SCHEDULER_PARAMS"/>
    <info name="group" value="public-objects"/>
  </genericInformation>
  <taskFlow>
    <task name="Start_DLaaS_S" 
    
    onTaskError="cancelJob" 
    
    
    fork="true">
      <description>
        <![CDATA[ Pull DL_Model_Service image and start a container ]]>
      </description>
      <genericInformation>
        <info name="task.icon" value="/automation-dashboard/styles/patterns/img/wf-icons/model_as_service.png"/>
        <info name="DISABLE_PTK" value="true"/>
      </genericInformation>
      <inputFiles>
        <files  includes="certificate_mas.pem" accessMode="transferFromGlobalSpace"/>
        <files  includes="key_mas.pem" accessMode="transferFromGlobalSpace"/>
      </inputFiles>
      <selection>
        <script type="static">
          <file url="${PA_CATALOG_REST_URL}/buckets/scripts/resources/check_node_name_not_empty/raw" language="groovy">
            <arguments>
              <argument value="$NODE_NAME"/>
            </arguments>
          </file>
        </script>
      </selection>
      <pre>
        <script>
          <file url="${PA_CATALOG_REST_URL}/buckets/model-as-a-service-scripts/resources/Pre_Start_Model_Service/raw" language="cpython"></file>
        </script>
      </pre>
      <scriptExecutable>
        <script>
          <code language="bash">
            <![CDATA[
echo BEGIN "$variables_PA_TASK_NAME"

export XDG_RUNTIME_DIR=/run/user/$UID

################################################################################
### THIS PART IS IMAGE SPECIFIC. IF YOU NEED TO MODIFY SOMETHING, DO IT HERE ###
MODEL_BASE_PATH=$variables_MODEL_BASE_PATH
CONFIG_FILE_POLL_SECONDS=$variables_MODELS_DEPLOYMENT_REFRESH
PROMETHEUS_SERVICE_INTERNAL_PORT=9091
MODEL_SERVICE_INTERNAL_PORT=9090
SIF_IMAGE_PATH=$variables_SINGULARITY_IMAGE_PATH
BUILD_IMAGE=$variables_BUILD_IMAGE_IF_NOT_EXISTS
INSTANCE_NAME=$variables_INSTANCE_NAME
DOCKER_IMAGE=$variables_DOCKER_IMAGE
HTTPS_ENABLED=$variables_HTTPS_ENABLED
DEBUG_ENABLED=$variables_DEBUG_ENABLED
TRACE_ENABLED=$variables_TRACE_ENABLED
MODEL_SERVICE_HOST_PORT=$variables_SERVICE_PORT
USER_KEY=$variables_USER_KEY
USER_DATA_FILE_LOCAL="${PWD}/${variables_USER_DATA_FILE}"
INSTANCE_PATH="${SIF_IMAGE_PATH}/${INSTANCE_NAME}"
PYTHON_ENTRYPOINT_FILE_LOCAL="${PWD}/${variables_PYTHON_ENTRYPOINT}.py"
YAML_FILE_LOCAL="${PWD}/${variables_YAML_FILE}.yaml"
PYTHON_ENTRYPOINT_FILE_SING="${INSTANCE_PATH}/dl_service.py"
YAML_FILE_SING="${INSTANCE_PATH}/dl_service-api.yaml"
USER_DATA_FILE_SING="${INSTANCE_PATH}/${variables_USER_DATA_FILE}"
################################################################################

PATH=$PATH:/usr/sbin

GET_RANDOM_PORT(){
    PCA_SERVICES_PORT_RANGE_FILE=$variables_PA_SCHEDULER_HOME/config/pca_services_port_range
    if [[ -f "$PCA_SERVICES_PORT_RANGE_FILE" ]]; then
        read LOWERPORT UPPERPORT < $PCA_SERVICES_PORT_RANGE_FILE
    else
        read LOWERPORT UPPERPORT < /proc/sys/net/ipv4/ip_local_port_range
    fi
    while :
    do
        RND_PORT="`shuf -i $LOWERPORT-$UPPERPORT -n 1`"
        ss -lpn | grep -q ":$RND_PORT " || break
    done
    echo $RND_PORT
}

if [ "$MODEL_SERVICE_HOST_PORT" -eq "-1" ]; then
    echo "[INFO] Picking a random port number"
    MODEL_SERVICE_HOST_PORT=$(GET_RANDOM_PORT)
fi
echo "The service will be initialized on port $MODEL_SERVICE_HOST_PORT"

if [ -z "$INSTANCE_NAME" ]; then
    echo "[ERROR] The INSTANCE_NAME is not provided by the user. Empty value is not allowed."
    exit 1
fi

if [ -z "$SIF_IMAGE_PATH" ]; then
    echo "[ERROR] The singularity image path is not provided by the user. Empty value is not allowed."
    exit 1
else
    echo "Using $SIF_IMAGE_PATH to start the service"
fi

if [ "$(singularity instance list | grep "^$INSTANCE_NAME$")" ]; then
    echo "[ERROR] $INSTANCE_NAME is already used by another service instance."
    exit 128
else
    if [ "${BUILD_IMAGE,,}" = "true" ]; then
        if [ -e "$SIF_IMAGE_PATH" ]; then
            echo "[INFO] Using existing image on $SIF_IMAGE_PATH"
        else
            echo "[INFO] Building the image on $SIF_IMAGE_PATH"
            echo "[INFO] singularity build --sandbox $SIF_IMAGE_PATH docker://$DOCKER_IMAGE"
            singularity build --sandbox $SIF_IMAGE_PATH docker://$DOCKER_IMAGE
        fi
    fi
    
    echo "[INFO] Starting the singularity instance $INSTANCE_NAME"
    echo "[INFO] singularity instance start --writable --no-home $SIF_IMAGE_PATH $INSTANCE_NAME"
    singularity instance start --writable --no-home $SIF_IMAGE_PATH $INSTANCE_NAME
        
    export SINGULARITYENV_HTTPS_ENABLED=$HTTPS_ENABLED
    export SINGULARITYENV_DEBUG_ENABLED=$DEBUG_ENABLED
    export SINGULARITYENV_TRACE_ENABLED=$TRACE_ENABLED
    export SINGULARITYENV_USER_KEY=$USER_KEY
    export SINGULARITYENV_INSTANCE_PATH=$INSTANCE_PATH
    export SINGULARITYENV_MODEL_SERVICE_HOST_PORT=$MODEL_SERVICE_HOST_PORT
    export SINGULARITYENV_CONFIG_FILE_POLL_SECONDS=$CONFIG_FILE_POLL_SECONDS
    export SINGULARITYENV_MODEL_BASE_PATH=$MODEL_BASE_PATH
    export SINGULARITYENV_INSTANCE_PATH=$INSTANCE_PATH
    
    
    singularity exec instance://$INSTANCE_NAME mkdir -p ${INSTANCE_PATH}
    
    cp -a ${SIF_IMAGE_PATH}/model_as_service/. $INSTANCE_PATH
    cp $PYTHON_ENTRYPOINT_FILE_LOCAL $PYTHON_ENTRYPOINT_FILE_SING
    cp $YAML_FILE_LOCAL $YAML_FILE_SING
    cp $USER_DATA_FILE_LOCAL $USER_DATA_FILE_SING
    
    chmod +x $PYTHON_ENTRYPOINT_FILE_SING $YAML_FILE_SING

    #SERVICE_EXEC_COMMAND="singularity exec instance://${INSTANCE_NAME} python dl_service_proactive.py --port ${MODEL_SERVICE_HOST_PORT} &> /dev/null & &> /dev/null"
    SERVICE_EXEC_COMMAND="singularity exec instance://${INSTANCE_NAME} python $PYTHON_ENTRYPOINT_FILE_SING --port ${MODEL_SERVICE_HOST_PORT}"
    echo "[INFO] $SERVICE_EXEC_COMMAND"
    eval $SERVICE_EXEC_COMMAND
    sleep 5
    singularity exec instance://$INSTANCE_NAME ls -la
    
    if [ "$(singularity instance list | grep "^$INSTANCE_NAME$")" ]; then
        echo "$INSTANCE_NAME" > $INSTANCE_NAME"_status"
    fi
fi

echo "$MODEL_SERVICE_HOST_PORT" > $INSTANCE_NAME"_port"

# Endpoint added to the job variables using a groovy post-script
echo END "$variables_PA_TASK_NAME"
]]>
          </code>
        </script>
      </scriptExecutable>
      <controlFlow block="none"></controlFlow>
      <post>
        <script>
          <file url="${PA_CATALOG_REST_URL}/buckets/model-as-a-service-scripts/resources/Post_Start_Model_Service/raw" language="groovy"></file>
        </script>
      </post>
      <cleaning>
        <script>
          <file url="${PA_CATALOG_REST_URL}/buckets/cloud-automation-scripts/resources/Clean_Start_Service/raw" language="groovy"></file>
        </script>
      </cleaning>
      <metadata>
        <positionTop>
            444.5486297607422
        </positionTop>
        <positionLeft>
            538.6284790039062
        </positionLeft>
      </metadata>
    </task>
    <task name="Loop_Over_Instance_Status_S" 
    
    
    
    
    fork="true">
      <description>
        <![CDATA[ Loop over service instance status and fetch docker container logs.
It will run every minute. ]]>
      </description>
      <genericInformation>
        <info name="task.icon" value="/automation-dashboard/styles/patterns/img/wf-icons/model_as_service.png"/>
        <info name="NODE_ACCESS_TOKEN" value="$INSTANCE_NAME"/>
      </genericInformation>
      <depends>
        <task ref="Start_DLaaS_S"/>
      </depends>
      <scriptExecutable>
        <script>
          <code language="groovy">
            <![CDATA[
import org.ow2.proactive.pca.service.client.ApiClient
import org.ow2.proactive.pca.service.client.api.ServiceInstanceRestApi
import org.ow2.proactive.pca.service.client.model.ServiceInstanceData

def pcaUrl = variables.get('PA_CLOUD_AUTOMATION_REST_URL')
def instanceId = variables.get("PCA_INSTANCE_ID") as long
def instanceName = variables.get("INSTANCE_NAME")
def channel = "Service_Instance_" + instanceId

// Get schedulerapi access and acquire session id
schedulerapi.connect()
def sessionId = schedulerapi.getSession()

// Connect to Cloud Automation API
def serviceInstanceRestApi = new ServiceInstanceRestApi(new ApiClient().setBasePath(pcaUrl))

// If service instance is FINISHED or PAUSED then stop this loop and job and delete the sync channel
def currentStatus = serviceInstanceRestApi.getServiceInstanceUsingGET(sessionId, instanceId).getInstanceStatus()
if (currentStatus.equals("FINISHED")){
    variables.put("IS_FINISHED",true)
    synchronizationapi.deleteChannel(channel)
    // Remove token in the current node
    token = instanceName
    nodeUrl = variables.get("PA_NODE_URL")
    println("Current nodeUrl: " + nodeUrl)
    println("Removing token:  " + token)
    rmapi.connect()
    rmapi.removeNodeToken(nodeUrl, token)
} else {
    // Check if container has been stopped abnormally
    def command = ["singularity", "instance", "list"].execute() | ["grep", "${instanceName}"].execute()
    command.waitFor()
    def isContainerRunning = command.text
    if ((!isContainerRunning) && (!synchronizationapi.get(channel, "FINISH_LAUNCHED")) && (!synchronizationapi.get(channel, "PAUSE_LAUNCHED"))){
        currentStatus = 'ERROR'
        println("[ERROR] An internal error occured in docker container: " + instanceName)
        // Update docker container is not running
        def serviceInstanceData = serviceInstanceRestApi.getServiceInstanceUsingGET(sessionId, instanceId)
        serviceInstanceData.setInstanceStatus(currentStatus)
        serviceInstanceRestApi.updateServiceInstanceUsingPUT(sessionId, instanceId, serviceInstanceData)
        // Tell the CRON loop to stop
        variables.put("IS_FINISHED",true)
        // Exit with error
        System.exit(1)
    }
    //} else {
        // Fetch all logs or only new logs since last fetch time mark
        //def lastTime=variables.get('LAST_TIME_MARKER')
        //def fetchLogsCmd = lastTime ? ["docker", "logs", "--since", lastTime, instanceName] : ["docker", "logs", instanceName]
        //fetchLogsCmd.execute().waitForProcessOutput(System.out, System.err)
}
]]>
          </code>
        </script>
      </scriptExecutable>
      <controlFlow >
        <loop target="Loop_Over_Instance_Status_S">
          <script>
            <code language="groovy">
              <![CDATA[
// Check if loop task has ordered to finish the loop
def isFinished = variables.get('IS_FINISHED') as boolean
loop = isFinished ? false : '*/1 * * * *'

// Set a time marker to fetch logs since this marker.
variables.put("LAST_TIME_MARKER",new Date().format("yyyy-MM-dd'T'HH:mm:ssXXX"))
]]>
            </code>
          </script>
        </loop>
      </controlFlow>
      <metadata>
        <positionTop>
            583.5937957763672
        </positionTop>
        <positionLeft>
            516.6319580078125
        </positionLeft>
      </metadata>
    </task>
    <task name="Condition" 
    
    
    
    
    fork="true">
      <genericInformation>
        <info name="task.icon" value="/automation-dashboard/styles/patterns/img/wf-icons/controls_if.png"/>
        <info name="Documentation" value="user/ProActiveUserGuide.html#_branch"/>
      </genericInformation>
      <scriptExecutable>
        <script>
          <code language="groovy">
            <![CDATA[
def engine = variables.get("ENGINE")

println("[INFO] Starting a Model_Service server in a " + engine + " container.")
]]>
          </code>
        </script>
      </scriptExecutable>
      <controlFlow >
        <if target="Start_DLaaS_S"
        else="Start_DLaaS_D">
          <script>
            <code language="groovy">
              <![CDATA[
def engine = variables.get("ENGINE")
if(engine.toLowerCase().equals("singularity")){
    branch = "if";
} else {
    branch = "else";
}
]]>
            </code>
          </script>
        </if>
      </controlFlow>
      <metadata>
        <positionTop>
            327.58680725097656
        </positionTop>
        <positionLeft>
            704.65283203125
        </positionLeft>
      </metadata>
    </task>
    <task name="Start_DLaaS_D" 
    
    onTaskError="cancelJob" 
    
    
    fork="true">
      <description>
        <![CDATA[ Pull DL_Model_Service image and start a container ]]>
      </description>
      <genericInformation>
        <info name="task.icon" value="/automation-dashboard/styles/patterns/img/wf-icons/model_as_service.png"/>
      </genericInformation>
      <inputFiles>
        <files  includes="certificate_mas.pem" accessMode="transferFromGlobalSpace"/>
        <files  includes="key_mas.pem" accessMode="transferFromGlobalSpace"/>
      </inputFiles>
      <selection>
        <script type="static">
          <file url="${PA_CATALOG_REST_URL}/buckets/scripts/resources/check_node_name_not_empty/raw" language="groovy">
            <arguments>
              <argument value="$NODE_NAME"/>
            </arguments>
          </file>
        </script>
      </selection>
      <pre>
        <script>
          <file url="${PA_CATALOG_REST_URL}/buckets/model-as-a-service-scripts/resources/Pre_Start_Model_Service/raw" language="cpython"></file>
        </script>
      </pre>
      <scriptExecutable>
        <script>
          <code language="bash">
            <![CDATA[
echo BEGIN "$variables_PA_TASK_NAME"

################################################################################
### THIS PART IS IMAGE SPECIFIC. IF YOU NEED TO MODIFY SOMETHING, DO IT HERE ###
MODEL_BASE_PATH=$variables_MODEL_BASE_PATH
CONFIG_FILE_POLL_SECONDS=$variables_MODELS_DEPLOYMENT_REFRESH
PROMETHEUS_SERVICE_INTERNAL_PORT=9091
MODEL_SERVICE_INTERNAL_PORT=9090
DOCKER_IMAGE=$variables_DOCKER_IMAGE
HTTPS_ENABLED=$variables_HTTPS_ENABLED
DEBUG_ENABLED=$variables_DEBUG_ENABLED
USER_KEY=$variables_USER_KEY
INSTANCE_NAME=$variables_INSTANCE_NAME
MODEL_SERVICE_HOST_PORT=$variables_SERVICE_PORT
USER_DATA_FILE="${PWD}/${variables_USER_DATA_FILE}"
PYTHON_ENTRYPOINT_FILE="${PWD}/${variables_PYTHON_ENTRYPOINT}.py"
YAML_FILE="${PWD}/${variables_YAML_FILE}.yaml"
INSTANCE_PATH="/model_as_service"
chmod +x $PYTHON_ENTRYPOINT_FILE $YAML_FILE
################################################################################

imagedecode() { : "${*//+/ }"; echo -e "${_//%/\\x}"; }
DOCKER_IMAGE=$(imagedecode "$DOCKER_IMAGE")

PATH=$PATH:/usr/sbin

GET_RANDOM_PORT(){
    PCA_SERVICES_PORT_RANGE_FILE=$variables_PA_SCHEDULER_HOME/config/pca_services_port_range
    if [[ -f "$PCA_SERVICES_PORT_RANGE_FILE" ]]; then
        read LOWERPORT UPPERPORT < $PCA_SERVICES_PORT_RANGE_FILE
    else
        read LOWERPORT UPPERPORT < /proc/sys/net/ipv4/ip_local_port_range
    fi
    while :
    do
        RND_PORT="`shuf -i $LOWERPORT-$UPPERPORT -n 1`"
        ss -lpn | grep -q ":$RND_PORT " || break
    done
    echo $RND_PORT
}

if [ "$MODEL_SERVICE_HOST_PORT" -eq "-1" ]; then
    echo "[INFO] Picking a random port number"
    MODEL_SERVICE_HOST_PORT=$(GET_RANDOM_PORT)
fi
echo "The service will be initialized on port $MODEL_SERVICE_HOST_PORT"

if [ -z "$INSTANCE_NAME" ]; then
    echo [ERROR] The INSTANCE_NAME is not provided by the user. Empty value is not allowed.
    exit 1
fi

echo "Pulling $DOCKER_IMAGE"
docker pull $DOCKER_IMAGE

if [ "$(docker ps -a --format '{{.Names}}' | grep "^$INSTANCE_NAME$")" ]; then
    echo [ERROR] "$INSTANCE_NAME" is already used by another service instance.
    exit 128
else
    echo "Running $INSTANCE_NAME container"
    echo "docker run -dit --name $INSTANCE_NAME -e HTTPS_ENABLED=$HTTPS_ENABLED -e DEBUG_ENABLED=$DEBUG_ENABLED -e USER_KEY=$USER_KEY -p $MODEL_SERVICE_HOST_PORT:$MODEL_SERVICE_INTERNAL_PORT $DOCKER_IMAGE"
    docker run -dit --name $INSTANCE_NAME -e INSTANCE_PATH=$INSTANCE_PATH -e HTTPS_ENABLED=$HTTPS_ENABLED -e DEBUG_ENABLED=$DEBUG_ENABLED -e USER_KEY=$USER_KEY -p $MODEL_SERVICE_HOST_PORT:$MODEL_SERVICE_INTERNAL_PORT -e CONFIG_FILE_POLL_SECONDS=$CONFIG_FILE_POLL_SECONDS -e MODEL_BASE_PATH=$MODEL_BASE_PATH $DOCKER_IMAGE
    echo "docker exec $INSTANCE_NAME mkdir -p $INSTANCE_PATH"
    docker exec $INSTANCE_NAME mkdir -p $INSTANCE_PATH
    #Copy the needed files to launch the service
    echo "Copying the needed files to launch the service"
    docker cp $USER_DATA_FILE $INSTANCE_NAME:$INSTANCE_PATH/user_data.enc
    docker cp $PYTHON_ENTRYPOINT_FILE $INSTANCE_NAME:$INSTANCE_PATH/dl_service.py
    docker cp $YAML_FILE $INSTANCE_NAME:$INSTANCE_PATH/dl_service-api.yaml
    docker cp key_mas.pem $INSTANCE_NAME:$INSTANCE_PATH/key_mas.pem
    docker cp certificate_mas.pem $INSTANCE_NAME:$INSTANCE_PATH/certificate_mas.pem
    echo "docker exec $INSTANCE_NAME ls -la $INSTANCE_PATH"
    docker exec $INSTANCE_NAME ls -la $INSTANCE_PATH
    echo "docker exec -dit $INSTANCE_NAME bash -c python $INSTANCE_PATH/dl_service.py >> /proc/1/fd/1"
    docker exec -dit $INSTANCE_NAME bash -c "python $INSTANCE_PATH/dl_service.py"
    
    if [ "$(docker ps -a --format '{{.Names}}' | grep "^$INSTANCE_NAME$")" ]; then
        RUNNING=$(docker inspect --format="{{ .State.Running }}" $INSTANCE_NAME 2> /dev/null)
        if [ "${RUNNING,,}" = "true" ]; then
            echo $INSTANCE_NAME > $INSTANCE_NAME"_status"
        fi
    else
        echo $INSTANCE_STATUS > $INSTANCE_NAME"_status"
    fi
fi

MODEL_SERVICE_PORT=$(docker inspect --format='{{(index (index .NetworkSettings.Ports "'$MODEL_SERVICE_INTERNAL_PORT'/tcp") 0).HostPort}}' $INSTANCE_NAME)
echo "$MODEL_SERVICE_PORT" > $INSTANCE_NAME"_port"

containerID=$(docker ps -aqf "name=^$INSTANCE_NAME$")
echo "$containerID" > $INSTANCE_NAME"_containerID"

echo END "$variables_PA_TASK_NAME"
]]>
          </code>
        </script>
      </scriptExecutable>
      <controlFlow block="none"></controlFlow>
      <post>
        <script>
          <file url="${PA_CATALOG_REST_URL}/buckets/model-as-a-service-scripts/resources/Post_Start_Model_Service/raw" language="groovy"></file>
        </script>
      </post>
      <cleaning>
        <script>
          <file url="${PA_CATALOG_REST_URL}/buckets/cloud-automation-scripts/resources/Clean_Start_Service/raw" language="groovy"></file>
        </script>
      </cleaning>
      <metadata>
        <positionTop>
            454.5659637451172
        </positionTop>
        <positionLeft>
            765.625
        </positionLeft>
      </metadata>
    </task>
    <task name="Loop_Over_Instance_Status_D" 
    
    
    
    
    fork="true">
      <description>
        <![CDATA[ Loop over service instance status and fetch docker container logs.
It will run every minute. ]]>
      </description>
      <genericInformation>
        <info name="task.icon" value="/automation-dashboard/styles/patterns/img/wf-icons/model_as_service.png"/>
        <info name="NODE_ACCESS_TOKEN" value="$INSTANCE_NAME"/>
      </genericInformation>
      <depends>
        <task ref="Start_DLaaS_D"/>
      </depends>
      <scriptExecutable>
        <script>
          <file url="${PA_CATALOG_REST_URL}/buckets/cloud-automation-scripts/resources/Check_Instance_Status/raw" language="groovy"></file>
        </script>
      </scriptExecutable>
      <controlFlow >
        <loop target="Loop_Over_Instance_Status_D">
          <script>
            <code language="groovy">
              <![CDATA[
// Check if loop task has ordered to finish the loop
def isFinished = variables.get('IS_FINISHED') as boolean
loop = isFinished ? false : '*/1 * * * *'

// Set a time marker to fetch logs since this marker.
variables.put("LAST_TIME_MARKER",new Date().format("yyyy-MM-dd'T'HH:mm:ssXXX"))
]]>
            </code>
          </script>
        </loop>
      </controlFlow>
      <metadata>
        <positionTop>
            583.5937957763672
        </positionTop>
        <positionLeft>
            768.6458740234375
        </positionLeft>
      </metadata>
    </task>
  </taskFlow>
  <metadata>
    <visualization>
      <![CDATA[ <html>
    <head>
    <link rel="stylesheet" href="/studio/styles/studio-standalone.css">
        <style>
        #workflow-designer {
            left:0 !important;
            top:0 !important;
            width:2350px;
            height:2675px;
            }
        </style>
    </head>
    <body>
    <div id="workflow-visualization-view"><div id="workflow-visualization" style="position:relative;top:-322.58680725097656px;left:-511.6319580078125px"><div class="task ui-draggable _jsPlumb_endpoint_anchor_" id="jsPlumb_1_180" style="top: 444.566px; left: 538.629px;"><a class="task-name" data-toggle="tooltip" data-placement="right" title="Pull DL_Model_Service image and start a container"><img src="/automation-dashboard/styles/patterns/img/wf-icons/model_as_service.png" width="20px">&nbsp;<span class="name">Start_DLaaS_S</span></a></div><div class="task ui-draggable _jsPlumb_endpoint_anchor_" id="jsPlumb_1_183" style="top: 583.611px; left: 516.632px;"><a class="task-name" data-toggle="tooltip" data-placement="right" title="Loop over service instance status and fetch docker container logs.
It will run every minute."><img src="/automation-dashboard/styles/patterns/img/wf-icons/model_as_service.png" width="20px">&nbsp;<span class="name">Loop_Over_Instance_Status_S</span></a></div><div class="task ui-draggable _jsPlumb_endpoint_anchor_" id="jsPlumb_1_186" style="top: 327.604px; left: 704.653px;"><a class="task-name" data-toggle="tooltip" data-placement="right" title="This task has no description"><img src="/automation-dashboard/styles/patterns/img/wf-icons/controls_if.png" width="20px">&nbsp;<span class="name">Condition</span></a></div><div class="task ui-draggable _jsPlumb_endpoint_anchor_" id="jsPlumb_1_189" style="top: 454.583px; left: 765.625px;"><a class="task-name" data-toggle="tooltip" data-placement="right" title="Pull DL_Model_Service image and start a container"><img src="/automation-dashboard/styles/patterns/img/wf-icons/model_as_service.png" width="20px">&nbsp;<span class="name">Start_DLaaS_D</span></a></div><div class="task ui-draggable _jsPlumb_endpoint_anchor_" id="jsPlumb_1_192" style="top: 583.611px; left: 768.646px;"><a class="task-name" data-toggle="tooltip" data-placement="right" title="Loop over service instance status and fetch docker container logs.
It will run every minute."><img src="/automation-dashboard/styles/patterns/img/wf-icons/model_as_service.png" width="20px">&nbsp;<span class="name">Loop_Over_Instance_Status_D</span></a></div><svg style="position:absolute;left:580.5px;top:483.5px" width="34" height="100" pointer-events="none" position="absolute" version="1.1" xmlns="http://www.w3.org/1999/xhtml" class="_jsPlumb_connector "><path d="M 13 99 C 23 49 -10 50 0 0 " transform="translate(10.5,0.5)" pointer-events="visibleStroke" version="1.1" xmlns="http://www.w3.org/1999/xhtml" fill="none" stroke="#666" style=""></path><path pointer-events="all" version="1.1" xmlns="http://www.w3.org/1999/xhtml" d="M14.632973999999999,75.323682 L17.850312989936214,54.37973944316901 L12.068048714059469,61.5606460602975 L4.087277050233704,56.94466472910954 L14.632973999999999,75.323682" class="" stroke="#666" fill="#666" transform="translate(10.5,0.5)"></path><path pointer-events="all" version="1.1" xmlns="http://www.w3.org/1999/xhtml" d="M14.632973999999999,75.323682 L17.850312989936214,54.37973944316901 L12.068048714059469,61.5606460602975 L4.087277050233704,56.94466472910954 L14.632973999999999,75.323682" class="" stroke="#666" fill="#666" transform="translate(10.5,0.5)"></path></svg><svg style="position:absolute;left:671.0266769263776px;top:532.5px" width="20.473323073622403" height="141" pointer-events="none" position="absolute" version="1.1" xmlns="http://www.w3.org/1999/xhtml" class="_jsPlumb_connector "><path d="M 0 40 C -10 90 -10 -50 0 0 " transform="translate(19.973323073622403,50.5)" pointer-events="visibleStroke" version="1.1" xmlns="http://www.w3.org/1999/xhtml" fill="none" stroke="#316b31" style=""></path><path pointer-events="all" version="1.1" xmlns="http://www.w3.org/1999/xhtml" d="M-2.4569999999999963,49.16001999999999 L-8.714346841294152,28.91537600442066 L-10.77778447022079,37.90104376767174 L-19.973323073622403,37.23616047464146 L-2.4569999999999963,49.16001999999999" class="" stroke="#316b31" fill="#316b31" transform="translate(19.973323073622403,50.5)"></path><path pointer-events="all" version="1.1" xmlns="http://www.w3.org/1999/xhtml" d="M-2.4569999999999963,49.16001999999999 L-8.714346841294152,28.91537600442066 L-10.77778447022079,37.90104376767174 L-19.973323073622403,37.23616047464146 L-2.4569999999999963,49.16001999999999" class="" stroke="#316b31" fill="#316b31" transform="translate(19.973323073622403,50.5)"></path></svg><div class="_jsPlumb_overlay l1 component label" id="jsPlumb_1_203" style="position: absolute; transform: translate(-50%, -50%); left: 683px; top: 602.5px;">loop</div><svg style="position:absolute;left:528.5px;top:367.5px" width="186" height="77" pointer-events="none" position="absolute" version="1.1" xmlns="http://www.w3.org/1999/xhtml" class="_jsPlumb_connector "><path d="M 0 76 C -10 26 175 50 165 0 " transform="translate(10.5,0.5)" pointer-events="visibleStroke" version="1.1" xmlns="http://www.w3.org/1999/xhtml" fill="none" stroke="#00f" style=""></path><path pointer-events="all" version="1.1" xmlns="http://www.w3.org/1999/xhtml" d="M22.96875,50.0625 L44.139481086546965,50.95700839074548 L36.36622556019199,45.999539427454636 L40.0765205140016,37.559532830553486 L22.96875,50.0625" class="" stroke="#00f" fill="#00f" transform="translate(10.5,0.5)"></path><path pointer-events="all" version="1.1" xmlns="http://www.w3.org/1999/xhtml" d="M22.96875,50.0625 L44.139481086546965,50.95700839074548 L36.36622556019199,45.999539427454636 L40.0765205140016,37.559532830553486 L22.96875,50.0625" class="" stroke="#00f" fill="#00f" transform="translate(10.5,0.5)"></path></svg><div class="_jsPlumb_overlay l1 component label" id="jsPlumb_1_209" style="position: absolute; transform: translate(-50%, -50%); left: 621px; top: 405.5px;">if</div><svg style="position:absolute;left:693.5px;top:367.5px" width="83" height="87" pointer-events="none" position="absolute" version="1.1" xmlns="http://www.w3.org/1999/xhtml" class="_jsPlumb_connector "><path d="M 62 86 C 72 36 -10 50 0 0 " transform="translate(10.5,0.5)" pointer-events="visibleStroke" version="1.1" xmlns="http://www.w3.org/1999/xhtml" fill="none" stroke="#00f" style=""></path><path pointer-events="all" version="1.1" xmlns="http://www.w3.org/1999/xhtml" d="M58.136283000000006,62.21606400000001 L49.455791292163354,42.88605976538643 L48.50403780359378,52.05634685451268 L39.29607414667602,52.51830496179266 L58.136283000000006,62.21606400000001" class="" stroke="#00f" fill="#00f" transform="translate(10.5,0.5)"></path><path pointer-events="all" version="1.1" xmlns="http://www.w3.org/1999/xhtml" d="M58.136283000000006,62.21606400000001 L49.455791292163354,42.88605976538643 L48.50403780359378,52.05634685451268 L39.29607414667602,52.51830496179266 L58.136283000000006,62.21606400000001" class="" stroke="#00f" fill="#00f" transform="translate(10.5,0.5)"></path></svg><div class="_jsPlumb_overlay l1 component label" id="jsPlumb_1_213" style="position: absolute; transform: translate(-50%, -50%); left: 734.5px; top: 410.5px;">else</div><svg style="position:absolute;left:808.5px;top:493.5px" width="58" height="90" pointer-events="none" position="absolute" version="1.1" xmlns="http://www.w3.org/1999/xhtml" class="_jsPlumb_connector "><path d="M 37 89 C 47 39 -10 50 0 0 " transform="translate(10.5,0.5)" pointer-events="visibleStroke" version="1.1" xmlns="http://www.w3.org/1999/xhtml" fill="none" stroke="#666" style=""></path><path pointer-events="all" version="1.1" xmlns="http://www.w3.org/1999/xhtml" d="M36.363006,66.269502 L33.15437808828079,45.324223130428074 L29.79050456458924,53.908182293693415 L20.7930583819742,51.89672456583883 L36.363006,66.269502" class="" stroke="#666" fill="#666" transform="translate(10.5,0.5)"></path><path pointer-events="all" version="1.1" xmlns="http://www.w3.org/1999/xhtml" d="M36.363006,66.269502 L33.15437808828079,45.324223130428074 L29.79050456458924,53.908182293693415 L20.7930583819742,51.89672456583883 L36.363006,66.269502" class="" stroke="#666" fill="#666" transform="translate(10.5,0.5)"></path></svg><svg style="position:absolute;left:923.0266769263776px;top:532.5px" width="20.473323073622403" height="141" pointer-events="none" position="absolute" version="1.1" xmlns="http://www.w3.org/1999/xhtml" class="_jsPlumb_connector "><path d="M 0 40 C -10 90 -10 -50 0 0 " transform="translate(19.973323073622403,50.5)" pointer-events="visibleStroke" version="1.1" xmlns="http://www.w3.org/1999/xhtml" fill="none" stroke="#316b31" style=""></path><path pointer-events="all" version="1.1" xmlns="http://www.w3.org/1999/xhtml" d="M-2.4569999999999963,49.16001999999999 L-8.714346841294152,28.91537600442066 L-10.77778447022079,37.90104376767174 L-19.973323073622403,37.23616047464146 L-2.4569999999999963,49.16001999999999" class="" stroke="#316b31" fill="#316b31" transform="translate(19.973323073622403,50.5)"></path><path pointer-events="all" version="1.1" xmlns="http://www.w3.org/1999/xhtml" d="M-2.4569999999999963,49.16001999999999 L-8.714346841294152,28.91537600442066 L-10.77778447022079,37.90104376767174 L-19.973323073622403,37.23616047464146 L-2.4569999999999963,49.16001999999999" class="" stroke="#316b31" fill="#316b31" transform="translate(19.973323073622403,50.5)"></path></svg><div class="_jsPlumb_overlay l1 component label" id="jsPlumb_1_222" style="position: absolute; transform: translate(-50%, -50%); left: 935px; top: 602.5px;">loop</div><div class="_jsPlumb_endpoint source-endpoint dependency-source-endpoint connected _jsPlumb_endpoint_anchor_ ui-draggable ui-droppable _jsPlumb_endpoint_connected" style="position: absolute; height: 20px; width: 20px; left: 581px; top: 474px;"><svg style="position:absolute;left:0px;top:0px" width="20" height="20" pointer-events="all" position="absolute" version="1.1" xmlns="http://www.w3.org/1999/xhtml"><circle cx="10" cy="10" r="10" version="1.1" xmlns="http://www.w3.org/1999/xhtml" fill="#666" stroke="none" style=""></circle></svg></div><div class="_jsPlumb_endpoint target-endpoint if-target-endpoint _jsPlumb_endpoint_anchor_ ui-draggable ui-droppable _jsPlumb_endpoint_connected _jsPlumb_endpoint_full" style="position: absolute; height: 20px; width: 20px; left: 529px; top: 434px;"><svg style="position:absolute;left:0px;top:0px" width="20" height="20" pointer-events="all" position="absolute" version="1.1" xmlns="http://www.w3.org/1999/xhtml"><circle cx="10" cy="10" r="10" version="1.1" xmlns="http://www.w3.org/1999/xhtml" fill="#00f" stroke="none" style=""></circle></svg></div><div class="_jsPlumb_endpoint source-endpoint dependency-source-endpoint connected _jsPlumb_endpoint_anchor_ ui-draggable ui-droppable" style="position: absolute; height: 20px; width: 20px; left: 594px; top: 613px;"><svg style="position:absolute;left:0px;top:0px" width="20" height="20" pointer-events="all" position="absolute" version="1.1" xmlns="http://www.w3.org/1999/xhtml"><circle cx="10" cy="10" r="10" version="1.1" xmlns="http://www.w3.org/1999/xhtml" fill="#666" stroke="none" style=""></circle></svg></div><div class="_jsPlumb_endpoint target-endpoint dependency-target-endpoint _jsPlumb_endpoint_anchor_ ui-draggable ui-droppable _jsPlumb_endpoint_connected" style="position: absolute; height: 20px; width: 20px; left: 594px; top: 573px;"><svg style="position:absolute;left:0px;top:0px" width="20" height="20" pointer-events="all" position="absolute" version="1.1" xmlns="http://www.w3.org/1999/xhtml"><circle cx="10" cy="10" r="10" version="1.1" xmlns="http://www.w3.org/1999/xhtml" fill="#666" stroke="none" style=""></circle></svg></div><div class="_jsPlumb_endpoint source-endpoint loop-source-endpoint _jsPlumb_endpoint_anchor_ ui-draggable ui-droppable _jsPlumb_endpoint_connected _jsPlumb_endpoint_full" style="position: absolute; height: 20px; width: 20px; left: 681px; top: 573px;"><svg style="position:absolute;left:0px;top:0px" width="20" height="20" pointer-events="all" position="absolute" version="1.1" xmlns="http://www.w3.org/1999/xhtml"><circle cx="10" cy="10" r="10" version="1.1" xmlns="http://www.w3.org/1999/xhtml" fill="#316b31" stroke="none" style=""></circle></svg></div><div class="_jsPlumb_endpoint target-endpoint loop-target-endpoint _jsPlumb_endpoint_anchor_ ui-draggable ui-droppable _jsPlumb_endpoint_connected _jsPlumb_endpoint_full" style="position: absolute; height: 20px; width: 20px; left: 681px; top: 613px;"><svg style="position:absolute;left:0px;top:0px" width="20" height="20" pointer-events="all" position="absolute" version="1.1" xmlns="http://www.w3.org/1999/xhtml"><circle cx="10" cy="10" r="10" version="1.1" xmlns="http://www.w3.org/1999/xhtml" fill="#316b31" stroke="none" style=""></circle></svg></div><div class="_jsPlumb_endpoint source-endpoint dependency-source-endpoint connected _jsPlumb_endpoint_anchor_ ui-draggable ui-droppable" style="position: absolute; height: 20px; width: 20px; left: 744px; top: 358px;"><svg style="position:absolute;left:0px;top:0px" width="20" height="20" pointer-events="all" position="absolute" version="1.1" xmlns="http://www.w3.org/1999/xhtml"><circle cx="10" cy="10" r="10" version="1.1" xmlns="http://www.w3.org/1999/xhtml" fill="#666" stroke="none" style=""></circle></svg></div><div class="_jsPlumb_endpoint source-endpoint if-source-endpoint _jsPlumb_endpoint_anchor_ ui-draggable ui-droppable _jsPlumb_endpoint_connected" style="position: absolute; height: 20px; width: 20px; left: 694px; top: 358px;"><svg style="position:absolute;left:0px;top:0px" width="20" height="20" pointer-events="all" position="absolute" version="1.1" xmlns="http://www.w3.org/1999/xhtml"><circle cx="10" cy="10" r="10" version="1.1" xmlns="http://www.w3.org/1999/xhtml" fill="#00f" stroke="none" style=""></circle></svg></div><div class="_jsPlumb_endpoint source-endpoint dependency-source-endpoint connected _jsPlumb_endpoint_anchor_ ui-draggable ui-droppable _jsPlumb_endpoint_connected" style="position: absolute; height: 20px; width: 20px; left: 809px; top: 484px;"><svg style="position:absolute;left:0px;top:0px" width="20" height="20" pointer-events="all" position="absolute" version="1.1" xmlns="http://www.w3.org/1999/xhtml"><circle cx="10" cy="10" r="10" version="1.1" xmlns="http://www.w3.org/1999/xhtml" fill="#666" stroke="none" style=""></circle></svg></div><div class="_jsPlumb_endpoint target-endpoint if-target-endpoint _jsPlumb_endpoint_anchor_ ui-draggable ui-droppable _jsPlumb_endpoint_connected _jsPlumb_endpoint_full" style="position: absolute; height: 20px; width: 20px; left: 756px; top: 444px;"><svg style="position:absolute;left:0px;top:0px" width="20" height="20" pointer-events="all" position="absolute" version="1.1" xmlns="http://www.w3.org/1999/xhtml"><circle cx="10" cy="10" r="10" version="1.1" xmlns="http://www.w3.org/1999/xhtml" fill="#00f" stroke="none" style=""></circle></svg></div><div class="_jsPlumb_endpoint source-endpoint dependency-source-endpoint connected _jsPlumb_endpoint_anchor_ ui-draggable ui-droppable" style="position: absolute; height: 20px; width: 20px; left: 846px; top: 613px;"><svg style="position:absolute;left:0px;top:0px" width="20" height="20" pointer-events="all" position="absolute" version="1.1" xmlns="http://www.w3.org/1999/xhtml"><circle cx="10" cy="10" r="10" version="1.1" xmlns="http://www.w3.org/1999/xhtml" fill="#666" stroke="none" style=""></circle></svg></div><div class="_jsPlumb_endpoint target-endpoint dependency-target-endpoint _jsPlumb_endpoint_anchor_ ui-draggable ui-droppable _jsPlumb_endpoint_connected" style="position: absolute; height: 20px; width: 20px; left: 846px; top: 573px;"><svg style="position:absolute;left:0px;top:0px" width="20" height="20" pointer-events="all" position="absolute" version="1.1" xmlns="http://www.w3.org/1999/xhtml"><circle cx="10" cy="10" r="10" version="1.1" xmlns="http://www.w3.org/1999/xhtml" fill="#666" stroke="none" style=""></circle></svg></div><div class="_jsPlumb_endpoint source-endpoint loop-source-endpoint _jsPlumb_endpoint_anchor_ ui-draggable ui-droppable _jsPlumb_endpoint_connected _jsPlumb_endpoint_full" style="position: absolute; height: 20px; width: 20px; left: 933px; top: 573px;"><svg style="position:absolute;left:0px;top:0px" width="20" height="20" pointer-events="all" position="absolute" version="1.1" xmlns="http://www.w3.org/1999/xhtml"><circle cx="10" cy="10" r="10" version="1.1" xmlns="http://www.w3.org/1999/xhtml" fill="#316b31" stroke="none" style=""></circle></svg></div><div class="_jsPlumb_endpoint target-endpoint loop-target-endpoint _jsPlumb_endpoint_anchor_ ui-draggable ui-droppable _jsPlumb_endpoint_connected _jsPlumb_endpoint_full" style="position: absolute; height: 20px; width: 20px; left: 933px; top: 613px;"><svg style="position:absolute;left:0px;top:0px" width="20" height="20" pointer-events="all" position="absolute" version="1.1" xmlns="http://www.w3.org/1999/xhtml"><circle cx="10" cy="10" r="10" version="1.1" xmlns="http://www.w3.org/1999/xhtml" fill="#316b31" stroke="none" style=""></circle></svg></div></div></div>
    </body>
</html>
 ]]>
    </visualization>
  </metadata>
</job>