{
	"metadata": {
		"slug": "dlaas",
		"name": "dlaas",
		"short_description": "Deep Learning Models deployment",
		"author": "ActiveEon's Team",
		"tags": ["Model deployment", "Model Management", "Services", "MLOps", "Deep learning models", "Tensorflow Serving"],
		"version": "1.0"
	},
	"catalog" : {
		"bucket" : "cloud-automation",
		"objects" : [
			{
				"name" : "DLaaS",
				"metadata" : {
					"kind": "Workflow/pca",
					"commitMessage": "First commit",
					"contentType": "application/xml"
				},
				"file" : "resources/catalog/DLaaS.xml"
			},
			{
				"name" : "Finish_DLaaS",
				"metadata" : {
					"kind": "Workflow/pca",
					"commitMessage": "First commit",
					"contentType": "application/xml"
				},
				"file" : "resources/catalog/Finish_DLaaS.xml"
			}
		]
	}
}