<?xml version="1.0" encoding="UTF-8"?>
<job
  xmlns:xsi="http://www.w3.org/2001/XMLSchema-instance"
  xmlns="urn:proactive:jobdescriptor:3.11" xsi:schemaLocation="urn:proactive:jobdescriptor:3.11 http://www.activeeon.com/public_content/schemas/proactive/jobdescriptor/3.11/schedulerjob.xsd"  name="FlexNet_Start" projectName="CLIMB deployment" priority="normal" onTaskError="continueJobExecution"  maxNumberOfExecution="2" >
  <variables>
    <variable name="Flexnet_host_IP_address" value="192.168.1.157" />
    <variable name="Flexnet_lmgrd_full_dir_path_from_dataspace" value="lmgrd_full" />
    <variable name="LaBS_licence_file_path_from_dataspace" value="ProLB_activeeon_01-Dec-2017_31-Aug-2018.lic" />
  </variables>
  <description>
    <![CDATA[ Deploy and start a Flexnet server. ]]>
  </description>
  <genericInformation>
    <info name="group" value="public-objects"/>
    <info name="pca.service.id" value="FLEXNET"/>
    <info name="pca.states" value="(VOID,FLEXNET_STARTED)"/>
    <info name="workflow.icon" value="/automation-dashboard/styles/patterns/img/wf-icons/flexnet.png"/>
  </genericInformation>
  <taskFlow>
    <task name="submit_start_Flexnet" >
      <inputFiles>
        <files  includes="Start_Flexnet_TO_BE_SUBMITTED.xml" accessMode="transferFromGlobalSpace"/>
      </inputFiles>
      <scriptExecutable>
        <script>
          <code language="groovy">
            <![CDATA[
import org.ow2.proactive.scheduler.common.job.*
import org.ow2.proactive.scheduler.common.task.*
import org.ow2.proactive.scripting.*

// Retrieve some paramters
def Flexnet_host_IP_address = variables.get("Flexnet_host_IP_address")
def Flexnet_lmgrd_full_dir_path_from_dataspace = variables.get("Flexnet_lmgrd_full_dir_path_from_dataspace")
def LaBS_licence_file_path_from_dataspace = variables.get("LaBS_licence_file_path_from_dataspace")

// Submit the Start_Flexnet_TO_BE_SUBMITTED job
def generic_infos_map = ["PARENT_JOB_ID" : variables.get("PA_JOB_ID")]
def parameters = new HashMap()
parameters.put("Flexnet_host_IP_address", Flexnet_host_IP_address)
parameters.put("Flexnet_lmgrd_full_dir_path_from_dataspace", Flexnet_lmgrd_full_dir_path_from_dataspace)
parameters.put("LaBS_licence_file_path_from_dataspace", LaBS_licence_file_path_from_dataspace)
schedulerapi.connect()
def Start_Flexnet_TO_BE_SUBMITTED_file = new File(localspace, "Start_Flexnet_TO_BE_SUBMITTED.xml")
schedulerapi.submit(Start_Flexnet_TO_BE_SUBMITTED_file, parameters, generic_infos_map)
]]>
          </code>
        </script>
      </scriptExecutable>
    </task>
    <task name="update_service_instance" >
      <depends>
        <task ref="submit_start_Flexnet"/>
      </depends>
      <scriptExecutable>
        <script>
          <code language="groovy">
            <![CDATA[
import org.ow2.proactive.pca.service.client.ApiClient
import org.ow2.proactive.pca.service.client.api.ServiceInstanceRestApi
import org.ow2.proactive.pca.service.client.model.ServiceInstanceData

// Retrieve variables
def scheduler_rest_url = variables.get("PA_SCHEDULER_REST_URL")
def service_instance_id = variables.get("PCA_INSTANCE_ID") as Long

// Define other variables
def pca_url = scheduler_rest_url.replaceAll("/rest\\z", "/cloud-automation-service")

// Connect to APIs
def api_client = new ApiClient()
api_client.setBasePath(pca_url)
def service_instance_rest_api = new ServiceInstanceRestApi(api_client)

// Update the related service instance status
def service_instance_data = service_instance_rest_api.getServiceInstanceUsingGET(service_instance_id)
service_instance_data.setInstanceStatus("FLEXNET_STARTED")
service_instance_rest_api.updateServiceInstanceUsingPUT(service_instance_id, service_instance_data)
]]>
          </code>
        </script>
      </scriptExecutable>
    </task>
  </taskFlow>
  <metadata>
    <visualization>
      <![CDATA[ <html><head><link rel="stylesheet" href="/studio/styles/studio-standalone.css"><style>
        #workflow-designer {
            left:0 !important;
            top:0 !important;
            width:1139px;
            height:566px;
            }
        </style></head><body><div id="workflow-visualization-view"><div id="workflow-visualization" style="position:relative;top:-269.9875030517578px;left:-463px"><div class="task _jsPlumb_endpoint_anchor_ ui-draggable" id="jsPlumb_1_4141" style="top: 275px; left: 468px;"><a class="task-name"><img src="/studio/images/Groovy.png" width="20px">&nbsp;<span class="name">submit_start_Flexnet</span></a></div><div class="task ui-draggable _jsPlumb_endpoint_anchor_" id="jsPlumb_1_4144" style="top: 403px; left: 468px;"><a class="task-name"><img src="/studio/images/Groovy.png" width="20px">&nbsp;<span class="name">update_service_instance</span></a></div><svg style="position:absolute;left:521.5px;top:314.5px" width="30" height="89" pointer-events="none" position="absolute" version="1.1"
      xmlns="http://www.w3.org/1999/xhtml" class="_jsPlumb_connector "><path d="M 9 88 C 19 38 -10 50 0 0 " transform="translate(10.5,0.5)" pointer-events="visibleStroke" version="1.1"
      xmlns="http://www.w3.org/1999/xhtml" fill="none" stroke="#666" style=""></path><path pointer-events="all" version="1.1"
      xmlns="http://www.w3.org/1999/xhtml" d="M11.064096,66.303232 L15.016942635045325,45.485571144855605 L8.985401777301874,52.45841237934327 L1.1721230143885997,47.56426536755374 L11.064096,66.303232" class="" stroke="#666" fill="#666" transform="translate(10.5,0.5)"></path><path pointer-events="all" version="1.1"
      xmlns="http://www.w3.org/1999/xhtml" d="M11.064096,66.303232 L15.016942635045325,45.485571144855605 L8.985401777301874,52.45841237934327 L1.1721230143885997,47.56426536755374 L11.064096,66.303232" class="" stroke="#666" fill="#666" transform="translate(10.5,0.5)"></path></svg><div class="_jsPlumb_endpoint source-endpoint dependency-source-endpoint connected _jsPlumb_endpoint_anchor_ ui-draggable ui-droppable _jsPlumb_endpoint_connected" style="position: absolute; height: 20px; width: 20px; left: 522px; top: 305px;"><svg style="position:absolute;left:0px;top:0px" width="20" height="20" pointer-events="all" position="absolute" version="1.1"
      xmlns="http://www.w3.org/1999/xhtml"><circle cx="10" cy="10" r="10" version="1.1"
      xmlns="http://www.w3.org/1999/xhtml" fill="#666" stroke="none" style=""></circle></svg></div><div class="_jsPlumb_endpoint source-endpoint dependency-source-endpoint connected _jsPlumb_endpoint_anchor_ ui-draggable ui-droppable" style="position: absolute; height: 20px; width: 20px; left: 531px; top: 433px;"><svg style="position:absolute;left:0px;top:0px" width="20" height="20" pointer-events="all" position="absolute" version="1.1"
      xmlns="http://www.w3.org/1999/xhtml"><circle cx="10" cy="10" r="10" version="1.1"
      xmlns="http://www.w3.org/1999/xhtml" fill="#666" stroke="none" style=""></circle></svg></div><div class="_jsPlumb_endpoint target-endpoint dependency-target-endpoint _jsPlumb_endpoint_anchor_ ui-draggable ui-droppable _jsPlumb_endpoint_connected" style="position: absolute; height: 20px; width: 20px; left: 531px; top: 393px;"><svg style="position:absolute;left:0px;top:0px" width="20" height="20" pointer-events="all" position="absolute" version="1.1"
      xmlns="http://www.w3.org/1999/xhtml"><circle cx="10" cy="10" r="10" version="1.1"
      xmlns="http://www.w3.org/1999/xhtml" fill="#666" stroke="none" style=""></circle></svg></div></div></div></body></html>
 ]]>
    </visualization>
  </metadata>
</job>