<?xml version="1.0" encoding="UTF-8"?>
<job
  xmlns:xsi="http://www.w3.org/2001/XMLSchema-instance"
  xmlns="urn:proactive:jobdescriptor:3.11" xsi:schemaLocation="urn:proactive:jobdescriptor:3.11 http://www.activeeon.com/public_content/schemas/proactive/jobdescriptor/3.11/schedulerjob.xsd"  name="LaBSsolver_Multiple" projectName="CLIMB treatment" priority="normal" onTaskError="continueJobExecution"  maxNumberOfExecution="2" >
  <variables>
    <variable name="LaBS_benchmark_inputs_file_path_from_dataspace" value="LaBS_benchmark_inputs.txt" />
    <variable name="single_host_exclusive" value="false" model="PA:Boolean"/>
    <variable name="LaBS_solver_dir_path" value="/home/michael/TEST/build_centos5_ompi1_4_v3.0_beta/" />
    <variable name="schemes_dir_path" value="/home/michael/TEST/build_centos5_ompi1_4_v3.0_beta/schemes/" />
    <variable name="Flexnet_host_IP_address" value="192.168.1.157" />
  </variables>
  <description>
    <![CDATA[ Submit multiple solving tasks in parallel. Each solving task performs a mpi solving work. User can specify in a dedicated file, the number of node per mpi work. ]]>
  </description>
  <genericInformation>
    <info name="group" value="public-objects"/>
    <info name="workflow.icon" value="/automation-dashboard/styles/patterns/img/wf-icons/multiple_postlabs.png"/>
  </genericInformation>
  <taskFlow>
    <task name="retrieve_LaBS_benchmark_inputs" >
      <inputFiles>
        <files  includes="$LaBS_benchmark_inputs_file_path_from_dataspace" accessMode="transferFromGlobalSpace"/>
      </inputFiles>
      <scriptExecutable>
        <script>
          <code language="groovy">
            <![CDATA[
// Retrieve the input parameters file name path
String LaBS_benchmark_inputs_file_path_from_dataspace = variables.get("LaBS_benchmark_inputs_file_path_from_dataspace");

// Retrieve input parameters of all tasks
String file_content = new File(LaBS_benchmark_inputs_file_path_from_dataspace).text; 

// 1 line of inputs per replicated task
String[] lines_array = file_content.split("\n");
result = lines_array

// Retrieve nb_inputs for replication
variables["nb_benchmarks"] = lines_array.length;
]]>
          </code>
        </script>
      </scriptExecutable>
      <controlFlow >
        <replicate>
          <script>
            <code language="groovy">
              <![CDATA[
runs=variables.get("nb_benchmarks")
]]>
            </code>
          </script>
        </replicate>
      </controlFlow>
    </task>
    <task name="generate_LaBS_workflows" >
      <depends>
        <task ref="retrieve_LaBS_benchmark_inputs"/>
      </depends>
      <inputFiles>
        <files  includes="Solve_labs_TO_BE_SUBMITTED.xml" accessMode="transferFromGlobalSpace"/>
      </inputFiles>
      <scriptExecutable>
        <script>
          <code language="groovy">
            <![CDATA[
// Retrieve the replication number
def replication_id = variables.get('PA_TASK_REPLICATION');

// Retrieve the inputs parameters
def single_host_exclusive = Boolean.parseBoolean(variables.get('single_host_exclusive'));

// Retrieve the LaBS inputs parameters
def LaBS_benchmark_inputs = results[0].value()[replication_id].split(",");
def nb_cores = LaBS_benchmark_inputs[0]
def problem_file_path = LaBS_benchmark_inputs[1]

// Retrieve the ready-to-fill workflow xml
def LaBS_content = new File("Solve_labs_TO_BE_SUBMITTED.xml").text;

// Set variables
LaBS_content = LaBS_content.replaceAll("NB_CORES_TO_SET", nb_cores);
LaBS_content = LaBS_content.replaceAll("PROBLEM_FILE_PATH_TO_SET", problem_file_path);
LaBS_content = LaBS_content.replaceAll("REPLICATION_ID_TO_SET", replication_id+"");
LaBS_content = LaBS_content.replaceAll("LABS_SOLVER_DIR_PATH_TO_SET", variables.get('LaBS_solver_dir_path'));
LaBS_content = LaBS_content.replaceAll("SCHEMES_DIR_PATH_TO_SET", variables.get('schemes_dir_path'));
LaBS_content = LaBS_content.replaceAll("FLEXNET_HOST_IP_ADDRESS_TO_SET", variables.get('Flexnet_host_IP_address'));

if(nb_cores.equals("1"))
	LaBS_content = LaBS_content.replaceAll("PARALLEL_SECTION_TO_SET", "");
else if(!single_host_exclusive)
	LaBS_content = LaBS_content.replaceAll("PARALLEL_SECTION_TO_SET", "<parallel numberOfNodes=\"" + nb_cores + "\"></parallel>");
else
	LaBS_content = LaBS_content.replaceAll("PARALLEL_SECTION_TO_SET", "<parallel numberOfNodes=\"" + nb_cores + "\"><topology><singleHostExclusive/></topology></parallel>");

// Create a new file from the updated content
new File("LaBS_" + replication_id + ".xml").withWriter{ it << LaBS_content }
]]>
          </code>
        </script>
      </scriptExecutable>
      <controlFlow block="none"></controlFlow>
      <outputFiles>
        <files  includes="LaBS_$PA_TASK_REPLICATION.xml" accessMode="transferToGlobalSpace"/>
      </outputFiles>
    </task>
    <task name="submitting_LaBS_workflows" >
      <depends>
        <task ref="generate_LaBS_workflows"/>
      </depends>
      <scriptExecutable>
        <script>
          <code language="bash">
            <![CDATA[
echo "Submitting LaBS workflows"
]]>
          </code>
        </script>
      </scriptExecutable>
      <controlFlow >
        <replicate>
          <script>
            <code language="groovy">
              <![CDATA[
runs=variables.get("nb_benchmarks")
]]>
            </code>
          </script>
        </replicate>
      </controlFlow>
    </task>
    <task name="submit_LaBS_workflows" >
      <depends>
        <task ref="submitting_LaBS_workflows"/>
      </depends>
      <inputFiles>
        <files  includes="LaBS_$PA_TASK_REPLICATION.xml" accessMode="transferFromGlobalSpace"/>
      </inputFiles>
      <scriptExecutable>
        <script>
          <code language="groovy">
            <![CDATA[
import org.ow2.proactive.scheduler.common.job.*
import org.ow2.proactive.scheduler.common.task.*
import org.ow2.proactive.scripting.*

def replication_id = variables.get('PA_TASK_REPLICATION')
def solve_labs_file_name = "LaBS_" + replication_id + ".xml"
def solve_labs_file = new File(solve_labs_file_name)

schedulerapi.connect()
def generic_infos_map = ["PARENT_JOB_ID" : variables.get("PA_JOB_ID")]
def job_id = schedulerapi.submit(solve_labs_file, null, generic_infos_map)
def job_result = schedulerapi.waitForJob(job_id.toString(), 120000)
]]>
          </code>
        </script>
      </scriptExecutable>
      <controlFlow block="none"></controlFlow>
    </task>
    <task name="end_deployment" >
      <depends>
        <task ref="submit_LaBS_workflows"/>
      </depends>
      <scriptExecutable>
        <script>
          <code language="javascript">
            <![CDATA[
var myObject={};
myObject.id="multiLaBSsolver";
myObject.status="TERMINATED";
myObject.endpoint=""
result = JSON.stringify(myObject);
]]>
          </code>
        </script>
      </scriptExecutable>
      <controlFlow block="none"></controlFlow>
    </task>
  </taskFlow>
  <metadata>
    <visualization>
      <![CDATA[ <html><head><link rel="stylesheet" href="/studio/styles/studio-standalone.css"><style>
        #workflow-designer {
            left:0 !important;
            top:0 !important;
            width:1122px;
            height:646px;
            }
        </style></head><body><div id="workflow-visualization-view"><div id="workflow-visualization" style="position:relative;top:-78px;left:-510px"><div class="task ui-draggable _jsPlumb_endpoint_anchor_" id="jsPlumb_1_4489" style="top: 83px; left: 515px;"><a class="task-name"><img src="/studio/images/Groovy.png" width="20px">&nbsp;<span class="name">retrieve_LaBS_benchmark_inputs</span></a></div><div class="task ui-draggable _jsPlumb_endpoint_anchor_" id="jsPlumb_1_4492" style="top: 211px; left: 515px;"><a class="task-name"><img src="/studio/images/Groovy.png" width="20px">&nbsp;<span class="name">generate_LaBS_workflows</span></a></div><div class="task ui-draggable _jsPlumb_endpoint_anchor_" id="jsPlumb_1_4495" style="top: 339px; left: 515px;"><a class="task-name"><img src="/studio/images/LinuxBash.png" width="20px">&nbsp;<span class="name">submitting_LaBS_workflows</span></a></div><div class="task ui-draggable _jsPlumb_endpoint_anchor_" id="jsPlumb_1_4498" style="top: 467px; left: 515px;"><a class="task-name"><img src="/studio/images/Groovy.png" width="20px">&nbsp;<span class="name">submit_LaBS_workflows</span></a></div><div class="task ui-draggable _jsPlumb_endpoint_anchor_" id="jsPlumb_1_4501" style="top: 595px; left: 515px;"><a class="task-name"><img src="/studio/images/Javascript.png" width="20px">&nbsp;<span class="name">end_deployment</span></a></div><svg style="position:absolute;left:627.7px;top:112.5px" width="46.59999999999991" height="99" pointer-events="none" position="absolute" version="1.1"
      xmlns="http://www.w3.org/1999/xhtml" class="_jsPlumb_connector "><path d="M 0 88 C -10 88 35.59999999999991 -10 25.59999999999991 0 " transform="translate(10.5,10.5)" pointer-events="visibleStroke" version="1.1"
      xmlns="http://www.w3.org/1999/xhtml" fill="none" stroke="#e5db3d" style=""></path><path pointer-events="all" version="1.1"
      xmlns="http://www.w3.org/1999/xhtml" d="M0.026056799999988695,76.942366 L12.527945844493788,59.83380760605092 L4.088173080292312,63.54463442613333 L-0.8697857293728877,55.77169132575859 L0.026056799999988695,76.942366" class="" stroke="rgba(229,219,61,0.5)" fill="rgba(229,219,61,0.5)" transform="translate(10.5,10.5)"></path><path pointer-events="all" version="1.1"
      xmlns="http://www.w3.org/1999/xhtml" d="M0.026056799999988695,76.942366 L12.527945844493788,59.83380760605092 L4.088173080292312,63.54463442613333 L-0.8697857293728877,55.77169132575859 L0.026056799999988695,76.942366" class="" stroke="rgba(229,219,61,0.5)" fill="rgba(229,219,61,0.5)" transform="translate(10.5,10.5)"></path></svg><div class="_jsPlumb_overlay l1 component label" id="jsPlumb_1_4509" style="position: absolute; transform: translate(-50%, -50%); left: 650.5px; top: 162.75px;">replicate</div><svg style="position:absolute;left:581.5px;top:122.5px" width="37" height="89" pointer-events="none" position="absolute" version="1.1"
      xmlns="http://www.w3.org/1999/xhtml" class="_jsPlumb_connector "><path d="M 0 88 C -10 38 26 50 16 0 " transform="translate(10.5,0.5)" pointer-events="visibleStroke" version="1.1"
      xmlns="http://www.w3.org/1999/xhtml" fill="none" stroke="#666" style=""></path><path pointer-events="all" version="1.1"
      xmlns="http://www.w3.org/1999/xhtml" d="M-1.4653440000000006,66.303232 L10.047269700939381,48.51391706735172 L1.8312684117227083,52.69689720304326 L-3.559065096017358,45.217304655629015 L-1.4653440000000006,66.303232" class="" stroke="#666" fill="#666" transform="translate(10.5,0.5)"></path><path pointer-events="all" version="1.1"
      xmlns="http://www.w3.org/1999/xhtml" d="M-1.4653440000000006,66.303232 L10.047269700939381,48.51391706735172 L1.8312684117227083,52.69689720304326 L-3.559065096017358,45.217304655629015 L-1.4653440000000006,66.303232" class="" stroke="#666" fill="#666" transform="translate(10.5,0.5)"></path></svg><svg style="position:absolute;left:581.5px;top:250.5px" width="24" height="89" pointer-events="none" position="absolute" version="1.1"
      xmlns="http://www.w3.org/1999/xhtml" class="_jsPlumb_connector "><path d="M 3 88 C 13 38 -10 50 0 0 " transform="translate(10.5,0.5)" pointer-events="visibleStroke" version="1.1"
      xmlns="http://www.w3.org/1999/xhtml" fill="none" stroke="#666" style=""></path><path pointer-events="all" version="1.1"
      xmlns="http://www.w3.org/1999/xhtml" d="M5.571843749999999,66.78168750000002 L11.211873765446198,46.35645649947359 L4.630943452167807,52.813340903872785 L-2.7564728306810355,47.297356797305774 L5.571843749999999,66.78168750000002" class="" stroke="#666" fill="#666" transform="translate(10.5,0.5)"></path><path pointer-events="all" version="1.1"
      xmlns="http://www.w3.org/1999/xhtml" d="M5.571843749999999,66.78168750000002 L11.211873765446198,46.35645649947359 L4.630943452167807,52.813340903872785 L-2.7564728306810355,47.297356797305774 L5.571843749999999,66.78168750000002" class="" stroke="#666" fill="#666" transform="translate(10.5,0.5)"></path></svg><svg style="position:absolute;left:619.7px;top:368.5px" width="33.799999999999955" height="99" pointer-events="none" position="absolute" version="1.1"
      xmlns="http://www.w3.org/1999/xhtml" class="_jsPlumb_connector "><path d="M 0 88 C -10 88 22.799999999999955 -10 12.799999999999955 0 " transform="translate(10.5,10.5)" pointer-events="visibleStroke" version="1.1"
      xmlns="http://www.w3.org/1999/xhtml" fill="none" stroke="#e5db3d" style=""></path><path pointer-events="all" version="1.1"
      xmlns="http://www.w3.org/1999/xhtml" d="M-1.4914447000000053,77.41936575 L8.730500467104562,58.85833568696989 L0.8318597557067375,63.613488146381556 L-5.075377136513878,56.53503123126314 L-1.4914447000000053,77.41936575" class="" stroke="rgba(229,219,61,0.5)" fill="rgba(229,219,61,0.5)" transform="translate(10.5,10.5)"></path><path pointer-events="all" version="1.1"
      xmlns="http://www.w3.org/1999/xhtml" d="M-1.4914447000000053,77.41936575 L8.730500467104562,58.85833568696989 L0.8318597557067375,63.613488146381556 L-5.075377136513878,56.53503123126314 L-1.4914447000000053,77.41936575" class="" stroke="rgba(229,219,61,0.5)" fill="rgba(229,219,61,0.5)" transform="translate(10.5,10.5)"></path></svg><div class="_jsPlumb_overlay l1 component label" id="jsPlumb_1_4521" style="position: absolute; transform: translate(-50%, -50%); left: 636.1px; top: 418.75px;">replicate</div><svg style="position:absolute;left:576.5px;top:378.5px" width="29" height="89" pointer-events="none" position="absolute" version="1.1"
      xmlns="http://www.w3.org/1999/xhtml" class="_jsPlumb_connector "><path d="M 0 88 C -10 38 18 50 8 0 " transform="translate(10.5,0.5)" pointer-events="visibleStroke" version="1.1"
      xmlns="http://www.w3.org/1999/xhtml" fill="none" stroke="#666" style=""></path><path pointer-events="all" version="1.1"
      xmlns="http://www.w3.org/1999/xhtml" d="M-2.149632,66.303232 L7.49984351657956,47.438247975227235 L-0.24966605297428535,52.43275510120006 L-6.370633382220376,45.538282028201515 L-2.149632,66.303232" class="" stroke="#666" fill="#666" transform="translate(10.5,0.5)"></path><path pointer-events="all" version="1.1"
      xmlns="http://www.w3.org/1999/xhtml" d="M-2.149632,66.303232 L7.49984351657956,47.438247975227235 L-0.24966605297428535,52.43275510120006 L-6.370633382220376,45.538282028201515 L-2.149632,66.303232" class="" stroke="#666" fill="#666" transform="translate(10.5,0.5)"></path></svg><svg style="position:absolute;left:559px;top:506.5px" width="38.5" height="89" pointer-events="none" position="absolute" version="1.1"
      xmlns="http://www.w3.org/1999/xhtml" class="_jsPlumb_connector "><path d="M 0 88 C -10 38 27.5 50 17.5 0 " transform="translate(10.5,0.5)" pointer-events="visibleStroke" version="1.1"
      xmlns="http://www.w3.org/1999/xhtml" fill="none" stroke="#666" style=""></path><path pointer-events="all" version="1.1"
      xmlns="http://www.w3.org/1999/xhtml" d="M-1.337040000000001,66.303232 L10.503812700999084,48.730690712148586 L2.2115785079516805,52.76043662072092 L-3.0389826782799956,45.1820722041969 L-1.337040000000001,66.303232" class="" stroke="#666" fill="#666" transform="translate(10.5,0.5)"></path><path pointer-events="all" version="1.1"
      xmlns="http://www.w3.org/1999/xhtml" d="M-1.337040000000001,66.303232 L10.503812700999084,48.730690712148586 L2.2115785079516805,52.76043662072092 L-3.0389826782799956,45.1820722041969 L-1.337040000000001,66.303232" class="" stroke="#666" fill="#666" transform="translate(10.5,0.5)"></path></svg><div class="_jsPlumb_endpoint source-endpoint dependency-source-endpoint connected _jsPlumb_endpoint_anchor_ ui-draggable ui-droppable _jsPlumb_endpoint_connected" style="position: absolute; height: 20px; width: 20px; left: 598px; top: 113px;"><svg style="position:absolute;left:0px;top:0px" width="20" height="20" pointer-events="all" position="absolute" version="1.1"
      xmlns="http://www.w3.org/1999/xhtml"><circle cx="10" cy="10" r="10" version="1.1"
      xmlns="http://www.w3.org/1999/xhtml" fill="#666" stroke="none" style=""></circle></svg></div><div class="_jsPlumb_endpoint source-endpoint replicate-source-endpoint _jsPlumb_endpoint_anchor_ ui-draggable ui-droppable _jsPlumb_endpoint_connected _jsPlumb_endpoint_full" style="position: absolute; height: 20px; width: 20px; left: 653.8px; top: 113px;"><svg style="position:absolute;left:0px;top:0px" width="20" height="20" pointer-events="all" position="absolute" version="1.1"
      xmlns="http://www.w3.org/1999/xhtml"><circle cx="10" cy="10" r="10" version="1.1"
      xmlns="http://www.w3.org/1999/xhtml" fill="#e5db3d" stroke="none" style=""></circle></svg></div><div class="_jsPlumb_endpoint source-endpoint dependency-source-endpoint connected _jsPlumb_endpoint_anchor_ ui-draggable ui-droppable _jsPlumb_endpoint_connected" style="position: absolute; height: 20px; width: 20px; left: 582px; top: 241px;"><svg style="position:absolute;left:0px;top:0px" width="20" height="20" pointer-events="all" position="absolute" version="1.1"
      xmlns="http://www.w3.org/1999/xhtml"><circle cx="10" cy="10" r="10" version="1.1"
      xmlns="http://www.w3.org/1999/xhtml" fill="#666" stroke="none" style=""></circle></svg></div><div class="_jsPlumb_endpoint target-endpoint replicate-target-endpoint _jsPlumb_endpoint_anchor_ ui-draggable ui-droppable _jsPlumb_endpoint_connected _jsPlumb_endpoint_full" style="position: absolute; height: 20px; width: 20px; left: 628.2px; top: 201px;"><svg style="position:absolute;left:0px;top:0px" width="20" height="20" pointer-events="all" position="absolute" version="1.1"
      xmlns="http://www.w3.org/1999/xhtml"><circle cx="10" cy="10" r="10" version="1.1"
      xmlns="http://www.w3.org/1999/xhtml" fill="#e5db3d" stroke="none" style=""></circle></svg></div><div class="_jsPlumb_endpoint target-endpoint dependency-target-endpoint _jsPlumb_endpoint_anchor_ ui-draggable ui-droppable _jsPlumb_endpoint_connected" style="position: absolute; height: 20px; width: 20px; left: 582px; top: 201px;"><svg style="position:absolute;left:0px;top:0px" width="20" height="20" pointer-events="all" position="absolute" version="1.1"
      xmlns="http://www.w3.org/1999/xhtml"><circle cx="10" cy="10" r="10" version="1.1"
      xmlns="http://www.w3.org/1999/xhtml" fill="#666" stroke="none" style=""></circle></svg></div><div class="_jsPlumb_endpoint source-endpoint dependency-source-endpoint connected _jsPlumb_endpoint_anchor_ ui-draggable ui-droppable _jsPlumb_endpoint_connected" style="position: absolute; height: 20px; width: 20px; left: 585px; top: 369px;"><svg style="position:absolute;left:0px;top:0px" width="20" height="20" pointer-events="all" position="absolute" version="1.1"
      xmlns="http://www.w3.org/1999/xhtml"><circle cx="10" cy="10" r="10" version="1.1"
      xmlns="http://www.w3.org/1999/xhtml" fill="#666" stroke="none" style=""></circle></svg></div><div class="_jsPlumb_endpoint target-endpoint dependency-target-endpoint _jsPlumb_endpoint_anchor_ ui-draggable ui-droppable _jsPlumb_endpoint_connected" style="position: absolute; height: 20px; width: 20px; left: 585px; top: 329px;"><svg style="position:absolute;left:0px;top:0px" width="20" height="20" pointer-events="all" position="absolute" version="1.1"
      xmlns="http://www.w3.org/1999/xhtml"><circle cx="10" cy="10" r="10" version="1.1"
      xmlns="http://www.w3.org/1999/xhtml" fill="#666" stroke="none" style=""></circle></svg></div><div class="_jsPlumb_endpoint source-endpoint replicate-source-endpoint _jsPlumb_endpoint_anchor_ ui-draggable ui-droppable _jsPlumb_endpoint_connected _jsPlumb_endpoint_full" style="position: absolute; height: 20px; width: 20px; left: 633px; top: 369px;"><svg style="position:absolute;left:0px;top:0px" width="20" height="20" pointer-events="all" position="absolute" version="1.1"
      xmlns="http://www.w3.org/1999/xhtml"><circle cx="10" cy="10" r="10" version="1.1"
      xmlns="http://www.w3.org/1999/xhtml" fill="#e5db3d" stroke="none" style=""></circle></svg></div><div class="_jsPlumb_endpoint source-endpoint dependency-source-endpoint connected _jsPlumb_endpoint_anchor_ ui-draggable ui-droppable _jsPlumb_endpoint_connected" style="position: absolute; height: 20px; width: 20px; left: 577px; top: 497px;"><svg style="position:absolute;left:0px;top:0px" width="20" height="20" pointer-events="all" position="absolute" version="1.1"
      xmlns="http://www.w3.org/1999/xhtml"><circle cx="10" cy="10" r="10" version="1.1"
      xmlns="http://www.w3.org/1999/xhtml" fill="#666" stroke="none" style=""></circle></svg></div><div class="_jsPlumb_endpoint target-endpoint replicate-target-endpoint _jsPlumb_endpoint_anchor_ ui-draggable ui-droppable _jsPlumb_endpoint_connected _jsPlumb_endpoint_full" style="position: absolute; height: 20px; width: 20px; left: 620.2px; top: 457px;"><svg style="position:absolute;left:0px;top:0px" width="20" height="20" pointer-events="all" position="absolute" version="1.1"
      xmlns="http://www.w3.org/1999/xhtml"><circle cx="10" cy="10" r="10" version="1.1"
      xmlns="http://www.w3.org/1999/xhtml" fill="#e5db3d" stroke="none" style=""></circle></svg></div><div class="_jsPlumb_endpoint target-endpoint dependency-target-endpoint _jsPlumb_endpoint_anchor_ ui-draggable ui-droppable _jsPlumb_endpoint_connected" style="position: absolute; height: 20px; width: 20px; left: 577px; top: 457px;"><svg style="position:absolute;left:0px;top:0px" width="20" height="20" pointer-events="all" position="absolute" version="1.1"
      xmlns="http://www.w3.org/1999/xhtml"><circle cx="10" cy="10" r="10" version="1.1"
      xmlns="http://www.w3.org/1999/xhtml" fill="#666" stroke="none" style=""></circle></svg></div><div class="_jsPlumb_endpoint source-endpoint dependency-source-endpoint connected _jsPlumb_endpoint_anchor_ ui-draggable ui-droppable" style="position: absolute; height: 20px; width: 20px; left: 559.5px; top: 625px;"><svg style="position:absolute;left:0px;top:0px" width="20" height="20" pointer-events="all" position="absolute" version="1.1"
      xmlns="http://www.w3.org/1999/xhtml"><circle cx="10" cy="10" r="10" version="1.1"
      xmlns="http://www.w3.org/1999/xhtml" fill="#666" stroke="none" style=""></circle></svg></div><div class="_jsPlumb_endpoint target-endpoint dependency-target-endpoint _jsPlumb_endpoint_anchor_ ui-draggable ui-droppable _jsPlumb_endpoint_connected" style="position: absolute; height: 20px; width: 20px; left: 559.5px; top: 585px;"><svg style="position:absolute;left:0px;top:0px" width="20" height="20" pointer-events="all" position="absolute" version="1.1"
      xmlns="http://www.w3.org/1999/xhtml"><circle cx="10" cy="10" r="10" version="1.1"
      xmlns="http://www.w3.org/1999/xhtml" fill="#666" stroke="none" style=""></circle></svg></div></div></div></body></html>
 ]]>
    </visualization>
  </metadata>
</job>