<?xml version="1.0" encoding="UTF-8"?>
<job
  xmlns:xsi="http://www.w3.org/2001/XMLSchema-instance"
  xmlns="urn:proactive:jobdescriptor:3.11" xsi:schemaLocation="urn:proactive:jobdescriptor:3.11 http://www.activeeon.com/public_content/schemas/proactive/jobdescriptor/3.11/schedulerjob.xsd"  name="LaBSGUI_Start" projectName="CLIMB pre-treatment" priority="normal" onTaskError="continueJobExecution"  maxNumberOfExecution="2" >
  <variables>
    <variable name="LaBSGUI_dir_path_from_dataspace" value="LaBSGUI_V3.0.beta_linux_x86_64" />
    <variable name="node_source_name" value="LocalNodes" />
  </variables>
  <description>
    <![CDATA[ Start LaBSGUI on a remote machine and start a VNC server for remote display and control. ]]>
  </description>
  <genericInformation>
    <info name="group" value="public-objects"/>
    <info name="pca.service.id" value="LABSGUI"/>
    <info name="pca.states" value="(VOID,LaBSGUI_STARTED)"/>
    <info name="workflow.icon" value="/automation-dashboard/styles/patterns/img/wf-icons/labsgui.png"/>
  </genericInformation>
  <taskFlow>
    <task name="submit_start_LaBSGUI" >
      <inputFiles>
        <files  includes="Start_LaBSGUI_TO_BE_SUBMITTED.xml" accessMode="transferFromGlobalSpace"/>
      </inputFiles>
      <scriptExecutable>
        <script>
          <code language="groovy">
            <![CDATA[
import org.ow2.proactive.scheduler.common.job.*
import org.ow2.proactive.scheduler.common.task.*
import org.ow2.proactive.scripting.*

// Retrieve some paramters
def LaBSGUI_dir_path_from_dataspace = variables.get("LaBSGUI_dir_path_from_dataspace")
def node_source_name = variables.get("node_source_name")

// Submit the Start_LaBSGUI_TO_BE_SUBMITTED job
def generic_infos_map = ["PARENT_JOB_ID" : variables.get("PA_JOB_ID")]
def parameters = new HashMap()
parameters.put("LaBSGUI_dir_path_from_dataspace", LaBSGUI_dir_path_from_dataspace)
parameters.put("node_source_name", node_source_name)
schedulerapi.connect()
def Start_LaBSGUI_TO_BE_SUBMITTED_file = new File(localspace, "Start_LaBSGUI_TO_BE_SUBMITTED.xml")
def jobid = schedulerapi.submit(Start_LaBSGUI_TO_BE_SUBMITTED_file, parameters, generic_infos_map)

// Retrieve and store the LaBSGUI url
def taskResult = schedulerapi.waitForTask(jobid.toString(), "generate_LaBSGUI_url", 120000)
def LaBSGUI_url = taskResult.getOutput().getAllLogs(false)
variables.put("LaBSGUI_url", LaBSGUI_url)
]]>
          </code>
        </script>
      </scriptExecutable>
    </task>
    <task name="update_service_instance" >
      <depends>
        <task ref="submit_start_LaBSGUI"/>
      </depends>
      <scriptExecutable>
        <script>
          <code language="groovy">
            <![CDATA[
import org.ow2.proactive.pca.service.client.ApiClient
import org.ow2.proactive.pca.service.client.api.ServiceInstanceRestApi
import org.ow2.proactive.pca.service.client.model.ServiceInstanceData

// Retrieve variables
def service_instance_id = variables.get("PCA_INSTANCE_ID") as Long
def LaBSGUI_url = variables.get("LaBSGUI_url")

// Define other variables
def pca_url = variables.get('PA_CLOUD_AUTOMATION_REST_URL')

// Get schedulerapi access and acquire session id
schedulerapi.connect()
def sessionId = schedulerapi.getSession()

// Connect to APIs
def api_client = new ApiClient()
api_client.setBasePath(pca_url)
def service_instance_rest_api = new ServiceInstanceRestApi(api_client)

//Update endpoints
def endpointsMap = [:]
endpointsMap.put("LaBSGUI_url", LaBSGUI_url)
service_instance_rest_api.createNewInstanceEndpointsUsingPUT(sessionId, service_instance_id, endpointsMap)

// Update the related service instance status
def service_instance_data = service_instance_rest_api.getServiceInstanceUsingGET(sessionId, service_instance_id)
service_instance_data.setInstanceStatus("LaBSGUI_STARTED")
service_instance_rest_api.updateServiceInstanceUsingPUT(sessionId, service_instance_id, service_instance_data)
]]>
          </code>
        </script>
      </scriptExecutable>
    </task>
  </taskFlow>
  <metadata>
    <visualization>
      <![CDATA[ <html><head><link rel="stylesheet" href="/studio/styles/studio-standalone.css"><style>
        #workflow-designer {
            left:0 !important;
            top:0 !important;
            width:1139px;
            height:566px;
            }
        </style></head><body><div id="workflow-visualization-view"><div id="workflow-visualization" style="position:relative;top:-269.9875030517578px;left:-463px"><div class="task _jsPlumb_endpoint_anchor_ ui-draggable" id="jsPlumb_1_4339" style="top: 275px; left: 468px;"><a class="task-name"><img src="/studio/images/Groovy.png" width="20px">&nbsp;<span class="name">submit_start_LaBSGUI</span></a></div><div class="task ui-draggable _jsPlumb_endpoint_anchor_" id="jsPlumb_1_4342" style="top: 403px; left: 468px;"><a class="task-name"><img src="/studio/images/Groovy.png" width="20px">&nbsp;<span class="name">update_service_instance</span></a></div><svg style="position:absolute;left:526.5px;top:314.5px" width="25" height="89" pointer-events="none" position="absolute" version="1.1"
      xmlns="http://www.w3.org/1999/xhtml" class="_jsPlumb_connector "><path d="M 4 88 C 14 38 -10 50 0 0 " transform="translate(10.5,0.5)" pointer-events="visibleStroke" version="1.1"
      xmlns="http://www.w3.org/1999/xhtml" fill="none" stroke="#666" style=""></path><path pointer-events="all" version="1.1"
      xmlns="http://www.w3.org/1999/xhtml" d="M6.4906875,66.78168750000002 L11.866605249283193,46.285358356640174 L5.369566595211646,52.82664941632405 L-2.0884328343927736,47.40647926142853 L6.4906875,66.78168750000002" class="" stroke="#666" fill="#666" transform="translate(10.5,0.5)"></path><path pointer-events="all" version="1.1"
      xmlns="http://www.w3.org/1999/xhtml" d="M6.4906875,66.78168750000002 L11.866605249283193,46.285358356640174 L5.369566595211646,52.82664941632405 L-2.0884328343927736,47.40647926142853 L6.4906875,66.78168750000002" class="" stroke="#666" fill="#666" transform="translate(10.5,0.5)"></path></svg><div class="_jsPlumb_endpoint source-endpoint dependency-source-endpoint connected _jsPlumb_endpoint_anchor_ ui-draggable ui-droppable _jsPlumb_endpoint_connected" style="position: absolute; height: 20px; width: 20px; left: 527px; top: 305px;"><svg style="position:absolute;left:0px;top:0px" width="20" height="20" pointer-events="all" position="absolute" version="1.1"
      xmlns="http://www.w3.org/1999/xhtml"><circle cx="10" cy="10" r="10" version="1.1"
      xmlns="http://www.w3.org/1999/xhtml" fill="#666" stroke="none" style=""></circle></svg></div><div class="_jsPlumb_endpoint source-endpoint dependency-source-endpoint connected _jsPlumb_endpoint_anchor_ ui-draggable ui-droppable" style="position: absolute; height: 20px; width: 20px; left: 531px; top: 433px;"><svg style="position:absolute;left:0px;top:0px" width="20" height="20" pointer-events="all" position="absolute" version="1.1"
      xmlns="http://www.w3.org/1999/xhtml"><circle cx="10" cy="10" r="10" version="1.1"
      xmlns="http://www.w3.org/1999/xhtml" fill="#666" stroke="none" style=""></circle></svg></div><div class="_jsPlumb_endpoint target-endpoint dependency-target-endpoint _jsPlumb_endpoint_anchor_ ui-draggable ui-droppable _jsPlumb_endpoint_connected" style="position: absolute; height: 20px; width: 20px; left: 531px; top: 393px;"><svg style="position:absolute;left:0px;top:0px" width="20" height="20" pointer-events="all" position="absolute" version="1.1"
      xmlns="http://www.w3.org/1999/xhtml"><circle cx="10" cy="10" r="10" version="1.1"
      xmlns="http://www.w3.org/1999/xhtml" fill="#666" stroke="none" style=""></circle></svg></div></div></div></body></html>
 ]]>
    </visualization>
  </metadata>
</job>