<?xml version="1.0" encoding="UTF-8"?>
<job
  xmlns:xsi="http://www.w3.org/2001/XMLSchema-instance"
  xmlns="urn:proactive:jobdescriptor:3.11" xsi:schemaLocation="urn:proactive:jobdescriptor:3.11 http://www.activeeon.com/public_content/schemas/proactive/jobdescriptor/3.11/schedulerjob.xsd"  name="Paraview_Server_Start" projectName="CLIMB post-treatment" priority="normal" onTaskError="continueJobExecution"  maxNumberOfExecution="2" >
  <variables>
    <variable name="Paraview_dir_path_from_dataspace" value="ParaView-5.2.0-Qt4-OpenGL2-MPI-Linux-64bit" />
    <variable name="Paraview_server_IP_address" value="192.168.1.157" />
  </variables>
  <description>
    <![CDATA[ Start a Paraview server on a dedicated remote machine. ]]>
  </description>
  <genericInformation>
    <info name="group" value="public-objects"/>
    <info name="pca.service.id" value="Paraview_server"/>
    <info name="pca.states" value="(VOID,PARAVIEW_SERVER_STARTED)"/>
    <info name="workflow.icon" value="/automation-dashboard/styles/patterns/img/wf-icons/paraview_server.png"/>
  </genericInformation>
  <taskFlow>
    <task name="submit_start_Paraview_server" >
      <inputFiles>
        <files  includes="Start_Paraview_server_TO_BE_SUBMITTED.xml" accessMode="transferFromGlobalSpace"/>
      </inputFiles>
      <scriptExecutable>
        <script>
          <code language="groovy">
            <![CDATA[
import org.ow2.proactive.scheduler.common.job.*
import org.ow2.proactive.scheduler.common.task.*
import org.ow2.proactive.scripting.*

// Submit the Start_Paraview job

def Paraview_server_IP_address = variables.get("Paraview_server_IP_address")
def Paraview_dir_path_from_dataspace = variables.get("Paraview_dir_path_from_dataspace")

def parameters = new HashMap()
parameters.put("Paraview_server_IP_address", Paraview_server_IP_address)
parameters.put("Paraview_dir_path_from_dataspace", Paraview_dir_path_from_dataspace)

schedulerapi.connect()
def Start_Paraview_server_TO_BE_SUBMITTED_file = new File("Start_Paraview_server_TO_BE_SUBMITTED.xml")
def generic_infos_map = ["PARENT_JOB_ID" : variables.get("PA_JOB_ID")]
schedulerapi.submit(Start_Paraview_server_TO_BE_SUBMITTED_file, parameters, generic_infos_map)
]]>
          </code>
        </script>
      </scriptExecutable>
    </task>
    <task name="update_service_instance" >
      <depends>
        <task ref="submit_start_Paraview_server"/>
      </depends>
      <scriptExecutable>
        <script>
          <code language="groovy">
            <![CDATA[
import org.ow2.proactive.pca.service.client.ApiClient
import org.ow2.proactive.pca.service.client.api.ServiceInstanceRestApi
import org.ow2.proactive.pca.service.client.model.ServiceInstanceData

// Retrieve variables
def service_instance_id = variables.get("PCA_INSTANCE_ID") as Long
def Paraview_server_IP_address = variables.get("Paraview_server_IP_address")

// Define other variables
def pca_url = variables.get('PA_CLOUD_AUTOMATION_REST_URL')

// Get schedulerapi access and acquire session id
schedulerapi.connect()
def sessionId = schedulerapi.getSession()

// Connect to APIs
def api_client = new ApiClient()
api_client.setBasePath(pca_url)
def service_instance_rest_api = new ServiceInstanceRestApi(api_client)

//Update endpoints
def endpointsMap = [:]
endpointsMap.put("Paraview_server", "cs://" + Paraview_server_IP_address + ":11111")
service_instance_rest_api.createNewInstanceEndpointsUsingPUT(sessionId, service_instance_id, endpointsMap)

// Update the related service instance status
def service_instance_data = service_instance_rest_api.getServiceInstanceUsingGET(sessionId, service_instance_id)
service_instance_data.setInstanceStatus("PARAVIEW_SERVER_STARTED")
service_instance_rest_api.updateServiceInstanceUsingPUT(sessionId, service_instance_id, service_instance_data)
]]>
          </code>
        </script>
      </scriptExecutable>
    </task>
  </taskFlow>
  <metadata>
    <visualization>
      <![CDATA[ <html><head><link rel="stylesheet" href="/studio/styles/studio-standalone.css"><style>
        #workflow-designer {
            left:0 !important;
            top:0 !important;
            width:1139px;
            height:566px;
            }
        </style></head><body><div id="workflow-visualization-view"><div id="workflow-visualization" style="position:relative;top:-269.9875030517578px;left:-469px"><div class="task _jsPlumb_endpoint_anchor_ ui-draggable" id="jsPlumb_1_4885" style="top: 275px; left: 474px;"><a class="task-name"><img src="/studio/images/Groovy.png" width="20px">&nbsp;<span class="name">submit_start_Paraview_server</span></a></div><div class="task ui-draggable _jsPlumb_endpoint_anchor_" id="jsPlumb_1_4888" style="top: 403px; left: 474px;"><a class="task-name"><img src="/studio/images/Groovy.png" width="20px">&nbsp;<span class="name">update_service_instance</span></a></div><svg style="position:absolute;left:536.5px;top:314.5px" width="32.5" height="89" pointer-events="none" position="absolute" version="1.1"
      xmlns="http://www.w3.org/1999/xhtml" class="_jsPlumb_connector "><path d="M 0 88 C -10 38 21.5 50 11.5 0 " transform="translate(10.5,0.5)" pointer-events="visibleStroke" version="1.1"
      xmlns="http://www.w3.org/1999/xhtml" fill="none" stroke="#666" style=""></path><path pointer-events="all" version="1.1"
      xmlns="http://www.w3.org/1999/xhtml" d="M-1.8502560000000003,66.303232 L8.636509085356682,47.890525570891214 L0.670565812577304,52.532049865221786 L-5.134673049421526,45.369703758313904 L-1.8502560000000003,66.303232" class="" stroke="#666" fill="#666" transform="translate(10.5,0.5)"></path><path pointer-events="all" version="1.1"
      xmlns="http://www.w3.org/1999/xhtml" d="M-1.8502560000000003,66.303232 L8.636509085356682,47.890525570891214 L0.670565812577304,52.532049865221786 L-5.134673049421526,45.369703758313904 L-1.8502560000000003,66.303232" class="" stroke="#666" fill="#666" transform="translate(10.5,0.5)"></path></svg><div class="_jsPlumb_endpoint source-endpoint dependency-source-endpoint connected _jsPlumb_endpoint_anchor_ ui-draggable ui-droppable _jsPlumb_endpoint_connected" style="position: absolute; height: 20px; width: 20px; left: 548.5px; top: 305px;"><svg style="position:absolute;left:0px;top:0px" width="20" height="20" pointer-events="all" position="absolute" version="1.1"
      xmlns="http://www.w3.org/1999/xhtml"><circle cx="10" cy="10" r="10" version="1.1"
      xmlns="http://www.w3.org/1999/xhtml" fill="#666" stroke="none" style=""></circle></svg></div><div class="_jsPlumb_endpoint source-endpoint dependency-source-endpoint connected _jsPlumb_endpoint_anchor_ ui-draggable ui-droppable" style="position: absolute; height: 20px; width: 20px; left: 537px; top: 433px;"><svg style="position:absolute;left:0px;top:0px" width="20" height="20" pointer-events="all" position="absolute" version="1.1"
      xmlns="http://www.w3.org/1999/xhtml"><circle cx="10" cy="10" r="10" version="1.1"
      xmlns="http://www.w3.org/1999/xhtml" fill="#666" stroke="none" style=""></circle></svg></div><div class="_jsPlumb_endpoint target-endpoint dependency-target-endpoint _jsPlumb_endpoint_anchor_ ui-draggable ui-droppable _jsPlumb_endpoint_connected" style="position: absolute; height: 20px; width: 20px; left: 537px; top: 393px;"><svg style="position:absolute;left:0px;top:0px" width="20" height="20" pointer-events="all" position="absolute" version="1.1"
      xmlns="http://www.w3.org/1999/xhtml"><circle cx="10" cy="10" r="10" version="1.1"
      xmlns="http://www.w3.org/1999/xhtml" fill="#666" stroke="none" style=""></circle></svg></div></div></div></body></html>
 ]]>
    </visualization>
  </metadata>
</job>