<?xml version="1.0" encoding="UTF-8"?>
<job
  xmlns:xsi="http://www.w3.org/2001/XMLSchema-instance"
  xmlns="urn:proactive:jobdescriptor:3.11" xsi:schemaLocation="urn:proactive:jobdescriptor:3.11 http://www.activeeon.com/public_content/schemas/proactive/jobdescriptor/3.11/schedulerjob.xsd"  name="Paraview_Client_Stop" projectName="CLIMB post-treatment" priority="normal" onTaskError="continueJobExecution"  maxNumberOfExecution="2" >
  <description>
    <![CDATA[ Stop a Paraview client. ]]>
  </description>
  <genericInformation>
    <info name="group" value="public-objects"/>
    <info name="pca.service.id" value="Paraview_client"/>
    <info name="pca.states" value="(PARAVIEW_CLIENT_STARTED,FINISHED)"/>
    <info name="workflow.icon" value="/automation-dashboard/styles/patterns/img/wf-icons/paraview_client.png"/>
  </genericInformation>
  <taskFlow>
    <task name="get_service_infos" >
      <scriptExecutable>
        <script>
          <code language="groovy">
            <![CDATA[
import org.ow2.proactive.pca.service.client.ApiClient
import org.ow2.proactive.pca.service.client.api.ServiceInstanceRestApi
import org.ow2.proactive.pca.service.client.model.ServiceInstanceData

// Retrieve variables
def scheduler_rest_url = variables.get("PA_SCHEDULER_REST_URL")
def service_instance_id = variables.get("PCA_INSTANCE_ID") as Long

// Define other variables
def pca_url = scheduler_rest_url.replaceAll("/rest\\z", "/cloud-automation-service")

// Connect to APIs
def api_client = new ApiClient()
api_client.setBasePath(pca_url)
def service_instance_rest_api = new ServiceInstanceRestApi(api_client)

// get the node source name and store it
def service_instance_data = service_instance_rest_api.getServiceInstanceUsingGET(service_instance_id)
def Paraview_client_IP_address = service_instance_data.getVariables().get("Paraview_client_IP_address")
variables.put("Paraview_client_IP_address", Paraview_client_IP_address)
]]>
          </code>
        </script>
      </scriptExecutable>
      <controlFlow block="none"></controlFlow>
    </task>
    <task name="stop_LaBSGUI_and_update_servince_instance" >
      <depends>
        <task ref="get_service_infos"/>
      </depends>
      <selection>
        <script>
          <code language="groovy">
            <![CDATA[
def Paraview_client_IP_address = variables.get("Paraview_client_IP_address")
if (org.ow2.proactive.scripting.helper.selection.SelectionUtils.checkIp(Paraview_client_IP_address)) {
    selected = true
} else {
    selected = false
}
]]>
          </code>
        </script>
      </selection>
      <scriptExecutable>
        <script>
          <code language="groovy">
            <![CDATA[
import org.ow2.proactive.pca.service.client.ApiClient
import org.ow2.proactive.pca.service.client.api.ServiceInstanceRestApi
import org.ow2.proactive.pca.service.client.model.ServiceInstanceData

// Retrieve variables
def scheduler_rest_url = variables.get("PA_SCHEDULER_REST_URL")
def service_instance_id = variables.get("PCA_INSTANCE_ID") as Long

// Define other variables
def pca_url = scheduler_rest_url.replaceAll("/rest\\z", "/cloud-automation-service")

// Connect to APIs
def api_client = new ApiClient()
api_client.setBasePath(pca_url)
def service_instance_rest_api = new ServiceInstanceRestApi(api_client)

// Kill the labs process
def cmd = ["pkill", "paraview"]
cmd.execute().waitForProcessOutput(System.out, System.err)

// Update the related service instance status
def service_instance_data = service_instance_rest_api.getServiceInstanceUsingGET(service_instance_id)
service_instance_data.setInstanceStatus("FINISHED")
service_instance_rest_api.updateServiceInstanceUsingPUT(service_instance_id, service_instance_data)
]]>
          </code>
        </script>
      </scriptExecutable>
      <controlFlow block="none"></controlFlow>
    </task>
  </taskFlow>
  <metadata>
    <visualization>
      <![CDATA[ <html><head><link rel="stylesheet" href="/studio/styles/studio-standalone.css"><style>
        #workflow-designer {
            left:0 !important;
            top:0 !important;
            width:1065px;
            height:632px;
            }
        </style></head><body><div id="workflow-visualization-view"><div id="workflow-visualization" style="position:relative;top:-303px;left:-352.75px"><div class="task _jsPlumb_endpoint_anchor_ ui-draggable" id="jsPlumb_1_466" style="top: 308px; left: 357.75px;"><a class="task-name"><img src="/studio/images/Groovy.png" width="20px">&nbsp;<span class="name">get_service_infos</span></a></div><div class="task ui-draggable _jsPlumb_endpoint_anchor_ active-task" id="jsPlumb_1_469" style="top: 436px; left: 357.75px;"><a class="task-name"><img src="images/Groovy.png" width="20px">&nbsp;<span class="name">stop_LaBSGUI_and_update_servince_instance</span></a></div><svg style="position:absolute;left:403.5px;top:347.5px" width="87.5" height="89" pointer-events="none" position="absolute" version="1.1"
      xmlns="http://www.w3.org/1999/xhtml" class="_jsPlumb_connector"><path d="M 66.5 88 C 76.5 38 -10 50 0 0 " transform="translate(10.5,0.5)" pointer-events="visibleStroke" version="1.1"
      xmlns="http://www.w3.org/1999/xhtml" fill="none" stroke="#666" style=""></path><path pointer-events="all" version="1.1"
      xmlns="http://www.w3.org/1999/xhtml" d="M61.820423000000005,63.55423600000001 L52.62512052844634,44.46375637122591 L51.91941699631428,53.65625236114814 L42.72713688959447,54.364762374911635 L61.820423000000005,63.55423600000001" class="" stroke="#666" fill="#666" transform="translate(10.5,0.5)"></path><path pointer-events="all" version="1.1"
      xmlns="http://www.w3.org/1999/xhtml" d="M61.820423000000005,63.55423600000001 L52.62512052844634,44.46375637122591 L51.91941699631428,53.65625236114814 L42.72713688959447,54.364762374911635 L61.820423000000005,63.55423600000001" class="" stroke="#666" fill="#666" transform="translate(10.5,0.5)"></path></svg><div class="_jsPlumb_endpoint source-endpoint dependency-source-endpoint connected _jsPlumb_endpoint_anchor_ ui-draggable ui-droppable _jsPlumb_endpoint_connected" style="position: absolute; height: 20px; width: 20px; left: 404px; top: 338px;"><svg style="position:absolute;left:0px;top:0px" width="20" height="20" pointer-events="all" position="absolute" version="1.1"
      xmlns="http://www.w3.org/1999/xhtml"><circle cx="10" cy="10" r="10" version="1.1"
      xmlns="http://www.w3.org/1999/xhtml" fill="#666" stroke="none" style=""></circle></svg></div><div class="_jsPlumb_endpoint source-endpoint dependency-source-endpoint connected _jsPlumb_endpoint_anchor_ ui-draggable ui-droppable" style="position: absolute; height: 20px; width: 20px; left: 470.5px; top: 466px;"><svg style="position:absolute;left:0px;top:0px" width="20" height="20" pointer-events="all" position="absolute" version="1.1"
      xmlns="http://www.w3.org/1999/xhtml"><circle cx="10" cy="10" r="10" version="1.1"
      xmlns="http://www.w3.org/1999/xhtml" fill="#666" stroke="none" style=""></circle></svg></div><div class="_jsPlumb_endpoint target-endpoint dependency-target-endpoint _jsPlumb_endpoint_anchor_ ui-draggable ui-droppable _jsPlumb_endpoint_connected" style="position: absolute; height: 20px; width: 20px; left: 470.5px; top: 426px;"><svg style="position:absolute;left:0px;top:0px" width="20" height="20" pointer-events="all" position="absolute" version="1.1"
      xmlns="http://www.w3.org/1999/xhtml"><circle cx="10" cy="10" r="10" version="1.1"
      xmlns="http://www.w3.org/1999/xhtml" fill="#666" stroke="none" style=""></circle></svg></div></div></div></body></html>
 ]]>
    </visualization>
  </metadata>
</job>