<?xml version="1.0" encoding="UTF-8"?>
<job
  xmlns:xsi="http://www.w3.org/2001/XMLSchema-instance"
  xmlns="urn:proactive:jobdescriptor:3.11" xsi:schemaLocation="urn:proactive:jobdescriptor:3.11 http://www.activeeon.com/public_content/schemas/proactive/jobdescriptor/3.11/schedulerjob.xsd"  name="PostLaBS_Undeploy" projectName="CLIMB deployment" priority="normal" onTaskError="continueJobExecution"  maxNumberOfExecution="2" >
  <description>
    <![CDATA[ Remove PostLaBS installations. ]]>
  </description>
  <genericInformation>
    <info name="bucketName" value="cloud-automation"/>
    <info name="group" value="public-objects"/>
    <info name="pca.service.id" value="PostLaBS_install"/>
    <info name="pca.states" value="(PostLaBS_DEPLOYED,FINISHED)"/>
    <info name="workflow.icon" value="/automation-dashboard/styles/patterns/img/wf-icons/postlabs.png"/>
  </genericInformation>
  <taskFlow>
    <task name="process_IP_addresses" >
      <inputFiles>
        <files  includes="$IP_addresses_file_path_from_dataspace" accessMode="transferFromGlobalSpace"/>
      </inputFiles>
      <scriptExecutable>
        <script>
          <code language="groovy">
            <![CDATA[
import org.ow2.proactive.pca.service.client.ApiClient
import org.ow2.proactive.pca.service.client.api.ServiceInstanceRestApi
import org.ow2.proactive.pca.service.client.model.ServiceInstanceData

// Retrieve variables
def service_instance_id = variables.get("PCA_INSTANCE_ID") as Long

// Define other variables
def pca_url = variables.get('PA_CLOUD_AUTOMATION_REST_URL')

// Get schedulerapi access and acquire session id
schedulerapi.connect()
def sessionId = schedulerapi.getSession()

// Connect to APIs
def api_client = new ApiClient()
api_client.setBasePath(pca_url)
def service_instance_rest_api = new ServiceInstanceRestApi(api_client)

// Get some service infos for the deletion
def service_instance_data = service_instance_rest_api.getServiceInstanceUsingGET(sessionId, service_instance_id)
def IP_addresses_file_path_from_dataspace = service_instance_data.getVariables().get("IP_addresses_file_path_from_dataspace")
def PostLaBS_target_dir_path = service_instance_data.getVariables().get("PostLaBS_target_dir_path")
def PostLaBS_dir_path_from_dataspace = service_instance_data.getVariables().get("PostLaBS_dir_path_from_dataspace")

// Store the LaBSGUI absolute path
variables["PostLaBS_dir_path"] = new File(PostLaBS_target_dir_path, PostLaBS_dir_path_from_dataspace).absolutePath

// Store the number of hosts
def file_content = new File(IP_addresses_file_path_from_dataspace).text
def lines_array = file_content.split("\n")
variables["nb_hosts"] = lines_array.length

// Store IP addresses and LaBS directories in variables for the replicated tasks
for (int i = 0; i < lines_array.length; i++)
{   
   variables["IP_address_"+i] = lines_array[i]
}
]]>
          </code>
        </script>
      </scriptExecutable>
      <controlFlow >
        <replicate>
          <script>
            <code language="groovy">
              <![CDATA[
runs=variables.get("nb_hosts")
]]>
            </code>
          </script>
        </replicate>
      </controlFlow>
    </task>
    <task name="undeploy_PostLaBS" >
      <depends>
        <task ref="process_IP_addresses"/>
      </depends>
      <selection>
        <script>
          <code language="groovy">
            <![CDATA[
def task_id = variables.get("PA_TASK_REPLICATION")
def host_IP_address = variables.get("IP_address_" + task_id)

if (org.ow2.proactive.scripting.helper.selection.SelectionUtils.checkIp(host_IP_address))
    selected = true
else
    selected = false
]]>
          </code>
        </script>
      </selection>
      <scriptExecutable>
        <script>
          <code language="groovy">
            <![CDATA[
def PostLaBS_dir_path = variables.get("PostLaBS_dir_path")
def cmd = ["rm", "-fr", PostLaBS_dir_path]
cmd.execute().waitForProcessOutput(System.out, System.err)
]]>
          </code>
        </script>
      </scriptExecutable>
    </task>
    <task name="update_servince_instance" >
      <depends>
        <task ref="undeploy_PostLaBS"/>
      </depends>
      <scriptExecutable>
        <script>
          <code language="groovy">
            <![CDATA[
import org.ow2.proactive.pca.service.client.ApiClient
import org.ow2.proactive.pca.service.client.api.ServiceInstanceRestApi
import org.ow2.proactive.pca.service.client.model.ServiceInstanceData

// Retrieve variables
def service_instance_id = variables.get("PCA_INSTANCE_ID") as Long

// Define other variables
def pca_url = variables.get('PA_CLOUD_AUTOMATION_REST_URL')

// Get schedulerapi access and acquire session id
schedulerapi.connect()
def sessionId = schedulerapi.getSession()

// Connect to APIs
def api_client = new ApiClient()
api_client.setBasePath(pca_url)
def service_instance_rest_api = new ServiceInstanceRestApi(api_client)

// Get some service infos for the deletion
def service_instance_data = service_instance_rest_api.getServiceInstanceUsingGET(sessionId, service_instance_id)
service_instance_data.setInstanceStatus("FINISHED")
service_instance_rest_api.updateServiceInstanceUsingPUT(sessionId, service_instance_id, service_instance_data)
]]>
          </code>
        </script>
      </scriptExecutable>
    </task>
  </taskFlow>
  <metadata>
    <visualization>
      <![CDATA[ <html><head><link rel="stylesheet" href="/studio/styles/studio-standalone.css"><style>
        #workflow-designer {
            left:0 !important;
            top:0 !important;
            width:1139px;
            height:566px;
            }
        </style></head><body><div id="workflow-visualization-view"><div id="workflow-visualization" style="position:relative;top:-205.9875030517578px;left:-460px"><div class="task ui-draggable _jsPlumb_endpoint_anchor_" id="jsPlumb_1_5071" style="top: 211px; left: 465px;"><a class="task-name"><img src="/studio/images/Groovy.png" width="20px">&nbsp;<span class="name">process_IP_addresses</span></a></div><div class="task ui-draggable _jsPlumb_endpoint_anchor_" id="jsPlumb_1_5074" style="top: 339px; left: 465px;"><a class="task-name"><img src="/studio/images/Groovy.png" width="20px">&nbsp;<span class="name">undeploy_PostLaBS</span></a></div><div class="task ui-draggable _jsPlumb_endpoint_anchor_" id="jsPlumb_1_5077" style="top: 467px; left: 465px;"><a class="task-name"><img src="/studio/images/Groovy.png" width="20px">&nbsp;<span class="name">update_servince_instance</span></a></div><svg style="position:absolute;left:554.5px;top:240.5px" width="29.799999999999955" height="99" pointer-events="none" position="absolute" version="1.1"
      xmlns="http://www.w3.org/1999/xhtml" class="_jsPlumb_connector "><path d="M 0 88 C -10 88 18.799999999999955 -10 8.799999999999955 0 " transform="translate(10.5,10.5)" pointer-events="visibleStroke" version="1.1"
      xmlns="http://www.w3.org/1999/xhtml" fill="none" stroke="#e5db3d" style=""></path><path pointer-events="all" version="1.1"
      xmlns="http://www.w3.org/1999/xhtml" d="M-1.9268237000000052,77.41936575 L7.532309193848976,58.45822641459865 L-0.16654406657376275,63.530470343519866 L-6.35658621263115,56.69794678117241 L-1.9268237000000052,77.41936575" class="" stroke="rgba(229,219,61,0.5)" fill="rgba(229,219,61,0.5)" transform="translate(10.5,10.5)"></path><path pointer-events="all" version="1.1"
      xmlns="http://www.w3.org/1999/xhtml" d="M-1.9268237000000052,77.41936575 L7.532309193848976,58.45822641459865 L-0.16654406657376275,63.530470343519866 L-6.35658621263115,56.69794678117241 L-1.9268237000000052,77.41936575" class="" stroke="rgba(229,219,61,0.5)" fill="rgba(229,219,61,0.5)" transform="translate(10.5,10.5)"></path></svg><div class="_jsPlumb_overlay l1 component label" id="jsPlumb_1_5085" style="position: absolute; transform: translate(-50%, -50%); left: 568.9px; top: 290.75px;">replicate</div><svg style="position:absolute;left:517px;top:250.5px" width="26.5" height="89" pointer-events="none" position="absolute" version="1.1"
      xmlns="http://www.w3.org/1999/xhtml" class="_jsPlumb_connector "><path d="M 0 88 C -10 38 15.5 50 5.5 0 " transform="translate(10.5,0.5)" pointer-events="visibleStroke" version="1.1"
      xmlns="http://www.w3.org/1999/xhtml" fill="none" stroke="#666" style=""></path><path pointer-events="all" version="1.1"
      xmlns="http://www.w3.org/1999/xhtml" d="M-2.3689531250000004,66.78168750000002 L6.582692573056153,47.575749894757394 L-0.9785769331471141,52.85089950918167 L-7.3480954177621935,46.18537370290451 L-2.3689531250000004,66.78168750000002" class="" stroke="#666" fill="#666" transform="translate(10.5,0.5)"></path><path pointer-events="all" version="1.1"
      xmlns="http://www.w3.org/1999/xhtml" d="M-2.3689531250000004,66.78168750000002 L6.582692573056153,47.575749894757394 L-0.9785769331471141,52.85089950918167 L-7.3480954177621935,46.18537370290451 L-2.3689531250000004,66.78168750000002" class="" stroke="#666" fill="#666" transform="translate(10.5,0.5)"></path></svg><svg style="position:absolute;left:517px;top:378.5px" width="33.5" height="89" pointer-events="none" position="absolute" version="1.1"
      xmlns="http://www.w3.org/1999/xhtml" class="_jsPlumb_connector "><path d="M 12.5 88 C 22.5 38 -10 50 0 0 " transform="translate(10.5,0.5)" pointer-events="visibleStroke" version="1.1"
      xmlns="http://www.w3.org/1999/xhtml" fill="none" stroke="#666" style=""></path><path pointer-events="all" version="1.1"
      xmlns="http://www.w3.org/1999/xhtml" d="M14.26472,66.303232 L17.28289408617318,45.32966231848053 L11.569127383829805,52.565190638595936 L3.54485272476912,48.02525493465072 L14.26472,66.303232" class="" stroke="#666" fill="#666" transform="translate(10.5,0.5)"></path><path pointer-events="all" version="1.1"
      xmlns="http://www.w3.org/1999/xhtml" d="M14.26472,66.303232 L17.28289408617318,45.32966231848053 L11.569127383829805,52.565190638595936 L3.54485272476912,48.02525493465072 L14.26472,66.303232" class="" stroke="#666" fill="#666" transform="translate(10.5,0.5)"></path></svg><div class="_jsPlumb_endpoint source-endpoint dependency-source-endpoint connected _jsPlumb_endpoint_anchor_ ui-draggable ui-droppable _jsPlumb_endpoint_connected" style="position: absolute; height: 20px; width: 20px; left: 523px; top: 241px;"><svg style="position:absolute;left:0px;top:0px" width="20" height="20" pointer-events="all" position="absolute" version="1.1"
      xmlns="http://www.w3.org/1999/xhtml"><circle cx="10" cy="10" r="10" version="1.1"
      xmlns="http://www.w3.org/1999/xhtml" fill="#666" stroke="none" style=""></circle></svg></div><div class="_jsPlumb_endpoint source-endpoint replicate-source-endpoint _jsPlumb_endpoint_anchor_ ui-draggable ui-droppable _jsPlumb_endpoint_connected _jsPlumb_endpoint_full" style="position: absolute; height: 20px; width: 20px; left: 563.8px; top: 241px;"><svg style="position:absolute;left:0px;top:0px" width="20" height="20" pointer-events="all" position="absolute" version="1.1"
      xmlns="http://www.w3.org/1999/xhtml"><circle cx="10" cy="10" r="10" version="1.1"
      xmlns="http://www.w3.org/1999/xhtml" fill="#e5db3d" stroke="none" style=""></circle></svg></div><div class="_jsPlumb_endpoint source-endpoint dependency-source-endpoint connected _jsPlumb_endpoint_anchor_ ui-draggable ui-droppable _jsPlumb_endpoint_connected" style="position: absolute; height: 20px; width: 20px; left: 517.5px; top: 369px;"><svg style="position:absolute;left:0px;top:0px" width="20" height="20" pointer-events="all" position="absolute" version="1.1"
      xmlns="http://www.w3.org/1999/xhtml"><circle cx="10" cy="10" r="10" version="1.1"
      xmlns="http://www.w3.org/1999/xhtml" fill="#666" stroke="none" style=""></circle></svg></div><div class="_jsPlumb_endpoint target-endpoint replicate-target-endpoint _jsPlumb_endpoint_anchor_ ui-draggable ui-droppable _jsPlumb_endpoint_connected _jsPlumb_endpoint_full" style="position: absolute; height: 20px; width: 20px; left: 555px; top: 329px;"><svg style="position:absolute;left:0px;top:0px" width="20" height="20" pointer-events="all" position="absolute" version="1.1"
      xmlns="http://www.w3.org/1999/xhtml"><circle cx="10" cy="10" r="10" version="1.1"
      xmlns="http://www.w3.org/1999/xhtml" fill="#e5db3d" stroke="none" style=""></circle></svg></div><div class="_jsPlumb_endpoint target-endpoint dependency-target-endpoint _jsPlumb_endpoint_anchor_ ui-draggable ui-droppable _jsPlumb_endpoint_connected" style="position: absolute; height: 20px; width: 20px; left: 517.5px; top: 329px;"><svg style="position:absolute;left:0px;top:0px" width="20" height="20" pointer-events="all" position="absolute" version="1.1"
      xmlns="http://www.w3.org/1999/xhtml"><circle cx="10" cy="10" r="10" version="1.1"
      xmlns="http://www.w3.org/1999/xhtml" fill="#666" stroke="none" style=""></circle></svg></div><div class="_jsPlumb_endpoint source-endpoint dependency-source-endpoint connected _jsPlumb_endpoint_anchor_ ui-draggable ui-droppable" style="position: absolute; height: 20px; width: 20px; left: 530px; top: 497px;"><svg style="position:absolute;left:0px;top:0px" width="20" height="20" pointer-events="all" position="absolute" version="1.1"
      xmlns="http://www.w3.org/1999/xhtml"><circle cx="10" cy="10" r="10" version="1.1"
      xmlns="http://www.w3.org/1999/xhtml" fill="#666" stroke="none" style=""></circle></svg></div><div class="_jsPlumb_endpoint target-endpoint dependency-target-endpoint _jsPlumb_endpoint_anchor_ ui-draggable ui-droppable _jsPlumb_endpoint_connected" style="position: absolute; height: 20px; width: 20px; left: 530px; top: 457px;"><svg style="position:absolute;left:0px;top:0px" width="20" height="20" pointer-events="all" position="absolute" version="1.1"
      xmlns="http://www.w3.org/1999/xhtml"><circle cx="10" cy="10" r="10" version="1.1"
      xmlns="http://www.w3.org/1999/xhtml" fill="#666" stroke="none" style=""></circle></svg></div></div></div></body></html>
 ]]>
    </visualization>
  </metadata>
</job>