<?xml version="1.0" encoding="UTF-8"?>
<job
  xmlns:xsi="http://www.w3.org/2001/XMLSchema-instance"
  xmlns="urn:proactive:jobdescriptor:3.11" xsi:schemaLocation="urn:proactive:jobdescriptor:3.11 http://www.activeeon.com/public_content/schemas/proactive/jobdescriptor/3.11/schedulerjob.xsd"  name="PostLaBS_Deploy" projectName="CLIMB deployment" priority="normal" onTaskError="continueJobExecution"  maxNumberOfExecution="2" >
  <variables>
    <variable name="IP_addresses_file_path_from_dataspace" value="Hosts_infos.txt" />
    <variable name="PostLaBS_dir_path_from_dataspace" value="PostLaBS_20170210" />
    <variable name="PostLaBS_target_dir_path" value="/home/michael/TEST" />
  </variables>
  <description>
    <![CDATA[ Deploy PostLaBS on specified remote machines. ]]>
  </description>
  <genericInformation>
    <info name="bucketName" value="cloud-automation"/>
    <info name="group" value="public-objects"/>
    <info name="pca.service.id" value="PostLaBS_install"/>
    <info name="pca.states" value="(VOID,POSTLABS_DEPLOYED)"/>
    <info name="workflow.icon" value="/automation-dashboard/styles/patterns/img/wf-icons/postlabs.png"/>
  </genericInformation>
  <taskFlow>
    <task name="process_IP_addresses" >
      <inputFiles>
        <files  includes="$IP_addresses_file_path_from_dataspace" accessMode="transferFromGlobalSpace"/>
      </inputFiles>
      <scriptExecutable>
        <script>
          <code language="groovy">
            <![CDATA[
// Retrieve the hosts IP addresses
def IP_addresses_file_path_from_dataspace = variables.get("IP_addresses_file_path_from_dataspace")
def file_content = new File(IP_addresses_file_path_from_dataspace).text

// 1 host info per replicated task
def lines_array = file_content.split("\n")
variables["nb_hosts"] = lines_array.length

// Store IP addresses and LaBS directories in variables for the replicated tasks
for (int i = 0; i < lines_array.length; i++)
{   
   variables["IP_address_"+i] = lines_array[i]
   println variables["IP_address_"+i]
}
]]>
          </code>
        </script>
      </scriptExecutable>
      <controlFlow >
        <replicate>
          <script>
            <code language="groovy">
              <![CDATA[
runs=variables.get("nb_hosts")
]]>
            </code>
          </script>
        </replicate>
      </controlFlow>
    </task>
    <task name="deploy_PostLaBS" >
      <depends>
        <task ref="process_IP_addresses"/>
      </depends>
      <inputFiles>
        <files  includes="$PostLaBS_dir_path_from_dataspace/**" accessMode="transferFromGlobalSpace"/>
      </inputFiles>
      <selection>
        <script>
          <code language="groovy">
            <![CDATA[
def task_id = variables.get("PA_TASK_REPLICATION")
def host_IP_address = variables.get("IP_address_" + task_id)

if (org.ow2.proactive.scripting.helper.selection.SelectionUtils.checkIp(host_IP_address))
    selected = true;
else
    slected = false
]]>
          </code>
        </script>
      </selection>
      <scriptExecutable>
        <script>
          <code language="groovy">
            <![CDATA[
import org.apache.commons.io.FileUtils;

def PostLaBS_dir_path_from_dataspace = variables.get("PostLaBS_dir_path_from_dataspace")
def PostLaBS_target_dir_path = variables.get("PostLaBS_target_dir_path")

def srcDir = new File(PostLaBS_dir_path_from_dataspace)
def destDir = new File(PostLaBS_target_dir_path)

FileUtils.copyDirectoryToDirectory(srcDir, destDir)
]]>
          </code>
        </script>
      </scriptExecutable>
    </task>
    <task name="update_service_instance" >
      <depends>
        <task ref="deploy_PostLaBS"/>
      </depends>
      <scriptExecutable>
        <script>
          <code language="groovy">
            <![CDATA[
import org.ow2.proactive.pca.service.client.ApiClient
import org.ow2.proactive.pca.service.client.api.ServiceInstanceRestApi
import org.ow2.proactive.pca.service.client.model.ServiceInstanceData


// Retrieve variables
def scheduler_rest_url = variables.get("PA_SCHEDULER_REST_URL")
def service_instance_id = variables.get("PCA_INSTANCE_ID") as Long
def spark_master_IP_address = variables.get("spark_master_IP_address")
def spark_UI_port = variables.get("spark_UI_port")

// Define other variables
def pca_url = scheduler_rest_url.replaceAll("/rest\\z", "/cloud-automation-service")

// Connect to APIs
def api_client = new ApiClient()
api_client.setBasePath(pca_url)
def service_instance_rest_api = new ServiceInstanceRestApi(api_client)

// Update the related service instance status
def service_instance_data = service_instance_rest_api.getServiceInstanceUsingGET(service_instance_id)
service_instance_data.setInstanceStatus("PostLaBS_DEPLOYED")
service_instance_rest_api.updateServiceInstanceUsingPUT(service_instance_id, service_instance_data)
]]>
          </code>
        </script>
      </scriptExecutable>
    </task>
  </taskFlow>
  <metadata>
    <visualization>
      <![CDATA[ <html><head><link rel="stylesheet" href="/studio/styles/studio-standalone.css"><style>
        #workflow-designer {
            left:0 !important;
            top:0 !important;
            width:1139px;
            height:566px;
            }
        </style></head><body><div id="workflow-visualization-view"><div id="workflow-visualization" style="position:relative;top:-205.9875030517578px;left:-463px"><div class="task ui-draggable _jsPlumb_endpoint_anchor_" id="jsPlumb_1_4975" style="top: 211px; left: 468px;"><a class="task-name"><img src="/studio/images/Groovy.png" width="20px">&nbsp;<span class="name">process_IP_addresses</span></a></div><div class="task ui-draggable _jsPlumb_endpoint_anchor_" id="jsPlumb_1_4978" style="top: 339px; left: 468px;"><a class="task-name"><img src="/studio/images/Groovy.png" width="20px">&nbsp;<span class="name">deploy_PostLaBS</span></a></div><div class="task ui-draggable _jsPlumb_endpoint_anchor_" id="jsPlumb_1_4981" style="top: 467px; left: 468px;"><a class="task-name"><img src="/studio/images/Groovy.png" width="20px">&nbsp;<span class="name">update_service_instance</span></a></div><svg style="position:absolute;left:548.7px;top:240.5px" width="39.39999999999998" height="99" pointer-events="none" position="absolute" version="1.1"
      xmlns="http://www.w3.org/1999/xhtml" class="_jsPlumb_connector "><path d="M 0 88 C -10 88 28.399999999999977 -10 18.399999999999977 0 " transform="translate(10.5,10.5)" pointer-events="visibleStroke" version="1.1"
      xmlns="http://www.w3.org/1999/xhtml" fill="none" stroke="#e5db3d" style=""></path><path pointer-events="all" version="1.1"
      xmlns="http://www.w3.org/1999/xhtml" d="M-0.7931448000000032,76.942366 L10.484447230321226,59.0031375328213 L2.324185664825009,63.29384041028615 L-3.1640783593926267,55.88580706799628 L-0.7931448000000032,76.942366" class="" stroke="rgba(229,219,61,0.5)" fill="rgba(229,219,61,0.5)" transform="translate(10.5,10.5)"></path><path pointer-events="all" version="1.1"
      xmlns="http://www.w3.org/1999/xhtml" d="M-0.7931448000000032,76.942366 L10.484447230321226,59.0031375328213 L2.324185664825009,63.29384041028615 L-3.1640783593926267,55.88580706799628 L-0.7931448000000032,76.942366" class="" stroke="rgba(229,219,61,0.5)" fill="rgba(229,219,61,0.5)" transform="translate(10.5,10.5)"></path></svg><div class="_jsPlumb_overlay l1 component label" id="jsPlumb_1_4989" style="position: absolute; transform: translate(-50%, -50%); left: 567.9px; top: 290.75px;">replicate</div><svg style="position:absolute;left:514.5px;top:250.5px" width="32.5" height="89" pointer-events="none" position="absolute" version="1.1"
      xmlns="http://www.w3.org/1999/xhtml" class="_jsPlumb_connector "><path d="M 0 88 C -10 38 21.5 50 11.5 0 " transform="translate(10.5,0.5)" pointer-events="visibleStroke" version="1.1"
      xmlns="http://www.w3.org/1999/xhtml" fill="none" stroke="#666" style=""></path><path pointer-events="all" version="1.1"
      xmlns="http://www.w3.org/1999/xhtml" d="M-1.8502560000000003,66.303232 L8.636509085356682,47.890525570891214 L0.670565812577304,52.532049865221786 L-5.134673049421526,45.369703758313904 L-1.8502560000000003,66.303232" class="" stroke="#666" fill="#666" transform="translate(10.5,0.5)"></path><path pointer-events="all" version="1.1"
      xmlns="http://www.w3.org/1999/xhtml" d="M-1.8502560000000003,66.303232 L8.636509085356682,47.890525570891214 L0.670565812577304,52.532049865221786 L-5.134673049421526,45.369703758313904 L-1.8502560000000003,66.303232" class="" stroke="#666" fill="#666" transform="translate(10.5,0.5)"></path></svg><svg style="position:absolute;left:514.5px;top:378.5px" width="37" height="89" pointer-events="none" position="absolute" version="1.1"
      xmlns="http://www.w3.org/1999/xhtml" class="_jsPlumb_connector "><path d="M 16 88 C 26 38 -10 50 0 0 " transform="translate(10.5,0.5)" pointer-events="visibleStroke" version="1.1"
      xmlns="http://www.w3.org/1999/xhtml" fill="none" stroke="#666" style=""></path><path pointer-events="all" version="1.1"
      xmlns="http://www.w3.org/1999/xhtml" d="M17.465343999999998,66.303232 L19.55906509601735,45.21730465562901 L14.168731588277286,52.69689720304326 L5.952730299060611,48.51391706735173 L17.465343999999998,66.303232" class="" stroke="#666" fill="#666" transform="translate(10.5,0.5)"></path><path pointer-events="all" version="1.1"
      xmlns="http://www.w3.org/1999/xhtml" d="M17.465343999999998,66.303232 L19.55906509601735,45.21730465562901 L14.168731588277286,52.69689720304326 L5.952730299060611,48.51391706735173 L17.465343999999998,66.303232" class="" stroke="#666" fill="#666" transform="translate(10.5,0.5)"></path></svg><div class="_jsPlumb_endpoint source-endpoint dependency-source-endpoint connected _jsPlumb_endpoint_anchor_ ui-draggable ui-droppable _jsPlumb_endpoint_connected" style="position: absolute; height: 20px; width: 20px; left: 526.5px; top: 241px;"><svg style="position:absolute;left:0px;top:0px" width="20" height="20" pointer-events="all" position="absolute" version="1.1"
      xmlns="http://www.w3.org/1999/xhtml"><circle cx="10" cy="10" r="10" version="1.1"
      xmlns="http://www.w3.org/1999/xhtml" fill="#666" stroke="none" style=""></circle></svg></div><div class="_jsPlumb_endpoint source-endpoint replicate-source-endpoint _jsPlumb_endpoint_anchor_ ui-draggable ui-droppable _jsPlumb_endpoint_connected _jsPlumb_endpoint_full" style="position: absolute; height: 20px; width: 20px; left: 567.6px; top: 241px;"><svg style="position:absolute;left:0px;top:0px" width="20" height="20" pointer-events="all" position="absolute" version="1.1"
      xmlns="http://www.w3.org/1999/xhtml"><circle cx="10" cy="10" r="10" version="1.1"
      xmlns="http://www.w3.org/1999/xhtml" fill="#e5db3d" stroke="none" style=""></circle></svg></div><div class="_jsPlumb_endpoint source-endpoint dependency-source-endpoint connected _jsPlumb_endpoint_anchor_ ui-draggable ui-droppable _jsPlumb_endpoint_connected" style="position: absolute; height: 20px; width: 20px; left: 515px; top: 369px;"><svg style="position:absolute;left:0px;top:0px" width="20" height="20" pointer-events="all" position="absolute" version="1.1"
      xmlns="http://www.w3.org/1999/xhtml"><circle cx="10" cy="10" r="10" version="1.1"
      xmlns="http://www.w3.org/1999/xhtml" fill="#666" stroke="none" style=""></circle></svg></div><div class="_jsPlumb_endpoint target-endpoint replicate-target-endpoint _jsPlumb_endpoint_anchor_ ui-draggable ui-droppable _jsPlumb_endpoint_connected _jsPlumb_endpoint_full" style="position: absolute; height: 20px; width: 20px; left: 549.2px; top: 329px;"><svg style="position:absolute;left:0px;top:0px" width="20" height="20" pointer-events="all" position="absolute" version="1.1"
      xmlns="http://www.w3.org/1999/xhtml"><circle cx="10" cy="10" r="10" version="1.1"
      xmlns="http://www.w3.org/1999/xhtml" fill="#e5db3d" stroke="none" style=""></circle></svg></div><div class="_jsPlumb_endpoint target-endpoint dependency-target-endpoint _jsPlumb_endpoint_anchor_ ui-draggable ui-droppable _jsPlumb_endpoint_connected" style="position: absolute; height: 20px; width: 20px; left: 515px; top: 329px;"><svg style="position:absolute;left:0px;top:0px" width="20" height="20" pointer-events="all" position="absolute" version="1.1"
      xmlns="http://www.w3.org/1999/xhtml"><circle cx="10" cy="10" r="10" version="1.1"
      xmlns="http://www.w3.org/1999/xhtml" fill="#666" stroke="none" style=""></circle></svg></div><div class="_jsPlumb_endpoint source-endpoint dependency-source-endpoint connected _jsPlumb_endpoint_anchor_ ui-draggable ui-droppable" style="position: absolute; height: 20px; width: 20px; left: 531px; top: 497px;"><svg style="position:absolute;left:0px;top:0px" width="20" height="20" pointer-events="all" position="absolute" version="1.1"
      xmlns="http://www.w3.org/1999/xhtml"><circle cx="10" cy="10" r="10" version="1.1"
      xmlns="http://www.w3.org/1999/xhtml" fill="#666" stroke="none" style=""></circle></svg></div><div class="_jsPlumb_endpoint target-endpoint dependency-target-endpoint _jsPlumb_endpoint_anchor_ ui-draggable ui-droppable _jsPlumb_endpoint_connected" style="position: absolute; height: 20px; width: 20px; left: 531px; top: 457px;"><svg style="position:absolute;left:0px;top:0px" width="20" height="20" pointer-events="all" position="absolute" version="1.1"
      xmlns="http://www.w3.org/1999/xhtml"><circle cx="10" cy="10" r="10" version="1.1"
      xmlns="http://www.w3.org/1999/xhtml" fill="#666" stroke="none" style=""></circle></svg></div></div></div></body></html>
 ]]>
    </visualization>
  </metadata>
</job>