{
  "metadata": {
    "slug": "machinelearningh2o",
    "name": "Machine Learning H2O",
    "short_description": "Machine Learning with H2O",
    "author": "ActiveEon's Team",
    "tags": ["Samples", "Machine Learning", "H2O"],
    "version": "1.0"
  },
  "catalog" : {
    "bucket" : "h2o",
    "objects" : [
      {
        "name" : "H2O_Service_Actions",
        "metadata" : {
        "kind": "Workflow/standard",
        "commitMessage": "First commit",
        "contentType": "application/xml"
        },
        "file" : "resources/catalog/H2O_Service_Actions.xml"
      },
      {
        "name" : "H2O_Service_Start",
        "metadata" : {
        "kind": "Workflow/standard",
        "commitMessage": "First commit",
        "contentType": "application/xml"
        },
        "file" : "resources/catalog/H2O_Service_Start.xml"
      }
    ]
  }
}
