{
  "metadata": {
    "slug": "machinelearningh2o",
    "name": "Machine Learning H2O",
    "short_description": "Machine Learning with H2O",
    "author": "ActiveEon's Team",
    "tags": ["Samples", "Machine Learning", "H2O"],
    "version": "1.0"
  },
  "test": {
    "scenarios": "resources/test/scenarios.json"
  },
  "catalog" : {
    "bucket" : "h2o",
    "objects" : [
      {
        "name" : "Finish_H2O_Service",
        "metadata" : {
        "kind": "Workflow/standard",
        "commitMessage": "First commit",
        "contentType": "application/xml"
        },
        "file" : "resources/catalog/Finish_H2O_Service.xml"
      },
      {
        "name" : "Start_H2O_Service",
        "metadata" : {
        "kind": "Workflow/standard",
        "commitMessage": "First commit",
        "contentType": "application/xml"
        },
        "file" : "resources/catalog/Start_H2O_Service.xml"
      },
      {
        "name" : "Stop_H2O_Service",
        "metadata" : {
        "kind": "Workflow/standard",
        "commitMessage": "First commit",
        "contentType": "application/xml"
        },
        "file" : "resources/catalog/Stop_H2O_Service.xml"
      },
      {
        "name" : "Test_H2O_Service",
        "metadata" : {
        "kind": "Workflow/standard",
        "commitMessage": "First commit",
        "contentType": "application/xml"
        },
        "file" : "resources/catalog/Test_H2O_Service.xml"
      }
    ]
  }
}
