{
  "metadata": {
    "slug": "knime",
    "name": "knime",
    "short_description": "Lifecycle management workflow of Knime for Cloud Automation",
    "author": "ActiveEon's Team",
    "tags": [
      "Cloud Automation",
      "Knime",
      "Data Preparation"
    ],
    "version": "1.0"
  },
  "catalog": {
    "bucket": "cloud-automation",
    "objects": [
      {
        "name": "Knime",
        "metadata": {
          "kind": "Workflow/pca",
          "commitMessage": "First commit",
          "contentType": "application/xml"
        },
        "file": "resources/catalog/Knime.xml"
      },
      {
        "name": "Finish_Knime",
        "metadata": {
          "kind": "Workflow/pca",
          "commitMessage": "First commit",
          "contentType": "application/xml"
        },
        "file": "resources/catalog/Finish_Knime.xml"
      }
    ]
  }
}
