{
	"metadata": {
		"slug": "Oracle",
		"name": "Oracle Service",
		"short_description": "Lifecycle management workflow of Oracle Server for Cloud Automation",
		"author": "ActiveEon's Team",
		"tags": ["Cloud Automation", "Oracle", "Database", "SQL"],
		"version": "1.0"
	},
	"catalog" : {
		"bucket" : "cloud-automation",
		"objects" : [
			{
				"name" : "Oracle",
				"metadata" : {
					"kind": "Workflow/pca",
					"commitMessage": "First commit",
					"contentType": "application/xml"
				},
				"file" : "resources/catalog/Oracle.xml"
			},
			{
				"name" : "Finish_Oracle",
				"metadata" : {
					"kind": "Workflow/pca",
					"commitMessage": "First commit",
					"contentType": "application/xml"
				},
				"file" : "resources/catalog/Finish_Oracle.xml"
			},
			{
				"name" : "Resume_Oracle",
				"metadata" : {
					"kind": "Workflow/pca",
					"commitMessage": "First commit",
					"contentType": "application/xml"
				},
				"file" : "resources/catalog/Resume_Oracle.xml"
			},
			{
				"name" : "Pause_Oracle",
				"metadata" : {
					"kind": "Workflow/pca",
					"commitMessage": "First commit",
					"contentType": "application/xml"
				},
				"file" : "resources/catalog/Pause_Oracle.xml"
			}
		]
	}
}
