{
	"metadata": {
		"slug": "Cassandra",
		"name": "Cassandra Service",
		"short_description": "Lifecycle management workflow of Cassandra service for Cloud Automation",
		"author": "ActiveEon's Team",
		"tags": ["Cloud Automation", "Docker", "Cassandra", "Database", "NoSQL"],
		"version": "1.0"
	},
	"catalog" : {
		"bucket" : "cloud-automation",
		"objects" : [
			{
				"name" : "Cassandra",
				"metadata" : {
					"kind": "Workflow/pca",
					"commitMessage": "First commit",
					"contentType": "application/xml"
				},
				"file" : "resources/catalog/Cassandra.xml"
			},
			{
				"name" : "Finish_Cassandra",
				"metadata" : {
					"kind": "Workflow/pca",
					"commitMessage": "First commit",
					"contentType": "application/xml"
				},
				"file" : "resources/catalog/Finish_Cassandra.xml"
			},
			{
				"name" : "Resume_Cassandra",
				"metadata" : {
					"kind": "Workflow/pca",
					"commitMessage": "First commit",
					"contentType": "application/xml"
				},
				"file" : "resources/catalog/Resume_Cassandra.xml"
			},
			{
				"name" : "Pause_Cassandra",
				"metadata" : {
					"kind": "Workflow/pca",
					"commitMessage": "First commit",
					"contentType": "application/xml"
				},
				"file" : "resources/catalog/Pause_Cassandra.xml"
			}
		]
	}
}
