{
	"metadata": {
		"slug": "machining",
		"name": "Machining",
		"short_description": "Machining workflows.",
		"author": "ActiveEon's Team",
		"tags": ["Machining process", "Optimization"],
		"version": "1.0"
	},
	"dataspace" : {
		"target" : "global",
		"files" : ["resources/dataspace/ini4j-0.5.1.jar"]
	},
	"catalog" : {
		"bucket" : "machining",
		"objects" : [
			{
				"name" : "Inputs_Optimization",
				"metadata" : {
					"kind": "Workflow/standard",
					"commitMessage": "First commit",
					"contentType": "application/xml"
				},
				"file" : "resources/catalog/Inputs_optimization.xml"
			},
			{
				"name" : "Machining_Process",
				"metadata" : {
					"kind": "Workflow/standard",
					"commitMessage": "First commit",
					"contentType": "application/xml"
				},
				"file" : "resources/catalog/Machining_process.xml"
			},
			{
				"name" : "Part_Program_Enhancer",
				"metadata" : {
					"kind": "Workflow/standard",
					"commitMessage": "First commit",
					"contentType": "application/xml"
				},
				"file" : "resources/catalog/PartProgramEnhancer.xml"
			}
		]
	}
}
