{
  "metadata": {
    "slug": "elk",
    "name": "ELK Stack",
    "short_description": "ELK (Elasticsearch, Logstash, and Kibana) Stack",
    "author": "ActiveEon's Team",
    "tags": ["Samples", "ELK", "Elasticsearch", "Logstash", "Kibana"],
    "version": "1.0"
  },
  "test": {
    "scenarios": "resources/test/scenarios.json"
  },
  "catalog" : {
    "bucket" : "elastic-logstash-kibana",
    "objects" : [
      {
        "name" : "Elasticsearch_Service_Start",
        "metadata" : {
        "kind": "Workflow/standard",
        "commitMessage": "First commit",
        "contentType": "application/xml"
        },
        "file" : "resources/catalog/Elasticsearch_Service_Start.xml"
      },
      {
        "name" : "Kibana_Service_Start",
        "metadata" : {
        "kind": "Workflow/standard",
        "commitMessage": "First commit",
        "contentType": "application/xml"
        },
        "file" : "resources/catalog/Kibana_Service_Start.xml"
      },
      {
        "name" : "Logstash_Service_Start",
        "metadata" : {
        "kind": "Workflow/standard",
        "commitMessage": "First commit",
        "contentType": "application/xml"
        },
        "file" : "resources/catalog/Logstash_Service_Start.xml"
      },
            {
        "name" : "Logstash_Service_Actions",
        "metadata" : {
        "kind": "Workflow/standard",
        "commitMessage": "First commit",
        "contentType": "application/xml"
        },
        "file" : "resources/catalog/Logstash_Service_Actions.xml"
      },
      {
        "name" : "Kibana_Service_Actions",
        "metadata" : {
        "kind": "Workflow/standard",
        "commitMessage": "First commit",
        "contentType": "application/xml"
        },
        "file" : "resources/catalog/Kibana_Service_Actions.xml"
      },
      {
        "name" : "Elasticsearch_Service_Actions",
        "metadata" : {
        "kind": "Workflow/standard",
        "commitMessage": "First commit",
        "contentType": "application/xml"
        },
        "file" : "resources/catalog/Elasticsearch_Service_Actions.xml"
      },
      {
        "name" : "Test_Elasticsearch_Service",
        "metadata" : {
        "kind": "Workflow/standard",
        "commitMessage": "First commit",
        "contentType": "application/xml"
        },
        "file" : "resources/catalog/Test_Elasticsearch_Service.xml"
      },
      {
        "name" : "Test_ELK_Stack",
        "metadata" : {
        "kind": "Workflow/standard",
        "commitMessage": "First commit",
        "contentType": "application/xml"
        },
        "file" : "resources/catalog/Test_ELK_Stack.xml"
      },
      {
        "name" : "Test_Kibana_Service",
        "metadata" : {
        "kind": "Workflow/standard",
        "commitMessage": "First commit",
        "contentType": "application/xml"
        },
        "file" : "resources/catalog/Test_Kibana_Service.xml"
      },
      {
        "name" : "Test_Logstash_Service",
        "metadata" : {
        "kind": "Workflow/standard",
        "commitMessage": "First commit",
        "contentType": "application/xml"
        },
        "file" : "resources/catalog/Test_Logstash_Service.xml"
      },
      {
        "name" : "Twitter_Streaming_Analysis",
        "metadata" : {
        "kind": "Workflow/standard",
        "commitMessage": "First commit",
        "contentType": "application/xml"
        },
        "file" : "resources/catalog/Twitter_Streaming_Analysis.xml"
      },
      {
        "name" : "Apache_Logs_Analysis",
        "metadata" : {
        "kind": "Workflow/standard",
        "commitMessage": "First commit",
        "contentType": "application/xml"
        },
        "file" : "resources/catalog/Apache_Logs_Analysis.xml"
      },
      {
        "name" : "Energy_Consumption_Analysis",
        "metadata" : {
        "kind": "Workflow/standard",
        "commitMessage": "First commit",
        "contentType": "application/xml"
        },
        "file" : "resources/catalog/Energy_Consumption_Analysis.xml"
      }
    ]
  }
}
