{
	"metadata": {
		"slug": "infrastructures",
		"name": "Infrastructures",
		"short_description": "Infrastructures Definitions",
		"author": "ActiveEon's Team",
		"version": "1.0"
	},
	"catalog" : {
		"bucket" : "rm-infrastructures",
		"objects" : [
			{
				"name" : "OneLocalNode",
				"metadata" : {
					"kind": "InfrastructureNodeSource",
					"commitMessage": "First commit",
					"contentType": "application/json"
				},
				"file" : "resources/catalog/OneLocalNode.json"
			},
			{
				"name" : "FourLocalNodes",
				"metadata" : {
					"kind": "InfrastructureNodeSource",
					"commitMessage": "First commit",
					"contentType": "application/json"
				},
				"file" : "resources/catalog/FourLocalNodes.json"
			}
		]
	}
}
