{
	"metadata": {
		"slug": "JupyterLab",
		"name": "JupyterLab Service",
		"short_description": "Lifecycle management workflow of JupyterLab service for Cloud Automation",
		"author": "ActiveEon's Team",
		"tags": ["Cloud Automation", "JupyterLab", "Python", "Data Science"],
		"version": "1.0"
	},
	"catalog" : {
		"bucket" : "cloud-automation",
		"objects" : [
			{
				"name" : "JupyterLab",
				"metadata" : {
					"kind": "Workflow/pca",
					"commitMessage": "First commit",
					"contentType": "application/xml"
				},
				"file" : "resources/catalog/JupyterLab.xml"
			},
			{
				"name" : "Finish_JupyterLab",
				"metadata" : {
					"kind": "Workflow/pca",
					"commitMessage": "First commit",
					"contentType": "application/xml"
				},
				"file" : "resources/catalog/Finish_JupyterLab.xml"
			},
			{
				"name" : "Resume_JupyterLab",
				"metadata" : {
					"kind": "Workflow/pca",
					"commitMessage": "First commit",
					"contentType": "application/xml"
				},
				"file" : "resources/catalog/Resume_JupyterLab.xml"
			},
			{
				"name" : "Pause_JupyterLab",
				"metadata" : {
					"kind": "Workflow/pca",
					"commitMessage": "First commit",
					"contentType": "application/xml"
				},
				"file" : "resources/catalog/Pause_JupyterLab.xml"
			}
		]
	}
}
