<?xml version="1.0" encoding="UTF-8" standalone="no"?>
<job xmlns="urn:proactive:jobdescriptor:3.12" xmlns:xsi="http://www.w3.org/2001/XMLSchema-instance" maxNumberOfExecution="2" name="Python_Task" onTaskError="continueJobExecution" priority="normal" projectName="5. Templates" xsi:schemaLocation="urn:proactive:jobdescriptor:3.12 http://www.activeeon.com/public_content/schemas/proactive/jobdescriptor/3.12/schedulerjob.xsd">
  <variables>
    <variable name="NATIVE_SCHEDULER" value=""/>
    <variable name="NATIVE_SCHEDULER_PARAMS" value=""/>
    <variable name="NODE_ACCESS_TOKEN" value=""/>
    <variable name="NODE_SOURCE_NAME" value=""/>
    <variable model="PA:LIST(no-container,docker,podman,singularity)" name="CONTAINER_PLATFORM" value="docker"/>
    <variable model="PA:Boolean" name="CONTAINER_GPU_ENABLED" value="True"/>
    <variable model="PA:LIST(,docker://activeeon/dlm3,docker://activeeon/cuda,docker://activeeon/cuda2,docker://activeeon/rapidsai,docker://activeeon/tensorflow:latest,docker://activeeon/tensorflow:latest-gpu)" name="CONTAINER_IMAGE" value=""/>
    <variable name="TOKEN" value="{&quot;_token_id&quot;: 0}"/>
    <variable model="PA:JSON" name="SEARCH_SPACE" value="{&quot;OPTIMIZER&quot;:{&quot;choice&quot;: [&quot;Adam&quot;, &quot;SGD&quot;, &quot;RMSprop&quot;]}}"/>
    <variable model="PA:JSON" name="INPUT_VARIABLES" value="{&quot;OPTIMIZER&quot;: &quot;Adam&quot;}"/>
  </variables>
  <description>
    <![CDATA[ Simple Python task template for AutoML. ]]>
  </description>
  <genericInformation>
<info name="bucketName" value="auto-ml-optimization"/>
<info name="workflow.icon" value="/automation-dashboard/styles/patterns/img/wf-icons/python.png"/>
<info name="NS" value="$NATIVE_SCHEDULER"/>
<info name="NODE_ACCESS_TOKEN" value="$NODE_ACCESS_TOKEN"/>
<info name="Documentation" value="MLOS/MLOSUserGuide.html"/>
<info name="NS_BATCH" value="$NATIVE_SCHEDULER_PARAMS"/>
<info name="group" value="public-objects"/>
</genericInformation>
  <taskFlow>
    <task fork="true" name="Python_Task">
      <description>
        <![CDATA[ Simple Python task template for AutoML. ]]>
      </description>
      <genericInformation>
        <info name="task.icon" value="/automation-dashboard/styles/patterns/img/wf-icons/python.png"/>
        <info name="task.documentation" value="MLOS/MLOSUserGuide.html"/>
      </genericInformation>
      <selection>
        <script type="static">
          <file language="groovy" url="${PA_CATALOG_REST_URL}/buckets/scripts/resources/check_node_source_name/raw"/>
        </script>
      </selection>
      <forkEnvironment javaHome="/usr">
        <envScript>
          <script>
            <file language="groovy" url="${PA_CATALOG_REST_URL}/buckets/scripts/resources/fork_env_cuda_universal/raw"/>
          </script>
        </envScript>
      </forkEnvironment>
      <pre>
        <script>
          <file language="groovy" url="${PA_CATALOG_REST_URL}/buckets/scripts/resources/get_automl_variables/raw"/>
        </script>
      </pre>
      <scriptExecutable>
        <script>
          <code language="cpython">
            <![CDATA[
__file__ = variables.get("PA_TASK_NAME")
print("BEGIN " + __file__)

import os, json

####################### DEFAULT PARAMETERS ########################
# ...
OPTIMIZER = 'Adam'
# ...
###################################################################


######################## INPUT FROM AUTOML ########################
# Get the workflow input variables generated by AutoML.
# The AutoML workflow uses the SEARCH_SPACE workflow variable
# to generate a set of parameters to be used to train your model.
#
# Example of search space for hyper parameter optimization:
#   SEARCH_SPACE: {"OPTIMIZER": choice(["Adam", "SGD", "RMSprop"])}
# Put it in your workflow variables.
#
# For more info, please see:
# https://try.activeeon.com/doc/MLOS/MLOSUserGuide.html#_AutoML
#
input_variables = variables.get("INPUT_VARIABLES")
if input_variables is not None and input_variables != '':
    input_variables = json.loads(input_variables)
    OPTIMIZER = input_variables["OPTIMIZER"]
    # ...
print('Selected optimizer: ', OPTIMIZER)
###################################################################


######################### YOUR CODE HERE ##########################
# ...
# Put your code here
# ...
###################################################################


######################## OUTPUT FOR AUTOML ########################
# Score your trained model
loss = 0 # ...
acc = 0 # ...
print('Loss:', loss)
print('Accuracy:', acc)

# Return the token + loss value
token = variables.get("TOKEN")
token = json.loads(token)
result_map = {'token': token, 'loss':  loss}
resultMap.put("RESULT_JSON", json.dumps(result_map))

# To appear in Job Analytics
resultMap.put("LOSS", str(loss))
resultMap.put("ACCURACY", str(acc))
###################################################################

print("END " + __file__)
]]>
          </code>
        </script>
      </scriptExecutable>
      <controlFlow block="none"/>
      <metadata>
        <positionTop>
            254.26136779785156
        </positionTop>
        <positionLeft>
            218.55111694335938
        </positionLeft>
      </metadata>
    </task>
  </taskFlow>
  <metadata>
    <visualization>
      <![CDATA[ <html>
    <head>
    <link rel="stylesheet" href="/studio/styles/studio-standalone.css">
        <style>
        #workflow-designer {
            left:0 !important;
            top:0 !important;
            width:2603px;
            height:2843px;
            }
        </style>
    </head>
    <body>
    <div id="workflow-visualization-view"><div id="workflow-visualization" style="position:relative;top:-249.26136779785156px;left:-213.55111694335938px"><div class="task _jsPlumb_endpoint_anchor_ ui-draggable" id="jsPlumb_1_1973" style="top: 254.273px; left: 218.551px;"><a class="task-name" data-toggle="tooltip" data-placement="right" title="Simple Python task template for AutoML."><img src="/automation-dashboard/styles/patterns/img/wf-icons/python.png" width="20px">&nbsp;<span class="name">Python_Task</span></a></div><div class="_jsPlumb_endpoint source-endpoint dependency-source-endpoint connected _jsPlumb_endpoint_anchor_ ui-draggable ui-droppable" style="position: absolute; height: 20px; width: 20px; left: 258px; top: 285px;"><svg style="position:absolute;left:0px;top:0px" width="20" height="20" pointer-events="all" position="absolute" version="1.1" xmlns="http://www.w3.org/1999/xhtml"><circle cx="10" cy="10" r="10" version="1.1" xmlns="http://www.w3.org/1999/xhtml" fill="#666" stroke="none" style=""></circle></svg></div></div></div>
    </body>
</html>
 ]]>
    </visualization>
  </metadata>
</job>
