<?xml version="1.0" encoding="UTF-8"?>
<job
  xmlns:xsi="http://www.w3.org/2001/XMLSchema-instance"
  xmlns="urn:proactive:jobdescriptor:3.11" xsi:schemaLocation="urn:proactive:jobdescriptor:3.11 http://www.activeeon.com/public_content/schemas/proactive/jobdescriptor/3.11/schedulerjob.xsd"  name="Anomaly_Detection_In_Apache_Logs" projectName="2. Log Analysis" priority="normal" onTaskError="continueJobExecution"  maxNumberOfExecution="2" >
  <variables>
    <variable name="DOCKER_ENABLED" value="True" model="PA:Boolean"/>
  </variables>
  <description>
    <![CDATA[ Detect anomalies in Apache logs using
Support Vector Machines (SVM) ]]>
  </description>
  <genericInformation>
    <info name="bucketName" value="machine-learning-workflows"/>
    <info name="workflow.icon" value="/automation-dashboard/styles/patterns/img/wf-icons/log_analysis.png"/>
    <info name="Documentation" value="https://doc.activeeon.com/latest/MLOS/MLOSUserGuide.html#_log_analysis"/>
    <info name="group" value="public-objects"/>
  </genericInformation>
  <taskFlow>
    <task name="Import_Data" >
      <description>
        <![CDATA[ Load data from external sources. ]]>
      </description>
      <variables>
        <variable name="FILE_URL" value="https://s3.eu-west-2.amazonaws.com/activeeon-public/datasets/log_Apache.csv" inherited="false" />
        <variable name="FILE_DELIMITER" value=";" inherited="false" />
        <variable name="DOCKER_ENABLED" value="True" inherited="true" model="PA:Boolean"/>
        <variable name="DOCKER_IMAGE" value="activeeon/dlm3" inherited="true" />
        <variable name="TASK_ENABLED" value="True" inherited="false" model="PA:Boolean"/>
        <variable name="LIMIT_OUTPUT_VIEW" value="5" inherited="false" model="PA:Integer"/>
      </variables>
      <genericInformation>
        <info name="task.icon" value="/automation-dashboard/styles/patterns/img/wf-icons/import_data.png"/>
        <info name="task.documentation" value="https://doc.activeeon.com/latest/MLOS/MLOSUserGuide.html#_import_data"/>
      </genericInformation>
      <forkEnvironment javaHome="/usr" >
        <envScript>
          <script>
            <code language="python">
              <![CDATA[
if str(variables.get("DOCKER_ENABLED")).lower() == 'true':
  #Be aware, that the prefix command is internally split by spaces. So paths with spaces won't work.
  # Prepare Docker parameters 
  containerName = variables.get("DOCKER_IMAGE") 
  dockerRunCommand =  'docker run ' 
  dockerParameters = '--rm ' 
  # Prepare ProActive home volume 
  paHomeHost = variables.get("PA_SCHEDULER_HOME") 
  paHomeContainer = variables.get("PA_SCHEDULER_HOME") 
  proActiveHomeVolume = '-v '+paHomeHost +':'+paHomeContainer+' ' 
  # Prepare working directory (For Dataspaces and serialized task file) 
  workspaceHost = localspace 
  workspaceContainer = localspace 
  workspaceVolume = '-v '+localspace +':'+localspace+' ' 
  # Prepare container working directory 
  containerWorkingDirectory = '-w '+workspaceContainer+' ' 
  # Save pre execution command into magic variable 'preJavaHomeCmd', which is picked up by the node 
  preJavaHomeCmd = dockerRunCommand + dockerParameters + proActiveHomeVolume + workspaceVolume + containerWorkingDirectory + containerName
else:
  print("Fork environment disabled")
]]>
            </code>
          </script>
        </envScript>
      </forkEnvironment>
      <scriptExecutable>
        <script>
          <code language="cpython">
            <![CDATA[
__file__ = variables.get("PA_TASK_NAME")

if str(variables.get("TASK_ENABLED")).lower() != 'true':
  print("Task " + __file__ + " disabled")
  quit()

print("BEGIN " + __file__)

import sys, bz2, uuid
import pandas as pd
import numpy as np

FILE_URL = variables.get("FILE_URL")
FILE_DELIMITER = variables.get("FILE_DELIMITER")
LIMIT_OUTPUT_VIEW = variables.get("LIMIT_OUTPUT_VIEW")

assert FILE_URL is not None and FILE_URL is not ""
assert FILE_DELIMITER is not None and FILE_DELIMITER is not ""

FILE_URL = variables.get(FILE_URL[1:]) if FILE_URL.startswith("$") else FILE_URL
dataframe = pd.read_csv(FILE_URL, FILE_DELIMITER)

dataframe_json = dataframe.to_json(orient='split').encode()
compressed_data = bz2.compress(dataframe_json)

dataframe_id = str(uuid.uuid4())
variables.put(dataframe_id, compressed_data)

print("dataframe id: ", dataframe_id)
print('dataframe size (original):   ', sys.getsizeof(dataframe_json), " bytes")
print('dataframe size (compressed): ', sys.getsizeof(compressed_data), " bytes")
print(dataframe.head())

resultMetadata.put("task.name", __file__)
resultMetadata.put("task.dataframe_id", dataframe_id)

LIMIT_OUTPUT_VIEW = 5 if LIMIT_OUTPUT_VIEW is None else int(LIMIT_OUTPUT_VIEW)
if LIMIT_OUTPUT_VIEW > 0:
  print("task result limited to: ", LIMIT_OUTPUT_VIEW, " rows")
  dataframe = dataframe.head(LIMIT_OUTPUT_VIEW).copy()

#============================== Preview results ===============================
#***************# HTML PREVIEW STYLING #***************#
styles = [
    dict(selector="th", props=[("font-weight", "bold"),
                               ("text-align", "center"),
                               ("font-size", "15px"),
                               ("background", "#0B6FA4"),
                               ("color", "#FFFFFF")]),
                               ("padding", "3px 7px"),
    dict(selector="td", props=[("text-align", "right"),
                               ("padding", "3px 3px"),
                               ("border", "1px solid #999999"),
                               ("font-size", "13px"),
                               ("border-bottom", "1px solid #0B6FA4")]),
    dict(selector="table", props=[("border", "1px solid #999999"),
                               ("text-align", "center"),
                               ("width", "100%"),
                               ("border-collapse", "collapse")])
]
#******************************************************#

with pd.option_context('display.max_colwidth', -1):
  result = dataframe.style.set_table_styles(styles).render().encode('utf-8')
  resultMetadata.put("file.extension", ".html")
  resultMetadata.put("file.name", "output.html")
  resultMetadata.put("content.type", "text/html")
#==============================================================================

print("END " + __file__)
]]>
          </code>
        </script>
      </scriptExecutable>
      <controlFlow block="none"></controlFlow>
    </task>
    <task name="Split_Data" >
      <description>
        <![CDATA[ Separate data into training and testing sets. ]]>
      </description>
      <variables>
        <variable name="TRAIN_SIZE" value="0.7" inherited="false" />
        <variable name="DOCKER_ENABLED" value="True" inherited="true" model="PA:Boolean"/>
        <variable name="DOCKER_IMAGE" value="activeeon/dlm3" inherited="true" />
        <variable name="TASK_ENABLED" value="True" inherited="false" model="PA:Boolean"/>
      </variables>
      <genericInformation>
        <info name="task.icon" value="/automation-dashboard/styles/patterns/img/wf-icons/data-processing.png"/>
        <info name="task.documentation" value="https://doc.activeeon.com/latest/MLOS/MLOSUserGuide.html#_split_data"/>
      </genericInformation>
      <depends>
        <task ref="Import_Data"/>
      </depends>
      <forkEnvironment javaHome="/usr" >
        <envScript>
          <script>
            <code language="python">
              <![CDATA[
if str(variables.get("DOCKER_ENABLED")).lower() == 'true':
  #Be aware, that the prefix command is internally split by spaces. So paths with spaces won't work.
  # Prepare Docker parameters 
  containerName = variables.get("DOCKER_IMAGE") 
  dockerRunCommand =  'docker run ' 
  dockerParameters = '--rm ' 
  # Prepare ProActive home volume 
  paHomeHost = variables.get("PA_SCHEDULER_HOME") 
  paHomeContainer = variables.get("PA_SCHEDULER_HOME") 
  proActiveHomeVolume = '-v '+paHomeHost +':'+paHomeContainer+' ' 
  # Prepare working directory (For Dataspaces and serialized task file) 
  workspaceHost = localspace 
  workspaceContainer = localspace 
  workspaceVolume = '-v '+localspace +':'+localspace+' ' 
  # Prepare container working directory 
  containerWorkingDirectory = '-w '+workspaceContainer+' ' 
  # Save pre execution command into magic variable 'preJavaHomeCmd', which is picked up by the node 
  preJavaHomeCmd = dockerRunCommand + dockerParameters + proActiveHomeVolume + workspaceVolume + containerWorkingDirectory + containerName
else:
  print("Fork environment disabled")
]]>
            </code>
          </script>
        </envScript>
      </forkEnvironment>
      <scriptExecutable>
        <script>
          <code language="cpython">
            <![CDATA[
__file__ = variables.get("PA_TASK_NAME")

if str(variables.get("TASK_ENABLED")).lower() != 'true':
  print("Task " + __file__ + " disabled")
  quit()

print("BEGIN " + __file__)

import sys, bz2, uuid
import pandas as pd
import numpy as np

from sklearn.model_selection import train_test_split

TRAIN_SIZE = variables.get("TRAIN_SIZE")
assert TRAIN_SIZE is not None and TRAIN_SIZE is not ""
TRAIN_SIZE = float(TRAIN_SIZE)
test_size = 1 - TRAIN_SIZE

input_variables = {'task.dataframe_id': None}
for key in input_variables.keys():
  for res in results:
    value = res.getMetadata().get(key)
    if value is not None:
      input_variables[key] = value
      break

dataframe_id = input_variables['task.dataframe_id']
print("dataframe id (in): ", dataframe_id)

dataframe_json = variables.get(dataframe_id)
assert dataframe_json is not None
dataframe_json = bz2.decompress(dataframe_json).decode()

dataframe = pd.read_json(dataframe_json, orient='split')

# Split dataframe into train/test sets
X_train, X_test = train_test_split(dataframe, test_size=test_size)

dataframe1 = X_train.reset_index(drop=True)
dataframe2 = X_test.reset_index(drop=True)

dataframe_json1 = dataframe1.to_json(orient='split').encode()
dataframe_json2 = dataframe2.to_json(orient='split').encode()

compressed_data1 = bz2.compress(dataframe_json1)
compressed_data2 = bz2.compress(dataframe_json2)

dataframe_id1 = str(uuid.uuid4())
dataframe_id2 = str(uuid.uuid4())

variables.put(dataframe_id1, compressed_data1)
variables.put(dataframe_id2, compressed_data2)

print("Train set:")
print("dataframe id1 (out): ", dataframe_id1)
print('dataframe size (original):   ', sys.getsizeof(dataframe_json1), " bytes")
print('dataframe size (compressed): ', sys.getsizeof(compressed_data1), " bytes")
print(dataframe1.head())

print("Test set:")
print("dataframe id2 (out): ", dataframe_id2)
print('dataframe size (original):   ', sys.getsizeof(dataframe_json2), " bytes")
print('dataframe size (compressed): ', sys.getsizeof(compressed_data2), " bytes")
print(dataframe2.head())

resultMetadata.put("task.name", __file__)
resultMetadata.put("task.dataframe_id_train", dataframe_id1)
resultMetadata.put("task.dataframe_id_test", dataframe_id2)

LIMIT_OUTPUT_VIEW = variables.get("LIMIT_OUTPUT_VIEW")
LIMIT_OUTPUT_VIEW = 5 if LIMIT_OUTPUT_VIEW is None else int(LIMIT_OUTPUT_VIEW)
if LIMIT_OUTPUT_VIEW > 0:
  print("task result limited to: ", LIMIT_OUTPUT_VIEW, " rows")
  dataframe = dataframe.head(LIMIT_OUTPUT_VIEW).copy()

#============================== Preview results ===============================
#***************# HTML PREVIEW STYLING #***************#
styles = [
    dict(selector="th", props=[("font-weight", "bold"),
                               ("text-align", "center"),
                               ("font-size", "15px"),
                               ("background", "#0B6FA4"),
                               ("color", "#FFFFFF")]),
                               ("padding", "3px 7px"),
    dict(selector="td", props=[("text-align", "right"),
                               ("padding", "3px 3px"),
                               ("border", "1px solid #999999"),
                               ("font-size", "13px"),
                               ("border-bottom", "1px solid #0B6FA4")]),
    dict(selector="table", props=[("border", "1px solid #999999"),
                               ("text-align", "center"),
                               ("width", "100%"),
                               ("border-collapse", "collapse")])
]
#******************************************************#

with pd.option_context('display.max_colwidth', -1):
  result = dataframe.style.set_table_styles(styles).render().encode('utf-8')
  resultMetadata.put("file.extension", ".html")
  resultMetadata.put("file.name", "output.html")
  resultMetadata.put("content.type", "text/html")
#==============================================================================

print("END " + __file__)
]]>
          </code>
        </script>
      </scriptExecutable>
      <controlFlow block="none"></controlFlow>
    </task>
    <task name="Support_Vector_Machines" >
      <description>
        <![CDATA[ Support vector machines are supervised learning models with associated learning algorithms that analyze data used for classification. ]]>
      </description>
      <variables>
        <variable name="C" value="1.0" inherited="false" />
        <variable name="KERNEL" value="rbf" inherited="false" />
        <variable name="DOCKER_ENABLED" value="True" inherited="true" model="PA:Boolean"/>
        <variable name="DOCKER_IMAGE" value="activeeon/dlm3" inherited="true" />
        <variable name="TASK_ENABLED" value="True" inherited="false" model="PA:Boolean"/>
      </variables>
      <genericInformation>
        <info name="task.icon" value="/automation-dashboard/styles/patterns/img/wf-icons/ml_classification.png"/>
        <info name="task.documentation" value="https://doc.activeeon.com/latest/MLOS/MLOSUserGuide.html#_support_vector_machines"/>
      </genericInformation>
      <forkEnvironment javaHome="/usr" >
        <envScript>
          <script>
            <code language="python">
              <![CDATA[
if str(variables.get("DOCKER_ENABLED")).lower() == 'true':
  #Be aware, that the prefix command is internally split by spaces. So paths with spaces won't work.
  # Prepare Docker parameters 
  containerName = variables.get("DOCKER_IMAGE") 
  dockerRunCommand =  'docker run ' 
  dockerParameters = '--rm ' 
  # Prepare ProActive home volume 
  paHomeHost = variables.get("PA_SCHEDULER_HOME") 
  paHomeContainer = variables.get("PA_SCHEDULER_HOME") 
  proActiveHomeVolume = '-v '+paHomeHost +':'+paHomeContainer+' ' 
  # Prepare working directory (For Dataspaces and serialized task file) 
  workspaceHost = localspace 
  workspaceContainer = localspace 
  workspaceVolume = '-v '+localspace +':'+localspace+' ' 
  # Prepare container working directory 
  containerWorkingDirectory = '-w '+workspaceContainer+' ' 
  # Save pre execution command into magic variable 'preJavaHomeCmd', which is picked up by the node 
  preJavaHomeCmd = dockerRunCommand + dockerParameters + proActiveHomeVolume + workspaceVolume + containerWorkingDirectory + containerName
else:
  print("Fork environment disabled")
]]>
            </code>
          </script>
        </envScript>
      </forkEnvironment>
      <scriptExecutable>
        <script>
          <code language="cpython">
            <![CDATA[
__file__ = variables.get("PA_TASK_NAME")

if str(variables.get("TASK_ENABLED")).lower() != 'true':
  print("Task " + __file__ + " disabled")
  quit()

print("BEGIN " + __file__)

import json

algorithm = {
  'name': 'SupportVectorMachines',
  'is_supervised': True,
  'type': 'classification',
  'C': float(variables.get("C")),
  'kernel': variables.get("KERNEL")
}

algorithm_json = json.dumps(algorithm)
resultMetadata.put("task.algorithm_json", algorithm_json)

print("END " + __file__)
]]>
          </code>
        </script>
      </scriptExecutable>
      <controlFlow block="none"></controlFlow>
    </task>
    <task name="Train_Model" >
      <description>
        <![CDATA[ Train a classification/clustering/anomaly detection model ]]>
      </description>
      <variables>
        <variable name="LABEL_COLUMN" value="class" inherited="false" />
        <variable name="DOCKER_ENABLED" value="True" inherited="true" />
        <variable name="DOCKER_IMAGE" value="activeeon/dlm3" inherited="true" />
        <variable name="TASK_ENABLED" value="True" inherited="false" />
      </variables>
      <genericInformation>
        <info name="task.icon" value="/automation-dashboard/styles/patterns/img/wf-icons/train.png"/>
        <info name="task.documentation" value="https://doc.activeeon.com/latest/MLOS/MLOSUserGuide.html#_train_anomaly_model"/>
      </genericInformation>
      <depends>
        <task ref="Split_Data"/>
        <task ref="Support_Vector_Machines"/>
      </depends>
      <forkEnvironment javaHome="/usr" >
        <envScript>
          <script>
            <code language="python">
              <![CDATA[
if str(variables.get("DOCKER_ENABLED")).lower() == 'true':
  #Be aware, that the prefix command is internally split by spaces. So paths with spaces won't work.
  # Prepare Docker parameters 
  containerName = variables.get("DOCKER_IMAGE") 
  dockerRunCommand =  'docker run ' 
  dockerParameters = '--rm ' 
  # Prepare ProActive home volume 
  paHomeHost = variables.get("PA_SCHEDULER_HOME") 
  paHomeContainer = variables.get("PA_SCHEDULER_HOME") 
  proActiveHomeVolume = '-v '+paHomeHost +':'+paHomeContainer+' ' 
  # Prepare working directory (For Dataspaces and serialized task file) 
  workspaceHost = localspace 
  workspaceContainer = localspace 
  workspaceVolume = '-v '+localspace +':'+localspace+' ' 
  # Prepare container working directory 
  containerWorkingDirectory = '-w '+workspaceContainer+' ' 
  # Save pre execution command into magic variable 'preJavaHomeCmd', which is picked up by the node 
  preJavaHomeCmd = dockerRunCommand + dockerParameters + proActiveHomeVolume + workspaceVolume + containerWorkingDirectory + containerName
else:
  print("Fork environment disabled")
]]>
            </code>
          </script>
        </envScript>
      </forkEnvironment>
      <scriptExecutable>
        <script>
          <code language="cpython">
            <![CDATA[
__file__ = variables.get("PA_TASK_NAME")

if str(variables.get("TASK_ENABLED")).lower() != 'true':
  print("Task " + __file__ + " disabled")
  quit()

print("BEGIN " + __file__)

import sys, bz2, uuid, json
import random, pickle
import pandas as pd

is_labeled_data = False
LABEL_COLUMN = variables.get("LABEL_COLUMN")
if LABEL_COLUMN is not None and LABEL_COLUMN is not "":
  is_labeled_data = True

input_variables = {
  'task.dataframe_id': None, 
  'task.dataframe_id_train': None,
  'task.algorithm_json': None
}
for key in input_variables.keys():
  for res in results:
    value = res.getMetadata().get(key)
    if value is not None:
      input_variables[key] = value
      break

dataframe_id = None
if input_variables['task.dataframe_id'] is not None:
  dataframe_id = input_variables['task.dataframe_id']
if input_variables['task.dataframe_id_train'] is not None:
  dataframe_id = input_variables['task.dataframe_id_train']
print("dataframe id (in): ", dataframe_id)

dataframe_json = variables.get(dataframe_id)
assert dataframe_json is not None
dataframe_json = bz2.decompress(dataframe_json).decode()
dataframe = pd.read_json(dataframe_json, orient='split')

algorithm_json = input_variables['task.algorithm_json']
assert algorithm_json is not None
algorithm = json.loads(algorithm_json)
#-------------------------------------------------------------
class obj(object):
  def __init__(self, d):
    for a, b in d.items():
      if isinstance(b, (list, tuple)):
        setattr(self, a, [obj(x) if isinstance(x, dict) else x for x in b])
      else:
        setattr(self, a, obj(b) if isinstance(b, dict) else b)
#-------------------------------------------------------------
alg = obj(algorithm)

model = None
if alg.is_supervised:
  #-------------------------------------------------------------
  # Classification algorithms
  #
  if alg.name == 'SupportVectorMachines':
    from sklearn.svm import SVC
    model = SVC(
      C=alg.C, 
      kernel=alg.kernel
    )
   
  if alg.name == 'GaussianNaiveBayes':
    from sklearn.naive_bayes import GaussianNB
    model = GaussianNB()
  
  if alg.name == 'LogisticRegression':
    from sklearn.linear_model import LogisticRegression
    model = LogisticRegression(
      penalty=alg.penalty, 
      solver=alg.solver, 
      max_iter=alg.max_iter, 
      n_jobs=alg.n_jobs
    )

  #-------------------------------------------------------------
  # Regression algorithms
  if alg.name == 'LinearRegression':
    from sklearn.linear_model import LinearRegression
    model = LinearRegression(
      n_jobs=alg.n_jobs
    )

  if alg.name == 'SupportVectorRegression':
    from sklearn.svm import SVR
    model = SVR(
      C=alg.C, 
      kernel=alg.kernel, 
      epsilon=alg.epsilon
    )
  
  if alg.name == 'BayesianRidgeRegression':
    from sklearn.linear_model import BayesianRidge
    model = BayesianRidge(
      alpha_1=alg.alpha_1, 
      alpha_2=alg.alpha_2, 
      lambda_1=alg.lambda_1, 
      lambda_2=alg.lambda_2, 
      n_iter=alg.n_iter
    )
else:
  #-------------------------------------------------------------
  # Anomaly detection algorithms
  if alg.name == 'OneClassSVM':
    from sklearn import svm
    model = svm.OneClassSVM(
      nu=alg.nu, 
      kernel=alg.kernel, 
      gamma=alg.gamma
    ) 
  
  if alg.name == 'IsolationForest':
    from sklearn.ensemble import IsolationForest
    model = IsolationForest(
      n_estimators=alg.n_estimators, 
      n_jobs=alg.n_jobs
    )
  
  #-------------------------------------------------------------
  # Clustering algorithms
  if alg.name == 'MeanShift':
    from sklearn.cluster import MeanShift
    model = MeanShift(
      cluster_all=alg.cluster_all, 
      n_jobs=alg.n_jobs
    ) 
    
  if alg.name == 'KMeans':
    from sklearn.cluster import KMeans
    model = KMeans(
      n_clusters=alg.n_clusters, 
      max_iter=alg.max_iterations, 
      n_jobs=alg.n_jobs
    )

#-------------------------------------------------------------
if model is not None:
  if is_labeled_data:
    columns = [LABEL_COLUMN]
    dataframe_train = dataframe.drop(columns, axis=1, inplace=False)
    dataframe_label = dataframe.filter(columns, axis=1)
  else:
    dataframe_train = dataframe

  if alg.is_supervised:
    model.fit(dataframe_train.values, dataframe_label.values.ravel())
  else:
    model.fit(dataframe_train.values)
  
  model_bin = pickle.dumps(model)
  model_compressed = bz2.compress(model_bin)
  model_id = str(uuid.uuid4())
  variables.put(model_id, model_compressed)

  print("model id: ", model_id)
  print('model size (original):   ', sys.getsizeof(model_bin), " bytes")
  print('model size (compressed): ', sys.getsizeof(model_compressed), " bytes")   
  resultMetadata.put("task.model_id", model_id)
else:
  print("Algorithm not found!")

dataframe_json = dataframe.to_json(orient='split').encode()
compressed_data = bz2.compress(dataframe_json)

dataframe_id = str(uuid.uuid4())
variables.put(dataframe_id, compressed_data)

print("dataframe id (out): ", dataframe_id)
print('dataframe size (original):   ', sys.getsizeof(dataframe_json), " bytes")
print('dataframe size (compressed): ', sys.getsizeof(compressed_data), " bytes")
print(dataframe.head())

resultMetadata.put("task.name", __file__)
#resultMetadata.put("task.dataframe_id", dataframe_id)
resultMetadata.put("task.algorithm_json", algorithm_json)
resultMetadata.put("task.label_column", LABEL_COLUMN)

LIMIT_OUTPUT_VIEW = variables.get("LIMIT_OUTPUT_VIEW")
LIMIT_OUTPUT_VIEW = 5 if LIMIT_OUTPUT_VIEW is None else int(LIMIT_OUTPUT_VIEW)
if LIMIT_OUTPUT_VIEW > 0:
  print("task result limited to: ", LIMIT_OUTPUT_VIEW, " rows")
  dataframe = dataframe.head(LIMIT_OUTPUT_VIEW).copy()

#============================== Preview results ===============================
#***************# HTML PREVIEW STYLING #***************#
styles = [
    dict(selector="th", props=[("font-weight", "bold"),
                               ("text-align", "center"),
                               ("font-size", "15px"),
                               ("background", "#0B6FA4"),
                               ("color", "#FFFFFF")]),
                               ("padding", "3px 7px"),
    dict(selector="td", props=[("text-align", "right"),
                               ("padding", "3px 3px"),
                               ("border", "1px solid #999999"),
                               ("font-size", "13px"),
                               ("border-bottom", "1px solid #0B6FA4")]),
    dict(selector="table", props=[("border", "1px solid #999999"),
                               ("text-align", "center"),
                               ("width", "100%"),
                               ("border-collapse", "collapse")])
]
#******************************************************#

with pd.option_context('display.max_colwidth', -1):
  result = dataframe.style.set_table_styles(styles).render().encode('utf-8')
  resultMetadata.put("file.extension", ".html")
  resultMetadata.put("file.name", "output.html")
  resultMetadata.put("content.type", "text/html")
#==============================================================================

print("END " + __file__)
]]>
          </code>
        </script>
      </scriptExecutable>
      <controlFlow block="none"></controlFlow>
    </task>
    <task name="Predict_Model" >
      <description>
        <![CDATA[ Generate predictions using a trained model. ]]>
      </description>
      <variables>
        <variable name="DOCKER_ENABLED" value="True" inherited="true" model="PA:Boolean"/>
        <variable name="DOCKER_IMAGE" value="activeeon/dlm3" inherited="true" />
        <variable name="TASK_ENABLED" value="True" inherited="false" model="PA:Boolean"/>
        <variable name="LABEL_COLUMN" value="class" inherited="false" />
      </variables>
      <genericInformation>
        <info name="task.icon" value="/automation-dashboard/styles/patterns/img/wf-icons/predict.png"/>
        <info name="task.documentation" value="https://doc.activeeon.com/latest/MLOS/MLOSUserGuide.html#_predict_model"/>
      </genericInformation>
      <depends>
        <task ref="Train_Model"/>
        <task ref="Split_Data"/>
      </depends>
      <forkEnvironment javaHome="/usr" >
        <envScript>
          <script>
            <code language="python">
              <![CDATA[
if str(variables.get("DOCKER_ENABLED")).lower() == 'true':
  #Be aware, that the prefix command is internally split by spaces. So paths with spaces won't work.
  # Prepare Docker parameters 
  containerName = variables.get("DOCKER_IMAGE") 
  dockerRunCommand =  'docker run ' 
  dockerParameters = '--rm ' 
  # Prepare ProActive home volume 
  paHomeHost = variables.get("PA_SCHEDULER_HOME") 
  paHomeContainer = variables.get("PA_SCHEDULER_HOME") 
  proActiveHomeVolume = '-v '+paHomeHost +':'+paHomeContainer+' ' 
  # Prepare working directory (For Dataspaces and serialized task file) 
  workspaceHost = localspace 
  workspaceContainer = localspace 
  workspaceVolume = '-v '+localspace +':'+localspace+' ' 
  # Prepare container working directory 
  containerWorkingDirectory = '-w '+workspaceContainer+' ' 
  # Save pre execution command into magic variable 'preJavaHomeCmd', which is picked up by the node 
  preJavaHomeCmd = dockerRunCommand + dockerParameters + proActiveHomeVolume + workspaceVolume + containerWorkingDirectory + containerName
else:
  print("Fork environment disabled")
]]>
            </code>
          </script>
        </envScript>
      </forkEnvironment>
      <scriptExecutable>
        <script>
          <code language="cpython">
            <![CDATA[
__file__ = variables.get("PA_TASK_NAME")

if str(variables.get("TASK_ENABLED")).lower() != 'true':
  print("Task " + __file__ + " disabled")
  quit()

print("BEGIN " + __file__)

import os, sys, bz2, uuid, json
import random, pickle, sklearn
import numpy as np
import pandas as pd

from sklearn.metrics import mean_absolute_error
from sklearn.metrics import mean_squared_error
from sklearn.metrics import mutual_info_score
from sklearn.metrics import confusion_matrix
from sklearn.metrics import precision_score
from sklearn.metrics import accuracy_score
from sklearn.metrics import r2_score
from sklearn.metrics.cluster import adjusted_mutual_info_score
from sklearn.metrics.cluster import completeness_score
from sklearn.metrics.cluster import homogeneity_score
from sklearn.metrics.cluster import v_measure_score

input_variables = {
  'task.dataframe_id': None, 
  'task.dataframe_id_test': None,
  'task.algorithm_json': None,
  'task.label_column': None,
  'task.model_id': None
}
for key in input_variables.keys():
  for res in results:
    value = res.getMetadata().get(key)
    if value is not None:
      input_variables[key] = value
      break

dataframe_id = None
if input_variables['task.dataframe_id'] is not None:
  dataframe_id = input_variables['task.dataframe_id']
if input_variables['task.dataframe_id_test'] is not None:
  dataframe_id = input_variables['task.dataframe_id_test']
print("dataframe id (in): ", dataframe_id)

dataframe_json = variables.get(dataframe_id)
assert dataframe_json is not None
dataframe_json = bz2.decompress(dataframe_json).decode()

dataframe = pd.read_json(dataframe_json, orient='split')

is_labeled_data = False
LABEL_COLUMN = variables.get("LABEL_COLUMN")
if LABEL_COLUMN is not None and LABEL_COLUMN is not "":
  is_labeled_data = True
else:
  LABEL_COLUMN = input_variables['task.label_column']
  if LABEL_COLUMN is not None and LABEL_COLUMN is not "":
    is_labeled_data = True

model_id = input_variables['task.model_id']
model_compressed = variables.get(model_id)
model_bin = bz2.decompress(model_compressed)
assert model_bin is not None
print("model id (in): ", model_id)
print("model size: ", sys.getsizeof(model_compressed), " bytes")
print("model size (decompressed): ", sys.getsizeof(model_bin), " bytes")

algorithm_json = input_variables['task.algorithm_json']
assert algorithm_json is not None
algorithm = json.loads(algorithm_json)
#-------------------------------------------------------------
class obj(object):
  def __init__(self, d):
    for a, b in d.items():
      if isinstance(b, (list, tuple)):
        setattr(self, a, [obj(x) if isinstance(x, dict) else x for x in b])
      else:
        setattr(self, a, obj(b) if isinstance(b, dict) else b)
#-------------------------------------------------------------
alg = obj(algorithm)

loaded_model = pickle.loads(model_bin)
dataframe_predictions = None

if is_labeled_data:
  columns = [LABEL_COLUMN]
  dataframe_test = dataframe.drop(columns, axis=1, inplace=False)
  dataframe_label = dataframe.filter(columns, axis=1)
  predictions = list(loaded_model.predict(dataframe_test.values))
  dataframe_predictions = pd.DataFrame(predictions)
  dataframe = dataframe.assign(predictions=dataframe_predictions)

  if alg.type == 'anomaly':
    pred_map = {-1: 1, 1: 0}
    dataframe["predictions"].replace(pred_map, inplace=True)
    predictions = dataframe["predictions"].tolist()
  
  if alg.type != 'clustering' and alg.type != 'anomaly':
    score = loaded_model.score(dataframe_test.values, dataframe_label.values.ravel())
    print("MODEL SCORE: %.2f" % score)

  #-------------------------------------------------------------
  # CLASSIFICATION AND ANOMALY DETECTION SCORE
  #
  if alg.type == 'classification' or alg.type == 'anomaly':
    dataframe['accuracy'] = np.where((dataframe[LABEL_COLUMN] == dataframe['predictions']), 1, 0)
    accuracy_score_result = accuracy_score(dataframe_label.values.ravel(), predictions)
    precision_score_result = precision_score(dataframe_label.values.ravel(), predictions, average='micro')
    confusion_matrix_result = confusion_matrix(dataframe_label.values.ravel(), predictions)
    print("********************** CLASSIFICATION SCORE **********************")
    print("ACCURACY SCORE: %.2f" % accuracy_score_result)
    print("PRECISION SCORE: %.2f" % precision_score_result)
    print("CONFUSION MATRIX:\n%s" % confusion_matrix_result)
    print("*******************************************************************")

  #-------------------------------------------------------------
  # REGRESSION SCORE
  #
  if alg.type == 'regression':
    dataframe['absolute_error'] = dataframe[LABEL_COLUMN] - dataframe['predictions']
    mean_squared_error_result = mean_squared_error(dataframe_label.values.ravel(), predictions)
    mean_absolute_error_result = mean_absolute_error(dataframe_label.values.ravel(), predictions)
    r2_score_result = r2_score(dataframe_label.values.ravel(), predictions) 
    print("********************** REGRESSION SCORES **********************")
    print("MEAN SQUARED ERROR: %.2f" % mean_squared_error_result)
    print("MEAN ABSOLUTE ERROR: %.2f" % mean_absolute_error_result)
    print("R2 SCORE: %.2f" % r2_score_result)
    print("***************************************************************")
  
  #-------------------------------------------------------------
  # CLUSTERING SCORE
  #
  if alg.type == 'clustering':
    adjusted_mutual_info_score_result = adjusted_mutual_info_score(dataframe_label.values.ravel(), predictions)
    completeness_score_result = completeness_score(dataframe_label.values.ravel(), predictions)
    homogeneity_score_result = homogeneity_score(dataframe_label.values.ravel(), predictions)
    mutual_info_score_result = mutual_info_score(dataframe_label.values.ravel(), predictions)
    v_measure_score_result = v_measure_score(dataframe_label.values.ravel(), predictions)
    print("********************** CLUSTERING SCORES **********************")
    print("ADJUSTED MUTUAL INFORMATION: %.2f" % adjusted_mutual_info_score_result)
    print("COMPLETENESS SCORE: %.2f" % completeness_score_result)
    print("HOMOGENEITY METRIC: %.2f" % homogeneity_score_result)
    print("MUTUAL INFORMATION: %.2f" % mutual_info_score_result)
    print("V-MEASURE CLUSTER MEASURE: %.2f" % v_measure_score_result)
    print("***************************************************************")
    #-------------------------------------------------------------
else:
  predictions = list(loaded_model.predict(dataframe.values))
  dataframe_predictions = pd.DataFrame(predictions)
  dataframe = dataframe.assign(predictions=dataframe_predictions)

dataframe_json = dataframe.to_json(orient='split').encode()
compressed_data = bz2.compress(dataframe_json)

dataframe_id = str(uuid.uuid4())
variables.put(dataframe_id, compressed_data)

print("dataframe id (out): ", dataframe_id)
print('dataframe size (original):   ', sys.getsizeof(dataframe_json), " bytes")
print('dataframe size (compressed): ', sys.getsizeof(compressed_data), " bytes")
print(dataframe.head())

resultMetadata.put("task.name", __file__)
resultMetadata.put("task.dataframe_id", dataframe_id)
resultMetadata.put("task.algorithm_json", algorithm_json)
resultMetadata.put("task.label_column", LABEL_COLUMN)

LIMIT_OUTPUT_VIEW = variables.get("LIMIT_OUTPUT_VIEW")
LIMIT_OUTPUT_VIEW = 5 if LIMIT_OUTPUT_VIEW is None else int(LIMIT_OUTPUT_VIEW)
if LIMIT_OUTPUT_VIEW > 0:
  print("task result limited to: ", LIMIT_OUTPUT_VIEW, " rows")
  dataframe = dataframe.head(LIMIT_OUTPUT_VIEW).copy()

#============================== Preview results ===============================
#***************# HTML PREVIEW STYLING #***************#
styles = [
    dict(selector="th", props=[("font-weight", "bold"),
                               ("text-align", "center"),
                               ("font-size", "15px"),
                               ("background", "#0B6FA4"),
                               ("color", "#FFFFFF")]),
                               ("padding", "3px 7px"),
    dict(selector="td", props=[("text-align", "right"),
                               ("padding", "3px 3px"),
                               ("border", "1px solid #999999"),
                               ("font-size", "13px"),
                               ("border-bottom", "1px solid #0B6FA4")]),
    dict(selector="table", props=[("border", "1px solid #999999"),
                               ("text-align", "center"),
                               ("width", "100%"),
                               ("border-collapse", "collapse")])
]
#******************************************************#

with pd.option_context('display.max_colwidth', -1):
  result = dataframe.style.set_table_styles(styles).render().encode('utf-8')
  resultMetadata.put("file.extension", ".html")
  resultMetadata.put("file.name", "output.html")
  resultMetadata.put("content.type", "text/html")
#==============================================================================

print("END " + __file__)
]]>
          </code>
        </script>
      </scriptExecutable>
      <controlFlow block="none"></controlFlow>
      <post>
        <script>
          <code language="groovy">
            <![CDATA[
variables.put("PREVIOUS_PA_TASK_NAME", variables.get("PA_TASK_NAME"))
]]>
          </code>
        </script>
      </post>
    </task>
    <task name="Preview_Results" >
      <description>
        <![CDATA[ Export the results. ]]>
      </description>
      <variables>
        <variable name="DOCKER_ENABLED" value="True" inherited="true" model="PA:Boolean"/>
        <variable name="DOCKER_IMAGE" value="activeeon/dlm3" inherited="true" />
        <variable name="TASK_ENABLED" value="True" inherited="false" model="PA:Boolean"/>
        <variable name="OUTPUT_TYPE" value="HTML" inherited="false" model="PA:LIST(CSV,JSON,HTML)"/>
        <variable name="LIMIT_OUTPUT_VIEW" value="1000" inherited="false" model="PA:Integer"/>
      </variables>
      <genericInformation>
        <info name="task.icon" value="/automation-dashboard/styles/patterns/img/wf-icons/export_data.png"/>
        <info name="task.documentation" value="https://doc.activeeon.com/latest/MLOS/MLOSUserGuide.html#_export_results"/>
      </genericInformation>
      <depends>
        <task ref="Predict_Model"/>
      </depends>
      <forkEnvironment javaHome="/usr" >
        <envScript>
          <script>
            <code language="python">
              <![CDATA[
if str(variables.get("DOCKER_ENABLED")).lower() == 'true':
  #Be aware, that the prefix command is internally split by spaces. So paths with spaces won't work.
  # Prepare Docker parameters 
  containerName = variables.get("DOCKER_IMAGE") 
  dockerRunCommand =  'docker run ' 
  dockerParameters = '--rm ' 
  # Prepare ProActive home volume 
  paHomeHost = variables.get("PA_SCHEDULER_HOME") 
  paHomeContainer = variables.get("PA_SCHEDULER_HOME") 
  proActiveHomeVolume = '-v '+paHomeHost +':'+paHomeContainer+' ' 
  # Prepare working directory (For Dataspaces and serialized task file) 
  workspaceHost = localspace 
  workspaceContainer = localspace 
  workspaceVolume = '-v '+localspace +':'+localspace+' ' 
  # Prepare container working directory 
  containerWorkingDirectory = '-w '+workspaceContainer+' ' 
  # Save pre execution command into magic variable 'preJavaHomeCmd', which is picked up by the node 
  preJavaHomeCmd = dockerRunCommand + dockerParameters + proActiveHomeVolume + workspaceVolume + containerWorkingDirectory + containerName
else:
  print("Fork environment disabled")
]]>
            </code>
          </script>
        </envScript>
      </forkEnvironment>
      <scriptExecutable>
        <script>
          <code language="cpython">
            <![CDATA[
__file__ = variables.get("PA_TASK_NAME")

if str(variables.get("TASK_ENABLED")).lower() != 'true':
  print("Task " + __file__ + " disabled")
  quit()

print("BEGIN " + __file__)

import pandas as pd
import numpy as np
import bz2

OUTPUT_TYPE = variables.get("OUTPUT_TYPE")
assert OUTPUT_TYPE is not None and OUTPUT_TYPE is not ""

input_variables = {'task.dataframe_id': None}
for key in input_variables.keys():
  for res in results:
    value = res.getMetadata().get(key)
    if value is not None:
      input_variables[key] = value
      break

dataframe_id = input_variables['task.dataframe_id']
print("dataframe id (in): ", dataframe_id)

dataframe_json = variables.get(dataframe_id)
assert dataframe_json is not None
dataframe_json = bz2.decompress(dataframe_json).decode()

dataframe = pd.read_json(dataframe_json, orient='split')
print(dataframe.head())

OUTPUT_TYPE = OUTPUT_TYPE.upper()
if OUTPUT_TYPE == "S3":
  import s3fs, uuid

  UserAccessKeyID=str(variables.get('UserAccessKeyID'))
  UserSecretAccessKey=str(variables.get('UserSecretAccessKey'))
  UserBucketPath=variables.get('UserBucketPath')

  dataframe_id = str(uuid.uuid4())
  print("dataframe id (out): ", dataframe_id)
  bytes_to_write = dataframe.to_csv(index=False).encode()

  fs = s3fs.S3FileSystem(
      key=UserAccessKeyID, 
      secret=UserSecretAccessKey,
      s3_additional_kwargs={'ACL': 'public-read'}
  )

  bucket_path=str(UserBucketPath) if UserBucketPath is not None else 's3://activeeon-public/results/'
  s3file_path = bucket_path+dataframe_id+'.csv'
  with fs.open(s3file_path, 'wb') as f:
    f.write(bytes_to_write)

  dataframe_url = fs.url(s3file_path).split('?')[0]
  dataframe_info = fs.info(s3file_path)
  print("The dataframe was uploaded successfully to the following url:")
  print(dataframe_url)
  print("File info:")
  print(dataframe_info)

if OUTPUT_TYPE == "CSV":
  #result = dataframe.to_csv(encoding='utf-8', index=False)
  result = dataframe.to_csv(index=False)
  resultMetadata.put("file.extension", ".csv")
  resultMetadata.put("file.name", "dataframe.csv")
  resultMetadata.put("content.type", "text/csv")

if OUTPUT_TYPE == "JSON":
  result = dataframe.to_json(orient='split', encoding='utf-8')
  resultMetadata.put("file.extension", ".json")
  resultMetadata.put("file.name", "dataframe.json")
  resultMetadata.put("content.type", "application/json")

if OUTPUT_TYPE == "HTML":
  LIMIT_OUTPUT_VIEW = variables.get("LIMIT_OUTPUT_VIEW")
  LIMIT_OUTPUT_VIEW = 5 if LIMIT_OUTPUT_VIEW is None else int(LIMIT_OUTPUT_VIEW)
  if LIMIT_OUTPUT_VIEW > 0:
    print("task result limited to: ", LIMIT_OUTPUT_VIEW, " rows")
    dataframe = dataframe.head(LIMIT_OUTPUT_VIEW).copy()
  
  #***************# HTML PREVIEW STYLING #***************#
  styles = [
    dict(selector="th", props=[("font-weight", "bold"),
                               ("text-align", "center"),
                               ("font-size", "15px"),
                               ("background", "#0B6FA4"),
                               ("color", "#FFFFFF")]),
                               ("padding", "3px 7px"),
    dict(selector="td", props=[("text-align", "right"),
                               ("padding", "3px 3px"),
                               ("border", "1px solid #999999"),
                               ("font-size", "13px"),
                               ("border-bottom", "1px solid #0B6FA4")]),
    dict(selector="table", props=[("border", "1px solid #999999"),
                               ("text-align", "center"),
                               ("width", "100%"),
                               ("border-collapse", "collapse")])
  ]
  #******************************************************#

  with pd.option_context('display.max_colwidth', -1):
    result = dataframe.style.set_table_styles(styles).render().encode('utf-8')
    resultMetadata.put("file.extension", ".html")
    resultMetadata.put("file.name", "output.html")
    resultMetadata.put("content.type", "text/html")

print("END " + __file__)
]]>
          </code>
        </script>
      </scriptExecutable>
      <controlFlow block="none"></controlFlow>
    </task>
    <task name="Start_Visdom_Service" 
    
    onTaskError="cancelJob" >
      <description>
        <![CDATA[ Start the Visdom server as a service. ]]>
      </description>
      <variables>
        <variable name="SERVICE_ID" value="Visdom" inherited="false" />
        <variable name="INSTANCE_NAME" value="visdom-server-${PA_JOB_ID}" inherited="true" />
      </variables>
      <genericInformation>
        <info name="task.icon" value="/automation-dashboard/styles/patterns/img/wf-icons/visdom.png"/>
        <info name="task.documentation" value="https://doc.activeeon.com/latest/MLOS/MLOSUserGuide.html"/>
      </genericInformation>
      <scriptExecutable>
        <script>
          <file url="${PA_CATALOG_REST_URL}/buckets/cloud-automation-scripts/resources/Service_Start/raw" language="groovy"></file>
        </script>
      </scriptExecutable>
      <controlFlow block="none"></controlFlow>
    </task>
    <task name="Visdom_Service_Actions" 
    
    onTaskError="cancelJob" >
      <description>
        <![CDATA[ This task manages the life-cycle of Visdom PCA service. It allows to trigger three possible actions: Pause_Visdom, Resume_Visdom and Finish_Visdom.
It requires the following variables:
INSTANCE_ID: if used alone or;
INSTANCE_NAME: if used within the same workflow as a Visdom_Service_Start task. In this case there is no need for an INSTANCE_ID.
ACTION: the action to execute on the Visdom service among the aforementioned actions. ]]>
      </description>
      <variables>
        <variable name="INSTANCE_NAME" value="visdom-server-${PA_JOB_ID}" inherited="false" />
        <variable name="ACTION" value="Finish_Visdom" inherited="false" model="PA:LIST(Pause_Visdom, Resume_Visdom, Finish_Visdom)"/>
        <variable name="INSTANCE_ID" value="" inherited="false" />
      </variables>
      <genericInformation>
        <info name="task.icon" value="/automation-dashboard/styles/patterns/img/wf-icons/visdom.png"/>
        <info name="task.documentation" value="https://doc.activeeon.com/latest/MLOS/MLOSUserGuide.html"/>
      </genericInformation>
      <depends>
        <task ref="Wait_For_Web_Validation"/>
      </depends>
      <scriptExecutable>
        <script>
          <file url="${PA_CATALOG_REST_URL}/buckets/cloud-automation-scripts/resources/Service_Action/raw" language="groovy"></file>
        </script>
      </scriptExecutable>
      <controlFlow block="none"></controlFlow>
    </task>
    <task name="Visdom_Visualize_Results" >
      <description>
        <![CDATA[ Plot the different results obtained by a predictive model using Visdom ]]>
      </description>
      <variables>
        <variable name="DOCKER_ENABLED" value="True" inherited="true" model="PA:Boolean"/>
        <variable name="DOCKER_IMAGE" value="activeeon/dlm3" inherited="true" />
        <variable name="TASK_ENABLED" value="True" inherited="false" />
        <variable name="TARGET_CLASS" value="1" inherited="false" />
        <variable name="VISDOM_ENDPOINT" value="" inherited="false" />
      </variables>
      <genericInformation>
        <info name="task.icon" value="/automation-dashboard/styles/patterns/img/wf-icons/visdom.png"/>
        <info name="task.documentation" value="https://doc.activeeon.com/latest/MLOS/MLOSUserGuide.html#_visdom_visualize_results"/>
      </genericInformation>
      <depends>
        <task ref="Start_Visdom_Service"/>
        <task ref="Predict_Model"/>
      </depends>
      <forkEnvironment javaHome="/usr" >
        <envScript>
          <script>
            <code language="python">
              <![CDATA[
if str(variables.get("DOCKER_ENABLED")).lower() == 'true':
  #Be aware, that the prefix command is internally split by spaces. So paths with spaces won't work.
  # Prepare Docker parameters
  containerName = variables.get("DOCKER_IMAGE")
  dockerRunCommand =  'docker run '
  dockerParameters = '--rm '
  # Prepare ProActive home volume
  paHomeHost = variables.get("PA_SCHEDULER_HOME")
  paHomeContainer = variables.get("PA_SCHEDULER_HOME")
  proActiveHomeVolume = '-v '+paHomeHost +':'+paHomeContainer+' '
  # Prepare working directory (For Dataspaces and serialized task file)
  workspaceHost = localspace
  workspaceContainer = localspace
  workspaceVolume = '-v '+localspace +':'+localspace+' '
  # Prepare container working directory
  containerWorkingDirectory = '-w '+workspaceContainer+' '
  # Save pre execution command into magic variable 'preJavaHomeCmd', which is picked up by the node
  preJavaHomeCmd = dockerRunCommand + dockerParameters + proActiveHomeVolume + workspaceVolume + containerWorkingDirectory + containerName
else:
  print("Fork environment disabled")
]]>
            </code>
          </script>
        </envScript>
      </forkEnvironment>
      <scriptExecutable>
        <script>
          <code language="cpython">
            <![CDATA[
__file__ = variables.get("PA_TASK_NAME")

if str(variables.get("TASK_ENABLED")).lower() != 'true':
  print("Task " + __file__ + " disabled")
  quit()

print("BEGIN " + __file__)

import sys, bz2, uuid, json
import pandas as pd
import numpy as np

from visdom import Visdom
from sklearn.metrics import *

input_variables = {
  'task.dataframe_id': None,
  'task.dataframe_id_test': None,
  'task.algorithm_json': None,
  'task.label_column': None,
}
for key in input_variables.keys():
  for res in results:
    value = res.getMetadata().get(key)
    if value is not None:
      input_variables[key] = value
      break

dataframe_id = None
if input_variables['task.dataframe_id'] is not None:
  dataframe_id = input_variables['task.dataframe_id']
if input_variables['task.dataframe_id_test'] is not None:
  dataframe_id = input_variables['task.dataframe_id_test']
print("dataframe id (in): ", dataframe_id)

dataframe_json = variables.get(dataframe_id)
assert dataframe_json is not None
dataframe_json = bz2.decompress(dataframe_json).decode()

dataframe = pd.read_json(dataframe_json, orient='split')

is_labeled_data = False
LABEL_COLUMN = variables.get("LABEL_COLUMN")
if LABEL_COLUMN is not None and LABEL_COLUMN is not "":
  is_labeled_data = True
else:
  LABEL_COLUMN = input_variables['task.label_column']
  if LABEL_COLUMN is not None and LABEL_COLUMN is not "":
    is_labeled_data = True

TARGET_CLASS = variables.get("TARGET_CLASS")
assert TARGET_CLASS is not None, 'The variable TARGET_CLASS is mandatory'
TARGET_CLASS = str(TARGET_CLASS)

algorithm_json = input_variables['task.algorithm_json']
assert algorithm_json is not None
algorithm = json.loads(algorithm_json)
#-------------------------------------------------------------
class obj(object):
  def __init__(self, d):
    for a, b in d.items():
      if isinstance(b, (list, tuple)):
        setattr(self, a, [obj(x) if isinstance(x, dict) else x for x in b])
      else:
        setattr(self, a, obj(b) if isinstance(b, dict) else b)
#-------------------------------------------------------------
alg = obj(algorithm)

visdom_endpoint = variables.get("VISDOM_ENDPOINT") if variables.get("VISDOM_ENDPOINT") else results[0].__str__()
print("VISDOM_ENDPOINT = ",visdom_endpoint)
if visdom_endpoint is not None:
  visdom_endpoint = visdom_endpoint.replace("http://", "")
(VISDOM_HOST, VISDOM_PORT) = visdom_endpoint.split(":")
print("Connecting to %s:%s" % (VISDOM_HOST, VISDOM_PORT))
vis = Visdom(server="http://"+VISDOM_HOST,port=int(VISDOM_PORT))
assert vis.check_connection()

columns = []
if alg.type == 'classification' and is_labeled_data:
  columns = [LABEL_COLUMN, "predictions","accuracy"]
elif alg.type == 'regression' and is_labeled_data:
  columns = [LABEL_COLUMN, "predictions","absolute_error"]
elif alg.type == 'clustering' and is_labeled_data:
  columns = [LABEL_COLUMN, "predictions"]
else:
  columns = ["predictions"]

dataframe_idx_values = dataframe.index.values
dataframe_features = dataframe.drop(columns, axis=1, inplace=False)

dataframe_features_values = dataframe_features.values
dataframe_features_values_columns = list(dataframe_features.columns.values)

nb_rows = dataframe_features_values.shape[0]
nb_columns = dataframe_features_values.shape[1]

dataframe_predictions = dataframe["predictions"]
dataframe_predictions_values = dataframe_predictions.values.ravel()
dataframe_predictions_values_str = [str(dataframe_predictions[x]) for x in range(nb_rows)]

if alg.type == 'classification':
  df_classes = dataframe[LABEL_COLUMN].unique()
else:
  df_classes = dataframe_predictions.unique()

classes = [str(df_classes[x]) for x in range(0,len(df_classes))]
classes.sort()
classes_stats = [0]*len(classes)

if is_labeled_data:
  dataframe_labels = dataframe[LABEL_COLUMN]
  dataframe_labels_values = dataframe_labels.values.ravel()

if is_labeled_data and alg.type == 'regression':
  dataframe_predictions_values_float = [float(dataframe_predictions_values[x]) for x in range(nb_rows)]
  model_mse = mean_squared_error(dataframe_labels_values, dataframe_predictions_values_float)
  model_mae = mean_absolute_error(dataframe_labels_values, dataframe_predictions_values_float)
  model_r2s = r2_score(dataframe_labels_values, dataframe_predictions_values_float)

if is_labeled_data and (alg.type == 'classification' or alg.type == 'clustering'):
  dataframe_classes = dataframe_labels.unique()
  classes = [str(dataframe_classes[x]) for x in range(0, len(dataframe_classes))]
  classes.sort()
  classes_stats = [0]*len(classes)
  model_cm = confusion_matrix(dataframe_labels_values, dataframe_predictions_values)
  model_as = accuracy_score(dataframe_labels_values, dataframe_predictions_values)
  model_ps = precision_score(dataframe_labels_values, dataframe_predictions_values, average='micro')
  model_fpr = None
  model_tpr = None
  if len(classes) == 2:
    model_fpr, model_tpr, _ = roc_curve(dataframe_labels_values, dataframe_predictions_values)

#-------------------------------------------------------------
# VISDOM PLOTS
#-------------------------------------------------------------

list_detected_samples_text = vis.text("List of detected samples in class " + TARGET_CLASS, opts=dict(title='List of indexes'))

target_class_line = vis.line(
  Y=np.array([0]),
  X=np.array([0]),
  opts=dict(
    xlabel='Index',
    ylabel='Targeted Class',
    title="Detected samples in class " + TARGET_CLASS
    )
  )

features_line = vis.line(
  X=np.column_stack([0]*nb_columns),
  Y=np.column_stack(dataframe_features_values[0][:]),
  opts=dict(
    legend=dataframe_features_values_columns,
    xlabel='Index',
    ylabel='Feature Value',
    title='Values of extracted features for each sample'
    )
  )
if alg.type == 'classification' or alg.type == 'clustering':
  statistic_pie = vis.pie(X=classes_stats, opts=dict(legend=classes, title='Classification results'))

#-------------------------------------------------------------
count = 0
for x in range(nb_rows):
  vis.line(
    X=np.column_stack([count]*nb_columns),
    Y=np.column_stack(dataframe_features_values[x][:]),
    win=features_line,
    update='append'
  )
  if alg.type == 'regression':
    match = (int(float(dataframe_predictions_values[x])) == int(float(TARGET_CLASS)))
    if match:
      message = "%s\n"%(dataframe_idx_values[x])
      vis.text(message, win=list_detected_samples_text, append=True)
      vis.line(Y=np.array([1]), X=np.array([count]), win=target_class_line, update='append')
    else:
      vis.line(Y=np.array([0]), X=np.array([count]), win=target_class_line, update='append')
    count += 1

  if alg.type == 'classification' or alg.type == 'clustering':
    for i in range(len(classes)):
      if dataframe_predictions_values_str[x] == classes[i]:
        classes_stats[i] += 1
        vis.pie(X=classes_stats, win=statistic_pie, opts=dict(legend=classes, title='Classification results'))
        match = (str(classes[i]) == str(TARGET_CLASS))
        if match:
          message = "%s\n"%(dataframe_idx_values[x])
          vis.text(message, win=list_detected_samples_text, append=True)
          vis.line(Y=np.array([1]), X=np.array([count]), win=target_class_line, update='append')
        else:
          vis.line(Y=np.array([0]), X=np.array([count]), win=target_class_line, update='append')
        count += 1

#-------------------------------------------------------------

score_text = vis.text("Model scoring")
if is_labeled_data and (alg.type == 'classification' or alg.type == 'clustering'):
  if model_fpr is not None and model_tpr is not None:
    vis.line(X=model_fpr, Y=model_tpr, opts=dict(xlabel='False Positive Rate', ylabel='True Positive Rate', title='ROC Curve'))
  vis.bar(X=model_cm, opts=dict(stacked=True, legend=classes, rownames=classes, title='Predictive model performance'))
  vis.text("Classification scores", win=score_text, append=True)
  vis.text("Accuracy score:", win=score_text, append=True)
  vis.text(str(model_as), win=score_text, append=True)
  vis.text("Precision score:", win=score_text, append=True)
  vis.text(str(model_ps), win=score_text, append=True)
  vis.text("Confusion matrix:", win=score_text, append=True)
  vis.text(str(model_cm), win=score_text, append=True)

if is_labeled_data and alg.type == 'regression':
  vis.text("Regression scores", win=score_text, append=True)
  vis.text("Mean squared error:", win=score_text, append=True)
  vis.text(str(model_mse), win=score_text, append=True)
  vis.text("Mean absolute error:", win=score_text, append=True)
  vis.text(str(model_mae), win=score_text, append=True)
  vis.text("Coefficient of determination:", win=score_text, append=True)
  vis.text(str(model_r2s), win=score_text, append=True)

print("END " + __file__)
]]>
          </code>
        </script>
      </scriptExecutable>
      <controlFlow block="none"></controlFlow>
    </task>
    <task name="Wait_For_Web_Validation" 
    
    onTaskError="pauseJob" >
      <description>
        <![CDATA[ Task to pause the job and send a validation message to the notification service ]]>
      </description>
      <genericInformation>
        <info name="task.icon" value="/automation-dashboard/styles/patterns/img/wf-icons/visdom.png"/>
        <info name="task.documentation" value="https://doc.activeeon.com/latest/MLOS/MLOSUserGuide.html"/>
      </genericInformation>
      <depends>
        <task ref="Visdom_Visualize_Results"/>
      </depends>
      <scriptExecutable>
        <script>
          <file url="${PA_CATALOG_REST_URL}/buckets/notification-tools/resources/Web_Validation_Script/raw" language="groovy">
            <arguments>
              <argument value="Please, validate to stop the Visdom service"/>
            </arguments>
          </file>
        </script>
      </scriptExecutable>
    </task>
  </taskFlow>
  <metadata>
    <visualization>
      <![CDATA[ <html><head><link rel="stylesheet" href="/studio/styles/studio-standalone.css"><style>
        #workflow-designer {
            left:0 !important;
            top:0 !important;
            width:2134px;
            height:2368px;
            }
        </style></head><body><div id="workflow-visualization-view"><div id="workflow-visualization" style="position:relative;top:-107px;left:-433.625px"><div class="task ui-draggable" id="jsPlumb_1_614" style="top: 112px; left: 463.875px;"><a class="task-name"><img src="/automation-dashboard/styles/patterns/img/wf-icons/import_data.png" width="20px">&nbsp;<span class="name">Import_Data</span></a></div><div class="task ui-draggable _jsPlumb_endpoint_anchor_" id="jsPlumb_1_617" style="top: 239px; left: 463.875px;"><a class="task-name"><img src="/automation-dashboard/styles/patterns/img/wf-icons/data-processing.png" width="20px">&nbsp;<span class="name">Split_Data</span></a></div><div class="task ui-draggable" id="jsPlumb_1_620" style="top: 239px; left: 627.875px;"><a class="task-name"><img src="/automation-dashboard/styles/patterns/img/wf-icons/ml_classification.png" width="20px">&nbsp;<span class="name">Support_Vector_Machines</span></a></div><div class="task ui-draggable _jsPlumb_endpoint_anchor_" id="jsPlumb_1_623" style="top: 367px; left: 438.625px;"><a class="task-name"><img src="/automation-dashboard/styles/patterns/img/wf-icons/train.png" width="20px">&nbsp;<span class="name">Train_Model</span></a></div><div class="task ui-draggable" id="jsPlumb_1_626" style="top: 495px; left: 471.125px;"><a class="task-name"><img src="/automation-dashboard/styles/patterns/img/wf-icons/predict.png" width="20px">&nbsp;<span class="name">Predict_Model</span></a></div><div class="task ui-draggable _jsPlumb_endpoint_anchor_" id="jsPlumb_1_629" style="top: 623px; left: 466.125px;"><a class="task-name"><img src="/automation-dashboard/styles/patterns/img/wf-icons/export_data.png" width="20px">&nbsp;<span class="name">Preview_Results</span></a></div><div class="task ui-draggable" id="jsPlumb_1_632" style="top: 495px; left: 642.375px;"><a class="task-name"><img src="/automation-dashboard/styles/patterns/img/wf-icons/visdom.png" width="20px">&nbsp;<span class="name">Start_Visdom_Service</span></a></div><div class="task ui-draggable _jsPlumb_endpoint_anchor_" id="jsPlumb_1_635" style="top: 879px; left: 634.625px; z-index: 24;"><a class="task-name"><img src="/automation-dashboard/styles/patterns/img/wf-icons/visdom.png" width="20px">&nbsp;<span class="name">Visdom_Service_Actions</span></a></div><div class="task ui-draggable _jsPlumb_endpoint_anchor_" id="jsPlumb_1_638" style="top: 623px; left: 633.625px; z-index: 24;"><a class="task-name"><img src="/automation-dashboard/styles/patterns/img/wf-icons/visdom.png" width="20px">&nbsp;<span class="name">Visdom_Visualize_Results</span></a></div><div class="task ui-draggable" id="jsPlumb_1_671" style="top: 751px; left: 634.625px; z-index: 24;"><a class="task-name"><img src="/automation-dashboard/styles/patterns/img/wf-icons/visdom.png" width="20px">&nbsp;<span class="name">Wait_For_Web_Validation</span></a></div><svg style="position:absolute;left:499.0235032915331px;top:151.5px" width="15.47649670846693" height="88" pointer-events="none" position="absolute" version="1.1"
      xmlns="http://www.w3.org/1999/xhtml" class="_jsPlumb_connector "><path d="M 0 87 C -10 37 -10 50 0 0 " transform="translate(14.97649670846693,0.5)" pointer-events="visibleStroke" version="1.1"
      xmlns="http://www.w3.org/1999/xhtml" fill="none" stroke="#666" style=""></path><path pointer-events="all" version="1.1"
      xmlns="http://www.w3.org/1999/xhtml" d="M-4.331249999999999,65.86284375000001 L-1.2275778407318203,44.90175553569722 L-6.970801092219563,52.1139248822649 L-14.97649670846693,47.54130662791678 L-4.331249999999999,65.86284375000001" class="" stroke="#666" fill="#666" transform="translate(14.97649670846693,0.5)"></path><path pointer-events="all" version="1.1"
      xmlns="http://www.w3.org/1999/xhtml" d="M-4.331249999999999,65.86284375000001 L-1.2275778407318203,44.90175553569722 L-6.970801092219563,52.1139248822649 L-14.97649670846693,47.54130662791678 L-4.331249999999999,65.86284375000001" class="" stroke="#666" fill="#666" transform="translate(14.97649670846693,0.5)"></path></svg><svg style="position:absolute;left:478.5px;top:278.5px" width="46" height="89" pointer-events="none" position="absolute" version="1.1"
      xmlns="http://www.w3.org/1999/xhtml" class="_jsPlumb_connector "><path d="M 0 88 C -10 38 35 50 25 0 " transform="translate(10.5,0.5)" pointer-events="visibleStroke" version="1.1"
      xmlns="http://www.w3.org/1999/xhtml" fill="none" stroke="#666" style=""></path><path pointer-events="all" version="1.1"
      xmlns="http://www.w3.org/1999/xhtml" d="M-0.5993537500000019,65.8307285 L12.886094046986088,49.486227965729675 L4.242883066921186,52.69479524008836 L-0.24983921292555777,44.64399114880849 L-0.5993537500000019,65.8307285" class="" stroke="#666" fill="#666" transform="translate(10.5,0.5)"></path><path pointer-events="all" version="1.1"
      xmlns="http://www.w3.org/1999/xhtml" d="M-0.5993537500000019,65.8307285 L12.886094046986088,49.486227965729675 L4.242883066921186,52.69479524008836 L-0.24983921292555777,44.64399114880849 L-0.5993537500000019,65.8307285" class="" stroke="#666" fill="#666" transform="translate(10.5,0.5)"></path></svg><svg style="position:absolute;left:478.5px;top:278.5px" width="236" height="89" pointer-events="none" position="absolute" version="1.1"
      xmlns="http://www.w3.org/1999/xhtml" class="_jsPlumb_connector "><path d="M 0 88 C -10 38 225 50 215 0 " transform="translate(10.5,0.5)" pointer-events="visibleStroke" version="1.1"
      xmlns="http://www.w3.org/1999/xhtml" fill="none" stroke="#666" style=""></path><path pointer-events="all" version="1.1"
      xmlns="http://www.w3.org/1999/xhtml" d="M33.27376,59.394175999999995 L54.42290526584743,60.70324227948445 L46.74825703747608,55.59444843252249 L50.62317769836993,47.22874524200838 L33.27376,59.394175999999995" class="" stroke="#666" fill="#666" transform="translate(10.5,0.5)"></path><path pointer-events="all" version="1.1"
      xmlns="http://www.w3.org/1999/xhtml" d="M33.27376,59.394175999999995 L54.42290526584743,60.70324227948445 L46.74825703747608,55.59444843252249 L50.62317769836993,47.22874524200838 L33.27376,59.394175999999995" class="" stroke="#666" fill="#666" transform="translate(10.5,0.5)"></path></svg><svg style="position:absolute;left:478.5px;top:406.5px" width="53" height="89" pointer-events="none" position="absolute" version="1.1"
      xmlns="http://www.w3.org/1999/xhtml" class="_jsPlumb_connector "><path d="M 32 88 C 42 38 -10 50 0 0 " transform="translate(10.5,0.5)" pointer-events="visibleStroke" version="1.1"
      xmlns="http://www.w3.org/1999/xhtml" fill="none" stroke="#666" style=""></path><path pointer-events="all" version="1.1"
      xmlns="http://www.w3.org/1999/xhtml" d="M31.969271499999998,65.8307285 L29.934733623259604,44.739008427229535 L26.096979356082812,53.12182669943169 L17.22583182269129,50.61130057114673 L31.969271499999998,65.8307285" class="" stroke="#666" fill="#666" transform="translate(10.5,0.5)"></path><path pointer-events="all" version="1.1"
      xmlns="http://www.w3.org/1999/xhtml" d="M31.969271499999998,65.8307285 L29.934733623259604,44.739008427229535 L26.096979356082812,53.12182669943169 L17.22583182269129,50.61130057114673 L31.969271499999998,65.8307285" class="" stroke="#666" fill="#666" transform="translate(10.5,0.5)"></path></svg><svg style="position:absolute;left:503.5px;top:278.5px" width="28" height="217" pointer-events="none" position="absolute" version="1.1"
      xmlns="http://www.w3.org/1999/xhtml" class="_jsPlumb_connector "><path d="M 7 216 C 17 166 -10 50 0 0 " transform="translate(10.5,0.5)" pointer-events="visibleStroke" version="1.1"
      xmlns="http://www.w3.org/1999/xhtml" fill="none" stroke="#666" style=""></path><path pointer-events="all" version="1.1"
      xmlns="http://www.w3.org/1999/xhtml" d="M8.65924675,167.0637915 L14.38572379899711,146.66262828298443 L7.777508617375644,153.09158559450762 L0.41351789350473034,147.5443664156088 L8.65924675,167.0637915" class="" stroke="#666" fill="#666" transform="translate(10.5,0.5)"></path><path pointer-events="all" version="1.1"
      xmlns="http://www.w3.org/1999/xhtml" d="M8.65924675,167.0637915 L14.38572379899711,146.66262828298443 L7.777508617375644,153.09158559450762 L0.41351789350473034,147.5443664156088 L8.65924675,167.0637915" class="" stroke="#666" fill="#666" transform="translate(10.5,0.5)"></path></svg><svg style="position:absolute;left:510px;top:534.5px" width="21.5" height="89" pointer-events="none" position="absolute" version="1.1"
      xmlns="http://www.w3.org/1999/xhtml" class="_jsPlumb_connector"><path d="M 0 88 C -10 38 10.5 50 0.5 0 " transform="translate(10.5,0.5)" pointer-events="visibleStroke" version="1.1"
      xmlns="http://www.w3.org/1999/xhtml" fill="none" stroke="#666" style=""></path><path pointer-events="all" version="1.1"
      xmlns="http://www.w3.org/1999/xhtml" d="M-2.7747343749999995,66.78168750000002 L4.918836648297567,47.038107153227145 L-2.286251050858403,52.790212093809444 L-9.072638757893003,46.54962382908555 L-2.7747343749999995,66.78168750000002" class="" stroke="#666" fill="#666" transform="translate(10.5,0.5)"></path><path pointer-events="all" version="1.1"
      xmlns="http://www.w3.org/1999/xhtml" d="M-2.7747343749999995,66.78168750000002 L4.918836648297567,47.038107153227145 L-2.286251050858403,52.790212093809444 L-9.072638757893003,46.54962382908555 L-2.7747343749999995,66.78168750000002" class="" stroke="#666" fill="#666" transform="translate(10.5,0.5)"></path></svg><div class="_jsPlumb_endpoint source-endpoint dependency-source-endpoint connected _jsPlumb_endpoint_anchor_ ui-draggable ui-droppable _jsPlumb_endpoint_connected" style="position: absolute; height: 20px; width: 20px; left: 504px; top: 142px;"><svg style="position:absolute;left:0px;top:0px" width="20" height="20" pointer-events="all" position="absolute" version="1.1"
      xmlns="http://www.w3.org/1999/xhtml"><circle cx="10" cy="10" r="10" version="1.1"
      xmlns="http://www.w3.org/1999/xhtml" fill="#666" stroke="none" style=""></circle></svg></div><div class="_jsPlumb_endpoint source-endpoint dependency-source-endpoint connected _jsPlumb_endpoint_anchor_ ui-draggable ui-droppable _jsPlumb_endpoint_connected" style="position: absolute; height: 20px; width: 20px; left: 504px; top: 269px;"><svg style="position:absolute;left:0px;top:0px" width="20" height="20" pointer-events="all" position="absolute" version="1.1"
      xmlns="http://www.w3.org/1999/xhtml"><circle cx="10" cy="10" r="10" version="1.1"
      xmlns="http://www.w3.org/1999/xhtml" fill="#666" stroke="none" style=""></circle></svg></div><div class="_jsPlumb_endpoint target-endpoint dependency-target-endpoint _jsPlumb_endpoint_anchor_ ui-draggable ui-droppable _jsPlumb_endpoint_connected" style="position: absolute; height: 20px; width: 20px; left: 504px; top: 229px;"><svg style="position:absolute;left:0px;top:0px" width="20" height="20" pointer-events="all" position="absolute" version="1.1"
      xmlns="http://www.w3.org/1999/xhtml"><circle cx="10" cy="10" r="10" version="1.1"
      xmlns="http://www.w3.org/1999/xhtml" fill="#666" stroke="none" style=""></circle></svg></div><div class="_jsPlumb_endpoint source-endpoint dependency-source-endpoint connected _jsPlumb_endpoint_anchor_ ui-draggable ui-droppable _jsPlumb_endpoint_connected" style="position: absolute; height: 20px; width: 20px; left: 694px; top: 269px;"><svg style="position:absolute;left:0px;top:0px" width="20" height="20" pointer-events="all" position="absolute" version="1.1"
      xmlns="http://www.w3.org/1999/xhtml"><circle cx="10" cy="10" r="10" version="1.1"
      xmlns="http://www.w3.org/1999/xhtml" fill="#666" stroke="none" style=""></circle></svg></div><div class="_jsPlumb_endpoint source-endpoint dependency-source-endpoint connected _jsPlumb_endpoint_anchor_ ui-draggable ui-droppable _jsPlumb_endpoint_connected" style="position: absolute; height: 20px; width: 20px; left: 479px; top: 397px;"><svg style="position:absolute;left:0px;top:0px" width="20" height="20" pointer-events="all" position="absolute" version="1.1"
      xmlns="http://www.w3.org/1999/xhtml"><circle cx="10" cy="10" r="10" version="1.1"
      xmlns="http://www.w3.org/1999/xhtml" fill="#666" stroke="none" style=""></circle></svg></div><div class="_jsPlumb_endpoint target-endpoint dependency-target-endpoint _jsPlumb_endpoint_anchor_ ui-draggable ui-droppable _jsPlumb_endpoint_connected" style="position: absolute; height: 20px; width: 20px; left: 479px; top: 357px;"><svg style="position:absolute;left:0px;top:0px" width="20" height="20" pointer-events="all" position="absolute" version="1.1"
      xmlns="http://www.w3.org/1999/xhtml"><circle cx="10" cy="10" r="10" version="1.1"
      xmlns="http://www.w3.org/1999/xhtml" fill="#666" stroke="none" style=""></circle></svg></div><div class="_jsPlumb_endpoint source-endpoint dependency-source-endpoint connected _jsPlumb_endpoint_anchor_ ui-draggable ui-droppable _jsPlumb_endpoint_connected endpointDrag" style="position: absolute; height: 20px; width: 20px; left: 511px; top: 525px; visibility: visible;" dragid="jsPlumb_1_772" elid="jsPlumb_1_626"><svg style="position:absolute;left:0px;top:0px" width="20" height="20" pointer-events="all" position="absolute" version="1.1"
      xmlns="http://www.w3.org/1999/xhtml"><circle cx="10" cy="10" r="10" version="1.1"
      xmlns="http://www.w3.org/1999/xhtml" fill="#666" stroke="none" style=""></circle></svg></div><div class="_jsPlumb_endpoint target-endpoint dependency-target-endpoint _jsPlumb_endpoint_anchor_ ui-draggable ui-droppable _jsPlumb_endpoint_connected" style="position: absolute; height: 20px; width: 20px; left: 511px; top: 485px;"><svg style="position:absolute;left:0px;top:0px" width="20" height="20" pointer-events="all" position="absolute" version="1.1"
      xmlns="http://www.w3.org/1999/xhtml"><circle cx="10" cy="10" r="10" version="1.1"
      xmlns="http://www.w3.org/1999/xhtml" fill="#666" stroke="none" style=""></circle></svg></div><div class="_jsPlumb_endpoint source-endpoint dependency-source-endpoint connected _jsPlumb_endpoint_anchor_ ui-draggable ui-droppable" style="position: absolute; height: 20px; width: 20px; left: 510.5px; top: 653px;"><svg style="position:absolute;left:0px;top:0px" width="20" height="20" pointer-events="all" position="absolute" version="1.1"
      xmlns="http://www.w3.org/1999/xhtml"><circle cx="10" cy="10" r="10" version="1.1"
      xmlns="http://www.w3.org/1999/xhtml" fill="#666" stroke="none" style=""></circle></svg></div><div class="_jsPlumb_endpoint target-endpoint dependency-target-endpoint _jsPlumb_endpoint_anchor_ ui-draggable ui-droppable _jsPlumb_endpoint_connected" style="position: absolute; height: 20px; width: 20px; left: 510.5px; top: 613px;"><svg style="position:absolute;left:0px;top:0px" width="20" height="20" pointer-events="all" position="absolute" version="1.1"
      xmlns="http://www.w3.org/1999/xhtml"><circle cx="10" cy="10" r="10" version="1.1"
      xmlns="http://www.w3.org/1999/xhtml" fill="#666" stroke="none" style=""></circle></svg></div><div class="_jsPlumb_endpoint source-endpoint dependency-source-endpoint connected _jsPlumb_endpoint_anchor_ ui-draggable ui-droppable endpointDrag _jsPlumb_endpoint_connected" style="position: absolute; height: 20px; width: 20px; left: 699px; top: 525px; visibility: visible;" dragid="jsPlumb_1_762" elid="jsPlumb_1_632"><svg style="position:absolute;left:0px;top:0px" width="20" height="20" pointer-events="all" position="absolute" version="1.1"
      xmlns="http://www.w3.org/1999/xhtml"><circle cx="10" cy="10" r="10" version="1.1"
      xmlns="http://www.w3.org/1999/xhtml" fill="#666" stroke="none" style=""></circle></svg></div><div class="_jsPlumb_endpoint source-endpoint dependency-source-endpoint connected _jsPlumb_endpoint_anchor_ ui-draggable ui-droppable" style="position: absolute; height: 20px; width: 20px; left: 697.5px; top: 909px;"><svg style="position:absolute;left:0px;top:0px" width="20" height="20" pointer-events="all" position="absolute" version="1.1"
      xmlns="http://www.w3.org/1999/xhtml"><circle cx="10" cy="10" r="10" version="1.1"
      xmlns="http://www.w3.org/1999/xhtml" fill="#666" stroke="none" style=""></circle></svg></div><div class="_jsPlumb_endpoint source-endpoint dependency-source-endpoint connected _jsPlumb_endpoint_anchor_ ui-draggable ui-droppable endpointDrag _jsPlumb_endpoint_connected" style="position: absolute; height: 20px; width: 20px; left: 700px; top: 653px; visibility: visible;" dragid="jsPlumb_1_720" elid="jsPlumb_1_638"><svg style="position:absolute;left:0px;top:0px" width="20" height="20" pointer-events="all" position="absolute" version="1.1"
      xmlns="http://www.w3.org/1999/xhtml"><circle cx="10" cy="10" r="10" version="1.1"
      xmlns="http://www.w3.org/1999/xhtml" fill="#666" stroke="none" style=""></circle></svg></div><div class="_jsPlumb_endpoint source-endpoint dependency-source-endpoint connected _jsPlumb_endpoint_anchor_ ui-draggable ui-droppable endpointDrag _jsPlumb_endpoint_connected" style="position: absolute; height: 20px; width: 20px; left: 699.5px; top: 781px; visibility: visible;" dragid="jsPlumb_1_742" elid="jsPlumb_1_671"><svg style="position:absolute;left:0px;top:0px" width="20" height="20" pointer-events="all" position="absolute" version="1.1"
      xmlns="http://www.w3.org/1999/xhtml"><circle cx="10" cy="10" r="10" version="1.1"
      xmlns="http://www.w3.org/1999/xhtml" fill="#666" stroke="none" style=""></circle></svg></div><svg style="position:absolute;left:699px;top:662.5px" width="21.5" height="89" pointer-events="none" position="absolute" version="1.1"
      xmlns="http://www.w3.org/1999/xhtml" class="_jsPlumb_connector"><path d="M 0 88 C -10 38 10.5 50 0.5 0 " transform="translate(10.5,0.5)" pointer-events="visibleStroke" version="1.1"
      xmlns="http://www.w3.org/1999/xhtml" fill="none" stroke="#666" style=""></path><path pointer-events="all" version="1.1"
      xmlns="http://www.w3.org/1999/xhtml" d="M-2.7747343749999995,66.78168750000002 L4.918836648297567,47.038107153227145 L-2.286251050858403,52.790212093809444 L-9.072638757893003,46.54962382908555 L-2.7747343749999995,66.78168750000002" class="" stroke="#666" fill="#666" transform="translate(10.5,0.5)"></path></svg><div class="_jsPlumb_endpoint target-endpoint dependency-target-endpoint _jsPlumb_endpoint_anchor_ ui-draggable ui-droppable _jsPlumb_endpoint_connected connected" style="position: absolute; height: 20px; width: 20px; left: 699.5px; top: 741px;"><svg style="position:absolute;left:0px;top:0px" width="20" height="20" pointer-events="all" position="absolute" version="1.1"
      xmlns="http://www.w3.org/1999/xhtml"><circle cx="10" cy="10" r="10" version="1.1"
      xmlns="http://www.w3.org/1999/xhtml" fill="#666" stroke="none" style=""></circle></svg></div><svg style="position:absolute;left:697px;top:790.5px" width="23" height="89" pointer-events="none" position="absolute" version="1.1"
      xmlns="http://www.w3.org/1999/xhtml" class="_jsPlumb_connector"><path d="M 0 88 C -10 38 12 50 2 0 " transform="translate(10.5,0.5)" pointer-events="visibleStroke" version="1.1"
      xmlns="http://www.w3.org/1999/xhtml" fill="none" stroke="#666" style=""></path><path pointer-events="all" version="1.1"
      xmlns="http://www.w3.org/1999/xhtml" d="M-2.6529999999999996,66.78168750000002 L5.422684726887218,47.19129913754225 L-1.8927913941925154,52.80234263424697 L-8.556660138865833,46.431090531734775 L-2.6529999999999996,66.78168750000002" class="" stroke="#666" fill="#666" transform="translate(10.5,0.5)"></path></svg><div class="_jsPlumb_endpoint target-endpoint dependency-target-endpoint _jsPlumb_endpoint_anchor_ ui-draggable ui-droppable _jsPlumb_endpoint_connected connected" style="position: absolute; height: 20px; width: 20px; left: 697.5px; top: 869px;"><svg style="position:absolute;left:0px;top:0px" width="20" height="20" pointer-events="all" position="absolute" version="1.1"
      xmlns="http://www.w3.org/1999/xhtml"><circle cx="10" cy="10" r="10" version="1.1"
      xmlns="http://www.w3.org/1999/xhtml" fill="#666" stroke="none" style=""></circle></svg></div><svg style="position:absolute;left:698.5px;top:534.5px" width="22" height="89" pointer-events="none" position="absolute" version="1.1"
      xmlns="http://www.w3.org/1999/xhtml" class="_jsPlumb_connector"><path d="M 1 88 C 11 38 -10 50 0 0 " transform="translate(10.5,0.5)" pointer-events="visibleStroke" version="1.1"
      xmlns="http://www.w3.org/1999/xhtml" fill="none" stroke="#666" style=""></path><path pointer-events="all" version="1.1"
      xmlns="http://www.w3.org/1999/xhtml" d="M3.7341562499999994,66.78168750000002 L9.900828592736769,46.50923939383077 L3.155021153255475,52.793671109542124 L-4.087187797721125,47.08837449057529 L3.7341562499999994,66.78168750000002" class="" stroke="#666" fill="#666" transform="translate(10.5,0.5)"></path></svg><div class="_jsPlumb_endpoint target-endpoint dependency-target-endpoint _jsPlumb_endpoint_anchor_ ui-draggable ui-droppable _jsPlumb_endpoint_connected connected" style="position: absolute; height: 20px; width: 20px; left: 700px; top: 613px;"><svg style="position:absolute;left:0px;top:0px" width="20" height="20" pointer-events="all" position="absolute" version="1.1"
      xmlns="http://www.w3.org/1999/xhtml"><circle cx="10" cy="10" r="10" version="1.1"
      xmlns="http://www.w3.org/1999/xhtml" fill="#666" stroke="none" style=""></circle></svg></div><svg style="position:absolute;left:510.5px;top:534.5px" width="210" height="89" pointer-events="none" position="absolute" version="1.1"
      xmlns="http://www.w3.org/1999/xhtml" class="_jsPlumb_connector"><path d="M 189 88 C 199 38 -10 50 0 0 " transform="translate(10.5,0.5)" pointer-events="visibleStroke" version="1.1"
      xmlns="http://www.w3.org/1999/xhtml" fill="none" stroke="#666" style=""></path><path pointer-events="all" version="1.1"
      xmlns="http://www.w3.org/1999/xhtml" d="M161.19121725,59.788559500000005 L144.31822748126,46.97051689342412 L147.87138359589835,55.47787145433246 L140.00753943559243,60.29035054752576 L161.19121725,59.788559500000005" class="" stroke="#666" fill="#666" transform="translate(10.5,0.5)"></path></svg></div></div></body></html>
 ]]>
    </visualization>
  </metadata>
</job>
