<?xml version="1.0" encoding="UTF-8"?>
<job
  xmlns:xsi="http://www.w3.org/2001/XMLSchema-instance"
  xmlns="urn:proactive:jobdescriptor:3.12" xsi:schemaLocation="urn:proactive:jobdescriptor:3.12 http://www.activeeon.com/public_content/schemas/proactive/jobdescriptor/3.12/schedulerjob.xsd"  name="Anomaly_Detection_In_HDFS_Nodes" projectName="3. Log Analysis" priority="normal" onTaskError="continueJobExecution"  maxNumberOfExecution="2"  >
  <variables>
    <variable name="NATIVE_SCHEDULER" value=""/>
    <variable name="NATIVE_SCHEDULER_PARAMS" value=""/>
    <variable name="NODE_ACCESS_TOKEN" value=""/>
    <variable model="PA:LIST(no-container,docker,podman,singularity)" name="CONTAINER_PLATFORM" value="docker"/>
    <variable model="PA:Boolean" name="CONTAINER_GPU_ENABLED" value="False"/>
    <variable model="PA:LIST(,docker://activeeon/dlm3,docker://activeeon/cuda,docker://activeeon/cuda2,docker://activeeon/rapidsai,docker://activeeon/tensorflow:latest,docker://activeeon/tensorflow:latest-gpu)" name="CONTAINER_IMAGE" value=""/>
    <variable name="VISDOM_INSTANCE_NAME" value="visdom-server-${PA_JOB_ID}"/>
    <variable name="VISDOM_PROXYFIED" value="False" model="PA:Boolean"/>
    <variable name="VISDOM_ENABLE_LOGIN" value="False" model="PA:Boolean"/>
    <variable name="VISDOM_USERNAME" value=""/>
    <variable name="VISDOM_PASSWORD" value="" model="PA:HIDDEN"/>
  </variables>
  <description>
    <![CDATA[ Detect anomalies in nodes reported in HDFS logs ]]>
  </description>
  <genericInformation>
    <info name="bucketName" value="machine-learning-workflows"/>
    <info name="workflow.icon" value="/automation-dashboard/styles/patterns/img/wf-icons/log_analysis.png"/>
    <info name="Documentation" value="MLOS/MLOSUserGuide.html#_log_analysis"/>
    <info name="NS" value="$NATIVE_SCHEDULER"/>
    <info name="NS_BATCH" value="$NATIVE_SCHEDULER_PARAMS"/>
    <info name="NODE_ACCESS_TOKEN" value="$NODE_ACCESS_TOKEN"/>
    <info name="group" value="public-objects"/>
  </genericInformation>
  <taskFlow>
    <task name="Wait_For_Web_Validation" 
    
    onTaskError="pauseJob" 
    
    
    fork="true">
      <description>
        <![CDATA[ Task to pause the job and send a validation message to the notification service ]]>
      </description>
      <genericInformation>
        <info name="TASK.ICON" value="/automation-dashboard/styles/patterns/img/wf-icons/visdom.png"/>
      </genericInformation>
      <depends>
        <task ref="Visdom_Visualize_Results"/>
      </depends>
      <scriptExecutable>
        <script>
          <file url="${PA_CATALOG_REST_URL}/buckets/notification-tools/resources/Web_Validation_Script/raw" language="groovy">
            <arguments>
              <argument value="Please, validate to stop the Visdom service"/>
            </arguments>
          </file>
        </script>
      </scriptExecutable>
      <metadata>
        <positionTop>
            874.640625
        </positionTop>
        <positionLeft>
            471.046875
        </positionLeft>
      </metadata>
    </task>
    <task name="Log_Parser" 
    
    
    
    preciousResult="true" 
    fork="true">
      <description>
        <![CDATA[ Extracts a group of event templates, whereby raw logs can be structured. ]]>
      </description>
      <variables>
        <variable name="LOG_FILE" value="https://s3.eu-west-2.amazonaws.com/activeeon-public/datasets/HDFS_2k.log" inherited="false" />
        <variable name="PATTERNS_FILE" value="https://s3.eu-west-2.amazonaws.com/activeeon-public/datasets/patterns.csv" inherited="false" />
        <variable name="STRUCTURED_LOG_FILE" value="HTML" inherited="false" />
        <variable name="TASK_ENABLED" value="True" inherited="false" model="PA:Boolean"/>
      </variables>
      <genericInformation>
        <info name="task.icon" value="/automation-dashboard/styles/patterns/img/wf-icons/log_parser.png"/>
      </genericInformation>
      <forkEnvironment javaHome="/usr" >
        <envScript>
          <script>
            <file url="${PA_CATALOG_REST_URL}/buckets/scripts/resources/fork_env_cuda_universal/raw" language="groovy"></file>
          </script>
        </envScript>
      </forkEnvironment>
      <scriptExecutable>
        <script>
          <file url="${PA_CATALOG_REST_URL}/buckets/machine-learning-scripts/resources/Log_Parser/raw" language="cpython"></file>
        </script>
      </scriptExecutable>
      <controlFlow block="none"></controlFlow>
      <metadata>
        <positionTop>
            106.640625
        </positionTop>
        <positionLeft>
            279.046875
        </positionLeft>
      </metadata>
    </task>
    <task name="Feature_Vector_Extractor" 
    
    
    
    preciousResult="true" 
    fork="true">
      <description>
        <![CDATA[ Encodes structured data into numerical feature vectors whereby machine learning models can be applied. ]]>
      </description>
      <variables>
        <variable name="SESSION_COLUMN" value="ip_from" inherited="false" />
        <variable name="PATTERN_COLUMN" value="pattern_id" inherited="false" />
        <variable name="PATTERNS_COUNT_FEATURES" value="False" inherited="false" model="PA:Boolean"/>
        <variable name="STATE_VARIABLES" value="status,date" inherited="false" />
        <variable name="COUNT_VARIABLES" value="ip_from,ip_to,pid,date,time" inherited="false" />
        <variable name="STATE_COUNT_FEATURES_VARIABLES" value="True" inherited="false" />
        <variable name="TASK_ENABLED" value="True" inherited="false" model="PA:Boolean"/>
      </variables>
      <genericInformation>
        <info name="task.icon" value="/automation-dashboard/styles/patterns/img/wf-icons/filled_filter.png"/>
      </genericInformation>
      <depends>
        <task ref="Log_Parser"/>
      </depends>
      <forkEnvironment javaHome="/usr" >
        <envScript>
          <script>
            <file url="${PA_CATALOG_REST_URL}/buckets/scripts/resources/fork_env_cuda_universal/raw" language="groovy"></file>
          </script>
        </envScript>
      </forkEnvironment>
      <scriptExecutable>
        <script>
          <file url="${PA_CATALOG_REST_URL}/buckets/machine-learning-scripts/resources/Feature_Vector_Extractor/raw" language="cpython"></file>
        </script>
      </scriptExecutable>
      <controlFlow block="none"></controlFlow>
      <metadata>
        <positionTop>
            234.640625
        </positionTop>
        <positionLeft>
            279.046875
        </positionLeft>
      </metadata>
    </task>
    <task name="Split_Data" 
    
    
    
    
    fork="true">
      <description>
        <![CDATA[ Separate data into training and testing sets. ]]>
      </description>
      <variables>
        <variable name="TRAIN_SIZE" value="0.7" inherited="false" />
        <variable name="TASK_ENABLED" value="True" inherited="false" model="PA:Boolean"/>
      </variables>
      <genericInformation>
        <info name="task.icon" value="/automation-dashboard/styles/patterns/img/wf-icons/data-processing.png"/>
        <info name="task.documentation" value="MLOS/MLOSUserGuide.html#_split_data"/>
      </genericInformation>
      <depends>
        <task ref="Feature_Vector_Extractor"/>
      </depends>
      <forkEnvironment javaHome="/usr" >
        <envScript>
          <script>
            <file url="${PA_CATALOG_REST_URL}/buckets/scripts/resources/fork_env_cuda_universal/raw" language="groovy"></file>
          </script>
        </envScript>
      </forkEnvironment>
      <scriptExecutable>
        <script>
          <file url="${PA_CATALOG_REST_URL}/buckets/machine-learning-scripts/resources/Split_Data/raw" language="cpython"></file>
        </script>
      </scriptExecutable>
      <controlFlow block="none"></controlFlow>
      <metadata>
        <positionTop>
            362.640625
        </positionTop>
        <positionLeft>
            279.046875
        </positionLeft>
      </metadata>
    </task>
    <task name="Predict_Model" 
    
    
    
    preciousResult="true" 
    fork="true">
      <description>
        <![CDATA[ Generate predictions using a trained model. ]]>
      </description>
      <variables>
        <variable name="TASK_ENABLED" value="True" inherited="false" model="PA:Boolean"/>
        <variable name="LABEL_COLUMN" value="" inherited="false" />
      </variables>
      <genericInformation>
        <info name="task.icon" value="/automation-dashboard/styles/patterns/img/wf-icons/predict.png"/>
        <info name="task.documentation" value="MLOS/MLOSUserGuide.html#_predict_model"/>
      </genericInformation>
      <depends>
        <task ref="Split_Data"/>
        <task ref="Train_Model"/>
      </depends>
      <forkEnvironment javaHome="/usr" >
        <envScript>
          <script>
            <file url="${PA_CATALOG_REST_URL}/buckets/scripts/resources/fork_env_cuda_universal/raw" language="groovy"></file>
          </script>
        </envScript>
      </forkEnvironment>
      <scriptExecutable>
        <script>
          <file url="${PA_CATALOG_REST_URL}/buckets/machine-learning-scripts/resources/Predict_Model/raw" language="cpython"></file>
        </script>
      </scriptExecutable>
      <controlFlow block="none"></controlFlow>
      <metadata>
        <positionTop>
            618.640625
        </positionTop>
        <positionLeft>
            343.046875
        </positionLeft>
      </metadata>
    </task>
    <task name="Preview_Results" 
    
    
    
    preciousResult="true" 
    fork="true">
      <description>
        <![CDATA[ Export the results. ]]>
      </description>
      <variables>
        <variable name="TASK_ENABLED" value="True" inherited="false" model="PA:Boolean"/>
        <variable name="OUTPUT_TYPE" value="HTML" inherited="false" model="PA:LIST(CSV,JSON,HTML)"/>
        <variable name="LIMIT_OUTPUT_VIEW" value="1000" inherited="false" model="PA:Integer"/>
      </variables>
      <genericInformation>
        <info name="task.icon" value="/automation-dashboard/styles/patterns/img/wf-icons/export_data.png"/>
        <info name="task.documentation" value="MLOS/MLOSUserGuide.html#_export_results"/>
      </genericInformation>
      <depends>
        <task ref="Predict_Model"/>
      </depends>
      <forkEnvironment javaHome="/usr" >
        <envScript>
          <script>
            <file url="${PA_CATALOG_REST_URL}/buckets/scripts/resources/fork_env_cuda_universal/raw" language="groovy"></file>
          </script>
        </envScript>
      </forkEnvironment>
      <scriptExecutable>
        <script>
          <file url="${PA_CATALOG_REST_URL}/buckets/machine-learning-scripts/resources/Preview_Results/raw" language="cpython"></file>
        </script>
      </scriptExecutable>
      <controlFlow block="none"></controlFlow>
      <metadata>
        <positionTop>
            746.640625
        </positionTop>
        <positionLeft>
            338.046875
        </positionLeft>
      </metadata>
    </task>
    <task name="Visdom_Visualize_Results" 
    
    
    
    
    fork="true">
      <description>
        <![CDATA[ Plot the different results obtained by a predictive model using Visdom ]]>
      </description>
      <variables>
        <variable name="TASK_ENABLED" value="True" inherited="false" />
        <variable name="TARGET_CLASS" value="0" inherited="false" />
        <variable name="VISDOM_ENDPOINT" value="" inherited="false" />
      </variables>
      <genericInformation>
        <info name="task.icon" value="/automation-dashboard/styles/patterns/img/wf-icons/visdom.png"/>
        <info name="task.documentation" value="MLOS/MLOSUserGuide.html#_visdom_visualize_results"/>
      </genericInformation>
      <depends>
        <task ref="Predict_Model"/>
        <task ref="Start_Visdom_Service"/>
      </depends>
      <forkEnvironment javaHome="/usr" >
        <envScript>
          <script>
            <file url="${PA_CATALOG_REST_URL}/buckets/scripts/resources/fork_env_cuda_universal/raw" language="groovy"></file>
          </script>
        </envScript>
      </forkEnvironment>
      <scriptExecutable>
        <script>
          <file url="${PA_CATALOG_REST_URL}/buckets/data-visualization-scripts/resources/Visdom_Visualize_Results/raw" language="cpython"></file>
        </script>
      </scriptExecutable>
      <controlFlow block="none"></controlFlow>
      <metadata>
        <positionTop>
            746.640625
        </positionTop>
        <positionLeft>
            471.046875
        </positionLeft>
      </metadata>
    </task>
    <task name="Visdom_Service_Actions" 
    
    onTaskError="cancelJob" 
    
    
    fork="true">
      <description>
        <![CDATA[ This task manages the life-cycle of Visdom PCA service. It allows to trigger the following action: Finish_Visdom.
It requires the following variables:
INSTANCE_ID: if used alone or;
INSTANCE_NAME: if used within the same workflow as a Visdom_Service_Start task. In this case there is no need for an INSTANCE_ID.
ACTION: the action to execute on the Visdom service among the aforementioned actions. ]]>
      </description>
      <variables>
        <variable inherited="false" name="INSTANCE_NAME" value="$VISDOM_INSTANCE_NAME"/>
        <variable inherited="false" name="ACTION" value="Finish_Visdom" model="PA:LIST(Finish_Visdom)"/>
        <variable inherited="false" name="INSTANCE_ID" value=""/>
      </variables>
      <genericInformation>
        <info name="task.icon" value="/automation-dashboard/styles/patterns/img/wf-icons/visdom.png"/>
        <info name="task.documentation" value="MLOS/MLOSUserGuide.html"/>
      </genericInformation>
      <depends>
        <task ref="Wait_For_Web_Validation"/>
      </depends>
      <scriptExecutable>
        <script>
          <file url="${PA_CATALOG_REST_URL}/buckets/cloud-automation-scripts/resources/Service_Action/raw" language="groovy">
            <arguments>
              <argument value="INSTANCE_NAME"/>
            </arguments>
          </file>
        </script>
      </scriptExecutable>
      <controlFlow block="none"></controlFlow>
      <metadata>
        <positionTop>
            1002.640625
        </positionTop>
        <positionLeft>
            471.046875
        </positionLeft>
      </metadata>
    </task>
    <task name="K_Means" 
    
    
    
    
    fork="true">
      <description>
        <![CDATA[ K-means algorithm aims to partition n observations into k clusters in which each observation belongs to the cluster with the nearest mean, serving as a prototype of the cluster. ]]>
      </description>
      <variables>
        <variable name="TASK_ENABLED" value="True" inherited="false" model="PA:Boolean"/>
        <variable name="INPUT_VARIABLES" value="{}" inherited="true" />
        <variable name="SCORING" value="v_measure_score" inherited="false" model="PA:LIST(adjusted_mutual_info_score,adjusted_rand_score,completeness_score,fowlkes_mallows_score, homogeneity_score, mutual_info_score, normalized_mutual_info_score, v_measure_score)"/>
      </variables>
      <genericInformation>
        <info name="task.icon" value="/automation-dashboard/styles/patterns/img/wf-icons/ml_clustering.png"/>
        <info name="task.documentation" value="MLOS/MLOSUserGuide.html#_kmeans"/>
      </genericInformation>
      <forkEnvironment javaHome="/usr" >
        <envScript>
          <script>
            <file url="${PA_CATALOG_REST_URL}/buckets/scripts/resources/fork_env_cuda_universal/raw" language="groovy"></file>
          </script>
        </envScript>
      </forkEnvironment>
      <pre>
        <script>
          <file url="${PA_CATALOG_REST_URL}/buckets/scripts/resources/get_automl_params/raw" language="groovy"></file>
        </script>
      </pre>
      <scriptExecutable>
        <script>
          <file url="${PA_CATALOG_REST_URL}/buckets/machine-learning-scripts/resources/K_means/raw" language="cpython"></file>
        </script>
      </scriptExecutable>
      <controlFlow block="none"></controlFlow>
      <metadata>
        <positionTop>
            362.640625
        </positionTop>
        <positionLeft>
            407.046875
        </positionLeft>
      </metadata>
    </task>
    <task name="Train_Model" 
    
    
    
    preciousResult="true" 
    fork="true">
      <description>
        <![CDATA[ Train a classification/clustering/anomaly detection model ]]>
      </description>
      <variables>
        <variable name="TASK_ENABLED" value="True" inherited="false" />
        <variable name="LABEL_COLUMN" value="" inherited="false" />
        <variable name="TOKEN" value="{&quot;_token_id&quot;: 0}" inherited="false" />
        <variable name="N_SPLITS" value="5" inherited="false" model="PA:Integer"/>
      </variables>
      <genericInformation>
        <info name="task.icon" value="/automation-dashboard/styles/patterns/img/wf-icons/train.png"/>
        <info name="task.documentation" value="MLOS/MLOSUserGuide.html#_train_model"/>
      </genericInformation>
      <depends>
        <task ref="Split_Data"/>
        <task ref="K_Means"/>
      </depends>
      <forkEnvironment javaHome="/usr" >
        <envScript>
          <script>
            <file url="${PA_CATALOG_REST_URL}/buckets/scripts/resources/fork_env_cuda_universal/raw" language="groovy"></file>
          </script>
        </envScript>
      </forkEnvironment>
      <pre>
        <script>
          <code language="groovy">
            <![CDATA[
token_encoded = variables.get('token_encoded')

// If encoded variables are found
if (token_encoded != null && token_encoded.length() > 0)
{
    println "Found encoded variables:"
    println "token_encoded: " + token_encoded
    byte[] token_decoded = token_encoded.decodeBase64()
    token = new String(token_decoded)
    variables.put('TOKEN', token)
}
]]>
          </code>
        </script>
      </pre>
      <scriptExecutable>
        <script>
          <file url="${PA_CATALOG_REST_URL}/buckets/machine-learning-scripts/resources/Train_Model/raw" language="cpython"></file>
        </script>
      </scriptExecutable>
      <controlFlow block="none"></controlFlow>
      <metadata>
        <positionTop>
            490.640625
        </positionTop>
        <positionLeft>
            377.546875
        </positionLeft>
      </metadata>
    </task>
    <task name="Start_Visdom_Service" 
    
    onTaskError="cancelJob" 
    
    
    fork="true">
      <description>
        <![CDATA[ Start the Visdom server as a service. ]]>
      </description>
      <variables>
        <variable inherited="false" name="SERVICE_ID" value="Visdom"/>
        <variable inherited="false" name="INSTANCE_NAME" value="$VISDOM_INSTANCE_NAME"/>
        <variable inherited="false" name="ENGINE" value="$CONTAINER_PLATFORM"/>
        <variable inherited="false" name="PROXYFIED" value="$VISDOM_PROXYFIED"/>
        <variable inherited="true" name="NATIVE_SCHEDULER" value=""/>
        <variable inherited="true" name="NATIVE_SCHEDULER_PARAMS" value=""/>
      </variables>
      <genericInformation>
        <info name="task.icon" value="/automation-dashboard/styles/patterns/img/wf-icons/visdom.png"/>
        <info name="task.documentation" value="MLOS/MLOSUserGuide.html"/>
      </genericInformation>
      <scriptExecutable>
        <script>
          <file url="${PA_CATALOG_REST_URL}/buckets/cloud-automation-scripts/resources/Service_Start/raw" language="groovy">
            <arguments>
              <argument value="NATIVE_SCHEDULER"/>
              <argument value="NATIVE_SCHEDULER_PARAMS"/>
              <argument value="ENGINE"/>
              <argument value="PROXYFIED"/>
              <argument value="VISDOM_ENABLE_LOGIN"/>
              <argument value="VISDOM_USERNAME"/>
              <argument value="VISDOM_PASSWORD"/>
            </arguments>
          </file>
        </script>
      </scriptExecutable>
      <controlFlow block="none"></controlFlow>
      <post>
        <script>
          <code language="groovy">
            <![CDATA[
variables.put("ENDPOINT_VISDOM",variables.get("ENDPOINT_" + variables.get("INSTANCE_NAME")))
]]>
          </code>
        </script>
      </post>
      <metadata>
        <positionTop>
            619.015625
        </positionTop>
        <positionLeft>
            538.234375
        </positionLeft>
      </metadata>
    </task>
  </taskFlow>
  <metadata>
    <visualization>
      <![CDATA[ <html><head><link rel="stylesheet" href="/studio/styles/studio-standalone.css"><style>
        #workflow-designer {
            left:0 !important;
            top:0 !important;
            width:2080px;
            height:2712px;
            }
        </style></head><body><div id="workflow-visualization-view"><div id="workflow-visualization" style="position:relative;top:-101.640625px;left:-274.046875px"><div class="task ui-draggable _jsPlumb_endpoint_anchor_" id="jsPlumb_1_1313" style="top: 874.641px; left: 471.047px;"><a class="task-name" data-toggle="tooltip" data-placement="right" title="Task to pause the job and send a validation message to the notification service"><img src="/automation-dashboard/styles/patterns/img/wf-icons/visdom.png" width="20px">&nbsp;<span class="name">Wait_For_Web_Validation</span></a></div><div class="task ui-draggable" id="jsPlumb_1_1316" style="top: 106.641px; left: 279.047px;"><a class="task-name" data-toggle="tooltip" data-placement="right" title="Extracts a group of event templates, whereby raw logs can be structured."><img src="/automation-dashboard/styles/patterns/img/wf-icons/log_parser.png" width="20px">&nbsp;<span class="name">Log_Parser</span></a></div><div class="task ui-draggable _jsPlumb_endpoint_anchor_" id="jsPlumb_1_1319" style="top: 234.641px; left: 279.047px;"><a class="task-name" data-toggle="tooltip" data-placement="right" title="Encodes structured data into numerical feature vectors whereby machine learning models can be applied."><img src="/automation-dashboard/styles/patterns/img/wf-icons/filled_filter.png" width="20px">&nbsp;<span class="name">Feature_Vector_Extractor</span></a></div><div class="task ui-draggable _jsPlumb_endpoint_anchor_" id="jsPlumb_1_1322" style="top: 362.641px; left: 279.047px;"><a class="task-name" data-toggle="tooltip" data-placement="right" title="Separate data into training and testing sets."><img src="/automation-dashboard/styles/patterns/img/wf-icons/data-processing.png" width="20px">&nbsp;<span class="name">Split_Data</span></a></div><div class="task ui-draggable _jsPlumb_endpoint_anchor_" id="jsPlumb_1_1325" style="top: 618.641px; left: 343.047px;"><a class="task-name" data-toggle="tooltip" data-placement="right" title="Generate predictions using a trained model."><img src="/automation-dashboard/styles/patterns/img/wf-icons/predict.png" width="20px">&nbsp;<span class="name">Predict_Model</span></a></div><div class="task ui-draggable _jsPlumb_endpoint_anchor_" id="jsPlumb_1_1328" style="top: 746.641px; left: 338.047px;"><a class="task-name" data-toggle="tooltip" data-placement="right" title="Export the results."><img src="/automation-dashboard/styles/patterns/img/wf-icons/export_data.png" width="20px">&nbsp;<span class="name">Preview_Results</span></a></div><div class="task ui-draggable _jsPlumb_endpoint_anchor_" id="jsPlumb_1_1331" style="top: 746.641px; left: 471.047px;"><a class="task-name" data-toggle="tooltip" data-placement="right" title="Plot the different results obtained by a predictive model using Visdom"><img src="/automation-dashboard/styles/patterns/img/wf-icons/visdom.png" width="20px">&nbsp;<span class="name">Visdom_Visualize_Results</span></a></div><div class="task ui-draggable _jsPlumb_endpoint_anchor_" id="jsPlumb_1_1334" style="top: 1002.64px; left: 471.047px;"><a class="task-name" data-toggle="tooltip" data-placement="right" title="This task manages the life-cycle of Visdom PCA service. It allows to trigger the following action: Finish_Visdom.
It requires the following variables:
INSTANCE_ID: if used alone or;
INSTANCE_NAME: if used within the same workflow as a Visdom_Service_Start task. In this case there is no need for an INSTANCE_ID.
ACTION: the action to execute on the Visdom service among the aforementioned actions."><img src="/automation-dashboard/styles/patterns/img/wf-icons/visdom.png" width="20px">&nbsp;<span class="name">Visdom_Service_Actions</span></a></div><div class="task ui-draggable" id="jsPlumb_1_1337" style="top: 362.641px; left: 407.047px;"><a class="task-name" data-toggle="tooltip" data-placement="right" title="K-means algorithm aims to partition n observations into k clusters in which each observation belongs to the cluster with the nearest mean, serving as a prototype of the cluster."><img src="/automation-dashboard/styles/patterns/img/wf-icons/ml_clustering.png" width="20px">&nbsp;<span class="name">K_Means</span></a></div><div class="task ui-draggable _jsPlumb_endpoint_anchor_" id="jsPlumb_1_1340" style="top: 490.641px; left: 377.547px;"><a class="task-name" data-toggle="tooltip" data-placement="right" title="Train a classification/clustering/anomaly detection model"><img src="/automation-dashboard/styles/patterns/img/wf-icons/train.png" width="20px">&nbsp;<span class="name">Train_Model</span></a></div><div class="task ui-draggable active-task" id="jsPlumb_1_1343" style="top: 619.016px; left: 538.234px; z-index: 24;"><a class="task-name" data-toggle="tooltip" data-placement="right" title="Start the Visdom server as a service."><img src="/automation-dashboard/styles/patterns/img/wf-icons/visdom.png" width="20px">&nbsp;<span class="name">Start_Visdom_Service</span></a></div><svg style="position:absolute;left:535.5px;top:786.5px" width="22" height="89" pointer-events="none" position="absolute" version="1.1"
      xmlns="http://www.w3.org/1999/xhtml" class="_jsPlumb_connector "><path d="M 0 88 C -10 38 11 50 1 0 " transform="translate(10.5,0.5)" pointer-events="visibleStroke" version="1.1"
      xmlns="http://www.w3.org/1999/xhtml" fill="none" stroke="#666" style=""></path><path pointer-events="all" version="1.1"
      xmlns="http://www.w3.org/1999/xhtml" d="M-2.73415625,66.78168750000002 L5.087187797721125,47.08837449057529 L-2.1550211532554755,52.793671109542124 L-8.900828592736769,46.50923939383077 L-2.73415625,66.78168750000002" class="" stroke="#666" fill="#666" transform="translate(10.5,0.5)"></path><path pointer-events="all" version="1.1"
      xmlns="http://www.w3.org/1999/xhtml" d="M-2.73415625,66.78168750000002 L5.087187797721125,47.08837449057529 L-2.1550211532554755,52.793671109542124 L-8.900828592736769,46.50923939383077 L-2.73415625,66.78168750000002" class="" stroke="#666" fill="#666" transform="translate(10.5,0.5)"></path></svg><svg style="position:absolute;left:318.5px;top:146.5px" width="45.5" height="89" pointer-events="none" position="absolute" version="1.1"
      xmlns="http://www.w3.org/1999/xhtml" class="_jsPlumb_connector "><path d="M 24.5 88 C 34.5 38 -10 50 0 0 " transform="translate(10.5,0.5)" pointer-events="visibleStroke" version="1.1"
      xmlns="http://www.w3.org/1999/xhtml" fill="none" stroke="#666" style=""></path><path pointer-events="all" version="1.1"
      xmlns="http://www.w3.org/1999/xhtml" d="M25.144359625,65.8307285 L24.91960402101258,44.64230041015633 L20.379554453683394,52.666510647070254 L11.755386168082827,49.40710558147294 L25.144359625,65.8307285" class="" stroke="#666" fill="#666" transform="translate(10.5,0.5)"></path><path pointer-events="all" version="1.1"
      xmlns="http://www.w3.org/1999/xhtml" d="M25.144359625,65.8307285 L24.91960402101258,44.64230041015633 L20.379554453683394,52.666510647070254 L11.755386168082827,49.40710558147294 L25.144359625,65.8307285" class="" stroke="#666" fill="#666" transform="translate(10.5,0.5)"></path></svg><svg style="position:absolute;left:318.5px;top:274.5px" width="45.5" height="89" pointer-events="none" position="absolute" version="1.1"
      xmlns="http://www.w3.org/1999/xhtml" class="_jsPlumb_connector "><path d="M 0 88 C -10 38 34.5 50 24.5 0 " transform="translate(10.5,0.5)" pointer-events="visibleStroke" version="1.1"
      xmlns="http://www.w3.org/1999/xhtml" fill="none" stroke="#666" style=""></path><path pointer-events="all" version="1.1"
      xmlns="http://www.w3.org/1999/xhtml" d="M-0.6443596250000018,65.8307285 L12.744613831917167,49.40710558147293 L4.120445546316602,52.66651064707025 L-0.41960402101258953,44.64230041015634 L-0.6443596250000018,65.8307285" class="" stroke="#666" fill="#666" transform="translate(10.5,0.5)"></path><path pointer-events="all" version="1.1"
      xmlns="http://www.w3.org/1999/xhtml" d="M-0.6443596250000018,65.8307285 L12.744613831917167,49.40710558147293 L4.120445546316602,52.66651064707025 L-0.41960402101258953,44.64230041015634 L-0.6443596250000018,65.8307285" class="" stroke="#666" fill="#666" transform="translate(10.5,0.5)"></path></svg><svg style="position:absolute;left:318.5px;top:402.5px" width="85" height="217" pointer-events="none" position="absolute" version="1.1"
      xmlns="http://www.w3.org/1999/xhtml" class="_jsPlumb_connector "><path d="M 64 216 C 74 166 -10 50 0 0 " transform="translate(10.5,0.5)" pointer-events="visibleStroke" version="1.1"
      xmlns="http://www.w3.org/1999/xhtml" fill="none" stroke="#666" style=""></path><path pointer-events="all" version="1.1"
      xmlns="http://www.w3.org/1999/xhtml" d="M56.4302485,167.0637915 L56.20733188050712,145.8753439829979 L51.666585893932705,153.89916015022206 L43.042700530729185,150.63900658906516 L56.4302485,167.0637915" class="" stroke="#666" fill="#666" transform="translate(10.5,0.5)"></path><path pointer-events="all" version="1.1"
      xmlns="http://www.w3.org/1999/xhtml" d="M56.4302485,167.0637915 L56.20733188050712,145.8753439829979 L51.666585893932705,153.89916015022206 L43.042700530729185,150.63900658906516 L56.4302485,167.0637915" class="" stroke="#666" fill="#666" transform="translate(10.5,0.5)"></path></svg><svg style="position:absolute;left:382.5px;top:530.5px" width="56" height="89" pointer-events="none" position="absolute" version="1.1"
      xmlns="http://www.w3.org/1999/xhtml" class="_jsPlumb_connector "><path d="M 0 88 C -10 38 45 50 35 0 " transform="translate(10.5,0.5)" pointer-events="visibleStroke" version="1.1"
      xmlns="http://www.w3.org/1999/xhtml" fill="none" stroke="#666" style=""></path><path pointer-events="all" version="1.1"
      xmlns="http://www.w3.org/1999/xhtml" d="M0.44782999999999823,65.364084 L15.791408772376329,50.74989259383995 L6.826474317286607,52.90162450463765 L3.3289492770139786,44.37124827655334 L0.44782999999999823,65.364084" class="" stroke="#666" fill="#666" transform="translate(10.5,0.5)"></path><path pointer-events="all" version="1.1"
      xmlns="http://www.w3.org/1999/xhtml" d="M0.44782999999999823,65.364084 L15.791408772376329,50.74989259383995 L6.826474317286607,52.90162450463765 L3.3289492770139786,44.37124827655334 L0.44782999999999823,65.364084" class="" stroke="#666" fill="#666" transform="translate(10.5,0.5)"></path></svg><svg style="position:absolute;left:382px;top:658.5px" width="21.5" height="89" pointer-events="none" position="absolute" version="1.1"
      xmlns="http://www.w3.org/1999/xhtml" class="_jsPlumb_connector "><path d="M 0 88 C -10 38 10.5 50 0.5 0 " transform="translate(10.5,0.5)" pointer-events="visibleStroke" version="1.1"
      xmlns="http://www.w3.org/1999/xhtml" fill="none" stroke="#666" style=""></path><path pointer-events="all" version="1.1"
      xmlns="http://www.w3.org/1999/xhtml" d="M-2.7747343749999995,66.78168750000002 L4.918836648297567,47.038107153227145 L-2.286251050858403,52.790212093809444 L-9.072638757893003,46.54962382908555 L-2.7747343749999995,66.78168750000002" class="" stroke="#666" fill="#666" transform="translate(10.5,0.5)"></path><path pointer-events="all" version="1.1"
      xmlns="http://www.w3.org/1999/xhtml" d="M-2.7747343749999995,66.78168750000002 L4.918836648297567,47.038107153227145 L-2.286251050858403,52.790212093809444 L-9.072638757893003,46.54962382908555 L-2.7747343749999995,66.78168750000002" class="" stroke="#666" fill="#666" transform="translate(10.5,0.5)"></path></svg><svg style="position:absolute;left:382.5px;top:658.5px" width="175" height="89" pointer-events="none" position="absolute" version="1.1"
      xmlns="http://www.w3.org/1999/xhtml" class="_jsPlumb_connector "><path d="M 154 88 C 164 38 -10 50 0 0 " transform="translate(10.5,0.5)" pointer-events="visibleStroke" version="1.1"
      xmlns="http://www.w3.org/1999/xhtml" fill="none" stroke="#666" style=""></path><path pointer-events="all" version="1.1"
      xmlns="http://www.w3.org/1999/xhtml" d="M132.75,60.1875 L116.77754533318817,46.26339529209721 L119.75033503767976,54.990509441280125 L111.5805547744683,59.26306025441745 L132.75,60.1875" class="" stroke="#666" fill="#666" transform="translate(10.5,0.5)"></path><path pointer-events="all" version="1.1"
      xmlns="http://www.w3.org/1999/xhtml" d="M132.75,60.1875 L116.77754533318817,46.26339529209721 L119.75033503767976,54.990509441280125 L111.5805547744683,59.26306025441745 L132.75,60.1875" class="" stroke="#666" fill="#666" transform="translate(10.5,0.5)"></path></svg><svg style="position:absolute;left:533px;top:914.5px" width="23.5" height="89" pointer-events="none" position="absolute" version="1.1"
      xmlns="http://www.w3.org/1999/xhtml" class="_jsPlumb_connector "><path d="M 0 88 C -10 38 12.5 50 2.5 0 " transform="translate(10.5,0.5)" pointer-events="visibleStroke" version="1.1"
      xmlns="http://www.w3.org/1999/xhtml" fill="none" stroke="#666" style=""></path><path pointer-events="all" version="1.1"
      xmlns="http://www.w3.org/1999/xhtml" d="M-2.612421875,66.78168750000002 L5.589799912231152,47.243940502122534 L-1.7618140918536094,52.80755187738454 L-8.384335710384322,46.39333271897615 L-2.612421875,66.78168750000002" class="" stroke="#666" fill="#666" transform="translate(10.5,0.5)"></path><path pointer-events="all" version="1.1"
      xmlns="http://www.w3.org/1999/xhtml" d="M-2.612421875,66.78168750000002 L5.589799912231152,47.243940502122534 L-1.7618140918536094,52.80755187738454 L-8.384335710384322,46.39333271897615 L-2.612421875,66.78168750000002" class="" stroke="#666" fill="#666" transform="translate(10.5,0.5)"></path></svg><svg style="position:absolute;left:318.5px;top:402.5px" width="120" height="89" pointer-events="none" position="absolute" version="1.1"
      xmlns="http://www.w3.org/1999/xhtml" class="_jsPlumb_connector "><path d="M 99 88 C 109 38 -10 50 0 0 " transform="translate(10.5,0.5)" pointer-events="visibleStroke" version="1.1"
      xmlns="http://www.w3.org/1999/xhtml" fill="none" stroke="#666" style=""></path><path pointer-events="all" version="1.1"
      xmlns="http://www.w3.org/1999/xhtml" d="M88.566786,61.830692 L75.55500605095395,45.10664994798388 L76.80229934781632,54.24143289185301 L67.96574694280696,56.87113660016756 L88.566786,61.830692" class="" stroke="#666" fill="#666" transform="translate(10.5,0.5)"></path><path pointer-events="all" version="1.1"
      xmlns="http://www.w3.org/1999/xhtml" d="M88.566786,61.830692 L75.55500605095395,45.10664994798388 L76.80229934781632,54.24143289185301 L67.96574694280696,56.87113660016756 L88.566786,61.830692" class="" stroke="#666" fill="#666" transform="translate(10.5,0.5)"></path></svg><svg style="position:absolute;left:417.5px;top:402.5px" width="50" height="89" pointer-events="none" position="absolute" version="1.1"
      xmlns="http://www.w3.org/1999/xhtml" class="_jsPlumb_connector "><path d="M 0 88 C -10 38 39 50 29 0 " transform="translate(10.5,0.5)" pointer-events="visibleStroke" version="1.1"
      xmlns="http://www.w3.org/1999/xhtml" fill="none" stroke="#666" style=""></path><path pointer-events="all" version="1.1"
      xmlns="http://www.w3.org/1999/xhtml" d="M-0.2393067500000019,65.8307285 L13.986149664194922,50.12606709620525 L5.20405845802381,52.93228769453535 L1.0877088587302604,44.68270188818144 L-0.2393067500000019,65.8307285" class="" stroke="#666" fill="#666" transform="translate(10.5,0.5)"></path><path pointer-events="all" version="1.1"
      xmlns="http://www.w3.org/1999/xhtml" d="M-0.2393067500000019,65.8307285 L13.986149664194922,50.12606709620525 L5.20405845802381,52.93228769453535 L1.0877088587302604,44.68270188818144 L-0.2393067500000019,65.8307285" class="" stroke="#666" fill="#666" transform="translate(10.5,0.5)"></path></svg><div class="_jsPlumb_endpoint source-endpoint dependency-source-endpoint connected _jsPlumb_endpoint_anchor_ ui-draggable ui-droppable _jsPlumb_endpoint_connected" style="position: absolute; height: 20px; width: 20px; left: 536px; top: 905px;"><svg style="position:absolute;left:0px;top:0px" width="20" height="20" pointer-events="all" position="absolute" version="1.1"
      xmlns="http://www.w3.org/1999/xhtml"><circle cx="10" cy="10" r="10" version="1.1"
      xmlns="http://www.w3.org/1999/xhtml" fill="#666" stroke="none" style=""></circle></svg></div><div class="_jsPlumb_endpoint target-endpoint dependency-target-endpoint _jsPlumb_endpoint_anchor_ ui-draggable ui-droppable _jsPlumb_endpoint_connected" style="position: absolute; height: 20px; width: 20px; left: 536px; top: 865px;"><svg style="position:absolute;left:0px;top:0px" width="20" height="20" pointer-events="all" position="absolute" version="1.1"
      xmlns="http://www.w3.org/1999/xhtml"><circle cx="10" cy="10" r="10" version="1.1"
      xmlns="http://www.w3.org/1999/xhtml" fill="#666" stroke="none" style=""></circle></svg></div><div class="_jsPlumb_endpoint source-endpoint dependency-source-endpoint connected _jsPlumb_endpoint_anchor_ ui-draggable ui-droppable _jsPlumb_endpoint_connected" style="position: absolute; height: 20px; width: 20px; left: 319px; top: 137px;"><svg style="position:absolute;left:0px;top:0px" width="20" height="20" pointer-events="all" position="absolute" version="1.1"
      xmlns="http://www.w3.org/1999/xhtml"><circle cx="10" cy="10" r="10" version="1.1"
      xmlns="http://www.w3.org/1999/xhtml" fill="#666" stroke="none" style=""></circle></svg></div><div class="_jsPlumb_endpoint source-endpoint dependency-source-endpoint connected _jsPlumb_endpoint_anchor_ ui-draggable ui-droppable _jsPlumb_endpoint_connected" style="position: absolute; height: 20px; width: 20px; left: 343.5px; top: 265px;"><svg style="position:absolute;left:0px;top:0px" width="20" height="20" pointer-events="all" position="absolute" version="1.1"
      xmlns="http://www.w3.org/1999/xhtml"><circle cx="10" cy="10" r="10" version="1.1"
      xmlns="http://www.w3.org/1999/xhtml" fill="#666" stroke="none" style=""></circle></svg></div><div class="_jsPlumb_endpoint target-endpoint dependency-target-endpoint _jsPlumb_endpoint_anchor_ ui-draggable ui-droppable _jsPlumb_endpoint_connected" style="position: absolute; height: 20px; width: 20px; left: 343.5px; top: 225px;"><svg style="position:absolute;left:0px;top:0px" width="20" height="20" pointer-events="all" position="absolute" version="1.1"
      xmlns="http://www.w3.org/1999/xhtml"><circle cx="10" cy="10" r="10" version="1.1"
      xmlns="http://www.w3.org/1999/xhtml" fill="#666" stroke="none" style=""></circle></svg></div><div class="_jsPlumb_endpoint source-endpoint dependency-source-endpoint connected _jsPlumb_endpoint_anchor_ ui-draggable ui-droppable _jsPlumb_endpoint_connected" style="position: absolute; height: 20px; width: 20px; left: 319px; top: 393px;"><svg style="position:absolute;left:0px;top:0px" width="20" height="20" pointer-events="all" position="absolute" version="1.1"
      xmlns="http://www.w3.org/1999/xhtml"><circle cx="10" cy="10" r="10" version="1.1"
      xmlns="http://www.w3.org/1999/xhtml" fill="#666" stroke="none" style=""></circle></svg></div><div class="_jsPlumb_endpoint target-endpoint dependency-target-endpoint _jsPlumb_endpoint_anchor_ ui-draggable ui-droppable _jsPlumb_endpoint_connected" style="position: absolute; height: 20px; width: 20px; left: 319px; top: 353px;"><svg style="position:absolute;left:0px;top:0px" width="20" height="20" pointer-events="all" position="absolute" version="1.1"
      xmlns="http://www.w3.org/1999/xhtml"><circle cx="10" cy="10" r="10" version="1.1"
      xmlns="http://www.w3.org/1999/xhtml" fill="#666" stroke="none" style=""></circle></svg></div><div class="_jsPlumb_endpoint source-endpoint dependency-source-endpoint connected _jsPlumb_endpoint_anchor_ ui-draggable ui-droppable _jsPlumb_endpoint_connected" style="position: absolute; height: 20px; width: 20px; left: 383px; top: 649px;"><svg style="position:absolute;left:0px;top:0px" width="20" height="20" pointer-events="all" position="absolute" version="1.1"
      xmlns="http://www.w3.org/1999/xhtml"><circle cx="10" cy="10" r="10" version="1.1"
      xmlns="http://www.w3.org/1999/xhtml" fill="#666" stroke="none" style=""></circle></svg></div><div class="_jsPlumb_endpoint target-endpoint dependency-target-endpoint _jsPlumb_endpoint_anchor_ ui-draggable ui-droppable _jsPlumb_endpoint_connected" style="position: absolute; height: 20px; width: 20px; left: 383px; top: 609px;"><svg style="position:absolute;left:0px;top:0px" width="20" height="20" pointer-events="all" position="absolute" version="1.1"
      xmlns="http://www.w3.org/1999/xhtml"><circle cx="10" cy="10" r="10" version="1.1"
      xmlns="http://www.w3.org/1999/xhtml" fill="#666" stroke="none" style=""></circle></svg></div><div class="_jsPlumb_endpoint source-endpoint dependency-source-endpoint connected _jsPlumb_endpoint_anchor_ ui-draggable ui-droppable" style="position: absolute; height: 20px; width: 20px; left: 382.5px; top: 777px;"><svg style="position:absolute;left:0px;top:0px" width="20" height="20" pointer-events="all" position="absolute" version="1.1"
      xmlns="http://www.w3.org/1999/xhtml"><circle cx="10" cy="10" r="10" version="1.1"
      xmlns="http://www.w3.org/1999/xhtml" fill="#666" stroke="none" style=""></circle></svg></div><div class="_jsPlumb_endpoint target-endpoint dependency-target-endpoint _jsPlumb_endpoint_anchor_ ui-draggable ui-droppable _jsPlumb_endpoint_connected" style="position: absolute; height: 20px; width: 20px; left: 382.5px; top: 737px;"><svg style="position:absolute;left:0px;top:0px" width="20" height="20" pointer-events="all" position="absolute" version="1.1"
      xmlns="http://www.w3.org/1999/xhtml"><circle cx="10" cy="10" r="10" version="1.1"
      xmlns="http://www.w3.org/1999/xhtml" fill="#666" stroke="none" style=""></circle></svg></div><div class="_jsPlumb_endpoint source-endpoint dependency-source-endpoint connected _jsPlumb_endpoint_anchor_ ui-draggable ui-droppable _jsPlumb_endpoint_connected" style="position: absolute; height: 20px; width: 20px; left: 537px; top: 777px;"><svg style="position:absolute;left:0px;top:0px" width="20" height="20" pointer-events="all" position="absolute" version="1.1"
      xmlns="http://www.w3.org/1999/xhtml"><circle cx="10" cy="10" r="10" version="1.1"
      xmlns="http://www.w3.org/1999/xhtml" fill="#666" stroke="none" style=""></circle></svg></div><div class="_jsPlumb_endpoint target-endpoint dependency-target-endpoint _jsPlumb_endpoint_anchor_ ui-draggable ui-droppable _jsPlumb_endpoint_connected connected" style="position: absolute; height: 20px; width: 20px; left: 537px; top: 737px;"><svg style="position:absolute;left:0px;top:0px" width="20" height="20" pointer-events="all" position="absolute" version="1.1"
      xmlns="http://www.w3.org/1999/xhtml"><circle cx="10" cy="10" r="10" version="1.1"
      xmlns="http://www.w3.org/1999/xhtml" fill="#666" stroke="none" style=""></circle></svg></div><div class="_jsPlumb_endpoint source-endpoint dependency-source-endpoint connected _jsPlumb_endpoint_anchor_ ui-draggable ui-droppable" style="position: absolute; height: 20px; width: 20px; left: 533.5px; top: 1033px;"><svg style="position:absolute;left:0px;top:0px" width="20" height="20" pointer-events="all" position="absolute" version="1.1"
      xmlns="http://www.w3.org/1999/xhtml"><circle cx="10" cy="10" r="10" version="1.1"
      xmlns="http://www.w3.org/1999/xhtml" fill="#666" stroke="none" style=""></circle></svg></div><div class="_jsPlumb_endpoint target-endpoint dependency-target-endpoint _jsPlumb_endpoint_anchor_ ui-draggable ui-droppable _jsPlumb_endpoint_connected" style="position: absolute; height: 20px; width: 20px; left: 533.5px; top: 993px;"><svg style="position:absolute;left:0px;top:0px" width="20" height="20" pointer-events="all" position="absolute" version="1.1"
      xmlns="http://www.w3.org/1999/xhtml"><circle cx="10" cy="10" r="10" version="1.1"
      xmlns="http://www.w3.org/1999/xhtml" fill="#666" stroke="none" style=""></circle></svg></div><div class="_jsPlumb_endpoint source-endpoint dependency-source-endpoint connected _jsPlumb_endpoint_anchor_ ui-draggable ui-droppable _jsPlumb_endpoint_connected" style="position: absolute; height: 20px; width: 20px; left: 447px; top: 393px;"><svg style="position:absolute;left:0px;top:0px" width="20" height="20" pointer-events="all" position="absolute" version="1.1"
      xmlns="http://www.w3.org/1999/xhtml"><circle cx="10" cy="10" r="10" version="1.1"
      xmlns="http://www.w3.org/1999/xhtml" fill="#666" stroke="none" style=""></circle></svg></div><div class="_jsPlumb_endpoint source-endpoint dependency-source-endpoint connected _jsPlumb_endpoint_anchor_ ui-draggable ui-droppable _jsPlumb_endpoint_connected" style="position: absolute; height: 20px; width: 20px; left: 418px; top: 521px;"><svg style="position:absolute;left:0px;top:0px" width="20" height="20" pointer-events="all" position="absolute" version="1.1"
      xmlns="http://www.w3.org/1999/xhtml"><circle cx="10" cy="10" r="10" version="1.1"
      xmlns="http://www.w3.org/1999/xhtml" fill="#666" stroke="none" style=""></circle></svg></div><div class="_jsPlumb_endpoint target-endpoint dependency-target-endpoint _jsPlumb_endpoint_anchor_ ui-draggable ui-droppable _jsPlumb_endpoint_connected" style="position: absolute; height: 20px; width: 20px; left: 418px; top: 481px;"><svg style="position:absolute;left:0px;top:0px" width="20" height="20" pointer-events="all" position="absolute" version="1.1"
      xmlns="http://www.w3.org/1999/xhtml"><circle cx="10" cy="10" r="10" version="1.1"
      xmlns="http://www.w3.org/1999/xhtml" fill="#666" stroke="none" style=""></circle></svg></div><div class="_jsPlumb_endpoint source-endpoint dependency-source-endpoint connected _jsPlumb_endpoint_anchor_ ui-draggable ui-droppable endpointDrag _jsPlumb_endpoint_connected" style="position: absolute; height: 20px; width: 20px; left: 596.234px; top: 649.016px; visibility: visible;" dragid="jsPlumb_1_1373" elid="jsPlumb_1_1343"><svg style="position:absolute;left:0px;top:0px" width="20" height="20" pointer-events="all" position="absolute" version="1.1"
      xmlns="http://www.w3.org/1999/xhtml"><circle cx="10" cy="10" r="10" version="1.1"
      xmlns="http://www.w3.org/1999/xhtml" fill="#666" stroke="none" style=""></circle></svg></div><svg style="position:absolute;left:536.5px;top:658.515625px" width="80.234375" height="88.984375" pointer-events="none" position="absolute" version="1.1"
      xmlns="http://www.w3.org/1999/xhtml" class="_jsPlumb_connector"><path d="M 0 87.984375 C -10 37.984375 69.234375 50 59.234375 0 " transform="translate(10.5,0.5)" pointer-events="visibleStroke" version="1.1"
      xmlns="http://www.w3.org/1999/xhtml" fill="none" stroke="#666" style=""></path><path pointer-events="all" version="1.1"
      xmlns="http://www.w3.org/1999/xhtml" d="M3.5626932382812484,63.98445019921875 L22.045448374632905,53.62164350558277 L12.826872263230328,53.48802285494139 L11.54902103035554,44.357464480633695 L3.5626932382812484,63.98445019921875" class="" stroke="#666" fill="#666" transform="translate(10.5,0.5)"></path></svg></div></div></body></html>
 ]]>
    </visualization>
  </metadata>
</job>