<?xml version="1.0" encoding="UTF-8"?>
<job
  xmlns:xsi="http://www.w3.org/2001/XMLSchema-instance"
  xmlns="urn:proactive:jobdescriptor:3.11" xsi:schemaLocation="urn:proactive:jobdescriptor:3.11 http://www.activeeon.com/public_content/schemas/proactive/jobdescriptor/3.11/schedulerjob.xsd"  name="Anomaly_Detection_In_HDFS_Nodes" projectName="2. Log Analysis" priority="normal" onTaskError="continueJobExecution"  maxNumberOfExecution="2" >
  <variables>
    <variable name="DOCKER_ENABLED" value="True" model="PA:Boolean"/>
  </variables>
  <description>
    <![CDATA[ Detect anomalies in nodes reported in HDFS logs ]]>
  </description>
  <genericInformation>
    <info name="bucketName" value="machine-learning-workflows"/>
    <info name="workflow.icon" value="/automation-dashboard/styles/patterns/img/wf-icons/log_analysis.png"/>
    <info name="Documentation" value="https://doc.activeeon.com/latest/MLOS/MLOSUserGuide.html#_log_analysis"/>
    <info name="group" value="public-objects"/>
  </genericInformation>
  <taskFlow>
    <task name="Wait_For_Web_Validation" 
    
    onTaskError="pauseJob" >
      <description>
        <![CDATA[ Task to pause the job and send a validation message to the notification service ]]>
      </description>
      <genericInformation>
        <info name="TASK.ICON" value="/automation-dashboard/styles/patterns/img/wf-icons/visdom.png"/>
      </genericInformation>
      <depends>
        <task ref="Visdom_Visualize_Results"/>
      </depends>
      <scriptExecutable>
        <script>
          <file url="${PA_CATALOG_REST_URL}/buckets/notification-tools/resources/Web_Validation_Script/raw" language="groovy">
            <arguments>
              <argument value="Please, validate to stop the Visdom service"/>
            </arguments>
          </file>
        </script>
      </scriptExecutable>
    </task>
    <task name="Log_Parser" >
      <description>
        <![CDATA[ Extracts a group of event templates, whereby raw logs can be structured. ]]>
      </description>
      <variables>
        <variable name="LOG_FILE" value="https://s3.eu-west-2.amazonaws.com/activeeon-public/datasets/HDFS_2k.log" inherited="false" />
        <variable name="PATTERNS_FILE" value="https://s3.eu-west-2.amazonaws.com/activeeon-public/datasets/patterns.csv" inherited="false" />
        <variable name="STRUCTURED_LOG_FILE" value="HTML" inherited="false" />
        <variable name="DOCKER_ENABLED" value="True" inherited="true" model="PA:Boolean"/>
        <variable name="TASK_ENABLED" value="True" inherited="false" model="PA:Boolean"/>
      </variables>
      <genericInformation>
        <info name="task.icon" value="/automation-dashboard/styles/patterns/img/wf-icons/log_parser.png"/>
      </genericInformation>
      <forkEnvironment javaHome="/usr" >
        <envScript>
          <script>
            <code language="python">
              <![CDATA[
if str(variables.get("DOCKER_ENABLED")).lower() == 'true':
  #Be aware, that the prefix command is internally split by spaces. So paths with spaces won't work.
  # Prepare Docker parameters 
  containerName = 'activeeon/dlm3' 
  dockerRunCommand =  'docker run ' 
  dockerParameters = '--rm ' 
  # Prepare ProActive home volume 
  paHomeHost = variables.get("PA_SCHEDULER_HOME") 
  paHomeContainer = variables.get("PA_SCHEDULER_HOME") 
  proActiveHomeVolume = '-v '+paHomeHost +':'+paHomeContainer+' ' 
  # Prepare working directory (For Dataspaces and serialized task file) 
  workspaceHost = localspace 
  workspaceContainer = localspace 
  workspaceVolume = '-v '+localspace +':'+localspace+' ' 
  # Prepare container working directory 
  containerWorkingDirectory = '-w '+workspaceContainer+' ' 
  # Save pre execution command into magic variable 'preJavaHomeCmd', which is picked up by the node 
  preJavaHomeCmd = dockerRunCommand + dockerParameters + proActiveHomeVolume + workspaceVolume + containerWorkingDirectory + containerName
else:
  print("Fork environment disabled")
]]>
            </code>
          </script>
        </envScript>
      </forkEnvironment>
      <scriptExecutable>
        <script>
          <code language="cpython">
            <![CDATA[
__file__ = variables.get("PA_TASK_NAME")

if str(variables.get("TASK_ENABLED")).lower() != 'true':
  print("Task " + __file__ + " disabled")
  quit()

print("BEGIN " + __file__)

import pandas as pd
import numpy as np
import wget
import re
import time as clock
from datetime import datetime, timedelta
from time import gmtime, strftime
from argparse import ArgumentParser
from collections import OrderedDict
import sys, bz2, uuid

TIME_FORMAT = '%H%M%S'
DATE_FORMAT = '%d%m%Y'
PATTERNS_FILE = variables.get("PATTERNS_FILE")
LOG_FILE = variables.get("LOG_FILE")
STRUCTURED_LOG_FILE = variables.get("STRUCTURED_LOG_FILE")

INTERVAL   = 10000
LOG_FILE = wget.download(LOG_FILE)
PATTERN_FILE = PATTERNS_FILE
STRUCTERED_LOG_FILE = STRUCTURED_LOG_FILE
#===================================== Detect the different patterns =================================
print("Reading the Pattern_file")
df_patterns = pd.read_csv(PATTERN_FILE, sep = ';')
df_columns = pd.Series([''])
table = list()
for index, row in df_patterns.iterrows():
  for e in row[2].split(','):
    if e.strip() != '*':
      table.append(e.strip())
table.append('pattern_id')
myList = list(OrderedDict.fromkeys(table))
df_columns = pd.Series(myList)
print("The different patterns included in the Pattern_file were extracted")
#===================================== Parse raw logs =================================   
df_structured_logs = pd.DataFrame(columns = df_columns)
print("Processing " + LOG_FILE)
k = 0
t = clock.time()
#variables = list()
my_dict = OrderedDict()
print("Logs patterns matching is in progress")
with open(LOG_FILE) as infile:
  for line in infile:
    k = k + 1
    if k % INTERVAL == 0:
      elapsed_time = clock.time() - t
      print(str(k) + " " + str(elapsed_time) + "sec " + line)
    for index,variable_name in df_columns.iteritems():
      vide = np.nan
      my_dict.__setitem__(variable_name.strip(),vide)
    for index, row in df_patterns.iterrows():
      p = row[1]
      pattern = re.compile(p, re.IGNORECASE)
      m = pattern.match(line)
      if m:
        #print('Match found: ', m.group())
        i = 0
        for e in row[2].split(','):
          i = i+1
          if e.strip() != '*':
            var = m.group(i)
            if e.strip() == "date":
              if len(e.strip())<8:
                if len(var)==5:
                  idx=3
                elif len(var)==6:
                  idx=4
                str1_split1 = var[:idx]
                str1_split2 = var[idx:]
                tranformed_date =  str1_split1 + '20' + str1_split2
                my_dict.__setitem__(e.strip(),datetime.strptime(tranformed_date, DATE_FORMAT))
              else:
                my_dict.__setitem__(e.strip(),datetime.strptime(var, DATE_FORMAT))
            elif e.strip() == "time":
              my_dict.__setitem__(e.strip(),datetime.strptime(var.strip(), TIME_FORMAT).time())
            else:
              my_dict.__setitem__(e.strip(),repr(var.strip()).strip("0"))
              my_dict.__setitem__('pattern_id', int(row[0]))
        break
    df_inter = pd.DataFrame([my_dict.values()], columns=df_columns)
    df_structured_logs = df_structured_logs.append(df_inter, ignore_index=True)

        
print("All logs were matched")
#===================================== Preview results =================================
STRUCTURED_LOG_FILE=STRUCTURED_LOG_FILE.lower()
if STRUCTURED_LOG_FILE.endswith('csv'):
  result = df_structured_logs.to_csv()
  resultMetadata.put("file.extension", ".csv")
  resultMetadata.put("file.name", result+".csv")
  resultMetadata.put("content.type", "text/csv")
elif STRUCTURED_LOG_FILE.endswith('html'):
  #***************# HTML PREVIEW STYLING #***************#
  styles = [
    dict(selector="th", props=[("font-weight", "bold"),
                               ("text-align", "center"),
                               ("font-size", "15px"),
                               ("background", "#0B6FA4"),
                               ("color", "#FFFFFF")]),
                               ("padding", "3px 7px"),
    dict(selector="td", props=[("text-align", "right"),
                               ("padding", "3px 3px"),
                               ("border", "1px solid #999999"),
                               ("font-size", "13px"),
                               ("border-bottom", "1px solid #0B6FA4")]),
    dict(selector="table", props=[("border", "1px solid #999999"),
                               ("text-align", "center"),
                               ("width", "100%"),
                               ("border-collapse", "collapse")])
  ]
  #******************************************************#
  result = df_structured_logs.style.set_table_styles(styles).render().encode('utf-8')
  resultMetadata.put("file.extension", ".html")
  resultMetadata.put("file.name", "output.html")
  resultMetadata.put("content.type", "text/html")
else:
  print('Your data is empty')
#===================================== Save the linked variables =================================    
df_json_logs = df_structured_logs.to_json(orient='split').encode()
compressed_data = bz2.compress(df_json_logs)

dataframe_id = str(uuid.uuid4())
variables.put(dataframe_id, compressed_data)

print("dataframe id: ", dataframe_id)
print('dataframe size (original):   ', sys.getsizeof(df_json_logs), " bytes")
print('dataframe size (compressed): ', sys.getsizeof(compressed_data), " bytes")

resultMetadata.put("task.name", __file__)
resultMetadata.put("task.dataframe_id", dataframe_id)
    
print("Finshed " + LOG_FILE + "PARSING")
]]>
          </code>
        </script>
      </scriptExecutable>
      <controlFlow block="none"></controlFlow>
    </task>
    <task name="Feature_Vector_Extractor" >
      <description>
        <![CDATA[ Encodes structured data into numerical feature vectors whereby machine learning models can be applied. ]]>
      </description>
      <variables>
        <variable name="SESSION_COLUMN" value="ip_from" inherited="false" />
        <variable name="PATTERN_COLUMN" value="pattern_id" inherited="false" />
        <variable name="PATTERNS_COUNT_FEATURES" value="False" inherited="false" model="PA:Boolean"/>
        <variable name="STATE_VARIABLES" value="status,date" inherited="false" />
        <variable name="COUNT_VARIABLES" value="ip_from,ip_to,pid,date,time" inherited="false" />
        <variable name="STATE_COUNT_FEATURES_VARIABLES" value="True" inherited="false" />
        <variable name="DOCKER_ENABLED" value="True" inherited="true" model="PA:Boolean"/>
        <variable name="TASK_ENABLED" value="True" inherited="false" model="PA:Boolean"/>
      </variables>
      <genericInformation>
        <info name="task.icon" value="/automation-dashboard/styles/patterns/img/wf-icons/filled_filter.png"/>
      </genericInformation>
      <depends>
        <task ref="Log_Parser"/>
      </depends>
      <forkEnvironment javaHome="/usr" >
        <envScript>
          <script>
            <code language="python">
              <![CDATA[
if str(variables.get("DOCKER_ENABLED")).lower() == 'true':
  #Be aware, that the prefix command is internally split by spaces. So paths with spaces won't work.
  # Prepare Docker parameters 
  containerName = 'activeeon/dlm3' 
  dockerRunCommand =  'docker run ' 
  dockerParameters = '--rm ' 
  # Prepare ProActive home volume 
  paHomeHost = variables.get("PA_SCHEDULER_HOME") 
  paHomeContainer = variables.get("PA_SCHEDULER_HOME") 
  proActiveHomeVolume = '-v '+paHomeHost +':'+paHomeContainer+' ' 
  # Prepare working directory (For Dataspaces and serialized task file) 
  workspaceHost = localspace 
  workspaceContainer = localspace 
  workspaceVolume = '-v '+localspace +':'+localspace+' ' 
  # Prepare container working directory 
  containerWorkingDirectory = '-w '+workspaceContainer+' ' 
  # Save pre execution command into magic variable 'preJavaHomeCmd', which is picked up by the node 
  preJavaHomeCmd = dockerRunCommand + dockerParameters + proActiveHomeVolume + workspaceVolume + containerWorkingDirectory + containerName
else:
  print("Fork environment disabled")
]]>
            </code>
          </script>
        </envScript>
      </forkEnvironment>
      <scriptExecutable>
        <script>
          <code language="cpython">
            <![CDATA[
print("--- BEGIN Feature_Vector_Extractor ---")

if str(variables.get("TASK_ENABLED")).lower() != 'true':
  print("Task " + __file__ + " disabled")
  quit()

import sys, bz2, uuid
import pandas as pd
import numpy as np

SESSION_COLUMN = variables.get("SESSION_COLUMN")
DATAFRAME_JSON = variables.get("DATAFRAME_JSON")
FILE_OUT_FEATURES = variables.get("FILE_OUT_FEATURES")
PATTERN_COLUMN = variables.get("PATTERN_COLUMN")
PATTERNS_COUNT_FEATURES = variables.get("PATTERNS_COUNT_FEATURES")
STATE_COUNT_FEATURES_VARIABLES = variables.get("STATE_COUNT_FEATURES_VARIABLES")

input_variables = {'task.dataframe_id': None}
for key in input_variables.keys():
  for res in results:
    value = res.getMetadata().get(key)
    if value is not None:
      input_variables[key] = value
      break

dataframe_id = input_variables['task.dataframe_id']
print("dataframe id (in): ", dataframe_id)

dataframe_json = variables.get(dataframe_id)
assert dataframe_json is not None

#===================================== Extract variables =================================
STATE_VARIABLES_INTER = variables.get("STATE_VARIABLES")
COUNT_VARIABLES_INTER = variables.get("COUNT_VARIABLES")
STATE_VARIABLES = STATE_VARIABLES_INTER.split(",")
COUNT_VARIABLES = COUNT_VARIABLES_INTER.split(",")
print("State Variables:")
print(STATE_VARIABLES)
print("Count Variables:")
print(COUNT_VARIABLES)

df_pattern_features = pd.DataFrame.empty
df_state_features = pd.DataFrame.empty
df_count_features = pd.DataFrame.empty

DATAFRAME_JSON = bz2.decompress(dataframe_json).decode()
df_structured_logs  = pd.read_json(DATAFRAME_JSON,orient='split')
pattern_number = int(df_structured_logs[PATTERN_COLUMN].max())

#is usefull when there is multiple identifiers in a single row
def id_extraction(session_col=None):
  session_col = str(session_col)
  ids_list = session_col.split(' ')
  return ids_list

feature_vector = []
dict_block_features = {}
variables_name = list(df_structured_logs)
state_features_names = []
dict_states = {}
#dict_variables_set = {}
dict_variables_blk = {}
dict_block_features_state = {}
dict_block_features_state_1 = {}
dict_variables_set = {}

#===================================== Extract the state variables =================================
for i in range (len(STATE_VARIABLES)):
    variables_count = df_structured_logs[STATE_VARIABLES[i]].value_counts()
    for j in range(len(variables_count.keys())):
      dict_states[STATE_VARIABLES[i]]=variables_count.keys()
      state_features_names.append(variables_count.keys()[j])
#     del dict_states["''"]

for index,row in df_structured_logs.iterrows():
  if not(row[SESSION_COLUMN] == None):
    ids_list = id_extraction(row[SESSION_COLUMN])

#===================================== Features (count pattern) =================================
    if PATTERNS_COUNT_FEATURES=='True':
      j = int(row[PATTERN_COLUMN]-1)
      for i in range(len(ids_list)):
        #dict_variables_blk = {}
        # update existing entry
        if ids_list[i] in dict_block_features:
          features = dict_block_features.get(ids_list[i])
          features[j] = features[j] + 1
          dict_block_features[ids_list[i]] = features
        # add new entry
        else:
          feature_vector = [0] * pattern_number
          feature_vector[j] = feature_vector[j] + 1
          dict_block_features[ids_list[i]] = feature_vector
                
#===================================== Features (count state + variables) ======================================
    if STATE_COUNT_FEATURES_VARIABLES=='True':
      for f in range(len(ids_list)):
        # update existing entry
        if ids_list[f] in dict_block_features_state_1:
          features_count = dict_block_features_state_1.get(ids_list[f])
          m = 0
          for i in range (len(STATE_VARIABLES)):
            for j in range(len(dict_states[STATE_VARIABLES[i]])):
              if row[STATE_VARIABLES[i]] == dict_states[STATE_VARIABLES[i]][j]:
                features_count[m] = features_count[m] + 1
                dict_block_features_state[dict_states[STATE_VARIABLES[i]][j]] = features_count
                dict_block_features_state_1[ids_list[f]] = features_count
              m = m+1

          for h in range (len(COUNT_VARIABLES)):
            table_of_variable = dict_variables_blk[ids_list[f]].get(COUNT_VARIABLES[h])
            if (str(row[COUNT_VARIABLES[h]]) not in table_of_variable) and not(row[COUNT_VARIABLES[h]] == None):
              dict_variables_blk[ids_list[f]][COUNT_VARIABLES[h]].append(str(row[COUNT_VARIABLES[h]]))
              features_count[m] = features_count[m] + 1
              dict_block_features_state_1[ids_list[f]] = features_count
            m = m+1

        # add new entry
        else:
          feature_vector_state_variables = [0]*(len(state_features_names)+len(COUNT_VARIABLES))
          m = 0
          for i in range (len(STATE_VARIABLES)):
            for j in range(len(dict_states[STATE_VARIABLES[i]])):
              if row[STATE_VARIABLES[i]]==dict_states[STATE_VARIABLES[i]][j]:
                feature_vector_state_variables[m] = feature_vector_state_variables[m] + 1
                dict_block_features_state[dict_states[STATE_VARIABLES[i]][j]] = feature_vector_state_variables
                dict_block_features_state_1[ids_list[f]] = feature_vector_state_variables
              m = m+1
          dict_variables_set_1 = {}
          for h in range (len(COUNT_VARIABLES)):
            dict_variables_set_1[COUNT_VARIABLES[h]] = []
            if not(row[COUNT_VARIABLES[h]] == None):
              dict_variables_set_1[COUNT_VARIABLES[h]].append(str(row[COUNT_VARIABLES[h]]))
              feature_vector_state_variables[m] = feature_vector_state_variables[m] + 1
            m = m+1
            dict_block_features_state_1[ids_list[f]] = feature_vector_state_variables
            dict_variables_blk[ids_list[f]] = dict_variables_set_1

#===================================== Save the different features in a dataframe ======================================
frames = []
if PATTERNS_COUNT_FEATURES=='True':
  features = dict_block_features.values()
  block_ids = dict_block_features.keys()
  df_pattern_features = pd.DataFrame(dict_block_features, index = ["pattern "+ str(i) for i in range(1,pattern_number+1)]).T
  frames.append(df_pattern_features)
if STATE_COUNT_FEATURES_VARIABLES=='True':
  df_state_features = pd.DataFrame(dict_block_features_state_1,index = state_features_names+COUNT_VARIABLES).T
  frames.append(df_state_features)
if not frames:
  df_features = pd.DataFrame.empty
  print("ERROR: No features extracted, check your input variables")
else:
  df_features = pd.concat(frames, axis=1)

dataframe_json = df_features.to_json(orient='split').encode()
compressed_data = bz2.compress(dataframe_json)

dataframe_id = str(uuid.uuid4())
variables.put(dataframe_id, compressed_data)

print("dataframe id (out): ", dataframe_id)
print('dataframe size (original):   ', sys.getsizeof(dataframe_json), " bytes")
print('dataframe size (compressed): ', sys.getsizeof(compressed_data), " bytes")

resultMetadata.put("task.name", __file__)
resultMetadata.put("task.dataframe_id", dataframe_id)

#===================================== Preview results =================================
#***************# HTML PREVIEW STYLING #***************#
styles = [
    dict(selector="th", props=[("font-weight", "bold"),
                               ("text-align", "center"),
                               ("font-size", "15px"),
                               ("background", "#0B6FA4"),
                               ("color", "#FFFFFF")]),
                               ("padding", "3px 7px"),
    dict(selector="td", props=[("text-align", "right"),
                               ("padding", "3px 3px"),
                               ("border", "1px solid #999999"),
                               ("font-size", "13px"),
                               ("border-bottom", "1px solid #0B6FA4")]),
    dict(selector="table", props=[("border", "1px solid #999999"),
                               ("text-align", "center"),
                               ("width", "100%"),
                               ("border-collapse", "collapse")])
]
#******************************************************#

with pd.option_context('display.max_colwidth', -1):
  result = df_features.style.set_table_styles(styles).render().encode('utf-8')
  resultMetadata.put("file.extension", ".html")
  resultMetadata.put("file.name", "output.html")
  resultMetadata.put("content.type", "text/html")

#===================================== Save the linked variables =================================  
columns_name = df_features.columns
variables.put("COLUMNS_NAME_JSON", pd.Series(columns_name).to_json()) 

print("END " + __file__)
]]>
          </code>
        </script>
      </scriptExecutable>
      <controlFlow block="none"></controlFlow>
    </task>
    <task name="K_Means" >
      <description>
        <![CDATA[ Kmeans clustering aims to partition n observations into k clusters in which each observation belongs to the cluster with the nearest mean, serving as a prototype of the cluster. ]]>
      </description>
      <variables>
        <variable name="N_CLUSTERS" value="2" inherited="false" />
        <variable name="MAX_ITERATIONS" value="300" inherited="false" />
        <variable name="N_JOBS" value="1" inherited="false" />
        <variable name="TASK_ENABLED" value="True" inherited="false" model="PA:Boolean"/>
        <variable name="DOCKER_ENABLED" value="True" inherited="true" model="PA:Boolean"/>
        <variable name="DOCKER_IMAGE" value="activeeon/dlm3" inherited="true" />
      </variables>
      <genericInformation>
        <info name="task.icon" value="/automation-dashboard/styles/patterns/img/wf-icons/ml_clustering.png"/>
        <info name="task.documentation" value="https://doc.activeeon.com/latest/MLOS/MLOSUserGuide.html#_kmeans"/>
      </genericInformation>
      <forkEnvironment javaHome="/usr" >
        <envScript>
          <script>
            <code language="python">
              <![CDATA[
if str(variables.get("DOCKER_ENABLED")).lower() == 'true':
  #Be aware, that the prefix command is internally split by spaces. So paths with spaces won't work.
  # Prepare Docker parameters 
  containerName = variables.get("DOCKER_IMAGE") 
  dockerRunCommand =  'docker run ' 
  dockerParameters = '--rm ' 
  # Prepare ProActive home volume 
  paHomeHost = variables.get("PA_SCHEDULER_HOME") 
  paHomeContainer = variables.get("PA_SCHEDULER_HOME") 
  proActiveHomeVolume = '-v '+paHomeHost +':'+paHomeContainer+' ' 
  # Prepare working directory (For Dataspaces and serialized task file) 
  workspaceHost = localspace 
  workspaceContainer = localspace 
  workspaceVolume = '-v '+localspace +':'+localspace+' ' 
  # Prepare container working directory 
  containerWorkingDirectory = '-w '+workspaceContainer+' ' 
  # Save pre execution command into magic variable 'preJavaHomeCmd', which is picked up by the node 
  preJavaHomeCmd = dockerRunCommand + dockerParameters + proActiveHomeVolume + workspaceVolume + containerWorkingDirectory + containerName
else:
  print("Fork environment disabled")
]]>
            </code>
          </script>
        </envScript>
      </forkEnvironment>
      <scriptExecutable>
        <script>
          <code language="cpython">
            <![CDATA[
__file__ = variables.get("PA_TASK_NAME")

if str(variables.get("TASK_ENABLED")).lower() != 'true':
  print("Task " + __file__ + " disabled")
  quit()

print("BEGIN " + __file__)

import json

algorithm = {
  'name': 'KMeans',
  'is_supervised': False,
  'type': 'clustering',
  'n_clusters': int(variables.get("N_CLUSTERS")),
  'n_jobs': int(variables.get("N_JOBS")),
  'max_iterations': int(variables.get("MAX_ITERATIONS"))
}

algorithm_json = json.dumps(algorithm)
resultMetadata.put("task.algorithm_json", algorithm_json)

print("END " + __file__)
]]>
          </code>
        </script>
      </scriptExecutable>
      <controlFlow block="none"></controlFlow>
    </task>
    <task name="Split_Data" >
      <description>
        <![CDATA[ Separate data into training and testing sets. ]]>
      </description>
      <variables>
        <variable name="TRAIN_SIZE" value="0.7" inherited="false" />
        <variable name="DOCKER_ENABLED" value="True" inherited="true" model="PA:Boolean"/>
        <variable name="DOCKER_IMAGE" value="activeeon/dlm3" inherited="true" />
        <variable name="TASK_ENABLED" value="True" inherited="false" model="PA:Boolean"/>
      </variables>
      <genericInformation>
        <info name="task.icon" value="/automation-dashboard/styles/patterns/img/wf-icons/data-processing.png"/>
        <info name="task.documentation" value="https://doc.activeeon.com/latest/MLOS/MLOSUserGuide.html#_split_data"/>
      </genericInformation>
      <depends>
        <task ref="Feature_Vector_Extractor"/>
      </depends>
      <forkEnvironment javaHome="/usr" >
        <envScript>
          <script>
            <code language="python">
              <![CDATA[
if str(variables.get("DOCKER_ENABLED")).lower() == 'true':
  #Be aware, that the prefix command is internally split by spaces. So paths with spaces won't work.
  # Prepare Docker parameters 
  containerName = variables.get("DOCKER_IMAGE") 
  dockerRunCommand =  'docker run ' 
  dockerParameters = '--rm ' 
  # Prepare ProActive home volume 
  paHomeHost = variables.get("PA_SCHEDULER_HOME") 
  paHomeContainer = variables.get("PA_SCHEDULER_HOME") 
  proActiveHomeVolume = '-v '+paHomeHost +':'+paHomeContainer+' ' 
  # Prepare working directory (For Dataspaces and serialized task file) 
  workspaceHost = localspace 
  workspaceContainer = localspace 
  workspaceVolume = '-v '+localspace +':'+localspace+' ' 
  # Prepare container working directory 
  containerWorkingDirectory = '-w '+workspaceContainer+' ' 
  # Save pre execution command into magic variable 'preJavaHomeCmd', which is picked up by the node 
  preJavaHomeCmd = dockerRunCommand + dockerParameters + proActiveHomeVolume + workspaceVolume + containerWorkingDirectory + containerName
else:
  print("Fork environment disabled")
]]>
            </code>
          </script>
        </envScript>
      </forkEnvironment>
      <scriptExecutable>
        <script>
          <code language="cpython">
            <![CDATA[
__file__ = variables.get("PA_TASK_NAME")

if str(variables.get("TASK_ENABLED")).lower() != 'true':
  print("Task " + __file__ + " disabled")
  quit()

print("BEGIN " + __file__)

import sys, bz2, uuid
import pandas as pd
import numpy as np

from sklearn.model_selection import train_test_split

TRAIN_SIZE = variables.get("TRAIN_SIZE")
assert TRAIN_SIZE is not None and TRAIN_SIZE is not ""
TRAIN_SIZE = float(TRAIN_SIZE)
test_size = 1 - TRAIN_SIZE

input_variables = {'task.dataframe_id': None}
for key in input_variables.keys():
  for res in results:
    value = res.getMetadata().get(key)
    if value is not None:
      input_variables[key] = value
      break

dataframe_id = input_variables['task.dataframe_id']
print("dataframe id (in): ", dataframe_id)

dataframe_json = variables.get(dataframe_id)
assert dataframe_json is not None
dataframe_json = bz2.decompress(dataframe_json).decode()

dataframe = pd.read_json(dataframe_json, orient='split')

# Split dataframe into train/test sets
X_train, X_test = train_test_split(dataframe, test_size=test_size)

dataframe1 = X_train.reset_index(drop=True)
dataframe2 = X_test.reset_index(drop=True)

dataframe_json1 = dataframe1.to_json(orient='split').encode()
dataframe_json2 = dataframe2.to_json(orient='split').encode()

compressed_data1 = bz2.compress(dataframe_json1)
compressed_data2 = bz2.compress(dataframe_json2)

dataframe_id1 = str(uuid.uuid4())
dataframe_id2 = str(uuid.uuid4())

variables.put(dataframe_id1, compressed_data1)
variables.put(dataframe_id2, compressed_data2)

print("Train set:")
print("dataframe id1 (out): ", dataframe_id1)
print('dataframe size (original):   ', sys.getsizeof(dataframe_json1), " bytes")
print('dataframe size (compressed): ', sys.getsizeof(compressed_data1), " bytes")
print(dataframe1.head())

print("Test set:")
print("dataframe id2 (out): ", dataframe_id2)
print('dataframe size (original):   ', sys.getsizeof(dataframe_json2), " bytes")
print('dataframe size (compressed): ', sys.getsizeof(compressed_data2), " bytes")
print(dataframe2.head())

resultMetadata.put("task.name", __file__)
resultMetadata.put("task.dataframe_id_train", dataframe_id1)
resultMetadata.put("task.dataframe_id_test", dataframe_id2)

LIMIT_OUTPUT_VIEW = variables.get("LIMIT_OUTPUT_VIEW")
LIMIT_OUTPUT_VIEW = 5 if LIMIT_OUTPUT_VIEW is None else int(LIMIT_OUTPUT_VIEW)
if LIMIT_OUTPUT_VIEW > 0:
  print("task result limited to: ", LIMIT_OUTPUT_VIEW, " rows")
  dataframe = dataframe.head(LIMIT_OUTPUT_VIEW).copy()

#============================== Preview results ===============================
#***************# HTML PREVIEW STYLING #***************#
styles = [
    dict(selector="th", props=[("font-weight", "bold"),
                               ("text-align", "center"),
                               ("font-size", "15px"),
                               ("background", "#0B6FA4"),
                               ("color", "#FFFFFF")]),
                               ("padding", "3px 7px"),
    dict(selector="td", props=[("text-align", "right"),
                               ("padding", "3px 3px"),
                               ("border", "1px solid #999999"),
                               ("font-size", "13px"),
                               ("border-bottom", "1px solid #0B6FA4")]),
    dict(selector="table", props=[("border", "1px solid #999999"),
                               ("text-align", "center"),
                               ("width", "100%"),
                               ("border-collapse", "collapse")])
]
#******************************************************#

with pd.option_context('display.max_colwidth', -1):
  result = dataframe.style.set_table_styles(styles).render().encode('utf-8')
  resultMetadata.put("file.extension", ".html")
  resultMetadata.put("file.name", "output.html")
  resultMetadata.put("content.type", "text/html")
#==============================================================================

print("END " + __file__)
]]>
          </code>
        </script>
      </scriptExecutable>
      <controlFlow block="none"></controlFlow>
    </task>
    <task name="Train_Model" >
      <description>
        <![CDATA[ Train a classification/clustering/anomaly detection model ]]>
      </description>
      <variables>
        <variable name="LABEL_COLUMN" value="" inherited="false" />
        <variable name="DOCKER_ENABLED" value="True" inherited="true" />
        <variable name="DOCKER_IMAGE" value="activeeon/dlm3" inherited="true" />
        <variable name="TASK_ENABLED" value="True" inherited="false" />
      </variables>
      <genericInformation>
        <info name="task.icon" value="/automation-dashboard/styles/patterns/img/wf-icons/train.png"/>
        <info name="task.documentation" value="https://doc.activeeon.com/latest/MLOS/MLOSUserGuide.html#_train_anomaly_model"/>
      </genericInformation>
      <depends>
        <task ref="Split_Data"/>
        <task ref="K_Means"/>
      </depends>
      <forkEnvironment javaHome="/usr" >
        <envScript>
          <script>
            <code language="python">
              <![CDATA[
if str(variables.get("DOCKER_ENABLED")).lower() == 'true':
  #Be aware, that the prefix command is internally split by spaces. So paths with spaces won't work.
  # Prepare Docker parameters 
  containerName = variables.get("DOCKER_IMAGE") 
  dockerRunCommand =  'docker run ' 
  dockerParameters = '--rm ' 
  # Prepare ProActive home volume 
  paHomeHost = variables.get("PA_SCHEDULER_HOME") 
  paHomeContainer = variables.get("PA_SCHEDULER_HOME") 
  proActiveHomeVolume = '-v '+paHomeHost +':'+paHomeContainer+' ' 
  # Prepare working directory (For Dataspaces and serialized task file) 
  workspaceHost = localspace 
  workspaceContainer = localspace 
  workspaceVolume = '-v '+localspace +':'+localspace+' ' 
  # Prepare container working directory 
  containerWorkingDirectory = '-w '+workspaceContainer+' ' 
  # Save pre execution command into magic variable 'preJavaHomeCmd', which is picked up by the node 
  preJavaHomeCmd = dockerRunCommand + dockerParameters + proActiveHomeVolume + workspaceVolume + containerWorkingDirectory + containerName
else:
  print("Fork environment disabled")
]]>
            </code>
          </script>
        </envScript>
      </forkEnvironment>
      <scriptExecutable>
        <script>
          <code language="cpython">
            <![CDATA[
__file__ = variables.get("PA_TASK_NAME")

if str(variables.get("TASK_ENABLED")).lower() != 'true':
  print("Task " + __file__ + " disabled")
  quit()

print("BEGIN " + __file__)

import sys, bz2, uuid, json
import random, pickle
import pandas as pd

is_labeled_data = False
LABEL_COLUMN = variables.get("LABEL_COLUMN")
if LABEL_COLUMN is not None and LABEL_COLUMN is not "":
  is_labeled_data = True

input_variables = {
  'task.dataframe_id': None, 
  'task.dataframe_id_train': None,
  'task.algorithm_json': None
}
for key in input_variables.keys():
  for res in results:
    value = res.getMetadata().get(key)
    if value is not None:
      input_variables[key] = value
      break

dataframe_id = None
if input_variables['task.dataframe_id'] is not None:
  dataframe_id = input_variables['task.dataframe_id']
if input_variables['task.dataframe_id_train'] is not None:
  dataframe_id = input_variables['task.dataframe_id_train']
print("dataframe id (in): ", dataframe_id)

dataframe_json = variables.get(dataframe_id)
assert dataframe_json is not None
dataframe_json = bz2.decompress(dataframe_json).decode()
dataframe = pd.read_json(dataframe_json, orient='split')

algorithm_json = input_variables['task.algorithm_json']
assert algorithm_json is not None
algorithm = json.loads(algorithm_json)
#-------------------------------------------------------------
class obj(object):
  def __init__(self, d):
    for a, b in d.items():
      if isinstance(b, (list, tuple)):
        setattr(self, a, [obj(x) if isinstance(x, dict) else x for x in b])
      else:
        setattr(self, a, obj(b) if isinstance(b, dict) else b)
#-------------------------------------------------------------
alg = obj(algorithm)

model = None
if alg.is_supervised:
  #-------------------------------------------------------------
  # Classification algorithms
  #
  if alg.name == 'SupportVectorMachines':
    from sklearn.svm import SVC
    model = SVC(
      C=alg.C, 
      kernel=alg.kernel
    )
   
  if alg.name == 'GaussianNaiveBayes':
    from sklearn.naive_bayes import GaussianNB
    model = GaussianNB()
  
  if alg.name == 'LogisticRegression':
    from sklearn.linear_model import LogisticRegression
    model = LogisticRegression(
      penalty=alg.penalty, 
      solver=alg.solver, 
      max_iter=alg.max_iter, 
      n_jobs=alg.n_jobs
    )

  #-------------------------------------------------------------
  # Regression algorithms
  if alg.name == 'LinearRegression':
    from sklearn.linear_model import LinearRegression
    model = LinearRegression(
      n_jobs=alg.n_jobs
    )

  if alg.name == 'SupportVectorRegression':
    from sklearn.svm import SVR
    model = SVR(
      C=alg.C, 
      kernel=alg.kernel, 
      epsilon=alg.epsilon
    )
  
  if alg.name == 'BayesianRidgeRegression':
    from sklearn.linear_model import BayesianRidge
    model = BayesianRidge(
      alpha_1=alg.alpha_1, 
      alpha_2=alg.alpha_2, 
      lambda_1=alg.lambda_1, 
      lambda_2=alg.lambda_2, 
      n_iter=alg.n_iter
    )
else:
  #-------------------------------------------------------------
  # Anomaly detection algorithms
  if alg.name == 'OneClassSVM':
    from sklearn import svm
    model = svm.OneClassSVM(
      nu=alg.nu, 
      kernel=alg.kernel, 
      gamma=alg.gamma
    ) 
  
  if alg.name == 'IsolationForest':
    from sklearn.ensemble import IsolationForest
    model = IsolationForest(
      n_estimators=alg.n_estimators, 
      n_jobs=alg.n_jobs
    )
  
  #-------------------------------------------------------------
  # Clustering algorithms
  if alg.name == 'MeanShift':
    from sklearn.cluster import MeanShift
    model = MeanShift(
      cluster_all=alg.cluster_all, 
      n_jobs=alg.n_jobs
    ) 
    
  if alg.name == 'KMeans':
    from sklearn.cluster import KMeans
    model = KMeans(
      n_clusters=alg.n_clusters, 
      max_iter=alg.max_iterations, 
      n_jobs=alg.n_jobs
    )

#-------------------------------------------------------------
if model is not None:
  if is_labeled_data:
    columns = [LABEL_COLUMN]
    dataframe_train = dataframe.drop(columns, axis=1, inplace=False)
    dataframe_label = dataframe.filter(columns, axis=1)
  else:
    dataframe_train = dataframe

  if alg.is_supervised:
    model.fit(dataframe_train.values, dataframe_label.values.ravel())
  else:
    model.fit(dataframe_train.values)
  
  model_bin = pickle.dumps(model)
  model_compressed = bz2.compress(model_bin)
  model_id = str(uuid.uuid4())
  variables.put(model_id, model_compressed)

  print("model id: ", model_id)
  print('model size (original):   ', sys.getsizeof(model_bin), " bytes")
  print('model size (compressed): ', sys.getsizeof(model_compressed), " bytes")   
  resultMetadata.put("task.model_id", model_id)
else:
  print("Algorithm not found!")

dataframe_json = dataframe.to_json(orient='split').encode()
compressed_data = bz2.compress(dataframe_json)

dataframe_id = str(uuid.uuid4())
variables.put(dataframe_id, compressed_data)

print("dataframe id (out): ", dataframe_id)
print('dataframe size (original):   ', sys.getsizeof(dataframe_json), " bytes")
print('dataframe size (compressed): ', sys.getsizeof(compressed_data), " bytes")
print(dataframe.head())

resultMetadata.put("task.name", __file__)
#resultMetadata.put("task.dataframe_id", dataframe_id)
resultMetadata.put("task.algorithm_json", algorithm_json)
resultMetadata.put("task.label_column", LABEL_COLUMN)

LIMIT_OUTPUT_VIEW = variables.get("LIMIT_OUTPUT_VIEW")
LIMIT_OUTPUT_VIEW = 5 if LIMIT_OUTPUT_VIEW is None else int(LIMIT_OUTPUT_VIEW)
if LIMIT_OUTPUT_VIEW > 0:
  print("task result limited to: ", LIMIT_OUTPUT_VIEW, " rows")
  dataframe = dataframe.head(LIMIT_OUTPUT_VIEW).copy()

#============================== Preview results ===============================
#***************# HTML PREVIEW STYLING #***************#
styles = [
    dict(selector="th", props=[("font-weight", "bold"),
                               ("text-align", "center"),
                               ("font-size", "15px"),
                               ("background", "#0B6FA4"),
                               ("color", "#FFFFFF")]),
                               ("padding", "3px 7px"),
    dict(selector="td", props=[("text-align", "right"),
                               ("padding", "3px 3px"),
                               ("border", "1px solid #999999"),
                               ("font-size", "13px"),
                               ("border-bottom", "1px solid #0B6FA4")]),
    dict(selector="table", props=[("border", "1px solid #999999"),
                               ("text-align", "center"),
                               ("width", "100%"),
                               ("border-collapse", "collapse")])
]
#******************************************************#

with pd.option_context('display.max_colwidth', -1):
  result = dataframe.style.set_table_styles(styles).render().encode('utf-8')
  resultMetadata.put("file.extension", ".html")
  resultMetadata.put("file.name", "output.html")
  resultMetadata.put("content.type", "text/html")
#==============================================================================

print("END " + __file__)
]]>
          </code>
        </script>
      </scriptExecutable>
      <controlFlow block="none"></controlFlow>
    </task>
    <task name="Predict_Model" >
      <description>
        <![CDATA[ Generate predictions using a trained model. ]]>
      </description>
      <variables>
        <variable name="DOCKER_ENABLED" value="True" inherited="true" model="PA:Boolean"/>
        <variable name="DOCKER_IMAGE" value="activeeon/dlm3" inherited="true" />
        <variable name="TASK_ENABLED" value="True" inherited="false" model="PA:Boolean"/>
        <variable name="LABEL_COLUMN" value="" inherited="false" />
      </variables>
      <genericInformation>
        <info name="task.icon" value="/automation-dashboard/styles/patterns/img/wf-icons/predict.png"/>
        <info name="task.documentation" value="https://doc.activeeon.com/latest/MLOS/MLOSUserGuide.html#_predict_model"/>
      </genericInformation>
      <depends>
        <task ref="Train_Model"/>
        <task ref="Split_Data"/>
      </depends>
      <forkEnvironment javaHome="/usr" >
        <envScript>
          <script>
            <code language="python">
              <![CDATA[
if str(variables.get("DOCKER_ENABLED")).lower() == 'true':
  #Be aware, that the prefix command is internally split by spaces. So paths with spaces won't work.
  # Prepare Docker parameters 
  containerName = variables.get("DOCKER_IMAGE") 
  dockerRunCommand =  'docker run ' 
  dockerParameters = '--rm ' 
  # Prepare ProActive home volume 
  paHomeHost = variables.get("PA_SCHEDULER_HOME") 
  paHomeContainer = variables.get("PA_SCHEDULER_HOME") 
  proActiveHomeVolume = '-v '+paHomeHost +':'+paHomeContainer+' ' 
  # Prepare working directory (For Dataspaces and serialized task file) 
  workspaceHost = localspace 
  workspaceContainer = localspace 
  workspaceVolume = '-v '+localspace +':'+localspace+' ' 
  # Prepare container working directory 
  containerWorkingDirectory = '-w '+workspaceContainer+' ' 
  # Save pre execution command into magic variable 'preJavaHomeCmd', which is picked up by the node 
  preJavaHomeCmd = dockerRunCommand + dockerParameters + proActiveHomeVolume + workspaceVolume + containerWorkingDirectory + containerName
else:
  print("Fork environment disabled")
]]>
            </code>
          </script>
        </envScript>
      </forkEnvironment>
      <scriptExecutable>
        <script>
          <code language="cpython">
            <![CDATA[
__file__ = variables.get("PA_TASK_NAME")

if str(variables.get("TASK_ENABLED")).lower() != 'true':
  print("Task " + __file__ + " disabled")
  quit()

print("BEGIN " + __file__)

import os, sys, bz2, uuid, json
import random, pickle, sklearn
import numpy as np
import pandas as pd

from sklearn.metrics import mean_absolute_error
from sklearn.metrics import mean_squared_error
from sklearn.metrics import mutual_info_score
from sklearn.metrics import confusion_matrix
from sklearn.metrics import precision_score
from sklearn.metrics import accuracy_score
from sklearn.metrics import r2_score
from sklearn.metrics.cluster import adjusted_mutual_info_score
from sklearn.metrics.cluster import completeness_score
from sklearn.metrics.cluster import homogeneity_score
from sklearn.metrics.cluster import v_measure_score

input_variables = {
  'task.dataframe_id': None, 
  'task.dataframe_id_test': None,
  'task.algorithm_json': None,
  'task.label_column': None,
  'task.model_id': None
}
for key in input_variables.keys():
  for res in results:
    value = res.getMetadata().get(key)
    if value is not None:
      input_variables[key] = value
      break

dataframe_id = None
if input_variables['task.dataframe_id'] is not None:
  dataframe_id = input_variables['task.dataframe_id']
if input_variables['task.dataframe_id_test'] is not None:
  dataframe_id = input_variables['task.dataframe_id_test']
print("dataframe id (in): ", dataframe_id)

dataframe_json = variables.get(dataframe_id)
assert dataframe_json is not None
dataframe_json = bz2.decompress(dataframe_json).decode()

dataframe = pd.read_json(dataframe_json, orient='split')

is_labeled_data = False
LABEL_COLUMN = variables.get("LABEL_COLUMN")
if LABEL_COLUMN is not None and LABEL_COLUMN is not "":
  is_labeled_data = True
else:
  LABEL_COLUMN = input_variables['task.label_column']
  if LABEL_COLUMN is not None and LABEL_COLUMN is not "":
    is_labeled_data = True

model_id = input_variables['task.model_id']
model_compressed = variables.get(model_id)
model_bin = bz2.decompress(model_compressed)
assert model_bin is not None
print("model id (in): ", model_id)
print("model size: ", sys.getsizeof(model_compressed), " bytes")
print("model size (decompressed): ", sys.getsizeof(model_bin), " bytes")

algorithm_json = input_variables['task.algorithm_json']
assert algorithm_json is not None
algorithm = json.loads(algorithm_json)
#-------------------------------------------------------------
class obj(object):
  def __init__(self, d):
    for a, b in d.items():
      if isinstance(b, (list, tuple)):
        setattr(self, a, [obj(x) if isinstance(x, dict) else x for x in b])
      else:
        setattr(self, a, obj(b) if isinstance(b, dict) else b)
#-------------------------------------------------------------
alg = obj(algorithm)

loaded_model = pickle.loads(model_bin)
dataframe_predictions = None

if is_labeled_data:
  columns = [LABEL_COLUMN]
  dataframe_test = dataframe.drop(columns, axis=1, inplace=False)
  dataframe_label = dataframe.filter(columns, axis=1)
  predictions = list(loaded_model.predict(dataframe_test.values))
  dataframe_predictions = pd.DataFrame(predictions)
  dataframe = dataframe.assign(predictions=dataframe_predictions)

  if alg.type == 'anomaly':
    pred_map = {-1: 1, 1: 0}
    dataframe["predictions"].replace(pred_map, inplace=True)
    predictions = dataframe["predictions"].tolist()
  
  if alg.type != 'clustering' and alg.type != 'anomaly':
    score = loaded_model.score(dataframe_test.values, dataframe_label.values.ravel())
    print("MODEL SCORE: %.2f" % score)

  #-------------------------------------------------------------
  # CLASSIFICATION AND ANOMALY DETECTION SCORE
  #
  if alg.type == 'classification' or alg.type == 'anomaly':
    dataframe['accuracy'] = np.where((dataframe[LABEL_COLUMN] == dataframe['predictions']), 1, 0)
    accuracy_score_result = accuracy_score(dataframe_label.values.ravel(), predictions)
    precision_score_result = precision_score(dataframe_label.values.ravel(), predictions, average='micro')
    confusion_matrix_result = confusion_matrix(dataframe_label.values.ravel(), predictions)
    print("********************** CLASSIFICATION SCORE **********************")
    print("ACCURACY SCORE: %.2f" % accuracy_score_result)
    print("PRECISION SCORE: %.2f" % precision_score_result)
    print("CONFUSION MATRIX:\n%s" % confusion_matrix_result)
    print("*******************************************************************")

  #-------------------------------------------------------------
  # REGRESSION SCORE
  #
  if alg.type == 'regression':
    dataframe['absolute_error'] = dataframe[LABEL_COLUMN] - dataframe['predictions']
    mean_squared_error_result = mean_squared_error(dataframe_label.values.ravel(), predictions)
    mean_absolute_error_result = mean_absolute_error(dataframe_label.values.ravel(), predictions)
    r2_score_result = r2_score(dataframe_label.values.ravel(), predictions) 
    print("********************** REGRESSION SCORES **********************")
    print("MEAN SQUARED ERROR: %.2f" % mean_squared_error_result)
    print("MEAN ABSOLUTE ERROR: %.2f" % mean_absolute_error_result)
    print("R2 SCORE: %.2f" % r2_score_result)
    print("***************************************************************")
  
  #-------------------------------------------------------------
  # CLUSTERING SCORE
  #
  if alg.type == 'clustering':
    adjusted_mutual_info_score_result = adjusted_mutual_info_score(dataframe_label.values.ravel(), predictions)
    completeness_score_result = completeness_score(dataframe_label.values.ravel(), predictions)
    homogeneity_score_result = homogeneity_score(dataframe_label.values.ravel(), predictions)
    mutual_info_score_result = mutual_info_score(dataframe_label.values.ravel(), predictions)
    v_measure_score_result = v_measure_score(dataframe_label.values.ravel(), predictions)
    print("********************** CLUSTERING SCORES **********************")
    print("ADJUSTED MUTUAL INFORMATION: %.2f" % adjusted_mutual_info_score_result)
    print("COMPLETENESS SCORE: %.2f" % completeness_score_result)
    print("HOMOGENEITY METRIC: %.2f" % homogeneity_score_result)
    print("MUTUAL INFORMATION: %.2f" % mutual_info_score_result)
    print("V-MEASURE CLUSTER MEASURE: %.2f" % v_measure_score_result)
    print("***************************************************************")
    #-------------------------------------------------------------
else:
  predictions = list(loaded_model.predict(dataframe.values))
  dataframe_predictions = pd.DataFrame(predictions)
  dataframe = dataframe.assign(predictions=dataframe_predictions)

dataframe_json = dataframe.to_json(orient='split').encode()
compressed_data = bz2.compress(dataframe_json)

dataframe_id = str(uuid.uuid4())
variables.put(dataframe_id, compressed_data)

print("dataframe id (out): ", dataframe_id)
print('dataframe size (original):   ', sys.getsizeof(dataframe_json), " bytes")
print('dataframe size (compressed): ', sys.getsizeof(compressed_data), " bytes")
print(dataframe.head())

resultMetadata.put("task.name", __file__)
resultMetadata.put("task.dataframe_id", dataframe_id)
resultMetadata.put("task.algorithm_json", algorithm_json)
resultMetadata.put("task.label_column", LABEL_COLUMN)

LIMIT_OUTPUT_VIEW = variables.get("LIMIT_OUTPUT_VIEW")
LIMIT_OUTPUT_VIEW = 5 if LIMIT_OUTPUT_VIEW is None else int(LIMIT_OUTPUT_VIEW)
if LIMIT_OUTPUT_VIEW > 0:
  print("task result limited to: ", LIMIT_OUTPUT_VIEW, " rows")
  dataframe = dataframe.head(LIMIT_OUTPUT_VIEW).copy()

#============================== Preview results ===============================
#***************# HTML PREVIEW STYLING #***************#
styles = [
    dict(selector="th", props=[("font-weight", "bold"),
                               ("text-align", "center"),
                               ("font-size", "15px"),
                               ("background", "#0B6FA4"),
                               ("color", "#FFFFFF")]),
                               ("padding", "3px 7px"),
    dict(selector="td", props=[("text-align", "right"),
                               ("padding", "3px 3px"),
                               ("border", "1px solid #999999"),
                               ("font-size", "13px"),
                               ("border-bottom", "1px solid #0B6FA4")]),
    dict(selector="table", props=[("border", "1px solid #999999"),
                               ("text-align", "center"),
                               ("width", "100%"),
                               ("border-collapse", "collapse")])
]
#******************************************************#

with pd.option_context('display.max_colwidth', -1):
  result = dataframe.style.set_table_styles(styles).render().encode('utf-8')
  resultMetadata.put("file.extension", ".html")
  resultMetadata.put("file.name", "output.html")
  resultMetadata.put("content.type", "text/html")
#==============================================================================

print("END " + __file__)
]]>
          </code>
        </script>
      </scriptExecutable>
      <controlFlow block="none"></controlFlow>
    </task>
    <task name="Preview_Results" >
      <description>
        <![CDATA[ Export the results. ]]>
      </description>
      <variables>
        <variable name="DOCKER_ENABLED" value="True" inherited="true" model="PA:Boolean"/>
        <variable name="DOCKER_IMAGE" value="activeeon/dlm3" inherited="true" />
        <variable name="TASK_ENABLED" value="True" inherited="false" model="PA:Boolean"/>
        <variable name="OUTPUT_TYPE" value="HTML" inherited="false" model="PA:LIST(CSV,JSON,HTML)"/>
        <variable name="LIMIT_OUTPUT_VIEW" value="1000" inherited="false" model="PA:Integer"/>
      </variables>
      <genericInformation>
        <info name="task.icon" value="/automation-dashboard/styles/patterns/img/wf-icons/export_data.png"/>
        <info name="task.documentation" value="https://doc.activeeon.com/latest/MLOS/MLOSUserGuide.html#_export_results"/>
      </genericInformation>
      <depends>
        <task ref="Predict_Model"/>
      </depends>
      <forkEnvironment javaHome="/usr" >
        <envScript>
          <script>
            <code language="python">
              <![CDATA[
if str(variables.get("DOCKER_ENABLED")).lower() == 'true':
  #Be aware, that the prefix command is internally split by spaces. So paths with spaces won't work.
  # Prepare Docker parameters 
  containerName = variables.get("DOCKER_IMAGE") 
  dockerRunCommand =  'docker run ' 
  dockerParameters = '--rm ' 
  # Prepare ProActive home volume 
  paHomeHost = variables.get("PA_SCHEDULER_HOME") 
  paHomeContainer = variables.get("PA_SCHEDULER_HOME") 
  proActiveHomeVolume = '-v '+paHomeHost +':'+paHomeContainer+' ' 
  # Prepare working directory (For Dataspaces and serialized task file) 
  workspaceHost = localspace 
  workspaceContainer = localspace 
  workspaceVolume = '-v '+localspace +':'+localspace+' ' 
  # Prepare container working directory 
  containerWorkingDirectory = '-w '+workspaceContainer+' ' 
  # Save pre execution command into magic variable 'preJavaHomeCmd', which is picked up by the node 
  preJavaHomeCmd = dockerRunCommand + dockerParameters + proActiveHomeVolume + workspaceVolume + containerWorkingDirectory + containerName
else:
  print("Fork environment disabled")
]]>
            </code>
          </script>
        </envScript>
      </forkEnvironment>
      <scriptExecutable>
        <script>
          <code language="cpython">
            <![CDATA[
__file__ = variables.get("PA_TASK_NAME")

if str(variables.get("TASK_ENABLED")).lower() != 'true':
  print("Task " + __file__ + " disabled")
  quit()

print("BEGIN " + __file__)

import pandas as pd
import numpy as np
import bz2

OUTPUT_TYPE = variables.get("OUTPUT_TYPE")
assert OUTPUT_TYPE is not None and OUTPUT_TYPE is not ""

input_variables = {'task.dataframe_id': None}
for key in input_variables.keys():
  for res in results:
    value = res.getMetadata().get(key)
    if value is not None:
      input_variables[key] = value
      break

dataframe_id = input_variables['task.dataframe_id']
print("dataframe id (in): ", dataframe_id)

dataframe_json = variables.get(dataframe_id)
assert dataframe_json is not None
dataframe_json = bz2.decompress(dataframe_json).decode()

dataframe = pd.read_json(dataframe_json, orient='split')
print(dataframe.head())

OUTPUT_TYPE = OUTPUT_TYPE.upper()
if OUTPUT_TYPE == "S3":
  import s3fs, uuid

  UserAccessKeyID=str(variables.get('UserAccessKeyID'))
  UserSecretAccessKey=str(variables.get('UserSecretAccessKey'))
  UserBucketPath=variables.get('UserBucketPath')

  dataframe_id = str(uuid.uuid4())
  print("dataframe id (out): ", dataframe_id)
  bytes_to_write = dataframe.to_csv(index=False).encode()

  fs = s3fs.S3FileSystem(
      key=UserAccessKeyID, 
      secret=UserSecretAccessKey,
      s3_additional_kwargs={'ACL': 'public-read'}
  )

  bucket_path=str(UserBucketPath) if UserBucketPath is not None else 's3://activeeon-public/results/'
  s3file_path = bucket_path+dataframe_id+'.csv'
  with fs.open(s3file_path, 'wb') as f:
    f.write(bytes_to_write)

  dataframe_url = fs.url(s3file_path).split('?')[0]
  dataframe_info = fs.info(s3file_path)
  print("The dataframe was uploaded successfully to the following url:")
  print(dataframe_url)
  print("File info:")
  print(dataframe_info)

if OUTPUT_TYPE == "CSV":
  #result = dataframe.to_csv(encoding='utf-8', index=False)
  result = dataframe.to_csv(index=False)
  resultMetadata.put("file.extension", ".csv")
  resultMetadata.put("file.name", "dataframe.csv")
  resultMetadata.put("content.type", "text/csv")

if OUTPUT_TYPE == "JSON":
  result = dataframe.to_json(orient='split', encoding='utf-8')
  resultMetadata.put("file.extension", ".json")
  resultMetadata.put("file.name", "dataframe.json")
  resultMetadata.put("content.type", "application/json")

if OUTPUT_TYPE == "HTML":
  LIMIT_OUTPUT_VIEW = variables.get("LIMIT_OUTPUT_VIEW")
  LIMIT_OUTPUT_VIEW = 5 if LIMIT_OUTPUT_VIEW is None else int(LIMIT_OUTPUT_VIEW)
  if LIMIT_OUTPUT_VIEW > 0:
    print("task result limited to: ", LIMIT_OUTPUT_VIEW, " rows")
    dataframe = dataframe.head(LIMIT_OUTPUT_VIEW).copy()
  
  #***************# HTML PREVIEW STYLING #***************#
  styles = [
    dict(selector="th", props=[("font-weight", "bold"),
                               ("text-align", "center"),
                               ("font-size", "15px"),
                               ("background", "#0B6FA4"),
                               ("color", "#FFFFFF")]),
                               ("padding", "3px 7px"),
    dict(selector="td", props=[("text-align", "right"),
                               ("padding", "3px 3px"),
                               ("border", "1px solid #999999"),
                               ("font-size", "13px"),
                               ("border-bottom", "1px solid #0B6FA4")]),
    dict(selector="table", props=[("border", "1px solid #999999"),
                               ("text-align", "center"),
                               ("width", "100%"),
                               ("border-collapse", "collapse")])
  ]
  #******************************************************#

  with pd.option_context('display.max_colwidth', -1):
    result = dataframe.style.set_table_styles(styles).render().encode('utf-8')
    resultMetadata.put("file.extension", ".html")
    resultMetadata.put("file.name", "output.html")
    resultMetadata.put("content.type", "text/html")

print("END " + __file__)
]]>
          </code>
        </script>
      </scriptExecutable>
      <controlFlow block="none"></controlFlow>
    </task>
    <task name="Start_Visdom_Service" 
    
    onTaskError="cancelJob" >
      <description>
        <![CDATA[ Start the Visdom server as a service. ]]>
      </description>
      <variables>
        <variable name="SERVICE_ID" value="Visdom" inherited="false" />
        <variable name="INSTANCE_NAME" value="visdom-server-${PA_JOB_ID}" inherited="true" />
      </variables>
      <genericInformation>
        <info name="task.icon" value="/automation-dashboard/styles/patterns/img/wf-icons/visdom.png"/>
        <info name="task.documentation" value="https://doc.activeeon.com/latest/MLOS/MLOSUserGuide.html"/>
      </genericInformation>
      <scriptExecutable>
        <script>
          <file url="${PA_CATALOG_REST_URL}/buckets/cloud-automation-scripts/resources/Service_Start/raw" language="groovy"></file>
        </script>
      </scriptExecutable>
      <controlFlow block="none"></controlFlow>
      <metadata>
        <positionTop>
            625.0390625
        </positionTop>
        <positionLeft>
            857.1484375
        </positionLeft>
      </metadata>
    </task>
    <task name="Visdom_Visualize_Results" >
      <description>
        <![CDATA[ Plot the different results obtained by a predictive model using Visdom ]]>
      </description>
      <variables>
        <variable name="DOCKER_ENABLED" value="True" inherited="true" model="PA:Boolean"/>
        <variable name="DOCKER_IMAGE" value="activeeon/dlm3" inherited="true" />
        <variable name="TASK_ENABLED" value="True" inherited="false" />
        <variable name="TARGET_CLASS" value="0" inherited="false" />
        <variable name="VISDOM_ENDPOINT" value="" inherited="false" />
      </variables>
      <genericInformation>
        <info name="task.icon" value="/automation-dashboard/styles/patterns/img/wf-icons/visdom.png"/>
        <info name="task.documentation" value="https://doc.activeeon.com/latest/MLOS/MLOSUserGuide.html#_visdom_visualize_results"/>
      </genericInformation>
      <depends>
        <task ref="Start_Visdom_Service"/>
        <task ref="Predict_Model"/>
      </depends>
      <forkEnvironment javaHome="/usr" >
        <envScript>
          <script>
            <code language="python">
              <![CDATA[
if str(variables.get("DOCKER_ENABLED")).lower() == 'true':
  #Be aware, that the prefix command is internally split by spaces. So paths with spaces won't work.
  # Prepare Docker parameters
  containerName = variables.get("DOCKER_IMAGE")
  dockerRunCommand =  'docker run '
  dockerParameters = '--rm '
  # Prepare ProActive home volume
  paHomeHost = variables.get("PA_SCHEDULER_HOME")
  paHomeContainer = variables.get("PA_SCHEDULER_HOME")
  proActiveHomeVolume = '-v '+paHomeHost +':'+paHomeContainer+' '
  # Prepare working directory (For Dataspaces and serialized task file)
  workspaceHost = localspace
  workspaceContainer = localspace
  workspaceVolume = '-v '+localspace +':'+localspace+' '
  # Prepare container working directory
  containerWorkingDirectory = '-w '+workspaceContainer+' '
  # Save pre execution command into magic variable 'preJavaHomeCmd', which is picked up by the node
  preJavaHomeCmd = dockerRunCommand + dockerParameters + proActiveHomeVolume + workspaceVolume + containerWorkingDirectory + containerName
else:
  print("Fork environment disabled")
]]>
            </code>
          </script>
        </envScript>
      </forkEnvironment>
      <scriptExecutable>
        <script>
          <code language="cpython">
            <![CDATA[
__file__ = variables.get("PA_TASK_NAME")

if str(variables.get("TASK_ENABLED")).lower() != 'true':
  print("Task " + __file__ + " disabled")
  quit()

print("BEGIN " + __file__)

import sys, bz2, uuid, json
import pandas as pd
import numpy as np

from visdom import Visdom
from sklearn.metrics import *

input_variables = {
  'task.dataframe_id': None,
  'task.dataframe_id_test': None,
  'task.algorithm_json': None,
  'task.label_column': None,
}
for key in input_variables.keys():
  for res in results:
    value = res.getMetadata().get(key)
    if value is not None:
      input_variables[key] = value
      break

dataframe_id = None
if input_variables['task.dataframe_id'] is not None:
  dataframe_id = input_variables['task.dataframe_id']
if input_variables['task.dataframe_id_test'] is not None:
  dataframe_id = input_variables['task.dataframe_id_test']
print("dataframe id (in): ", dataframe_id)

dataframe_json = variables.get(dataframe_id)
assert dataframe_json is not None
dataframe_json = bz2.decompress(dataframe_json).decode()

dataframe = pd.read_json(dataframe_json, orient='split')

is_labeled_data = False
LABEL_COLUMN = variables.get("LABEL_COLUMN")
if LABEL_COLUMN is not None and LABEL_COLUMN is not "":
  is_labeled_data = True
else:
  LABEL_COLUMN = input_variables['task.label_column']
  if LABEL_COLUMN is not None and LABEL_COLUMN is not "":
    is_labeled_data = True

TARGET_CLASS = variables.get("TARGET_CLASS")
assert TARGET_CLASS is not None, 'The variable TARGET_CLASS is mandatory'
TARGET_CLASS = str(TARGET_CLASS)

algorithm_json = input_variables['task.algorithm_json']
assert algorithm_json is not None
algorithm = json.loads(algorithm_json)
#-------------------------------------------------------------
class obj(object):
  def __init__(self, d):
    for a, b in d.items():
      if isinstance(b, (list, tuple)):
        setattr(self, a, [obj(x) if isinstance(x, dict) else x for x in b])
      else:
        setattr(self, a, obj(b) if isinstance(b, dict) else b)
#-------------------------------------------------------------
alg = obj(algorithm)

visdom_endpoint = variables.get("VISDOM_ENDPOINT") if variables.get("VISDOM_ENDPOINT") else results[0].__str__()
print("VISDOM_ENDPOINT = ",visdom_endpoint)
if visdom_endpoint is not None:
  visdom_endpoint = visdom_endpoint.replace("http://", "")
(VISDOM_HOST, VISDOM_PORT) = visdom_endpoint.split(":")
print("Connecting to %s:%s" % (VISDOM_HOST, VISDOM_PORT))
vis = Visdom(server="http://"+VISDOM_HOST,port=int(VISDOM_PORT))
assert vis.check_connection()

columns = []
if alg.type == 'classification' and is_labeled_data:
  columns = [LABEL_COLUMN, "predictions","accuracy"]
elif alg.type == 'regression' and is_labeled_data:
  columns = [LABEL_COLUMN, "predictions","absolute_error"]
elif alg.type == 'clustering' and is_labeled_data:
  columns = [LABEL_COLUMN, "predictions"]
else:
  columns = ["predictions"]

dataframe_idx_values = dataframe.index.values
dataframe_features = dataframe.drop(columns, axis=1, inplace=False)

dataframe_features_values = dataframe_features.values
dataframe_features_values_columns = list(dataframe_features.columns.values)

nb_rows = dataframe_features_values.shape[0]
nb_columns = dataframe_features_values.shape[1]

dataframe_predictions = dataframe["predictions"]
dataframe_predictions_values = dataframe_predictions.values.ravel()
dataframe_predictions_values_str = [str(dataframe_predictions[x]) for x in range(nb_rows)]

if alg.type == 'classification':
  df_classes = dataframe[LABEL_COLUMN].unique()
else:
  df_classes = dataframe_predictions.unique()

classes = [str(df_classes[x]) for x in range(0,len(df_classes))]
classes.sort()
classes_stats = [0]*len(classes)

if is_labeled_data:
  dataframe_labels = dataframe[LABEL_COLUMN]
  dataframe_labels_values = dataframe_labels.values.ravel()

if is_labeled_data and alg.type == 'regression':
  dataframe_predictions_values_float = [float(dataframe_predictions_values[x]) for x in range(nb_rows)]
  model_mse = mean_squared_error(dataframe_labels_values, dataframe_predictions_values_float)
  model_mae = mean_absolute_error(dataframe_labels_values, dataframe_predictions_values_float)
  model_r2s = r2_score(dataframe_labels_values, dataframe_predictions_values_float)

if is_labeled_data and (alg.type == 'classification' or alg.type == 'clustering'):
  dataframe_classes = dataframe_labels.unique()
  classes = [str(dataframe_classes[x]) for x in range(0, len(dataframe_classes))]
  classes.sort()
  classes_stats = [0]*len(classes)
  model_cm = confusion_matrix(dataframe_labels_values, dataframe_predictions_values)
  model_as = accuracy_score(dataframe_labels_values, dataframe_predictions_values)
  model_ps = precision_score(dataframe_labels_values, dataframe_predictions_values, average='micro')
  model_fpr = None
  model_tpr = None
  if len(classes) == 2:
    model_fpr, model_tpr, _ = roc_curve(dataframe_labels_values, dataframe_predictions_values)

#-------------------------------------------------------------
# VISDOM PLOTS
#-------------------------------------------------------------

list_detected_samples_text = vis.text("List of detected samples in class " + TARGET_CLASS, opts=dict(title='List of indexes'))

target_class_line = vis.line(
  Y=np.array([0]),
  X=np.array([0]),
  opts=dict(
    xlabel='Index',
    ylabel='Targeted Class',
    title="Detected samples in class " + TARGET_CLASS
    )
  )

features_line = vis.line(
  X=np.column_stack([0]*nb_columns),
  Y=np.column_stack(dataframe_features_values[0][:]),
  opts=dict(
    legend=dataframe_features_values_columns,
    xlabel='Index',
    ylabel='Feature Value',
    title='Values of extracted features for each sample'
    )
  )
if alg.type == 'classification' or alg.type == 'clustering':
  statistic_pie = vis.pie(X=classes_stats, opts=dict(legend=classes, title='Classification results'))

#-------------------------------------------------------------
count = 0
for x in range(nb_rows):
  vis.line(
    X=np.column_stack([count]*nb_columns),
    Y=np.column_stack(dataframe_features_values[x][:]),
    win=features_line,
    update='append'
  )
  if alg.type == 'regression':
    match = (int(float(dataframe_predictions_values[x])) == int(float(TARGET_CLASS)))
    if match:
      message = "%s\n"%(dataframe_idx_values[x])
      vis.text(message, win=list_detected_samples_text, append=True)
      vis.line(Y=np.array([1]), X=np.array([count]), win=target_class_line, update='append')
    else:
      vis.line(Y=np.array([0]), X=np.array([count]), win=target_class_line, update='append')
    count += 1

  if alg.type == 'classification' or alg.type == 'clustering':
    for i in range(len(classes)):
      if dataframe_predictions_values_str[x] == classes[i]:
        classes_stats[i] += 1
        vis.pie(X=classes_stats, win=statistic_pie, opts=dict(legend=classes, title='Classification results'))
        match = (str(classes[i]) == str(TARGET_CLASS))
        if match:
          message = "%s\n"%(dataframe_idx_values[x])
          vis.text(message, win=list_detected_samples_text, append=True)
          vis.line(Y=np.array([1]), X=np.array([count]), win=target_class_line, update='append')
        else:
          vis.line(Y=np.array([0]), X=np.array([count]), win=target_class_line, update='append')
        count += 1

#-------------------------------------------------------------

score_text = vis.text("Model scoring")
if is_labeled_data and (alg.type == 'classification' or alg.type == 'clustering'):
  if model_fpr is not None and model_tpr is not None:
    vis.line(X=model_fpr, Y=model_tpr, opts=dict(xlabel='False Positive Rate', ylabel='True Positive Rate', title='ROC Curve'))
  vis.bar(X=model_cm, opts=dict(stacked=True, legend=classes, rownames=classes, title='Predictive model performance'))
  vis.text("Classification scores", win=score_text, append=True)
  vis.text("Accuracy score:", win=score_text, append=True)
  vis.text(str(model_as), win=score_text, append=True)
  vis.text("Precision score:", win=score_text, append=True)
  vis.text(str(model_ps), win=score_text, append=True)
  vis.text("Confusion matrix:", win=score_text, append=True)
  vis.text(str(model_cm), win=score_text, append=True)

if is_labeled_data and alg.type == 'regression':
  vis.text("Regression scores", win=score_text, append=True)
  vis.text("Mean squared error:", win=score_text, append=True)
  vis.text(str(model_mse), win=score_text, append=True)
  vis.text("Mean absolute error:", win=score_text, append=True)
  vis.text(str(model_mae), win=score_text, append=True)
  vis.text("Coefficient of determination:", win=score_text, append=True)
  vis.text(str(model_r2s), win=score_text, append=True)

print("END " + __file__)
]]>
          </code>
        </script>
      </scriptExecutable>
      <controlFlow block="none"></controlFlow>
    </task>
    <task name="Visdom_Service_Actions" 
    
    onTaskError="cancelJob" >
      <description>
        <![CDATA[ This task manages the life-cycle of Visdom PCA service. It allows to trigger three possible actions: Pause_Visdom, Resume_Visdom and Finish_Visdom.
It requires the following variables:
INSTANCE_ID: if used alone or;
INSTANCE_NAME: if used within the same workflow as a Visdom_Service_Start task. In this case there is no need for an INSTANCE_ID.
ACTION: the action to execute on the Visdom service among the aforementioned actions. ]]>
      </description>
      <variables>
        <variable name="INSTANCE_NAME" value="visdom-server-${PA_JOB_ID}" inherited="false" />
        <variable name="ACTION" value="Finish_Visdom" inherited="false" model="PA:LIST(Pause_Visdom, Resume_Visdom, Finish_Visdom)"/>
        <variable name="INSTANCE_ID" value="" inherited="false" />
      </variables>
      <genericInformation>
        <info name="task.icon" value="/automation-dashboard/styles/patterns/img/wf-icons/visdom.png"/>
        <info name="task.documentation" value="https://doc.activeeon.com/latest/MLOS/MLOSUserGuide.html"/>
      </genericInformation>
      <depends>
        <task ref="Wait_For_Web_Validation"/>
      </depends>
      <scriptExecutable>
        <script>
          <file url="${PA_CATALOG_REST_URL}/buckets/cloud-automation-scripts/resources/Service_Action/raw" language="groovy"></file>
        </script>
      </scriptExecutable>
      <controlFlow block="none"></controlFlow>
    </task>
  </taskFlow>
  <metadata>
    <visualization>
      <![CDATA[ <html><head><link rel="stylesheet" href="/studio/styles/studio-standalone.css"><style>
        #workflow-designer {
            left:0 !important;
            top:0 !important;
            width:2673px;
            height:3068px;
            }
        </style></head><body><div id="workflow-visualization-view"><div id="workflow-visualization" style="position:relative;top:-108.0078125px;left:-615.859375px"><div class="task ui-draggable _jsPlumb_endpoint_anchor_" id="jsPlumb_1_1253" style="top: 881.055px; left: 852.149px;"><a class="task-name"><img src="/automation-dashboard/styles/patterns/img/wf-icons/visdom.png" width="20px">&nbsp;<span class="name">Wait_For_Web_Validation</span></a></div><div class="task _jsPlumb_endpoint_anchor_ ui-draggable" id="jsPlumb_1_1256" style="top: 113.008px; left: 758.867px;"><a class="task-name"><img src="/automation-dashboard/styles/patterns/img/wf-icons/log_parser.png" width="20px">&nbsp;<span class="name">Log_Parser</span></a></div><div class="task ui-draggable _jsPlumb_endpoint_anchor_" id="jsPlumb_1_1259" style="top: 241.016px; left: 758.867px;"><a class="task-name"><img src="/automation-dashboard/styles/patterns/img/wf-icons/filled_filter.png" width="20px">&nbsp;<span class="name">Feature_Vector_Extractor</span></a></div><div class="task _jsPlumb_endpoint_anchor_ ui-draggable" id="jsPlumb_1_1262" style="top: 369.024px; left: 620.86px;"><a class="task-name"><img src="/automation-dashboard/styles/patterns/img/wf-icons/ml_clustering.png" width="20px">&nbsp;<span class="name">K_Means</span></a></div><div class="task ui-draggable _jsPlumb_endpoint_anchor_" id="jsPlumb_1_1265" style="top: 369.024px; left: 758.867px;"><a class="task-name"><img src="/automation-dashboard/styles/patterns/img/wf-icons/data-processing.png" width="20px">&nbsp;<span class="name">Split_Data</span></a></div><div class="task ui-draggable _jsPlumb_endpoint_anchor_" id="jsPlumb_1_1268" style="top: 497.031px; left: 652.871px;"><a class="task-name"><img src="/automation-dashboard/styles/patterns/img/wf-icons/train.png" width="20px">&nbsp;<span class="name">Train_Model</span></a></div><div class="task ui-draggable _jsPlumb_endpoint_anchor_" id="jsPlumb_1_1271" style="top: 625.039px; left: 689.863px;"><a class="task-name"><img src="/automation-dashboard/styles/patterns/img/wf-icons/predict.png" width="20px">&nbsp;<span class="name">Predict_Model</span></a></div><div class="task ui-draggable _jsPlumb_endpoint_anchor_" id="jsPlumb_1_1274" style="top: 753.047px; left: 682.637px;"><a class="task-name"><img src="/automation-dashboard/styles/patterns/img/wf-icons/export_data.png" width="20px">&nbsp;<span class="name">Preview_Results</span></a></div><div class="task _jsPlumb_endpoint_anchor_ ui-draggable" id="jsPlumb_1_1277" style="top: 625.039px; left: 857.149px;"><a class="task-name"><img src="/automation-dashboard/styles/patterns/img/wf-icons/visdom.png" width="20px">&nbsp;<span class="name">Start_Visdom_Service</span></a></div><div class="task ui-draggable _jsPlumb_endpoint_anchor_" id="jsPlumb_1_1280" style="top: 753.047px; left: 852.129px;"><a class="task-name"><img src="/automation-dashboard/styles/patterns/img/wf-icons/visdom.png" width="20px">&nbsp;<span class="name">Visdom_Visualize_Results</span></a></div><div class="task ui-draggable _jsPlumb_endpoint_anchor_" id="jsPlumb_1_1283" style="top: 1009.06px; left: 852.129px;"><a class="task-name"><img src="/automation-dashboard/styles/patterns/img/wf-icons/visdom.png" width="20px">&nbsp;<span class="name">Visdom_Service_Actions</span></a></div><svg style="position:absolute;left:917px;top:792.5px" width="22" height="89" pointer-events="none" position="absolute" version="1.1"
      xmlns="http://www.w3.org/1999/xhtml" class="_jsPlumb_connector "><path d="M 0 88 C -10 38 11 50 1 0 " transform="translate(10.5,0.5)" pointer-events="visibleStroke" version="1.1"
      xmlns="http://www.w3.org/1999/xhtml" fill="none" stroke="#666" style=""></path><path pointer-events="all" version="1.1"
      xmlns="http://www.w3.org/1999/xhtml" d="M-2.73415625,66.78168750000002 L5.087187797721125,47.08837449057529 L-2.1550211532554755,52.793671109542124 L-8.900828592736769,46.50923939383077 L-2.73415625,66.78168750000002" class="" stroke="#666" fill="#666" transform="translate(10.5,0.5)"></path><path pointer-events="all" version="1.1"
      xmlns="http://www.w3.org/1999/xhtml" d="M-2.73415625,66.78168750000002 L5.087187797721125,47.08837449057529 L-2.1550211532554755,52.793671109542124 L-8.900828592736769,46.50923939383077 L-2.73415625,66.78168750000002" class="" stroke="#666" fill="#666" transform="translate(10.5,0.5)"></path></svg><svg style="position:absolute;left:798.5px;top:152.5px" width="45.5" height="89" pointer-events="none" position="absolute" version="1.1"
      xmlns="http://www.w3.org/1999/xhtml" class="_jsPlumb_connector "><path d="M 24.5 88 C 34.5 38 -10 50 0 0 " transform="translate(10.5,0.5)" pointer-events="visibleStroke" version="1.1"
      xmlns="http://www.w3.org/1999/xhtml" fill="none" stroke="#666" style=""></path><path pointer-events="all" version="1.1"
      xmlns="http://www.w3.org/1999/xhtml" d="M25.144359625,65.8307285 L24.91960402101258,44.64230041015633 L20.379554453683394,52.666510647070254 L11.755386168082827,49.40710558147294 L25.144359625,65.8307285" class="" stroke="#666" fill="#666" transform="translate(10.5,0.5)"></path><path pointer-events="all" version="1.1"
      xmlns="http://www.w3.org/1999/xhtml" d="M25.144359625,65.8307285 L24.91960402101258,44.64230041015633 L20.379554453683394,52.666510647070254 L11.755386168082827,49.40710558147294 L25.144359625,65.8307285" class="" stroke="#666" fill="#666" transform="translate(10.5,0.5)"></path></svg><svg style="position:absolute;left:798.5px;top:280.5px" width="45.5" height="89" pointer-events="none" position="absolute" version="1.1"
      xmlns="http://www.w3.org/1999/xhtml" class="_jsPlumb_connector "><path d="M 0 88 C -10 38 34.5 50 24.5 0 " transform="translate(10.5,0.5)" pointer-events="visibleStroke" version="1.1"
      xmlns="http://www.w3.org/1999/xhtml" fill="none" stroke="#666" style=""></path><path pointer-events="all" version="1.1"
      xmlns="http://www.w3.org/1999/xhtml" d="M-0.6443596250000018,65.8307285 L12.744613831917167,49.40710558147293 L4.120445546316602,52.66651064707025 L-0.41960402101258953,44.64230041015634 L-0.6443596250000018,65.8307285" class="" stroke="#666" fill="#666" transform="translate(10.5,0.5)"></path><path pointer-events="all" version="1.1"
      xmlns="http://www.w3.org/1999/xhtml" d="M-0.6443596250000018,65.8307285 L12.744613831917167,49.40710558147293 L4.120445546316602,52.66651064707025 L-0.41960402101258953,44.64230041015634 L-0.6443596250000018,65.8307285" class="" stroke="#666" fill="#666" transform="translate(10.5,0.5)"></path></svg><svg style="position:absolute;left:692.5px;top:408.5px" width="127" height="90" pointer-events="none" position="absolute" version="1.1"
      xmlns="http://www.w3.org/1999/xhtml" class="_jsPlumb_connector "><path d="M 0 89 C -10 39 116 50 106 0 " transform="translate(10.5,0.5)" pointer-events="visibleStroke" version="1.1"
      xmlns="http://www.w3.org/1999/xhtml" fill="none" stroke="#666" style=""></path><path pointer-events="all" version="1.1"
      xmlns="http://www.w3.org/1999/xhtml" d="M11.373775999999998,62.696326 L32.08270918142083,58.20855522962333 L23.308519330291578,55.37772629513428 L24.76410947655511,46.27381189933175 L11.373775999999998,62.696326" class="" stroke="#666" fill="#666" transform="translate(10.5,0.5)"></path><path pointer-events="all" version="1.1"
      xmlns="http://www.w3.org/1999/xhtml" d="M11.373775999999998,62.696326 L32.08270918142083,58.20855522962333 L23.308519330291578,55.37772629513428 L24.76410947655511,46.27381189933175 L11.373775999999998,62.696326" class="" stroke="#666" fill="#666" transform="translate(10.5,0.5)"></path></svg><svg style="position:absolute;left:660.5px;top:408.5px" width="53" height="90" pointer-events="none" position="absolute" version="1.1"
      xmlns="http://www.w3.org/1999/xhtml" class="_jsPlumb_connector "><path d="M 32 89 C 42 39 -10 50 0 0 " transform="translate(10.5,0.5)" pointer-events="visibleStroke" version="1.1"
      xmlns="http://www.w3.org/1999/xhtml" fill="none" stroke="#666" style=""></path><path pointer-events="all" version="1.1"
      xmlns="http://www.w3.org/1999/xhtml" d="M31.835916,66.269502 L29.751437088498854,45.18265900092812 L25.933544710179586,53.574541852086824 L17.056476940585675,51.08503029074853 L31.835916,66.269502" class="" stroke="#666" fill="#666" transform="translate(10.5,0.5)"></path><path pointer-events="all" version="1.1"
      xmlns="http://www.w3.org/1999/xhtml" d="M31.835916,66.269502 L29.751437088498854,45.18265900092812 L25.933544710179586,53.574541852086824 L17.056476940585675,51.08503029074853 L31.835916,66.269502" class="" stroke="#666" fill="#666" transform="translate(10.5,0.5)"></path></svg><svg style="position:absolute;left:692.5px;top:537.5px" width="58" height="88" pointer-events="none" position="absolute" version="1.1"
      xmlns="http://www.w3.org/1999/xhtml" class="_jsPlumb_connector "><path d="M 37 87 C 47 37 -10 50 0 0 " transform="translate(10.5,0.5)" pointer-events="visibleStroke" version="1.1"
      xmlns="http://www.w3.org/1999/xhtml" fill="none" stroke="#666" style=""></path><path pointer-events="all" version="1.1"
      xmlns="http://www.w3.org/1999/xhtml" d="M36.363006000000006,64.45866600000001 L32.91781853692115,43.55099555721169 L29.651192652438013,52.17243136169488 L20.631583898616025,50.26280890477368 L36.363006000000006,64.45866600000001" class="" stroke="#666" fill="#666" transform="translate(10.5,0.5)"></path><path pointer-events="all" version="1.1"
      xmlns="http://www.w3.org/1999/xhtml" d="M36.363006000000006,64.45866600000001 L32.91781853692115,43.55099555721169 L29.651192652438013,52.17243136169488 L20.631583898616025,50.26280890477368 L36.363006000000006,64.45866600000001" class="" stroke="#666" fill="#666" transform="translate(10.5,0.5)"></path></svg><svg style="position:absolute;left:729.5px;top:408.5px" width="90" height="217" pointer-events="none" position="absolute" version="1.1"
      xmlns="http://www.w3.org/1999/xhtml" class="_jsPlumb_connector "><path d="M 0 216 C -10 166 79 50 69 0 " transform="translate(10.5,0.5)" pointer-events="visibleStroke" version="1.1"
      xmlns="http://www.w3.org/1999/xhtml" fill="none" stroke="#666" style=""></path><path pointer-events="all" version="1.1"
      xmlns="http://www.w3.org/1999/xhtml" d="M8.37931275,167.0637915 L22.14065473890588,150.95089397458963 L13.444149719718109,154.01207029281142 L9.08893353171728,145.88605700487153 L8.37931275,167.0637915" class="" stroke="#666" fill="#666" transform="translate(10.5,0.5)"></path><path pointer-events="all" version="1.1"
      xmlns="http://www.w3.org/1999/xhtml" d="M8.37931275,167.0637915 L22.14065473890588,150.95089397458963 L13.444149719718109,154.01207029281142 L9.08893353171728,145.88605700487153 L8.37931275,167.0637915" class="" stroke="#666" fill="#666" transform="translate(10.5,0.5)"></path></svg><svg style="position:absolute;left:727px;top:664.5px" width="23.5" height="89" pointer-events="none" position="absolute" version="1.1"
      xmlns="http://www.w3.org/1999/xhtml" class="_jsPlumb_connector "><path d="M 0 88 C -10 38 12.5 50 2.5 0 " transform="translate(10.5,0.5)" pointer-events="visibleStroke" version="1.1"
      xmlns="http://www.w3.org/1999/xhtml" fill="none" stroke="#666" style=""></path><path pointer-events="all" version="1.1"
      xmlns="http://www.w3.org/1999/xhtml" d="M-2.612421875,66.78168750000002 L5.589799912231152,47.243940502122534 L-1.7618140918536094,52.80755187738454 L-8.384335710384322,46.39333271897615 L-2.612421875,66.78168750000002" class="" stroke="#666" fill="#666" transform="translate(10.5,0.5)"></path><path pointer-events="all" version="1.1"
      xmlns="http://www.w3.org/1999/xhtml" d="M-2.612421875,66.78168750000002 L5.589799912231152,47.243940502122534 L-1.7618140918536094,52.80755187738454 L-8.384335710384322,46.39333271897615 L-2.612421875,66.78168750000002" class="" stroke="#666" fill="#666" transform="translate(10.5,0.5)"></path></svg><svg style="position:absolute;left:914px;top:664.5px" width="25" height="89" pointer-events="none" position="absolute" version="1.1"
      xmlns="http://www.w3.org/1999/xhtml" class="_jsPlumb_connector "><path d="M 4 88 C 14 38 -10 50 0 0 " transform="translate(10.5,0.5)" pointer-events="visibleStroke" version="1.1"
      xmlns="http://www.w3.org/1999/xhtml" fill="none" stroke="#666" style=""></path><path pointer-events="all" version="1.1"
      xmlns="http://www.w3.org/1999/xhtml" d="M6.4906875,66.78168750000002 L11.866605249283193,46.285358356640174 L5.369566595211646,52.82664941632405 L-2.0884328343927736,47.40647926142853 L6.4906875,66.78168750000002" class="" stroke="#666" fill="#666" transform="translate(10.5,0.5)"></path><path pointer-events="all" version="1.1"
      xmlns="http://www.w3.org/1999/xhtml" d="M6.4906875,66.78168750000002 L11.866605249283193,46.285358356640174 L5.369566595211646,52.82664941632405 L-2.0884328343927736,47.40647926142853 L6.4906875,66.78168750000002" class="" stroke="#666" fill="#666" transform="translate(10.5,0.5)"></path></svg><svg style="position:absolute;left:729.5px;top:664.5px" width="209.5" height="89" pointer-events="none" position="absolute" version="1.1"
      xmlns="http://www.w3.org/1999/xhtml" class="_jsPlumb_connector "><path d="M 188.5 88 C 198.5 38 -10 50 0 0 " transform="translate(10.5,0.5)" pointer-events="visibleStroke" version="1.1"
      xmlns="http://www.w3.org/1999/xhtml" fill="none" stroke="#666" style=""></path><path pointer-events="all" version="1.1"
      xmlns="http://www.w3.org/1999/xhtml" d="M160.772173375,59.788559500000005 L143.9088868912772,46.95775403160121 L147.4556051091972,55.467794565151834 L139.58812195642903,60.27432229740403 L160.772173375,59.788559500000005" class="" stroke="#666" fill="#666" transform="translate(10.5,0.5)"></path><path pointer-events="all" version="1.1"
      xmlns="http://www.w3.org/1999/xhtml" d="M160.772173375,59.788559500000005 L143.9088868912772,46.95775403160121 L147.4556051091972,55.467794565151834 L139.58812195642903,60.27432229740403 L160.772173375,59.788559500000005" class="" stroke="#666" fill="#666" transform="translate(10.5,0.5)"></path></svg><svg style="position:absolute;left:915px;top:920.5px" width="23" height="89" pointer-events="none" position="absolute" version="1.1"
      xmlns="http://www.w3.org/1999/xhtml" class="_jsPlumb_connector "><path d="M 0 88 C -10 38 12 50 2 0 " transform="translate(10.5,0.5)" pointer-events="visibleStroke" version="1.1"
      xmlns="http://www.w3.org/1999/xhtml" fill="none" stroke="#666" style=""></path><path pointer-events="all" version="1.1"
      xmlns="http://www.w3.org/1999/xhtml" d="M-2.6529999999999996,66.78168750000002 L5.422684726887218,47.19129913754225 L-1.8927913941925154,52.80234263424697 L-8.556660138865833,46.431090531734775 L-2.6529999999999996,66.78168750000002" class="" stroke="#666" fill="#666" transform="translate(10.5,0.5)"></path><path pointer-events="all" version="1.1"
      xmlns="http://www.w3.org/1999/xhtml" d="M-2.6529999999999996,66.78168750000002 L5.422684726887218,47.19129913754225 L-1.8927913941925154,52.80234263424697 L-8.556660138865833,46.431090531734775 L-2.6529999999999996,66.78168750000002" class="" stroke="#666" fill="#666" transform="translate(10.5,0.5)"></path></svg><div class="_jsPlumb_endpoint source-endpoint dependency-source-endpoint connected _jsPlumb_endpoint_anchor_ ui-draggable ui-droppable _jsPlumb_endpoint_connected" style="position: absolute; height: 20px; width: 20px; left: 917.5px; top: 911px;"><svg style="position:absolute;left:0px;top:0px" width="20" height="20" pointer-events="all" position="absolute" version="1.1"
      xmlns="http://www.w3.org/1999/xhtml"><circle cx="10" cy="10" r="10" version="1.1"
      xmlns="http://www.w3.org/1999/xhtml" fill="#666" stroke="none" style=""></circle></svg></div><div class="_jsPlumb_endpoint target-endpoint dependency-target-endpoint _jsPlumb_endpoint_anchor_ ui-draggable ui-droppable _jsPlumb_endpoint_connected" style="position: absolute; height: 20px; width: 20px; left: 917.5px; top: 871px;"><svg style="position:absolute;left:0px;top:0px" width="20" height="20" pointer-events="all" position="absolute" version="1.1"
      xmlns="http://www.w3.org/1999/xhtml"><circle cx="10" cy="10" r="10" version="1.1"
      xmlns="http://www.w3.org/1999/xhtml" fill="#666" stroke="none" style=""></circle></svg></div><div class="_jsPlumb_endpoint source-endpoint dependency-source-endpoint connected _jsPlumb_endpoint_anchor_ ui-draggable ui-droppable _jsPlumb_endpoint_connected" style="position: absolute; height: 20px; width: 20px; left: 799px; top: 143px;"><svg style="position:absolute;left:0px;top:0px" width="20" height="20" pointer-events="all" position="absolute" version="1.1"
      xmlns="http://www.w3.org/1999/xhtml"><circle cx="10" cy="10" r="10" version="1.1"
      xmlns="http://www.w3.org/1999/xhtml" fill="#666" stroke="none" style=""></circle></svg></div><div class="_jsPlumb_endpoint source-endpoint dependency-source-endpoint connected _jsPlumb_endpoint_anchor_ ui-draggable ui-droppable _jsPlumb_endpoint_connected" style="position: absolute; height: 20px; width: 20px; left: 823.5px; top: 271px;"><svg style="position:absolute;left:0px;top:0px" width="20" height="20" pointer-events="all" position="absolute" version="1.1"
      xmlns="http://www.w3.org/1999/xhtml"><circle cx="10" cy="10" r="10" version="1.1"
      xmlns="http://www.w3.org/1999/xhtml" fill="#666" stroke="none" style=""></circle></svg></div><div class="_jsPlumb_endpoint target-endpoint dependency-target-endpoint _jsPlumb_endpoint_anchor_ ui-draggable ui-droppable _jsPlumb_endpoint_connected" style="position: absolute; height: 20px; width: 20px; left: 823.5px; top: 231px;"><svg style="position:absolute;left:0px;top:0px" width="20" height="20" pointer-events="all" position="absolute" version="1.1"
      xmlns="http://www.w3.org/1999/xhtml"><circle cx="10" cy="10" r="10" version="1.1"
      xmlns="http://www.w3.org/1999/xhtml" fill="#666" stroke="none" style=""></circle></svg></div><div class="_jsPlumb_endpoint source-endpoint dependency-source-endpoint connected _jsPlumb_endpoint_anchor_ ui-draggable ui-droppable _jsPlumb_endpoint_connected" style="position: absolute; height: 20px; width: 20px; left: 661px; top: 399px;"><svg style="position:absolute;left:0px;top:0px" width="20" height="20" pointer-events="all" position="absolute" version="1.1"
      xmlns="http://www.w3.org/1999/xhtml"><circle cx="10" cy="10" r="10" version="1.1"
      xmlns="http://www.w3.org/1999/xhtml" fill="#666" stroke="none" style=""></circle></svg></div><div class="_jsPlumb_endpoint source-endpoint dependency-source-endpoint connected _jsPlumb_endpoint_anchor_ ui-draggable ui-droppable _jsPlumb_endpoint_connected" style="position: absolute; height: 20px; width: 20px; left: 799px; top: 399px;"><svg style="position:absolute;left:0px;top:0px" width="20" height="20" pointer-events="all" position="absolute" version="1.1"
      xmlns="http://www.w3.org/1999/xhtml"><circle cx="10" cy="10" r="10" version="1.1"
      xmlns="http://www.w3.org/1999/xhtml" fill="#666" stroke="none" style=""></circle></svg></div><div class="_jsPlumb_endpoint target-endpoint dependency-target-endpoint _jsPlumb_endpoint_anchor_ ui-draggable ui-droppable _jsPlumb_endpoint_connected" style="position: absolute; height: 20px; width: 20px; left: 799px; top: 359px;"><svg style="position:absolute;left:0px;top:0px" width="20" height="20" pointer-events="all" position="absolute" version="1.1"
      xmlns="http://www.w3.org/1999/xhtml"><circle cx="10" cy="10" r="10" version="1.1"
      xmlns="http://www.w3.org/1999/xhtml" fill="#666" stroke="none" style=""></circle></svg></div><div class="_jsPlumb_endpoint source-endpoint dependency-source-endpoint connected _jsPlumb_endpoint_anchor_ ui-draggable ui-droppable _jsPlumb_endpoint_connected" style="position: absolute; height: 20px; width: 20px; left: 693px; top: 528px;"><svg style="position:absolute;left:0px;top:0px" width="20" height="20" pointer-events="all" position="absolute" version="1.1"
      xmlns="http://www.w3.org/1999/xhtml"><circle cx="10" cy="10" r="10" version="1.1"
      xmlns="http://www.w3.org/1999/xhtml" fill="#666" stroke="none" style=""></circle></svg></div><div class="_jsPlumb_endpoint target-endpoint dependency-target-endpoint _jsPlumb_endpoint_anchor_ ui-draggable ui-droppable _jsPlumb_endpoint_connected" style="position: absolute; height: 20px; width: 20px; left: 693px; top: 488px;"><svg style="position:absolute;left:0px;top:0px" width="20" height="20" pointer-events="all" position="absolute" version="1.1"
      xmlns="http://www.w3.org/1999/xhtml"><circle cx="10" cy="10" r="10" version="1.1"
      xmlns="http://www.w3.org/1999/xhtml" fill="#666" stroke="none" style=""></circle></svg></div><div class="_jsPlumb_endpoint source-endpoint dependency-source-endpoint connected _jsPlumb_endpoint_anchor_ ui-draggable ui-droppable _jsPlumb_endpoint_connected" style="position: absolute; height: 20px; width: 20px; left: 730px; top: 655px;"><svg style="position:absolute;left:0px;top:0px" width="20" height="20" pointer-events="all" position="absolute" version="1.1"
      xmlns="http://www.w3.org/1999/xhtml"><circle cx="10" cy="10" r="10" version="1.1"
      xmlns="http://www.w3.org/1999/xhtml" fill="#666" stroke="none" style=""></circle></svg></div><div class="_jsPlumb_endpoint target-endpoint dependency-target-endpoint _jsPlumb_endpoint_anchor_ ui-draggable ui-droppable _jsPlumb_endpoint_connected" style="position: absolute; height: 20px; width: 20px; left: 730px; top: 615px;"><svg style="position:absolute;left:0px;top:0px" width="20" height="20" pointer-events="all" position="absolute" version="1.1"
      xmlns="http://www.w3.org/1999/xhtml"><circle cx="10" cy="10" r="10" version="1.1"
      xmlns="http://www.w3.org/1999/xhtml" fill="#666" stroke="none" style=""></circle></svg></div><div class="_jsPlumb_endpoint source-endpoint dependency-source-endpoint connected _jsPlumb_endpoint_anchor_ ui-draggable ui-droppable" style="position: absolute; height: 20px; width: 20px; left: 727.5px; top: 783px;"><svg style="position:absolute;left:0px;top:0px" width="20" height="20" pointer-events="all" position="absolute" version="1.1"
      xmlns="http://www.w3.org/1999/xhtml"><circle cx="10" cy="10" r="10" version="1.1"
      xmlns="http://www.w3.org/1999/xhtml" fill="#666" stroke="none" style=""></circle></svg></div><div class="_jsPlumb_endpoint target-endpoint dependency-target-endpoint _jsPlumb_endpoint_anchor_ ui-draggable ui-droppable _jsPlumb_endpoint_connected" style="position: absolute; height: 20px; width: 20px; left: 727.5px; top: 743px;"><svg style="position:absolute;left:0px;top:0px" width="20" height="20" pointer-events="all" position="absolute" version="1.1"
      xmlns="http://www.w3.org/1999/xhtml"><circle cx="10" cy="10" r="10" version="1.1"
      xmlns="http://www.w3.org/1999/xhtml" fill="#666" stroke="none" style=""></circle></svg></div><div class="_jsPlumb_endpoint source-endpoint dependency-source-endpoint connected _jsPlumb_endpoint_anchor_ ui-draggable ui-droppable _jsPlumb_endpoint_connected" style="position: absolute; height: 20px; width: 20px; left: 914.5px; top: 655px;"><svg style="position:absolute;left:0px;top:0px" width="20" height="20" pointer-events="all" position="absolute" version="1.1"
      xmlns="http://www.w3.org/1999/xhtml"><circle cx="10" cy="10" r="10" version="1.1"
      xmlns="http://www.w3.org/1999/xhtml" fill="#666" stroke="none" style=""></circle></svg></div><div class="_jsPlumb_endpoint source-endpoint dependency-source-endpoint connected _jsPlumb_endpoint_anchor_ ui-draggable ui-droppable _jsPlumb_endpoint_connected" style="position: absolute; height: 20px; width: 20px; left: 918.5px; top: 783px;"><svg style="position:absolute;left:0px;top:0px" width="20" height="20" pointer-events="all" position="absolute" version="1.1"
      xmlns="http://www.w3.org/1999/xhtml"><circle cx="10" cy="10" r="10" version="1.1"
      xmlns="http://www.w3.org/1999/xhtml" fill="#666" stroke="none" style=""></circle></svg></div><div class="_jsPlumb_endpoint target-endpoint dependency-target-endpoint _jsPlumb_endpoint_anchor_ ui-draggable ui-droppable _jsPlumb_endpoint_connected" style="position: absolute; height: 20px; width: 20px; left: 918.5px; top: 743px;"><svg style="position:absolute;left:0px;top:0px" width="20" height="20" pointer-events="all" position="absolute" version="1.1"
      xmlns="http://www.w3.org/1999/xhtml"><circle cx="10" cy="10" r="10" version="1.1"
      xmlns="http://www.w3.org/1999/xhtml" fill="#666" stroke="none" style=""></circle></svg></div><div class="_jsPlumb_endpoint source-endpoint dependency-source-endpoint connected _jsPlumb_endpoint_anchor_ ui-draggable ui-droppable" style="position: absolute; height: 20px; width: 20px; left: 915.5px; top: 1039px;"><svg style="position:absolute;left:0px;top:0px" width="20" height="20" pointer-events="all" position="absolute" version="1.1"
      xmlns="http://www.w3.org/1999/xhtml"><circle cx="10" cy="10" r="10" version="1.1"
      xmlns="http://www.w3.org/1999/xhtml" fill="#666" stroke="none" style=""></circle></svg></div><div class="_jsPlumb_endpoint target-endpoint dependency-target-endpoint _jsPlumb_endpoint_anchor_ ui-draggable ui-droppable _jsPlumb_endpoint_connected" style="position: absolute; height: 20px; width: 20px; left: 915.5px; top: 999px;"><svg style="position:absolute;left:0px;top:0px" width="20" height="20" pointer-events="all" position="absolute" version="1.1"
      xmlns="http://www.w3.org/1999/xhtml"><circle cx="10" cy="10" r="10" version="1.1"
      xmlns="http://www.w3.org/1999/xhtml" fill="#666" stroke="none" style=""></circle></svg></div></div></div></body></html>
 ]]>
    </visualization>
  </metadata>
</job>