<?xml version="1.0" encoding="UTF-8"?>
<job
  xmlns:xsi="http://www.w3.org/2001/XMLSchema-instance"
  xmlns="urn:proactive:jobdescriptor:3.11" xsi:schemaLocation="urn:proactive:jobdescriptor:3.11 http://www.activeeon.com/public_content/schemas/proactive/jobdescriptor/3.11/schedulerjob.xsd"  name="Unsupervised_Anomaly_Detection" projectName="3. Log Analysis" priority="normal" onTaskError="continueJobExecution"  maxNumberOfExecution="2" >
  <variables>
    <variable name="NATIVE_SCHEDULER" value=""/>
    <variable name="NATIVE_SCHEDULER_PARAMS" value=""/>
    <variable name="NODE_ACCESS_TOKEN" value=""/>
    <variable model="PA:LIST(no-container,docker,podman,singularity)" name="CONTAINER_PLATFORM" value="docker"/>
    <variable model="PA:Boolean" name="CONTAINER_GPU_ENABLED" value="False"/>
    <variable model="PA:LIST(,docker://activeeon/dlm3,docker://activeeon/cuda,docker://activeeon/cuda2,docker://activeeon/rapidsai,docker://activeeon/tensorflow:latest,docker://activeeon/tensorflow:latest-gpu)" name="CONTAINER_IMAGE" value=""/>
  </variables>
  <description>
    <![CDATA[ Detect anomalies using an Unsupervised One-Class SVM. ]]>
  </description>
  <genericInformation>
    <info name="bucketName" value="machine-learning-workflows"/>
    <info name="workflow.icon" value="/automation-dashboard/styles/patterns/img/wf-icons/log_analysis.png"/>
    <info name="Documentation" value="MLOS/MLOSUserGuide.html#_log_analysis"/>
    <info name="NS" value="$NATIVE_SCHEDULER"/>
    <info name="NS_BATCH" value="$NATIVE_SCHEDULER_PARAMS"/>
    <info name="NODE_ACCESS_TOKEN" value="$NODE_ACCESS_TOKEN"/>
    <info name="group" value="public-objects"/>
  </genericInformation>
  <taskFlow>
    <task name="Log_Parser" 
    
    
    preciousResult="true" >
      <description>
        <![CDATA[ Extracts a group of event templates, whereby raw logs can be structured. ]]>
      </description>
      <variables>
        <variable name="LOG_FILE" value="https://s3.eu-west-2.amazonaws.com/activeeon-public/datasets/HDFS_2k.log" inherited="false" />
        <variable name="PATTERNS_FILE" value="https://s3.eu-west-2.amazonaws.com/activeeon-public/datasets/patterns.csv" inherited="false" />
        <variable name="STRUCTURED_LOG_FILE" value="HTML" inherited="false" />
        <variable name="TASK_ENABLED" value="True" inherited="false" model="PA:Boolean"/>
      </variables>
      <genericInformation>
        <info name="task.icon" value="/automation-dashboard/styles/patterns/img/wf-icons/log_parser.png"/>
      </genericInformation>
      <forkEnvironment javaHome="/usr" >
        <envScript>
          <script>
            <file language="groovy" url="${PA_CATALOG_REST_URL}/buckets/scripts/resources/fork_env_cuda_universal/raw"/>
          </script>
        </envScript>
      </forkEnvironment>
      <scriptExecutable>
        <script>
          <file url="${PA_CATALOG_REST_URL}/buckets/machine-learning-scripts/resources/Log_Parser/raw" language="cpython"></file>
        </script>
      </scriptExecutable>
      <controlFlow block="none"></controlFlow>
      <metadata>
        <positionTop>
            135
        </positionTop>
        <positionLeft>
            589.25
        </positionLeft>
      </metadata>
    </task>
    <task name="Feature_Vector_Extractor" 
    
    
    preciousResult="true" >
      <description>
        <![CDATA[ Encodes structured data into numerical feature vectors whereby machine learning models can be applied. ]]>
      </description>
      <variables>
        <variable name="SESSION_COLUMN" value="id_block" inherited="false" />
        <variable name="PATTERN_COLUMN" value="pattern_id" inherited="false" />
        <variable name="PATTERNS_COUNT_FEATURES" value="False" inherited="false" model="PA:Boolean"/>
        <variable name="STATE_VARIABLES" value="status,date" inherited="false" />
        <variable name="COUNT_VARIABLES" value="ip_from,ip_to,pid,date,time" inherited="false" />
        <variable name="STATE_COUNT_FEATURES_VARIABLES" value="True" inherited="false" />
        <variable name="TASK_ENABLED" value="True" inherited="false" model="PA:Boolean"/>
      </variables>
      <genericInformation>
        <info name="task.icon" value="/automation-dashboard/styles/patterns/img/wf-icons/filled_filter.png"/>
      </genericInformation>
      <depends>
        <task ref="Log_Parser"/>
      </depends>
      <forkEnvironment javaHome="/usr" >
        <envScript>
          <script>
            <file language="groovy" url="${PA_CATALOG_REST_URL}/buckets/scripts/resources/fork_env_cuda_universal/raw"/>
          </script>
        </envScript>
      </forkEnvironment>
      <scriptExecutable>
        <script>
          <file url="${PA_CATALOG_REST_URL}/buckets/machine-learning-scripts/resources/Feature_Vector_Extractor/raw" language="cpython"></file>
        </script>
      </scriptExecutable>
      <controlFlow block="none"></controlFlow>
      <metadata>
        <positionTop>
            263
        </positionTop>
        <positionLeft>
            589.234375
        </positionLeft>
      </metadata>
    </task>
    <task name="Split_Data" >
      <description>
        <![CDATA[ Separate data into training and testing sets. ]]>
      </description>
      <variables>
        <variable name="TRAIN_SIZE" value="0.7" inherited="false" />
        <variable name="TASK_ENABLED" value="True" inherited="false" model="PA:Boolean"/>
      </variables>
      <genericInformation>
        <info name="task.icon" value="/automation-dashboard/styles/patterns/img/wf-icons/data-processing.png"/>
        <info name="task.documentation" value="MLOS/MLOSUserGuide.html#_split_data"/>
      </genericInformation>
      <depends>
        <task ref="Feature_Vector_Extractor"/>
      </depends>
      <forkEnvironment javaHome="/usr" >
        <envScript>
          <script>
            <file language="groovy" url="${PA_CATALOG_REST_URL}/buckets/scripts/resources/fork_env_cuda_universal/raw"/>
          </script>
        </envScript>
      </forkEnvironment>
      <scriptExecutable>
        <script>
          <file url="${PA_CATALOG_REST_URL}/buckets/machine-learning-scripts/resources/Split_Data/raw" language="cpython"></file>
        </script>
      </scriptExecutable>
      <controlFlow block="none"></controlFlow>
      <metadata>
        <positionTop>
            390.984375
        </positionTop>
        <positionLeft>
            589.25
        </positionLeft>
      </metadata>
    </task>
    <task name="Predict_Model" 
    
    
    preciousResult="true" >
      <description>
        <![CDATA[ Generate predictions using a trained model. ]]>
      </description>
      <variables>
        <variable name="TASK_ENABLED" value="True" inherited="false" model="PA:Boolean"/>
        <variable name="LABEL_COLUMN" value="" inherited="false" />
      </variables>
      <genericInformation>
        <info name="task.icon" value="/automation-dashboard/styles/patterns/img/wf-icons/predict.png"/>
        <info name="task.documentation" value="MLOS/MLOSUserGuide.html#_predict_model"/>
      </genericInformation>
      <depends>
        <task ref="Split_Data"/>
        <task ref="Train_Model"/>
      </depends>
      <forkEnvironment javaHome="/usr" >
        <envScript>
          <script>
            <file language="groovy" url="${PA_CATALOG_REST_URL}/buckets/scripts/resources/fork_env_cuda_universal/raw"/>
          </script>
        </envScript>
      </forkEnvironment>
      <scriptExecutable>
        <script>
          <file url="${PA_CATALOG_REST_URL}/buckets/machine-learning-scripts/resources/Predict_Model/raw" language="cpython"></file>
        </script>
      </scriptExecutable>
      <controlFlow block="none"></controlFlow>
      <metadata>
        <positionTop>
            647
        </positionTop>
        <positionLeft>
            661.25
        </positionLeft>
      </metadata>
    </task>
    <task name="Preview_Results" 
    
    
    preciousResult="true" >
      <description>
        <![CDATA[ Export the results. ]]>
      </description>
      <variables>
        <variable name="TASK_ENABLED" value="True" inherited="false" model="PA:Boolean"/>
        <variable name="OUTPUT_TYPE" value="HTML" inherited="false" model="PA:LIST(CSV,JSON,HTML)"/>
        <variable name="LIMIT_OUTPUT_VIEW" value="1000" inherited="false" model="PA:Integer"/>
      </variables>
      <genericInformation>
        <info name="task.icon" value="/automation-dashboard/styles/patterns/img/wf-icons/export_data.png"/>
        <info name="task.documentation" value="MLOS/MLOSUserGuide.html#_export_results"/>
      </genericInformation>
      <depends>
        <task ref="Predict_Model"/>
      </depends>
      <forkEnvironment javaHome="/usr" >
        <envScript>
          <script>
            <file language="groovy" url="${PA_CATALOG_REST_URL}/buckets/scripts/resources/fork_env_cuda_universal/raw"/>
          </script>
        </envScript>
      </forkEnvironment>
      <scriptExecutable>
        <script>
          <file url="${PA_CATALOG_REST_URL}/buckets/machine-learning-scripts/resources/Preview_Results/raw" language="cpython"></file>
        </script>
      </scriptExecutable>
      <controlFlow block="none"></controlFlow>
      <metadata>
        <positionTop>
            774.984375
        </positionTop>
        <positionLeft>
            661.25
        </positionLeft>
      </metadata>
    </task>
    <task name="One_Class_SVM" >
      <description>
        <![CDATA[ One-class SVM is an unsupervised algorithm that learns a decision function for novelty detection: classifying new data as similar or different to the training set. ]]>
      </description>
      <variables>
        <variable name="TASK_ENABLED" value="True" inherited="false" model="PA:Boolean"/>
        <variable name="INPUT_VARIABLES" value="{}" inherited="true" />
        <variable name="SCORING" value="accuracy" inherited="false" model="PA:List(accuracy,balanced_accuracy, average_precision, brier_score_loss, f1, f1_micro, f1_macro, f1_weighted, f1_samples, neg_log_loss, precision, recall, roc_auc)"/>
      </variables>
      <genericInformation>
        <info name="task.icon" value="/automation-dashboard/styles/patterns/img/wf-icons/ml_anomaly.png"/>
        <info name="task.documentation" value="MLOS/MLOSUserGuide.html#_one_class_svm"/>
      </genericInformation>
      <forkEnvironment javaHome="/usr" >
        <envScript>
          <script>
            <file language="groovy" url="${PA_CATALOG_REST_URL}/buckets/scripts/resources/fork_env_cuda_universal/raw"/>
          </script>
        </envScript>
      </forkEnvironment>
      <pre>
        <script>
          <file url="${PA_CATALOG_REST_URL}/buckets/scripts/resources/get_automl_params/raw" language="groovy"></file>
        </script>
      </pre>
      <scriptExecutable>
        <script>
          <file url="${PA_CATALOG_REST_URL}/buckets/machine-learning-scripts/resources/One_Class_Svm/raw" language="cpython"></file>
        </script>
      </scriptExecutable>
      <controlFlow block="none"></controlFlow>
      <metadata>
        <positionTop>
            391
        </positionTop>
        <positionLeft>
            733.25
        </positionLeft>
      </metadata>
    </task>
    <task name="Train_Model" 
    
    
    preciousResult="true" >
      <description>
        <![CDATA[ Train a classification/clustering/anomaly detection model ]]>
      </description>
      <variables>
        <variable name="TASK_ENABLED" value="True" inherited="false" />
        <variable name="LABEL_COLUMN" value="" inherited="false" />
        <variable name="TOKEN" value="{&quot;_token_id&quot;: 0}" inherited="false" />
        <variable name="N_SPLITS" value="5" inherited="false" model="PA:Integer"/>
      </variables>
      <genericInformation>
        <info name="task.icon" value="/automation-dashboard/styles/patterns/img/wf-icons/train.png"/>
        <info name="task.documentation" value="MLOS/MLOSUserGuide.html#_train_model"/>
      </genericInformation>
      <depends>
        <task ref="One_Class_SVM"/>
        <task ref="Split_Data"/>
      </depends>
      <forkEnvironment javaHome="/usr" >
        <envScript>
          <script>
            <file language="groovy" url="${PA_CATALOG_REST_URL}/buckets/scripts/resources/fork_env_cuda_universal/raw"/>
          </script>
        </envScript>
      </forkEnvironment>
      <pre>
        <script>
          <code language="groovy">
            <![CDATA[
token_encoded = variables.get('token_encoded')

// If encoded variables are found
if (token_encoded != null && token_encoded.length() > 0)
{
    println "Found encoded variables:"
    println "token_encoded: " + token_encoded
    byte[] token_decoded = token_encoded.decodeBase64()
    token = new String(token_decoded)
    variables.put('TOKEN', token)
}
]]>
          </code>
        </script>
      </pre>
      <scriptExecutable>
        <script>
          <file url="${PA_CATALOG_REST_URL}/buckets/machine-learning-scripts/resources/Train_Model/raw" language="cpython"></file>
        </script>
      </scriptExecutable>
      <controlFlow block="none"></controlFlow>
      <metadata>
        <positionTop>
            519
        </positionTop>
        <positionLeft>
            698.25
        </positionLeft>
      </metadata>
    </task>
  </taskFlow>
  <metadata>
    <visualization>
      <![CDATA[ <html><head><link rel="stylesheet" href="/studio/styles/studio-standalone.css"><style>
        #workflow-designer {
            left:0 !important;
            top:0 !important;
            width:2864px;
            height:3432px;
            }
        </style></head><body><div id="workflow-visualization-view"><div id="workflow-visualization" style="position:relative;top:-130px;left:-584.234375px"><div class="task _jsPlumb_endpoint_anchor_ ui-draggable" id="jsPlumb_1_732" style="top: 135px; left: 589.25px;"><a class="task-name"><img src="/automation-dashboard/styles/patterns/img/wf-icons/log_parser.png" width="20px">&nbsp;<span class="name">Log_Parser</span></a></div><div class="task ui-draggable _jsPlumb_endpoint_anchor_" id="jsPlumb_1_735" style="top: 263px; left: 589.25px;"><a class="task-name"><img src="/automation-dashboard/styles/patterns/img/wf-icons/filled_filter.png" width="20px">&nbsp;<span class="name">Feature_Vector_Extractor</span></a></div><div class="task ui-draggable _jsPlumb_endpoint_anchor_" id="jsPlumb_1_738" style="top: 391px; left: 589.25px;"><a class="task-name"><img src="/automation-dashboard/styles/patterns/img/wf-icons/data-processing.png" width="20px">&nbsp;<span class="name">Split_Data</span></a></div><div class="task ui-draggable _jsPlumb_endpoint_anchor_" id="jsPlumb_1_741" style="top: 647px; left: 661.25px;"><a class="task-name"><img src="/automation-dashboard/styles/patterns/img/wf-icons/predict.png" width="20px">&nbsp;<span class="name">Predict_Model</span></a></div><div class="task ui-draggable _jsPlumb_endpoint_anchor_ active-task" id="jsPlumb_1_744" style="top: 775px; left: 661.25px;"><a class="task-name"><img src="/automation-dashboard/styles/patterns/img/wf-icons/export_data.png" width="20px">&nbsp;<span class="name">Preview_Results</span></a></div><div class="task _jsPlumb_endpoint_anchor_ ui-draggable" id="jsPlumb_1_747" style="top: 391px; left: 733.25px;"><a class="task-name"><img src="/automation-dashboard/styles/patterns/img/wf-icons/ml_anomaly.png" width="20px">&nbsp;<span class="name">One_Class_SVM</span></a></div><div class="task ui-draggable _jsPlumb_endpoint_anchor_" id="jsPlumb_1_750" style="top: 519px; left: 698.25px;"><a class="task-name"><img src="/automation-dashboard/styles/patterns/img/wf-icons/train.png" width="20px">&nbsp;<span class="name">Train_Model</span></a></div><svg style="position:absolute;left:628.5px;top:174.5px" width="45.5" height="89" pointer-events="none" position="absolute" version="1.1"
      xmlns="http://www.w3.org/1999/xhtml" class="_jsPlumb_connector"><path d="M 24.5 88 C 34.5 38 -10 50 0 0 " transform="translate(10.5,0.5)" pointer-events="visibleStroke" version="1.1"
      xmlns="http://www.w3.org/1999/xhtml" fill="none" stroke="#666" style=""></path><path pointer-events="all" version="1.1"
      xmlns="http://www.w3.org/1999/xhtml" d="M25.144359625,65.8307285 L24.91960402101258,44.64230041015633 L20.379554453683394,52.666510647070254 L11.755386168082827,49.40710558147294 L25.144359625,65.8307285" class="" stroke="#666" fill="#666" transform="translate(10.5,0.5)"></path><path pointer-events="all" version="1.1"
      xmlns="http://www.w3.org/1999/xhtml" d="M25.144359625,65.8307285 L24.91960402101258,44.64230041015633 L20.379554453683394,52.666510647070254 L11.755386168082827,49.40710558147294 L25.144359625,65.8307285" class="" stroke="#666" fill="#666" transform="translate(10.5,0.5)"></path></svg><svg style="position:absolute;left:628.5px;top:302.5px" width="45.5" height="89" pointer-events="none" position="absolute" version="1.1"
      xmlns="http://www.w3.org/1999/xhtml" class="_jsPlumb_connector "><path d="M 0 88 C -10 38 34.5 50 24.5 0 " transform="translate(10.5,0.5)" pointer-events="visibleStroke" version="1.1"
      xmlns="http://www.w3.org/1999/xhtml" fill="none" stroke="#666" style=""></path><path pointer-events="all" version="1.1"
      xmlns="http://www.w3.org/1999/xhtml" d="M-0.6443596250000018,65.8307285 L12.744613831917167,49.40710558147293 L4.120445546316602,52.66651064707025 L-0.41960402101258953,44.64230041015634 L-0.6443596250000018,65.8307285" class="" stroke="#666" fill="#666" transform="translate(10.5,0.5)"></path><path pointer-events="all" version="1.1"
      xmlns="http://www.w3.org/1999/xhtml" d="M-0.6443596250000018,65.8307285 L12.744613831917167,49.40710558147293 L4.120445546316602,52.66651064707025 L-0.41960402101258953,44.64230041015634 L-0.6443596250000018,65.8307285" class="" stroke="#666" fill="#666" transform="translate(10.5,0.5)"></path></svg><svg style="position:absolute;left:628.5px;top:430.5px" width="93" height="217" pointer-events="none" position="absolute" version="1.1"
      xmlns="http://www.w3.org/1999/xhtml" class="_jsPlumb_connector "><path d="M 72 216 C 82 166 -10 50 0 0 " transform="translate(10.5,0.5)" pointer-events="visibleStroke" version="1.1"
      xmlns="http://www.w3.org/1999/xhtml" fill="none" stroke="#666" style=""></path><path pointer-events="all" version="1.1"
      xmlns="http://www.w3.org/1999/xhtml" d="M63.134950499999995,167.0637915 L62.13754202937399,145.8976587322334 L57.893179045620464,154.08211857159623 L49.15586910097019,151.13943018661294 L63.134950499999995,167.0637915" class="" stroke="#666" fill="#666" transform="translate(10.5,0.5)"></path><path pointer-events="all" version="1.1"
      xmlns="http://www.w3.org/1999/xhtml" d="M63.134950499999995,167.0637915 L62.13754202937399,145.8976587322334 L57.893179045620464,154.08211857159623 L49.15586910097019,151.13943018661294 L63.134950499999995,167.0637915" class="" stroke="#666" fill="#666" transform="translate(10.5,0.5)"></path></svg><svg style="position:absolute;left:700.5px;top:558.5px" width="58" height="89" pointer-events="none" position="absolute" version="1.1"
      xmlns="http://www.w3.org/1999/xhtml" class="_jsPlumb_connector "><path d="M 0 88 C -10 38 47 50 37 0 " transform="translate(10.5,0.5)" pointer-events="visibleStroke" version="1.1"
      xmlns="http://www.w3.org/1999/xhtml" fill="none" stroke="#666" style=""></path><path pointer-events="all" version="1.1"
      xmlns="http://www.w3.org/1999/xhtml" d="M0.6369939999999978,65.364084 L16.287082124974148,51.078610900359834 L7.2785269871448195,53.039716284751194 L3.9627144097253364,44.437077913215006 L0.6369939999999978,65.364084" class="" stroke="#666" fill="#666" transform="translate(10.5,0.5)"></path><path pointer-events="all" version="1.1"
      xmlns="http://www.w3.org/1999/xhtml" d="M0.6369939999999978,65.364084 L16.287082124974148,51.078610900359834 L7.2785269871448195,53.039716284751194 L3.9627144097253364,44.437077913215006 L0.6369939999999978,65.364084" class="" stroke="#666" fill="#666" transform="translate(10.5,0.5)"></path></svg><svg style="position:absolute;left:700.5px;top:686.5px" width="26" height="89" pointer-events="none" position="absolute" version="1.1"
      xmlns="http://www.w3.org/1999/xhtml" class="_jsPlumb_connector "><path d="M 5 88 C 15 38 -10 50 0 0 " transform="translate(10.5,0.5)" pointer-events="visibleStroke" version="1.1"
      xmlns="http://www.w3.org/1999/xhtml" fill="none" stroke="#666" style=""></path><path pointer-events="all" version="1.1"
      xmlns="http://www.w3.org/1999/xhtml" d="M7.409531250000001,66.78168750000002 L12.520990380459518,46.21781175738666 L6.108748919827519,52.84224829573104 L-1.4184488238094648,47.518594087559144 L7.409531250000001,66.78168750000002" class="" stroke="#666" fill="#666" transform="translate(10.5,0.5)"></path><path pointer-events="all" version="1.1"
      xmlns="http://www.w3.org/1999/xhtml" d="M7.409531250000001,66.78168750000002 L12.520990380459518,46.21781175738666 L6.108748919827519,52.84224829573104 L-1.4184488238094648,47.518594087559144 L7.409531250000001,66.78168750000002" class="" stroke="#666" fill="#666" transform="translate(10.5,0.5)"></path></svg><svg style="position:absolute;left:737.5px;top:430.5px" width="62" height="89" pointer-events="none" position="absolute" version="1.1"
      xmlns="http://www.w3.org/1999/xhtml" class="_jsPlumb_connector "><path d="M 0 88 C -10 38 51 50 41 0 " transform="translate(10.5,0.5)" pointer-events="visibleStroke" version="1.1"
      xmlns="http://www.w3.org/1999/xhtml" fill="none" stroke="#666" style=""></path><path pointer-events="all" version="1.1"
      xmlns="http://www.w3.org/1999/xhtml" d="M1.0153219999999976,65.364084 L17.23778200245096,51.732070521834764 L8.15641660985763,53.32229145183417 L5.1959894542851215,44.59097591197713 L1.0153219999999976,65.364084" class="" stroke="#666" fill="#666" transform="translate(10.5,0.5)"></path><path pointer-events="all" version="1.1"
      xmlns="http://www.w3.org/1999/xhtml" d="M1.0153219999999976,65.364084 L17.23778200245096,51.732070521834764 L8.15641660985763,53.32229145183417 L5.1959894542851215,44.59097591197713 L1.0153219999999976,65.364084" class="" stroke="#666" fill="#666" transform="translate(10.5,0.5)"></path></svg><svg style="position:absolute;left:628.5px;top:430.5px" width="130" height="89" pointer-events="none" position="absolute" version="1.1"
      xmlns="http://www.w3.org/1999/xhtml" class="_jsPlumb_connector "><path d="M 109 88 C 119 38 -10 50 0 0 " transform="translate(10.5,0.5)" pointer-events="visibleStroke" version="1.1"
      xmlns="http://www.w3.org/1999/xhtml" fill="none" stroke="#666" style=""></path><path pointer-events="all" version="1.1"
      xmlns="http://www.w3.org/1999/xhtml" d="M96.62902424999999,61.4125935 L82.84298635249603,45.32082047498549 L84.51970494542866,54.38661413908981 L75.81700699158584,57.43013977955682 L96.62902424999999,61.4125935" class="" stroke="#666" fill="#666" transform="translate(10.5,0.5)"></path><path pointer-events="all" version="1.1"
      xmlns="http://www.w3.org/1999/xhtml" d="M96.62902424999999,61.4125935 L82.84298635249603,45.32082047498549 L84.51970494542866,54.38661413908981 L75.81700699158584,57.43013977955682 L96.62902424999999,61.4125935" class="" stroke="#666" fill="#666" transform="translate(10.5,0.5)"></path></svg><div class="_jsPlumb_endpoint source-endpoint dependency-source-endpoint connected _jsPlumb_endpoint_anchor_ ui-draggable ui-droppable _jsPlumb_endpoint_connected" style="position: absolute; height: 20px; width: 20px; left: 629px; top: 165px;"><svg style="position:absolute;left:0px;top:0px" width="20" height="20" pointer-events="all" position="absolute" version="1.1"
      xmlns="http://www.w3.org/1999/xhtml"><circle cx="10" cy="10" r="10" version="1.1"
      xmlns="http://www.w3.org/1999/xhtml" fill="#666" stroke="none" style=""></circle></svg></div><div class="_jsPlumb_endpoint source-endpoint dependency-source-endpoint connected _jsPlumb_endpoint_anchor_ ui-draggable ui-droppable _jsPlumb_endpoint_connected" style="position: absolute; height: 20px; width: 20px; left: 653.5px; top: 293px;"><svg style="position:absolute;left:0px;top:0px" width="20" height="20" pointer-events="all" position="absolute" version="1.1"
      xmlns="http://www.w3.org/1999/xhtml"><circle cx="10" cy="10" r="10" version="1.1"
      xmlns="http://www.w3.org/1999/xhtml" fill="#666" stroke="none" style=""></circle></svg></div><div class="_jsPlumb_endpoint target-endpoint dependency-target-endpoint _jsPlumb_endpoint_anchor_ ui-draggable ui-droppable _jsPlumb_endpoint_connected" style="position: absolute; height: 20px; width: 20px; left: 653.5px; top: 253px;"><svg style="position:absolute;left:0px;top:0px" width="20" height="20" pointer-events="all" position="absolute" version="1.1"
      xmlns="http://www.w3.org/1999/xhtml"><circle cx="10" cy="10" r="10" version="1.1"
      xmlns="http://www.w3.org/1999/xhtml" fill="#666" stroke="none" style=""></circle></svg></div><div class="_jsPlumb_endpoint source-endpoint dependency-source-endpoint connected _jsPlumb_endpoint_anchor_ ui-draggable ui-droppable _jsPlumb_endpoint_connected" style="position: absolute; height: 20px; width: 20px; left: 629px; top: 421px;"><svg style="position:absolute;left:0px;top:0px" width="20" height="20" pointer-events="all" position="absolute" version="1.1"
      xmlns="http://www.w3.org/1999/xhtml"><circle cx="10" cy="10" r="10" version="1.1"
      xmlns="http://www.w3.org/1999/xhtml" fill="#666" stroke="none" style=""></circle></svg></div><div class="_jsPlumb_endpoint target-endpoint dependency-target-endpoint _jsPlumb_endpoint_anchor_ ui-draggable ui-droppable _jsPlumb_endpoint_connected" style="position: absolute; height: 20px; width: 20px; left: 629px; top: 381px;"><svg style="position:absolute;left:0px;top:0px" width="20" height="20" pointer-events="all" position="absolute" version="1.1"
      xmlns="http://www.w3.org/1999/xhtml"><circle cx="10" cy="10" r="10" version="1.1"
      xmlns="http://www.w3.org/1999/xhtml" fill="#666" stroke="none" style=""></circle></svg></div><div class="_jsPlumb_endpoint source-endpoint dependency-source-endpoint connected _jsPlumb_endpoint_anchor_ ui-draggable ui-droppable _jsPlumb_endpoint_connected" style="position: absolute; height: 20px; width: 20px; left: 701px; top: 677px;"><svg style="position:absolute;left:0px;top:0px" width="20" height="20" pointer-events="all" position="absolute" version="1.1"
      xmlns="http://www.w3.org/1999/xhtml"><circle cx="10" cy="10" r="10" version="1.1"
      xmlns="http://www.w3.org/1999/xhtml" fill="#666" stroke="none" style=""></circle></svg></div><div class="_jsPlumb_endpoint target-endpoint dependency-target-endpoint _jsPlumb_endpoint_anchor_ ui-draggable ui-droppable _jsPlumb_endpoint_connected" style="position: absolute; height: 20px; width: 20px; left: 701px; top: 637px;"><svg style="position:absolute;left:0px;top:0px" width="20" height="20" pointer-events="all" position="absolute" version="1.1"
      xmlns="http://www.w3.org/1999/xhtml"><circle cx="10" cy="10" r="10" version="1.1"
      xmlns="http://www.w3.org/1999/xhtml" fill="#666" stroke="none" style=""></circle></svg></div><div class="_jsPlumb_endpoint source-endpoint dependency-source-endpoint connected _jsPlumb_endpoint_anchor_ ui-draggable ui-droppable" style="position: absolute; height: 20px; width: 20px; left: 706px; top: 805px;"><svg style="position:absolute;left:0px;top:0px" width="20" height="20" pointer-events="all" position="absolute" version="1.1"
      xmlns="http://www.w3.org/1999/xhtml"><circle cx="10" cy="10" r="10" version="1.1"
      xmlns="http://www.w3.org/1999/xhtml" fill="#666" stroke="none" style=""></circle></svg></div><div class="_jsPlumb_endpoint target-endpoint dependency-target-endpoint _jsPlumb_endpoint_anchor_ ui-draggable ui-droppable _jsPlumb_endpoint_connected" style="position: absolute; height: 20px; width: 20px; left: 706px; top: 765px;"><svg style="position:absolute;left:0px;top:0px" width="20" height="20" pointer-events="all" position="absolute" version="1.1"
      xmlns="http://www.w3.org/1999/xhtml"><circle cx="10" cy="10" r="10" version="1.1"
      xmlns="http://www.w3.org/1999/xhtml" fill="#666" stroke="none" style=""></circle></svg></div><div class="_jsPlumb_endpoint source-endpoint dependency-source-endpoint connected _jsPlumb_endpoint_anchor_ ui-draggable ui-droppable _jsPlumb_endpoint_connected" style="position: absolute; height: 20px; width: 20px; left: 779px; top: 421px;"><svg style="position:absolute;left:0px;top:0px" width="20" height="20" pointer-events="all" position="absolute" version="1.1"
      xmlns="http://www.w3.org/1999/xhtml"><circle cx="10" cy="10" r="10" version="1.1"
      xmlns="http://www.w3.org/1999/xhtml" fill="#666" stroke="none" style=""></circle></svg></div><div class="_jsPlumb_endpoint source-endpoint dependency-source-endpoint connected _jsPlumb_endpoint_anchor_ ui-draggable ui-droppable _jsPlumb_endpoint_connected" style="position: absolute; height: 20px; width: 20px; left: 738px; top: 549px;"><svg style="position:absolute;left:0px;top:0px" width="20" height="20" pointer-events="all" position="absolute" version="1.1"
      xmlns="http://www.w3.org/1999/xhtml"><circle cx="10" cy="10" r="10" version="1.1"
      xmlns="http://www.w3.org/1999/xhtml" fill="#666" stroke="none" style=""></circle></svg></div><div class="_jsPlumb_endpoint target-endpoint dependency-target-endpoint _jsPlumb_endpoint_anchor_ ui-draggable ui-droppable _jsPlumb_endpoint_connected" style="position: absolute; height: 20px; width: 20px; left: 738px; top: 509px;"><svg style="position:absolute;left:0px;top:0px" width="20" height="20" pointer-events="all" position="absolute" version="1.1"
      xmlns="http://www.w3.org/1999/xhtml"><circle cx="10" cy="10" r="10" version="1.1"
      xmlns="http://www.w3.org/1999/xhtml" fill="#666" stroke="none" style=""></circle></svg></div></div></div></body></html>
 ]]>
    </visualization>
  </metadata>
</job>