{
	"metadata": {
		"slug": "calendars",
		"name": "Calendars Definitions",
		"short_description": "Calendars Definitions",
		"author": "ActiveEon's Team",
		"tags": ["Calendars", "Calendars Definitions"],
		"version": "1.0"
	},
	"catalog" : {
		"bucket" : "calendars",
		"objects" : [
			{
				"name" : "every_10_minutes",
				"metadata" : {
					"kind": "Calendar",
					"commitMessage": "First commit",
					"contentType": "application/json"
				},
				"file" : "resources/catalog/Every10Minutes.json"
			},
			{
				"name" : "every_hour",
				"metadata" : {
					"kind": "Calendar",
					"commitMessage": "First commit",
					"contentType": "application/json"
				},
				"file" : "resources/catalog/EveryHour.json"
			},
			{
				"name" : "every_1st_day_of_each_month",
				"metadata" : {
					"kind": "Calendar",
					"commitMessage": "First commit",
					"contentType": "application/json"
				},
				"file" : "resources/catalog/Every1stDayOfEachMonth.json"
			},
			{
				"name" : "every_last_day_of_each_month",
				"metadata" : {
					"kind": "Calendar",
					"commitMessage": "First commit",
					"contentType": "application/json"
				},
				"file" : "resources/catalog/EveryLastDayOfEachMonth.json"
			},
			{
				"name" : "every_monday",
				"metadata" : {
					"kind": "Calendar",
					"commitMessage": "First commit",
					"contentType": "application/json"
				},
				"file" : "resources/catalog/EveryMonday.json"
			},
			{
				"name" : "every_monday_wednesday_friday",
				"metadata" : {
					"kind": "Calendar",
					"commitMessage": "First commit",
					"contentType": "application/json"
				},
				"file" : "resources/catalog/EveryMondayWednesdayFriday.json"
			},
			{
				"name" : "every_saturday_and_sunday_plus_world_cup",
				"metadata" : {
					"kind": "Calendar",
					"commitMessage": "First commit",
					"contentType": "application/json"
				},
				"file" : "resources/catalog/EverySaturdayAndSundayPlusWorldCup.json"
			},
			{
				"name" : "every_week_day",
				"metadata" : {
					"kind": "Calendar",
					"commitMessage": "First commit",
					"contentType": "application/json"
				},
				"file" : "resources/catalog/EveryWeekDay.json"
			},
			{
				"name" : "new_year_eve",
				"metadata" : {
					"kind": "Calendar",
					"commitMessage": "First commit",
					"contentType": "application/json"
				},
				"file" : "resources/catalog/NewYearEve.json"
			}
		]
	}
}
