{
	"metadata": {
		"slug": "cloudwatch",
		"name": "Cloud Watch",
		"short_description": "Samples for event driven automation",
		"author": "ActiveEon's Team",
		"tags": ["Samples", "Cloud Watch", "Monitoring", "Notification"],
		"version": "1.0"
	},
	"catalog" : {
		"bucket" : "cloud-watch-rules",
		"objects" : [
			{
				"name" : "cpuMetricPcwRule",
				"metadata" : {
					"kind": "Rule/cpu",
					"commitMessage": "First commit",
					"contentType": "application/xml"
				},
				"file" : "resources/catalog/cpuMetricPcwRule.xml"
			},
			{
				"name" : "nodeIsUpPcwRule",
				"metadata" : {
					"kind" : "Rule",
					"commitMessage" : "First commit",
					"contentType" : "application/xml"
				},
				"file": "resources/catalog/nodeIsUpPcwRule.xml"
			},
			{
				"name" : "fsMetricPcwRule",
				"metadata" : {
					"kind" : "Rule",
					"commitMessage" : "First commit",
					"contentType" : "application/xml"
				},
				"file": "resources/catalog/fsMetricPcwRule.xml"
			}
		]
	}
}
