{
	"metadata": {
		"slug": "controls",
		"name": "Controls",
		"short_description": "Basic proactive tasks for all supported languages.",
		"author": "ActiveEon's Team",
		"tags": ["Controls", "Building blocks", "Get started"],
		"version": "1.0"
	},
	"catalog" : {
		"bucket" : "controls",
		"objects" : [
			{
				"name" : "If",
				"metadata" : {
					"kind": "Workflow/standard",
					"commitMessage": "First commit",
					"contentType": "application/xml"
				},
				"file" : "resources/catalog/branch.xml",
			},
			{
				"name" : "Loop",
				"metadata" : {
					"kind": "Workflow/standard",
					"commitMessage": "First commit",
					"contentType": "application/xml"
				},
				"file" : "resources/catalog/loop.xml",
			},
			{
				"name" : "Replicate",
				"metadata" : {
					"kind": "Workflow/standard",
					"commitMessage": "First commit",
					"contentType": "application/xml"
				},
				"file" : "resources/catalog/replicate.xml",
			},
			{
				"name" : "Submit_Job_No_Wait",
				"metadata" : {
					"kind": "Workflow/standard",
					"commitMessage": "First commit",
					"contentType": "application/xml"
				},
				"file" : "resources/catalog/submit_job_no_wait.xml"
			},
			{
				"name" : "Submit_Job_And_Wait",
				"metadata" : {
					"kind": "Workflow/standard",
					"commitMessage": "First commit",
					"contentType": "application/xml"
				},
				"file" : "resources/catalog/submit_job_and_wait.xml"
			},
			{
				"name" : "Wait_For_Any",
				"metadata" : {
					"kind": "Workflow/standard",
					"commitMessage": "First commit",
					"contentType": "application/xml"
				},
				"file" : "resources/catalog/wait_for_any.xml"
			},
			{
				"name" : "Wait_For_Any_Replicate",
				"metadata" : {
					"kind": "Workflow/standard",
					"commitMessage": "First commit",
					"contentType": "application/xml"
				},
				"file" : "resources/catalog/wait_for_any_replicate.xml"
			},
			{
				"name" : "Submit_And_Wait_For_Any",
				"metadata" : {
					"kind": "Workflow/standard",
					"commitMessage": "First commit",
					"contentType": "application/xml"
				},
				"file" : "resources/catalog/submit_and_wait_for_any.xml"
			},
			{
				"name" : "Cron",
				"metadata" : {
					"kind": "Workflow/standard",
					"commitMessage": "First commit",
					"contentType": "application/xml"
				},
				"file" : "resources/catalog/Cron.xml"
			},
			{
				"name" : "Trigger_PCA_Service",
				"metadata" : {
					"kind": "Workflow/standard",
					"commitMessage": "First commit",
					"contentType": "application/xml"
				},
				"file" : "resources/catalog/trigger_PCA_service.xml"
			},
			{
				"name" : "Execute_Action_PCA_Service",
				"metadata" : {
					"kind": "Workflow/standard",
					"commitMessage": "First commit",
					"contentType": "application/xml"
				},
				"file" : "resources/catalog/execute_action_PCA_service.xml"
			}
		]
	}
}
