{
	"metadata": {
		"slug": "Docker",
		"name": "Docker Service",
		"short_description": "Lifecycle management workflow of any PCA Docker service for Cloud Automation",
		"author": "ActiveEon's Team",
		"tags": ["Cloud Automation", "Docker", "Container", "Image"],
		"version": "1.0"
	},
	"catalog" : {
		"bucket" : "cloud-automation",
		"objects" : [
			{
				"name" : "Docker",
				"metadata" : {
					"kind": "Workflow/pca",
					"commitMessage": "First commit",
					"contentType": "application/xml"
				},
				"file" : "resources/catalog/Docker.xml"
			},
			{
				"name" : "Finish_Docker",
				"metadata" : {
					"kind": "Workflow/pca",
					"commitMessage": "First commit",
					"contentType": "application/xml"
				},
				"file" : "resources/catalog/Finish_Docker.xml"
			},
			{
				"name" : "Resume_Docker",
				"metadata" : {
					"kind": "Workflow/pca",
					"commitMessage": "First commit",
					"contentType": "application/xml"
				},
				"file" : "resources/catalog/Resume_Docker.xml"
			},
			{
				"name" : "Pause_Docker",
				"metadata" : {
					"kind": "Workflow/pca",
					"commitMessage": "First commit",
					"contentType": "application/xml"
				},
				"file" : "resources/catalog/Pause_Docker.xml"
			}
		]
	}
}
