{  
   "metadata":{  
      "slug":"azure-cognitive-services",
      "name":"Azure Cognitive Services",
      "short_description":"Azure Cognitive Services",
      "author":"ActiveEon's Team",
      "tags":[  
         "Azure",
         "Azure Cognitive Services",
         "Cognitive",
         "Cognitive Services",
         "Machine Learning",
         "Deep Learning"
      ],
      "version":"1.0"
   },
   "catalog":{  
      "bucket":"azure-cognitive-services",
      "objects":[  
         {  
            "name":"Academic_Knowledge",
            "metadata":{  
               "kind":"Workflow/standard",
               "commitMessage":"First commit",
               "contentType":"application/xml"
            },
            "file":"resources/catalog/Academic_Knowledge.xml"
         },
         {  
            "name":"Bing_Autosuggest",
            "metadata":{  
               "kind":"Workflow/standard",
               "commitMessage":"First commit",
               "contentType":"application/xml"
            },
            "file":"resources/catalog/Bing_Autosuggest.xml"
         },
         {  
            "name":"Bing_Custom_Search",
            "metadata":{  
               "kind":"Workflow/standard",
               "commitMessage":"First commit",
               "contentType":"application/xml"
            },
            "file":"resources/catalog/Bing_Custom_Search.xml"
         },
         {  
            "name":"Bing_Entity_Search",
            "metadata":{  
               "kind":"Workflow/standard",
               "commitMessage":"First commit",
               "contentType":"application/xml"
            },
            "file":"resources/catalog/Bing_Entity_Search.xml"
         },
         {  
            "name":"Bing_Image_Search",
            "metadata":{  
               "kind":"Workflow/standard",
               "commitMessage":"First commit",
               "contentType":"application/xml"
            },
            "file":"resources/catalog/Bing_Image_Search.xml"
         },
         {  
            "name":"Bing_News",
            "metadata":{  
               "kind":"Workflow/standard",
               "commitMessage":"First commit",
               "contentType":"application/xml"
            },
            "file":"resources/catalog/Bing_News.xml"
         },
         {  
            "name":"Bing_Speech_Service",
            "metadata":{  
               "kind":"Workflow/standard",
               "commitMessage":"First commit",
               "contentType":"application/xml"
            },
            "file":"resources/catalog/Bing_Speech_Service.xml"
         },
         {  
            "name":"Bing_Spell_Check",
            "metadata":{  
               "kind":"Workflow/standard",
               "commitMessage":"First commit",
               "contentType":"application/xml"
            },
            "file":"resources/catalog/Bing_Spell_Check.xml"
         },
         {  
            "name":"Bing_Video_Search",
            "metadata":{  
               "kind":"Workflow/standard",
               "commitMessage":"First commit",
               "contentType":"application/xml"
            },
            "file":"resources/catalog/Bing_Video_Search.xml"
         },
         {  
            "name":"Bing_Web_Search",
            "metadata":{  
               "kind":"Workflow/standard",
               "commitMessage":"First commit",
               "contentType":"application/xml"
            },
            "file":"resources/catalog/Bing_Web_Search.xml"
         },
         {  
            "name":"Computer_Vision",
            "metadata":{  
               "kind":"Workflow/standard",
               "commitMessage":"First commit",
               "contentType":"application/xml"
            },
            "file":"resources/catalog/Computer_Vision.xml"
         },
         {  
            "name":"Content_Moderator",
            "metadata":{  
               "kind":"Workflow/standard",
               "commitMessage":"First commit",
               "contentType":"application/xml"
            },
            "file":"resources/catalog/Content_Moderator.xml"
         },
         {  
            "name":"Custom_Decision_Service",
            "metadata":{  
               "kind":"Workflow/standard",
               "commitMessage":"First commit",
               "contentType":"application/xml"
            },
            "file":"resources/catalog/Custom_Decision_Service.xml"
         },
         {  
            "name":"Custom_Speech_Service",
            "metadata":{  
               "kind":"Workflow/standard",
               "commitMessage":"First commit",
               "contentType":"application/xml"
            },
            "file":"resources/catalog/Custom_Speech_Service.xml"
         },
         {  
            "name":"Custom_Vision_Service",
            "metadata":{  
               "kind":"Workflow/standard",
               "commitMessage":"First commit",
               "contentType":"application/xml"
            },
            "file":"resources/catalog/Custom_Vision_Service.xml"
         },
         {  
            "name":"Emotion_API",
            "metadata":{  
               "kind":"Workflow/standard",
               "commitMessage":"First commit",
               "contentType":"application/xml"
            },
            "file":"resources/catalog/Emotion_API.xml"
         },
         {  
            "name":"Entity_Linking",
            "metadata":{  
               "kind":"Workflow/standard",
               "commitMessage":"First commit",
               "contentType":"application/xml"
            },
            "file":"resources/catalog/Entity_Linking.xml"
         },
         {  
            "name":"Face_API",
            "metadata":{  
               "kind":"Workflow/standard",
               "commitMessage":"First commit",
               "contentType":"application/xml"
            },
            "file":"resources/catalog/Face_API.xml"
         },
         {  
            "name":"Knowledge_Exploration_Service",
            "metadata":{  
               "kind":"Workflow/standard",
               "commitMessage":"First commit",
               "contentType":"application/xml"
            },
            "file":"resources/catalog/Knowledge_Exploration_Service.xml"
         },
         {  
            "name":"Language_Understanding",
            "metadata":{  
               "kind":"Workflow/standard",
               "commitMessage":"First commit",
               "contentType":"application/xml"
            },
            "file":"resources/catalog/Language_Understanding.xml"
         },
         {  
            "name":"Linguistic_Analysis",
            "metadata":{  
               "kind":"Workflow/standard",
               "commitMessage":"First commit",
               "contentType":"application/xml"
            },
            "file":"resources/catalog/Linguistic_Analysis.xml"
         },
         {  
            "name":"QnA_Maker",
            "metadata":{  
               "kind":"Workflow/standard",
               "commitMessage":"First commit",
               "contentType":"application/xml"
            },
            "file":"resources/catalog/QnA_Maker.xml"
         },
         {  
            "name":"Recommendations",
            "metadata":{  
               "kind":"Workflow/standard",
               "commitMessage":"First commit",
               "contentType":"application/xml"
            },
            "file":"resources/catalog/Recommendations.xml"
         },
         {  
            "name":"Speaker_Recognition",
            "metadata":{  
               "kind":"Workflow/standard",
               "commitMessage":"First commit",
               "contentType":"application/xml"
            },
            "file":"resources/catalog/Speaker_Recognition.xml"
         },
         {  
            "name":"Text_Analytics",
            "metadata":{  
               "kind":"Workflow/standard",
               "commitMessage":"First commit",
               "contentType":"application/xml"
            },
            "file":"resources/catalog/Text_Analytics.xml"
         },
         {  
            "name":"Translator_Speech",
            "metadata":{  
               "kind":"Workflow/standard",
               "commitMessage":"First commit",
               "contentType":"application/xml"
            },
            "file":"resources/catalog/Translator_Speech.xml"
         },
         {  
            "name":"Translator_Text",
            "metadata":{  
               "kind":"Workflow/standard",
               "commitMessage":"First commit",
               "contentType":"application/xml"
            },
            "file":"resources/catalog/Translator_Text.xml"
         },
         {  
            "name":"Video_Indexer",
            "metadata":{  
               "kind":"Workflow/standard",
               "commitMessage":"First commit",
               "contentType":"application/xml"
            },
            "file":"resources/catalog/Video_Indexer.xml"
         },
         {  
            "name":"Web_Language_Model",
            "metadata":{  
               "kind":"Workflow/standard",
               "commitMessage":"First commit",
               "contentType":"application/xml"
            },
            "file":"resources/catalog/Web_Language_Model.xml"
         }
      ]
   }
}
