{"description":"Every Monday at 9:00 AM excluding holidays","cron":"0 0 9 ? * MON *","exclusion_calendars":[{
				"url": "https://www.officeholidays.com/ics/ics_country_code.php?iso=US",
				"action": "CANCEL_NEXT_EXECUTION"
				},
				{
				"url": "https://www.officeholidays.com/ics/ics_country_code.php?iso=FR",
				"action": "CANCEL_NEXT_EXECUTION"
				},
				{
				"url": "https://www.officeholidays.com/ics/ics_country_code.php?iso=GB",
				"action": "CANCEL_NEXT_EXECUTION"
				}],"inclusion_calendars":[]}