<?xml version="1.0" encoding="UTF-8"?>
<job
  xmlns:xsi="http://www.w3.org/2001/XMLSchema-instance"
  xmlns="urn:proactive:jobdescriptor:3.11" xsi:schemaLocation="urn:proactive:jobdescriptor:3.11 http://www.activeeon.com/public_content/schemas/proactive/jobdescriptor/3.11/schedulerjob.xsd"  name="AutoSklearn_Regressor" projectName="5.2  ML Regression" priority="normal" onTaskError="continueJobExecution"  maxNumberOfExecution="2" >
  <variables>
    <variable name="DOCKER_ENABLED" value="True" model="PA:Boolean"/>
  </variables>
  <description>
    <![CDATA[ AutoSklearn_Regressor frees a machine learning user from algorithm selection and hyperparameter tuning. It leverages recent advantages in Bayesian optimization, meta-learning and ensemble construction. ]]>
  </description>
  <genericInformation>
    <info name="bucketName" value="machine-learning"/>
    <info name="workflow.icon" value="/automation-dashboard/styles/patterns/img/wf-icons/AutoML.png"/>
    <info name="Documentation" value="https://doc.activeeon.com/latest/MLOS/MLOSUserGuide.html#_autosklearn_regressor"/>
    <info name="group" value="public-objects"/>
  </genericInformation>
  <taskFlow>
    <task name="AutoSklearn_Regressor" >
      <description>
        <![CDATA[ AutoSklearn_Regressor frees a machine learning user from algorithm selection and hyperparameter tuning. It leverages recent advantages in Bayesian optimization, meta-learning and ensemble construction. ]]>
      </description>
      <variables>
        <variable name="DOCKER_ENABLED" value="True" inherited="true" model="PA:Boolean"/>
        <variable name="DOCKER_IMAGE" value="activeeon/dlm3" inherited="true" />
        <variable name="TASK_ENABLED" value="True" inherited="false" model="PA:Boolean"/>
        <variable name="TASK_TIME" value="120" inherited="false" />
        <variable name="RUN_TIME" value="30" inherited="false" />
        <variable name="SAMPLING" value="False" inherited="false" />
        <variable name="FOLDS" value="5" inherited="false" />
        <variable name="RESAMPLING_STRATEGY" value="cv" inherited="false" />
      </variables>
      <genericInformation>
        <info name="task.icon" value="/automation-dashboard/styles/patterns/img/wf-icons/AutoML.png"/>
        <info name="task.documentation" value="https://doc.activeeon.com/latest/MLOS/MLOSUserGuide.html#_autosklearn_regressor"/>
      </genericInformation>
      <forkEnvironment javaHome="/usr" >
        <envScript>
          <script>
            <code language="python">
              <![CDATA[
if str(variables.get("DOCKER_ENABLED")).lower() == 'true':
  #Be aware, that the prefix command is internally split by spaces. So paths with spaces won't work.
  # Prepare Docker parameters 
  containerName = 'activeeon/dlm3' 
  dockerRunCommand =  'docker run ' 
  dockerParameters = '--rm ' 
  # Prepare ProActive home volume 
  paHomeHost = variables.get("PA_SCHEDULER_HOME") 
  paHomeContainer = variables.get("PA_SCHEDULER_HOME") 
  proActiveHomeVolume = '-v '+paHomeHost +':'+paHomeContainer+' ' 
  # Prepare working directory (For Dataspaces and serialized task file) 
  workspaceHost = localspace 
  workspaceContainer = localspace 
  workspaceVolume = '-v '+localspace +':'+localspace+' ' 
  # Prepare container working directory 
  containerWorkingDirectory = '-w '+workspaceContainer+' ' 
  # Save pre execution command into magic variable 'preJavaHomeCmd', which is picked up by the node 
  preJavaHomeCmd = dockerRunCommand + dockerParameters + proActiveHomeVolume + workspaceVolume + containerWorkingDirectory + containerName
else:
  print("Fork environment disabled")
]]>
            </code>
          </script>
        </envScript>
      </forkEnvironment>
      <scriptExecutable>
        <script>
          <code language="cpython">
            <![CDATA[
__file__ = variables.get("PA_TASK_NAME")

if str(variables.get("TASK_ENABLED")).lower() != 'true':
  print("Task " + __file__ + " disabled")
  quit()

print("BEGIN " + __file__)

import json

algorithm = {
  'name': 'AutoSklearn_Regressor',
  'is_supervised': True,
  'type': 'regression',
  'task_time': int(variables.get("TASK_TIME")),
  'run_time': int(variables.get("RUN_TIME")),
  'sampling': variables.get("SAMPLING"),
  'sampling_strategy': variables.get('RESAMPLING_STRATEGY'),
  'folds': variables.get('FOLDS')
}

algorithm_json = json.dumps(algorithm)
resultMetadata.put("task.algorithm_json", algorithm_json)

print("END " + __file__)
]]>
          </code>
        </script>
      </scriptExecutable>
      <controlFlow block="none"></controlFlow>
      <metadata>
        <positionTop>
            447.5
        </positionTop>
        <positionLeft>
            621.25
        </positionLeft>
      </metadata>
    </task>
  </taskFlow>
  <metadata>
    <visualization>
      <![CDATA[ <html><head><link rel="stylesheet" href="/studio/styles/studio-standalone.css"><style>
        #workflow-designer {
            left:0 !important;
            top:0 !important;
            width:2864px;
            height:3372px;
            }
        </style></head><body><div id="workflow-visualization-view"><div id="workflow-visualization" style="position:relative;top:-442.5px;left:-616.25px"><div class="task _jsPlumb_endpoint_anchor_ ui-draggable" id="jsPlumb_1_37" style="top: 447.5px; left: 621.25px;"><a class="task-name"><img src="/automation-dashboard/styles/patterns/img/wf-icons/AutoML.png" width="20px">&nbsp;<span class="name">AutoSklearn_Regressor</span></a></div><div class="_jsPlumb_endpoint source-endpoint dependency-source-endpoint connected _jsPlumb_endpoint_anchor_ ui-draggable ui-droppable" style="position: absolute; height: 20px; width: 20px; left: 681.5px; top: 478px;"><svg style="position:absolute;left:0px;top:0px" width="20" height="20" pointer-events="all" position="absolute" version="1.1"
      xmlns="http://www.w3.org/1999/xhtml"><circle cx="10" cy="10" r="10" version="1.1"
      xmlns="http://www.w3.org/1999/xhtml" fill="#666" stroke="none" style=""></circle></svg></div></div></div></body></html>
 ]]>
    </visualization>
  </metadata>
</job>