<?xml version="1.0" encoding="UTF-8"?>
<job
  xmlns:xsi="http://www.w3.org/2001/XMLSchema-instance"
  xmlns="urn:proactive:jobdescriptor:3.11" xsi:schemaLocation="urn:proactive:jobdescriptor:3.11 http://www.activeeon.com/public_content/schemas/proactive/jobdescriptor/3.11/schedulerjob.xsd"  name="Bayesian_Ridge_Regression" projectName="5.2  ML Regression" priority="normal" onTaskError="continueJobExecution"  maxNumberOfExecution="2" >
  <variables>
    <variable name="DOCKER_ENABLED" value="True" model="PA:Boolean"/>
  </variables>
  <description>
    <![CDATA[ Bayesian linear regression is an approach to linear regression in which the statistical analysis is undertaken within the context of Bayesian inference. ]]>
  </description>
  <genericInformation>
    <info name="bucketName" value="machine-learning-new"/>
    <info name="workflow.icon" value="/automation-dashboard/styles/patterns/img/wf-icons/ml_regresssion.png"/>
    <info name="Documentation" value="https://doc.activeeon.com/latest/MLOS/MLOSUserGuide.html#_bayesian_ridge_regression"/>
    <info name="group" value="public-objects"/>
  </genericInformation>
  <taskFlow>
    <task name="Bayesian_Ridge_Regression" >
      <description>
        <![CDATA[ Bayesian linear regression is an approach to linear regression in which the statistical analysis is undertaken within the context of Bayesian inference. ]]>
      </description>
      <variables>
        <variable name="N_ITERATIONS" value="300" inherited="false" />
        <variable name="ALPHA_1" value="1.e-6" inherited="false" />
        <variable name="ALPHA_2" value="1.e-6" inherited="false" />
        <variable name="LAMBDA_1" value="1.e-6" inherited="false" />
        <variable name="LAMBDA_2" value="1.e-6" inherited="false" />
        <variable name="DOCKER_ENABLED" value="True" inherited="true" model="PA:Boolean"/>
        <variable name="DOCKER_IMAGE" value="activeeon/dlm3" inherited="true" />
        <variable name="TASK_ENABLED" value="True" inherited="false" model="PA:Boolean"/>
      </variables>
      <genericInformation>
        <info name="task.icon" value="/automation-dashboard/styles/patterns/img/wf-icons/ml_regresssion.png"/>
        <info name="task.documentation" value="https://doc.activeeon.com/latest/MLOS/MLOSUserGuide.html#_bayesian_ridge_regression"/>
      </genericInformation>
      <forkEnvironment javaHome="/usr" >
        <envScript>
          <script>
            <code language="python">
              <![CDATA[
if str(variables.get("DOCKER_ENABLED")).lower() == 'true':
  #Be aware, that the prefix command is internally split by spaces. So paths with spaces won't work.
  # Prepare Docker parameters 
  containerName = 'activeeon/dlm3' 
  dockerRunCommand =  'docker run ' 
  dockerParameters = '--rm ' 
  # Prepare ProActive home volume 
  paHomeHost = variables.get("PA_SCHEDULER_HOME") 
  paHomeContainer = variables.get("PA_SCHEDULER_HOME") 
  proActiveHomeVolume = '-v '+paHomeHost +':'+paHomeContainer+' ' 
  # Prepare working directory (For Dataspaces and serialized task file) 
  workspaceHost = localspace 
  workspaceContainer = localspace 
  workspaceVolume = '-v '+localspace +':'+localspace+' ' 
  # Prepare container working directory 
  containerWorkingDirectory = '-w '+workspaceContainer+' ' 
  # Save pre execution command into magic variable 'preJavaHomeCmd', which is picked up by the node 
  preJavaHomeCmd = dockerRunCommand + dockerParameters + proActiveHomeVolume + workspaceVolume + containerWorkingDirectory + containerName
else:
  print("Fork environment disabled")
]]>
            </code>
          </script>
        </envScript>
      </forkEnvironment>
      <scriptExecutable>
        <script>
          <code language="cpython">
            <![CDATA[
__file__ = variables.get("PA_TASK_NAME")

if str(variables.get("TASK_ENABLED")).lower() != 'true':
  print("Task " + __file__ + " disabled")
  quit()

print("BEGIN " + __file__)

import json

algorithm = {
  'name': 'BayesianRidgeRegression',
  'is_supervised': True,
  'type': 'regression',
  'alpha_1': float(variables.get("ALPHA_1")),
  'alpha_2': float(variables.get("ALPHA_2")),
  'lambda_1': float(variables.get("LAMBDA_1")),
  'lambda_2': float(variables.get("LAMBDA_2")),
  'n_iter': int(variables.get("N_ITERATIONS"))
}

algorithm_json = json.dumps(algorithm)
resultMetadata.put("task.algorithm_json", algorithm_json)

print("END " + __file__)
]]>
          </code>
        </script>
      </scriptExecutable>
      <controlFlow block="none"></controlFlow>
    </task>
  </taskFlow>
  <metadata>
    <visualization>
      <![CDATA[ <html><head><link rel="stylesheet" href="/studio/styles/studio-standalone.css"><style>
        #workflow-designer {
            left:0 !important;
            top:0 !important;
            width:1139px;
            height:566px;
            }
        </style></head><body><div id="workflow-visualization-view"><div id="workflow-visualization" style="position:relative;top:-334.00001525878906px;left:-449.5px"><div class="task _jsPlumb_endpoint_anchor_ ui-draggable" id="jsPlumb_1_1338" style="top: 339.004px; left: 454.504px;"><a class="task-name"><img src="/automation-dashboard/styles/patterns/img/wf-icons/ml_regresssion.png" width="20px">&nbsp;<span class="name">Bayesian_Ridge_Regression</span></a></div><div class="_jsPlumb_endpoint source-endpoint dependency-source-endpoint connected _jsPlumb_endpoint_anchor_ ui-draggable ui-droppable" style="position: absolute; height: 20px; width: 20px; left: 526px; top: 369px;"><svg style="position:absolute;left:0px;top:0px" width="20" height="20" pointer-events="all" position="absolute" version="1.1"
      xmlns="http://www.w3.org/1999/xhtml"><circle cx="10" cy="10" r="10" version="1.1"
      xmlns="http://www.w3.org/1999/xhtml" fill="#666" stroke="none" style=""></circle></svg></div></div></div></body></html>
 ]]>
    </visualization>
  </metadata>
</job>