<?xml version="1.0" encoding="UTF-8"?>
<job
  xmlns:xsi="http://www.w3.org/2001/XMLSchema-instance"
  xmlns="urn:proactive:jobdescriptor:3.11" xsi:schemaLocation="urn:proactive:jobdescriptor:3.11 http://www.activeeon.com/public_content/schemas/proactive/jobdescriptor/3.11/schedulerjob.xsd"  name="Drop_Columns" projectName="3. Data Preprocessing" priority="normal" onTaskError="continueJobExecution"  maxNumberOfExecution="2" >
  <variables>
    <variable name="DOCKER_ENABLED" value="True" model="PA:Boolean"/>
  </variables>
  <description>
    <![CDATA[ Remove the specified columns from your data. ]]>
  </description>
  <genericInformation>
    <info name="bucketName" value="machine-learning"/>
    <info name="workflow.icon" value="/automation-dashboard/styles/patterns/img/wf-icons/data-processing.png"/>
    <info name="Documentation" value="https://doc.activeeon.com/latest/MLOS/MLOSUserGuide.html#_filter_data"/>
    <info name="group" value="public-objects"/>
  </genericInformation>
  <taskFlow>
    <task name="Drop_Columns" >
      <description>
        <![CDATA[ Remove the specified columns from your data. ]]>
      </description>
      <variables>
        <variable name="COLUMNS_NAME" value="" inherited="false" />
        <variable name="DOCKER_ENABLED" value="True" inherited="true" model="PA:Boolean"/>
        <variable name="DOCKER_IMAGE" value="activeeon/dlm3" inherited="true" />
        <variable name="TASK_ENABLED" value="True" inherited="false" model="PA:Boolean"/>
      </variables>
      <genericInformation>
        <info name="task.icon" value="/automation-dashboard/styles/patterns/img/wf-icons/data-processing.png"/>
        <info name="task.documentation" value="https://doc.activeeon.com/latest/MLOS/MLOSUserGuide.html#_filter_data"/>
      </genericInformation>
      <forkEnvironment javaHome="/usr" >
        <envScript>
          <script>
            <code language="python">
              <![CDATA[
if str(variables.get("DOCKER_ENABLED")).lower() == 'true':
  #Be aware, that the prefix command is internally split by spaces. So paths with spaces won't work.
  # Prepare Docker parameters 
  containerName = variables.get("DOCKER_IMAGE") 
  dockerRunCommand =  'docker run ' 
  dockerParameters = '--rm ' 
  # Prepare ProActive home volume 
  paHomeHost = variables.get("PA_SCHEDULER_HOME") 
  paHomeContainer = variables.get("PA_SCHEDULER_HOME") 
  proActiveHomeVolume = '-v '+paHomeHost +':'+paHomeContainer+' ' 
  # Prepare working directory (For Dataspaces and serialized task file) 
  workspaceHost = localspace 
  workspaceContainer = localspace 
  workspaceVolume = '-v '+localspace +':'+localspace+' ' 
  # Prepare container working directory 
  containerWorkingDirectory = '-w '+workspaceContainer+' ' 
  # Save pre execution command into magic variable 'preJavaHomeCmd', which is picked up by the node 
  preJavaHomeCmd = dockerRunCommand + dockerParameters + proActiveHomeVolume + workspaceVolume + containerWorkingDirectory + containerName
else:
  print("Fork environment disabled")
]]>
            </code>
          </script>
        </envScript>
      </forkEnvironment>
      <scriptExecutable>
        <script>
          <code language="cpython">
            <![CDATA[
__file__ = variables.get("PA_TASK_NAME")

if str(variables.get("TASK_ENABLED")).lower() != 'true':
  print("Task " + __file__ + " disabled")
  quit()

print("BEGIN " + __file__)

import sys, bz2, uuid
import pandas as pd
import numpy as np

COLUMNS_NAME = variables.get("COLUMNS_NAME")
assert COLUMNS_NAME is not None and COLUMNS_NAME is not ""

input_variables = {'task.dataframe_id': None}
for key in input_variables.keys():
  for res in results:
    value = res.getMetadata().get(key)
    if value is not None:
      input_variables[key] = value
      break

dataframe_id = input_variables['task.dataframe_id']
print("dataframe id (in): ", dataframe_id)

dataframe_json = variables.get(dataframe_id)
assert dataframe_json is not None
dataframe_json = bz2.decompress(dataframe_json).decode()

dataframe = pd.read_json(dataframe_json, orient='split')

columns = [x.strip() for x in COLUMNS_NAME.split(',')]
dataframe.drop(columns, axis=1, inplace=True)

dataframe_json = dataframe.to_json(orient='split').encode()
compressed_data = bz2.compress(dataframe_json)

dataframe_id = str(uuid.uuid4())
variables.put(dataframe_id, compressed_data)

print("dataframe id (out): ", dataframe_id)
print('dataframe size (original):   ', sys.getsizeof(dataframe_json), " bytes")
print('dataframe size (compressed): ', sys.getsizeof(compressed_data), " bytes")
print(dataframe.head())

resultMetadata.put("task.name", __file__)
resultMetadata.put("task.dataframe_id", dataframe_id)

LIMIT_OUTPUT_VIEW = variables.get("LIMIT_OUTPUT_VIEW")
LIMIT_OUTPUT_VIEW = 5 if LIMIT_OUTPUT_VIEW is None else int(LIMIT_OUTPUT_VIEW)
if LIMIT_OUTPUT_VIEW > 0:
  print("task result limited to: ", LIMIT_OUTPUT_VIEW, " rows")
  dataframe = dataframe.head(LIMIT_OUTPUT_VIEW).copy()

#============================== Preview results ===============================
#***************# HTML PREVIEW STYLING #***************#
styles = [
    dict(selector="th", props=[("font-weight", "bold"),
                               ("text-align", "center"),
                               ("font-size", "15px"),
                               ("background", "#0B6FA4"),
                               ("color", "#FFFFFF")]),
                               ("padding", "3px 7px"),
    dict(selector="td", props=[("text-align", "right"),
                               ("padding", "3px 3px"),
                               ("border", "1px solid #999999"),
                               ("font-size", "13px"),
                               ("border-bottom", "1px solid #0B6FA4")]),
    dict(selector="table", props=[("border", "1px solid #999999"),
                               ("text-align", "center"),
                               ("width", "100%"),
                               ("border-collapse", "collapse")])
]
#******************************************************#

with pd.option_context('display.max_colwidth', -1):
  result = dataframe.style.set_table_styles(styles).render().encode('utf-8')
  resultMetadata.put("file.extension", ".html")
  resultMetadata.put("file.name", "output.html")
  resultMetadata.put("content.type", "text/html")
#==============================================================================

print("END " + __file__)
]]>
            </code>
          </script>
        </scriptExecutable>
        <controlFlow block="none"></controlFlow>
        <post>
          <script>
            <code language="groovy">
              <![CDATA[
variables.put("PREVIOUS_PA_TASK_NAME", variables.get("PA_TASK_NAME"))
]]>
            </code>
          </script>
        </post>
      </task>
    </taskFlow>
    <metadata>
      <visualization>
        <![CDATA[ <html><head><link rel="stylesheet" href="/studio/styles/studio-standalone.css"><style>
        #workflow-designer {
            left:0 !important;
            top:0 !important;
            width:1139px;
            height:566px;
            }
        </style></head><body><div id="workflow-visualization-view"><div id="workflow-visualization" style="position:relative;top:-334.00001525878906px;left:-496px"><div class="task _jsPlumb_endpoint_anchor_ ui-draggable" id="jsPlumb_1_1350" style="top: 339.004px; left: 501.011px;"><a class="task-name"><img src="/automation-dashboard/styles/patterns/img/wf-icons/data-processing.png" width="20px">&nbsp;<span class="name">Drop_Columns</span></a></div><div class="_jsPlumb_endpoint source-endpoint dependency-source-endpoint connected _jsPlumb_endpoint_anchor_ ui-draggable ui-droppable" style="position: absolute; height: 20px; width: 20px; left: 541.5px; top: 369px;"><svg style="position:absolute;left:0px;top:0px" width="20" height="20" pointer-events="all" position="absolute" version="1.1"
        xmlns="http://www.w3.org/1999/xhtml"><circle cx="10" cy="10" r="10" version="1.1"
        xmlns="http://www.w3.org/1999/xhtml" fill="#666" stroke="none" style=""></circle></svg></div></div></div></body></html>
 ]]>
      </visualization>
    </metadata>
  </job>