<?xml version="1.0" encoding="UTF-8" standalone="no"?>
<job xmlns="urn:proactive:jobdescriptor:3.12" xmlns:xsi="http://www.w3.org/2001/XMLSchema-instance" maxNumberOfExecution="2" name="Export_Data" onTaskError="continueJobExecution" priority="normal" projectName="2. Input and Output Data" xsi:schemaLocation="urn:proactive:jobdescriptor:3.11 http://www.activeeon.com/public_content/schemas/proactive/jobdescriptor/3.11/schedulerjob.xsd">
  <variables>
    <variable name="NATIVE_SCHEDULER" value=""/>
    <variable name="NATIVE_SCHEDULER_PARAMS" value=""/>
    <variable name="NODE_SOURCE_NAME" value=""/>
    <variable name="NODE_ACCESS_TOKEN" value=""/>
    <variable model="PA:LIST(no-container,docker,podman,singularity)" name="CONTAINER_PLATFORM" value="docker"/>
    <variable model="PA:Boolean" name="CONTAINER_GPU_ENABLED" value="False"/>
    <variable model="PA:LIST(,docker://activeeon/dlm3,docker://activeeon/cuda,docker://activeeon/cuda2,docker://activeeon/rapidsai,docker://activeeon/tensorflow:latest,docker://activeeon/tensorflow:latest-gpu)" name="CONTAINER_IMAGE" value=""/>
  </variables>
  <description>
    <![CDATA[ Export the data in a specified format (CSV, JSON, HTML, TABLEAU, S3). ]]>
  </description>
  <genericInformation>
<info name="bucketName" value="machine-learning"/>
<info name="workflow.icon" value="/automation-dashboard/styles/patterns/img/wf-icons/export_data.png"/>
<info name="Documentation" value="MLOS/MLOSUserGuide.html#_export_data"/>
<info name="NS" value="$NATIVE_SCHEDULER"/>
<info name="NS_BATCH" value="$NATIVE_SCHEDULER_PARAMS"/>
<info name="NODE_ACCESS_TOKEN" value="$NODE_ACCESS_TOKEN"/>
<info name="group" value="public-objects"/>
</genericInformation>
  <taskFlow>
    <task fork="true" preciousResult="true" name="Export_Data">
      <description>
        <![CDATA[ Export the data in a specified format (CSV, JSON, HTML, TABLEAU, S3). ]]>
      </description>
      <variables>
        <variable inherited="false" model="PA:Boolean" name="TASK_ENABLED" value="True"/>
        <variable inherited="false" model="PA:LIST(CSV,JSON,HTML,TABLEAU,S3)" name="OUTPUT_TYPE" value="CSV"/>
        <variable inherited="false" model="PA:Integer" name="LIMIT_OUTPUT_VIEW" value="-1"/>
      </variables>
      <genericInformation>
        <info name="task.icon" value="/automation-dashboard/styles/patterns/img/wf-icons/export_data.png"/>
        <info name="task.documentation" value="MLOS/MLOSUserGuide.html#_export_data"/>
      </genericInformation>
      <selection>
        <script type="static">
          <file language="groovy" url="${PA_CATALOG_REST_URL}/buckets/scripts/resources/check_node_source_name/raw"/>
        </script>
      </selection>
      <forkEnvironment javaHome="/usr">
        <envScript>
          <script>
            <file language="groovy" url="${PA_CATALOG_REST_URL}/buckets/scripts/resources/fork_env_cuda_universal/raw"/>
          </script>
        </envScript>
      </forkEnvironment>
      <scriptExecutable>
        <script>
          <file language="cpython" url="${PA_CATALOG_REST_URL}/buckets/machine-learning-scripts/resources/Export_Data/raw"/>
        </script>
      </scriptExecutable>
      <controlFlow block="none"/>
      <metadata>
        <positionTop>
            131.26953125
        </positionTop>
        <positionLeft>
            116.50390625
        </positionLeft>
      </metadata>
    </task>
  </taskFlow>
  <metadata>
    <visualization>
      <![CDATA[ <html><head><link rel="stylesheet" href="/studio/styles/studio-standalone.css"><style>
        #workflow-designer {
            left:0 !important;
            top:0 !important;
            width:2646px;
            height:3493px;
            }
        </style></head><body><div id="workflow-visualization-view"><div id="workflow-visualization" style="position:relative;top:-126.26953125px;left:-111.50390625px"><div class="task _jsPlumb_endpoint_anchor_ ui-draggable" id="jsPlumb_1_13" style="top: 131.273px; left: 116.508px; z-index: 24;"><a class="task-name"><img src="/automation-dashboard/styles/patterns/img/wf-icons/export_data.png" width="20px">&nbsp;<span class="name">Export_Data</span></a></div><div class="_jsPlumb_endpoint source-endpoint dependency-source-endpoint connected _jsPlumb_endpoint_anchor_ ui-draggable ui-droppable" style="position: absolute; height: 20px; width: 20px; left: 156.508px; top: 161.273px;"><svg style="position:absolute;left:0px;top:0px" width="20" height="20" pointer-events="all" position="absolute" version="1.1"
      xmlns="http://www.w3.org/1999/xhtml"><circle cx="10" cy="10" r="10" version="1.1"
      xmlns="http://www.w3.org/1999/xhtml" fill="#666" stroke="none" style=""></circle></svg></div></div></div></body></html>
 ]]>
    </visualization>
  </metadata>
</job>
