<?xml version="1.0" encoding="UTF-8"?>
<job
  xmlns:xsi="http://www.w3.org/2001/XMLSchema-instance"
  xmlns="urn:proactive:jobdescriptor:3.11" xsi:schemaLocation="urn:proactive:jobdescriptor:3.11 http://www.activeeon.com/public_content/schemas/proactive/jobdescriptor/3.11/schedulerjob.xsd"  name="Log_Parser" projectName="2. Input and Output Data" priority="normal" onTaskError="continueJobExecution"  maxNumberOfExecution="2" >
  <variables>
    <variable name="DOCKER_ENABLED" value="True" model="PA:Boolean"/>
  </variables>
  <description>
    <![CDATA[ Extracts a group of event templates, whereby raw logs can be structured. ]]>
  </description>
  <genericInformation>
    <info name="bucketName" value="machine-learning"/>
    <info name="workflow.icon" value="/automation-dashboard/styles/patterns/img/wf-icons/log_parser.png"/>
    <info name="Documentation" value="https://doc.activeeon.com/latest/MLOS/MLOSUserGuide.html#_log_analysis"/>
    <info name="group" value="public-objects"/>
  </genericInformation>
  <taskFlow>
    <task name="Log_Parser" >
      <description>
        <![CDATA[ Extracts a group of event templates, whereby raw logs can be structured. ]]>
      </description>
      <variables>
        <variable name="LOG_FILE" value="https://s3.eu-west-2.amazonaws.com/activeeon-public/datasets/HDFS_2k.log" inherited="false" />
        <variable name="PATTERNS_FILE" value="https://s3.eu-west-2.amazonaws.com/activeeon-public/datasets/patterns.csv" inherited="false" />
        <variable name="STRUCTURED_LOG_FILE" value="HTML" inherited="false" />
        <variable name="DOCKER_ENABLED" value="True" inherited="true" model="PA:Boolean"/>
        <variable name="TASK_ENABLED" value="True" inherited="false" model="PA:Boolean"/>
      </variables>
      <genericInformation>
        <info name="task.icon" value="/automation-dashboard/styles/patterns/img/wf-icons/log_parser.png"/>
      </genericInformation>
      <forkEnvironment javaHome="/usr" >
        <envScript>
          <script>
            <code language="python">
              <![CDATA[
if str(variables.get("DOCKER_ENABLED")).lower() == 'true':
  #Be aware, that the prefix command is internally split by spaces. So paths with spaces won't work.
  # Prepare Docker parameters 
  containerName = 'activeeon/dlm3' 
  dockerRunCommand =  'docker run ' 
  dockerParameters = '--rm ' 
  # Prepare ProActive home volume 
  paHomeHost = variables.get("PA_SCHEDULER_HOME") 
  paHomeContainer = variables.get("PA_SCHEDULER_HOME") 
  proActiveHomeVolume = '-v '+paHomeHost +':'+paHomeContainer+' ' 
  # Prepare working directory (For Dataspaces and serialized task file) 
  workspaceHost = localspace 
  workspaceContainer = localspace 
  workspaceVolume = '-v '+localspace +':'+localspace+' ' 
  # Prepare container working directory 
  containerWorkingDirectory = '-w '+workspaceContainer+' ' 
  # Save pre execution command into magic variable 'preJavaHomeCmd', which is picked up by the node 
  preJavaHomeCmd = dockerRunCommand + dockerParameters + proActiveHomeVolume + workspaceVolume + containerWorkingDirectory + containerName
else:
  print("Fork environment disabled")
]]>
            </code>
          </script>
        </envScript>
      </forkEnvironment>
      <scriptExecutable>
        <script>
          <code language="cpython">
            <![CDATA[
__file__ = variables.get("PA_TASK_NAME")

if str(variables.get("TASK_ENABLED")).lower() != 'true':
  print("Task " + __file__ + " disabled")
  quit()

print("BEGIN " + __file__)

import pandas as pd
import numpy as np
import wget
import re
import time as clock
from datetime import datetime, timedelta
from time import gmtime, strftime
from argparse import ArgumentParser
from collections import OrderedDict
import sys, bz2, uuid

TIME_FORMAT = '%H%M%S'
DATE_FORMAT = '%d%m%Y'
PATTERNS_FILE = variables.get("PATTERNS_FILE")
LOG_FILE = variables.get("LOG_FILE")
STRUCTURED_LOG_FILE = variables.get("STRUCTURED_LOG_FILE")

INTERVAL   = 10000
LOG_FILE = wget.download(LOG_FILE)
PATTERN_FILE = PATTERNS_FILE
STRUCTERED_LOG_FILE = STRUCTURED_LOG_FILE
#===================================== Detect the different patterns =================================
print("Reading the Pattern_file")
df_patterns = pd.read_csv(PATTERN_FILE, sep = ';')
df_columns = pd.Series([''])
table = list()
for index, row in df_patterns.iterrows():
  for e in row[2].split(','):
    if e.strip() != '*':
      table.append(e.strip())
table.append('pattern_id')
myList = list(OrderedDict.fromkeys(table))
df_columns = pd.Series(myList)
print("The different patterns included in the Pattern_file were extracted")
#===================================== Parse raw logs =================================   
df_structured_logs = pd.DataFrame(columns = df_columns)
print("Processing " + LOG_FILE)
k = 0
t = clock.time()
#variables = list()
my_dict = OrderedDict()
print("Logs patterns matching is in progress")
with open(LOG_FILE) as infile:
  for line in infile:
    k = k + 1
    if k % INTERVAL == 0:
      elapsed_time = clock.time() - t
      print(str(k) + " " + str(elapsed_time) + "sec " + line)
    for index,variable_name in df_columns.iteritems():
      vide = np.nan
      my_dict.__setitem__(variable_name.strip(),vide)
    for index, row in df_patterns.iterrows():
      p = row[1]
      pattern = re.compile(p, re.IGNORECASE)
      m = pattern.match(line)
      if m:
        #print('Match found: ', m.group())
        i = 0
        for e in row[2].split(','):
          i = i+1
          if e.strip() != '*':
            var = m.group(i)
            if e.strip() == "date":
              if len(e.strip())<8:
                if len(var)==5:
                  idx=3
                elif len(var)==6:
                  idx=4
                str1_split1 = var[:idx]
                str1_split2 = var[idx:]
                tranformed_date =  str1_split1 + '20' + str1_split2
                my_dict.__setitem__(e.strip(),datetime.strptime(tranformed_date, DATE_FORMAT))
              else:
                my_dict.__setitem__(e.strip(),datetime.strptime(var, DATE_FORMAT))
            elif e.strip() == "time":
              my_dict.__setitem__(e.strip(),datetime.strptime(var.strip(), TIME_FORMAT).time())
            else:
              my_dict.__setitem__(e.strip(),repr(var.strip()).strip("0"))
              my_dict.__setitem__('pattern_id', int(row[0]))
        break
    df_inter = pd.DataFrame([my_dict.values()], columns=df_columns)
    df_structured_logs = df_structured_logs.append(df_inter, ignore_index=True)

        
print("All logs were matched")
#===================================== Preview results =================================
STRUCTURED_LOG_FILE=STRUCTURED_LOG_FILE.lower()
if STRUCTURED_LOG_FILE.endswith('csv'):
  result = df_structured_logs.to_csv()
  resultMetadata.put("file.extension", ".csv")
  resultMetadata.put("file.name", result+".csv")
  resultMetadata.put("content.type", "text/csv")
elif STRUCTURED_LOG_FILE.endswith('html'):
  #***************# HTML PREVIEW STYLING #***************#
  styles = [
    dict(selector="th", props=[("font-weight", "bold"),
                               ("text-align", "center"),
                               ("font-size", "15px"),
                               ("background", "#0B6FA4"),
                               ("color", "#FFFFFF")]),
                               ("padding", "3px 7px"),
    dict(selector="td", props=[("text-align", "right"),
                               ("padding", "3px 3px"),
                               ("border", "1px solid #999999"),
                               ("font-size", "13px"),
                               ("border-bottom", "1px solid #0B6FA4")]),
    dict(selector="table", props=[("border", "1px solid #999999"),
                               ("text-align", "center"),
                               ("width", "100%"),
                               ("border-collapse", "collapse")])
  ]
  #******************************************************#
  result = df_structured_logs.style.set_table_styles(styles).render().encode('utf-8')
  resultMetadata.put("file.extension", ".html")
  resultMetadata.put("file.name", "output.html")
  resultMetadata.put("content.type", "text/html")
else:
  print('Your data is empty')
#===================================== Save the linked variables =================================    
df_json_logs = df_structured_logs.to_json(orient='split').encode()
compressed_data = bz2.compress(df_json_logs)

dataframe_id = str(uuid.uuid4())
variables.put(dataframe_id, compressed_data)

print("dataframe id: ", dataframe_id)
print('dataframe size (original):   ', sys.getsizeof(df_json_logs), " bytes")
print('dataframe size (compressed): ', sys.getsizeof(compressed_data), " bytes")

resultMetadata.put("task.name", __file__)
resultMetadata.put("task.dataframe_id", dataframe_id)
    
print("Finshed " + LOG_FILE + "PARSING")
]]>
          </code>
        </script>
      </scriptExecutable>
      <controlFlow block="none"></controlFlow>
      <metadata>
        <positionTop>
            265.52734375
        </positionTop>
        <positionLeft>
            678.1640625
        </positionLeft>
      </metadata>
    </task>
  </taskFlow>
  <metadata>
    <visualization>
      <![CDATA[ <html><head><link rel="stylesheet" href="/studio/styles/studio-standalone.css"><style>
        #workflow-designer {
            left:0 !important;
            top:0 !important;
            width:2673px;
            height:3068px;
            }
        </style></head><body><div id="workflow-visualization-view"><div id="workflow-visualization" style="position:relative;top:-260.52734375px;left:-673.1640625px"><div class="task _jsPlumb_endpoint_anchor_ ui-draggable" id="jsPlumb_1_982" style="top: 265.527px; left: 678.164px;"><a class="task-name"><img src="/automation-dashboard/styles/patterns/img/wf-icons/log_parser.png" width="20px">&nbsp;<span class="name">Log_Parser</span></a></div><div class="_jsPlumb_endpoint source-endpoint dependency-source-endpoint connected _jsPlumb_endpoint_anchor_ ui-draggable ui-droppable" style="position: absolute; height: 20px; width: 20px; left: 719px; top: 295px;"><svg style="position:absolute;left:0px;top:0px" width="20" height="20" pointer-events="all" position="absolute" version="1.1"
      xmlns="http://www.w3.org/1999/xhtml"><circle cx="10" cy="10" r="10" version="1.1"
      xmlns="http://www.w3.org/1999/xhtml" fill="#666" stroke="none" style=""></circle></svg></div></div></div></body></html>
 ]]>
    </visualization>
  </metadata>
</job>