<?xml version="1.0" encoding="UTF-8" standalone="no"?>
<job xmlns="urn:proactive:jobdescriptor:3.12" xmlns:xsi="http://www.w3.org/2001/XMLSchema-instance" maxNumberOfExecution="2" name="Model_Explainability" onTaskError="continueJobExecution" priority="normal" projectName="8. ML Explainability" xsi:schemaLocation="urn:proactive:jobdescriptor:3.12 http://www.activeeon.com/public_content/schemas/proactive/jobdescriptor/3.12/schedulerjob.xsd">
  <variables>
    <variable name="NATIVE_SCHEDULER" value=""/>
    <variable name="NATIVE_SCHEDULER_PARAMS" value=""/>
    <variable name="NODE_SOURCE_NAME" value=""/>
    <variable name="NODE_ACCESS_TOKEN" value=""/>
    <variable model="PA:LIST(no-container,docker,podman,singularity)" name="CONTAINER_PLATFORM" value="docker"/>
    <variable model="PA:Boolean" name="CONTAINER_GPU_ENABLED" value="False"/>
    <variable model="PA:LIST(,docker://activeeon/dlm3,docker://activeeon/cuda,docker://activeeon/cuda2,docker://activeeon/rapidsai,docker://activeeon/tensorflow:latest,docker://activeeon/tensorflow:latest-gpu)" name="CONTAINER_IMAGE" value=""/>
  </variables>
  <description>
    <![CDATA[ Apply the ELI5 and Kernel Explainer to understand the model’s global behavior or specific predictions. ]]>
  </description>
  <genericInformation>
<info name="bucketName" value="machine-learning"/>
<info name="workflow.icon" value="/automation-dashboard/styles/patterns/img/wf-icons/model-explainability.png"/>
<info name="Documentation" value="MLOS/MLOSUserGuide.html#_ml_explainability"/>
<info name="NS" value="$NATIVE_SCHEDULER"/>
<info name="NS_BATCH" value="$NATIVE_SCHEDULER_PARAMS"/>
<info name="NODE_ACCESS_TOKEN" value="$NODE_ACCESS_TOKEN"/>
<info name="group" value="public-objects"/>
</genericInformation>
  <taskFlow>
    <task fork="true" name="Model_Explainability" preciousResult="true">
      <description>
        <![CDATA[ Apply the ELI5 and Kernel Explainer to understand the model’s global behavior or specific predictions. ]]>
      </description>
      <variables>
        <variable inherited="false" model="PA:Boolean" name="TASK_ENABLED" value="True"/>
        <variable inherited="false" name="LABEL_COLUMN" value=""/>
        <variable inherited="false" name="FEATURE_PARTIAL_PLOTS" value=""/>
        <variable inherited="false" name="FEATURE_PARTIAL2D_PLOTS" value=""/>
        <variable inherited="false" name="SHAP_ROW_SHOW" value=""/>
      </variables>
      <genericInformation>
        <info name="task.icon" value="/automation-dashboard/styles/patterns/img/wf-icons/model-explainability.png"/>
        <info name="task.documentation" value="MLOS/MLOSUserGuide.html#_ml_explainability"/>
      </genericInformation>
      <selection>
        <script type="static">
          <file language="groovy" url="${PA_CATALOG_REST_URL}/buckets/scripts/resources/check_node_source_name/raw"/>
        </script>
      </selection>
      <forkEnvironment javaHome="/usr">
        <envScript>
          <script>
            <file language="groovy" url="${PA_CATALOG_REST_URL}/buckets/scripts/resources/fork_env_cuda_universal/raw"/>
          </script>
        </envScript>
      </forkEnvironment>
      <scriptExecutable>
        <script>
          <file language="cpython" url="${PA_CATALOG_REST_URL}/buckets/machine-learning-scripts/resources/Model_Explainability/raw"/>
        </script>
      </scriptExecutable>
      <controlFlow block="none"/>
      <metadata>
        <positionTop>
            196.734375
        </positionTop>
        <positionLeft>
            255.734375
        </positionLeft>
      </metadata>
    </task>
  </taskFlow>
  <metadata>
    <visualization>
      <![CDATA[ <html><head><link rel="stylesheet" href="/studio/styles/studio-standalone.css"><style>
        #workflow-designer {
            left:0 !important;
            top:0 !important;
            width:2864px;
            height:3432px;
            }
        </style></head><body><div id="workflow-visualization-view"><div id="workflow-visualization" style="position:relative;top:-191.734375px;left:-250.734375px"><div class="task _jsPlumb_endpoint_anchor_ ui-draggable active-task" id="jsPlumb_1_344" style="top: 196.734px; left: 255.734px;"><a class="task-name"><img src="/automation-dashboard/styles/patterns/img/wf-icons/model-explainability.png" width="20px">&nbsp;<span class="name">Model_Explainability</span></a></div><div class="_jsPlumb_endpoint source-endpoint dependency-source-endpoint connected _jsPlumb_endpoint_anchor_ ui-draggable ui-droppable" style="position: absolute; height: 20px; width: 20px; left: 309px; top: 227px;"><svg style="position:absolute;left:0px;top:0px" width="20" height="20" pointer-events="all" position="absolute" version="1.1"
      xmlns="http://www.w3.org/1999/xhtml"><circle cx="10" cy="10" r="10" version="1.1"
      xmlns="http://www.w3.org/1999/xhtml" fill="#666" stroke="none" style=""></circle></svg></div></div></div></body></html>
 ]]>
    </visualization>
  </metadata>
</job>
