<?xml version="1.0" encoding="UTF-8"?>
<job
  xmlns:xsi="http://www.w3.org/2001/XMLSchema-instance"
  xmlns="urn:proactive:jobdescriptor:3.11" xsi:schemaLocation="urn:proactive:jobdescriptor:3.11 http://www.activeeon.com/public_content/schemas/proactive/jobdescriptor/3.11/schedulerjob.xsd"  name="Preview_Results" projectName="2. Input and Output Data" priority="normal" onTaskError="continueJobExecution"  maxNumberOfExecution="2" >
  <variables>
    <variable name="DOCKER_ENABLED" value="True" model="PA:Boolean"/>
  </variables>
  <description>
    <![CDATA[ Export the results. ]]>
  </description>
  <genericInformation>
    <info name="bucketName" value="machine-learning-new"/>
    <info name="workflow.icon" value="/automation-dashboard/styles/patterns/img/wf-icons/export_data.png"/>
    <info name="Documentation" value="https://doc.activeeon.com/latest/MLOS/MLOSUserGuide.html#_export_results"/>
    <info name="group" value="public-objects"/>
  </genericInformation>
  <taskFlow>
    <task name="Preview_Results" >
      <description>
        <![CDATA[ Export the results. ]]>
      </description>
      <variables>
        <variable name="DOCKER_ENABLED" value="True" inherited="true" model="PA:Boolean"/>
        <variable name="DOCKER_IMAGE" value="activeeon/dlm3" inherited="true" />
        <variable name="TASK_ENABLED" value="True" inherited="false" model="PA:Boolean"/>
        <variable name="OUTPUT_TYPE" value="HTML" inherited="false" model="PA:LIST(CSV,JSON,HTML)"/>
        <variable name="LIMIT_OUTPUT_VIEW" value="1000" inherited="false" model="PA:Integer"/>
      </variables>
      <genericInformation>
        <info name="task.icon" value="/automation-dashboard/styles/patterns/img/wf-icons/export_data.png"/>
        <info name="task.documentation" value="https://doc.activeeon.com/latest/MLOS/MLOSUserGuide.html#_export_results"/>
      </genericInformation>
      <forkEnvironment javaHome="/usr" >
        <envScript>
          <script>
            <code language="python">
              <![CDATA[
if str(variables.get("DOCKER_ENABLED")).lower() == 'true':
  #Be aware, that the prefix command is internally split by spaces. So paths with spaces won't work.
  # Prepare Docker parameters 
  containerName = variables.get("DOCKER_IMAGE") 
  dockerRunCommand =  'docker run ' 
  dockerParameters = '--rm ' 
  # Prepare ProActive home volume 
  paHomeHost = variables.get("PA_SCHEDULER_HOME") 
  paHomeContainer = variables.get("PA_SCHEDULER_HOME") 
  proActiveHomeVolume = '-v '+paHomeHost +':'+paHomeContainer+' ' 
  # Prepare working directory (For Dataspaces and serialized task file) 
  workspaceHost = localspace 
  workspaceContainer = localspace 
  workspaceVolume = '-v '+localspace +':'+localspace+' ' 
  # Prepare container working directory 
  containerWorkingDirectory = '-w '+workspaceContainer+' ' 
  # Save pre execution command into magic variable 'preJavaHomeCmd', which is picked up by the node 
  preJavaHomeCmd = dockerRunCommand + dockerParameters + proActiveHomeVolume + workspaceVolume + containerWorkingDirectory + containerName
else:
  print("Fork environment disabled")
]]>
            </code>
          </script>
        </envScript>
      </forkEnvironment>
      <scriptExecutable>
        <script>
          <code language="cpython">
            <![CDATA[
__file__ = variables.get("PA_TASK_NAME")

if str(variables.get("TASK_ENABLED")).lower() != 'true':
  print("Task " + __file__ + " disabled")
  quit()

print("BEGIN " + __file__)

import pandas as pd
import numpy as np
import bz2

OUTPUT_TYPE = variables.get("OUTPUT_TYPE")
assert OUTPUT_TYPE is not None and OUTPUT_TYPE is not ""

input_variables = {'task.dataframe_id': None}
for key in input_variables.keys():
  for res in results:
    value = res.getMetadata().get(key)
    if value is not None:
      input_variables[key] = value
      break

dataframe_id = input_variables['task.dataframe_id']
print("dataframe id (in): ", dataframe_id)

dataframe_json = variables.get(dataframe_id)
assert dataframe_json is not None
dataframe_json = bz2.decompress(dataframe_json).decode()

dataframe = pd.read_json(dataframe_json, orient='split')
print(dataframe.head())

OUTPUT_TYPE = OUTPUT_TYPE.upper()
if OUTPUT_TYPE == "S3":
  import s3fs, uuid

  UserAccessKeyID=str(variables.get('UserAccessKeyID'))
  UserSecretAccessKey=str(variables.get('UserSecretAccessKey'))
  UserBucketPath=variables.get('UserBucketPath')

  dataframe_id = str(uuid.uuid4())
  print("dataframe id (out): ", dataframe_id)
  bytes_to_write = dataframe.to_csv(index=False).encode()

  fs = s3fs.S3FileSystem(
      key=UserAccessKeyID, 
      secret=UserSecretAccessKey,
      s3_additional_kwargs={'ACL': 'public-read'}
  )

  bucket_path=str(UserBucketPath) if UserBucketPath is not None else 's3://activeeon-public/results/'
  s3file_path = bucket_path+dataframe_id+'.csv'
  with fs.open(s3file_path, 'wb') as f:
    f.write(bytes_to_write)

  dataframe_url = fs.url(s3file_path).split('?')[0]
  dataframe_info = fs.info(s3file_path)
  print("The dataframe was uploaded successfully to the following url:")
  print(dataframe_url)
  print("File info:")
  print(dataframe_info)

if OUTPUT_TYPE == "CSV":
  #result = dataframe.to_csv(encoding='utf-8', index=False)
  result = dataframe.to_csv(index=False)
  resultMetadata.put("file.extension", ".csv")
  resultMetadata.put("file.name", "dataframe.csv")
  resultMetadata.put("content.type", "text/csv")

if OUTPUT_TYPE == "JSON":
  result = dataframe.to_json(orient='split', encoding='utf-8')
  resultMetadata.put("file.extension", ".json")
  resultMetadata.put("file.name", "dataframe.json")
  resultMetadata.put("content.type", "application/json")

if OUTPUT_TYPE == "HTML":
  LIMIT_OUTPUT_VIEW = variables.get("LIMIT_OUTPUT_VIEW")
  LIMIT_OUTPUT_VIEW = 5 if LIMIT_OUTPUT_VIEW is None else int(LIMIT_OUTPUT_VIEW)
  if LIMIT_OUTPUT_VIEW > 0:
    print("task result limited to: ", LIMIT_OUTPUT_VIEW, " rows")
    dataframe = dataframe.head(LIMIT_OUTPUT_VIEW).copy()
  
  #***************# HTML PREVIEW STYLING #***************#
  styles = [
    dict(selector="th", props=[("font-weight", "bold"),
                               ("text-align", "center"),
                               ("font-size", "15px"),
                               ("background", "#0B6FA4"),
                               ("color", "#FFFFFF")]),
                               ("padding", "3px 7px"),
    dict(selector="td", props=[("text-align", "right"),
                               ("padding", "3px 3px"),
                               ("border", "1px solid #999999"),
                               ("font-size", "13px"),
                               ("border-bottom", "1px solid #0B6FA4")]),
    dict(selector="table", props=[("border", "1px solid #999999"),
                               ("text-align", "center"),
                               ("width", "100%"),
                               ("border-collapse", "collapse")])
  ]
  #******************************************************#

  with pd.option_context('display.max_colwidth', -1):
    result = dataframe.style.set_table_styles(styles).render().encode('utf-8')
    resultMetadata.put("file.extension", ".html")
    resultMetadata.put("file.name", "output.html")
    resultMetadata.put("content.type", "text/html")

print("END " + __file__)
]]>
            </code>
          </script>
        </scriptExecutable>
        <controlFlow block="none"></controlFlow>
      </task>
    </taskFlow>
    <metadata>
      <visualization>
        <![CDATA[ <html><head><link rel="stylesheet" href="/studio/styles/studio-standalone.css"><style>
        #workflow-designer {
            left:0 !important;
            top:0 !important;
            width:1139px;
            height:566px;
            }
        </style></head><body><div id="workflow-visualization-view"><div id="workflow-visualization" style="position:relative;top:-334.00001525878906px;left:-490.75px"><div class="task _jsPlumb_endpoint_anchor_ ui-draggable" id="jsPlumb_1_1500" style="top: 339.004px; left: 495.758px;"><a class="task-name"><img src="/automation-dashboard/styles/patterns/img/wf-icons/export_data.png" width="20px">&nbsp;<span class="name">Preview_Results</span></a></div><div class="_jsPlumb_endpoint source-endpoint dependency-source-endpoint connected _jsPlumb_endpoint_anchor_ ui-draggable ui-droppable" style="position: absolute; height: 20px; width: 20px; left: 541px; top: 369px;"><svg style="position:absolute;left:0px;top:0px" width="20" height="20" pointer-events="all" position="absolute" version="1.1"
        xmlns="http://www.w3.org/1999/xhtml"><circle cx="10" cy="10" r="10" version="1.1"
        xmlns="http://www.w3.org/1999/xhtml" fill="#666" stroke="none" style=""></circle></svg></div></div></div></body></html>
 ]]>
      </visualization>
    </metadata>
  </job>