<?xml version="1.0" encoding="UTF-8" standalone="no"?>
<job xmlns="urn:proactive:jobdescriptor:3.12" xmlns:xsi="http://www.w3.org/2001/XMLSchema-instance" maxNumberOfExecution="2" name="Support_Vector_Machines" onTaskError="continueJobExecution" priority="normal" projectName="5.2 ML Classification" xsi:schemaLocation="urn:proactive:jobdescriptor:3.12 http://www.activeeon.com/public_content/schemas/proactive/jobdescriptor/3.12/schedulerjob.xsd">
  <variables>
    <variable name="NATIVE_SCHEDULER" value=""/>
    <variable name="NATIVE_SCHEDULER_PARAMS" value=""/>
    <variable name="NODE_SOURCE_NAME" value=""/>
    <variable name="NODE_ACCESS_TOKEN" value=""/>
    <variable model="PA:LIST(no-container,docker,podman,singularity)" name="CONTAINER_PLATFORM" value="docker"/>
    <variable model="PA:Boolean" name="CONTAINER_GPU_ENABLED" value="False"/>
    <variable model="PA:LIST(,docker://activeeon/dlm3,docker://activeeon/cuda,docker://activeeon/cuda2,docker://activeeon/rapidsai,docker://activeeon/tensorflow:latest,docker://activeeon/tensorflow:latest-gpu)" name="CONTAINER_IMAGE" value=""/>
  </variables>
  <description>
    <![CDATA[ Support Vector Machines are supervised learning models with associated learning algorithms that analyze data used for classification. ]]>
  </description>
  <genericInformation>
<info name="bucketName" value="machine-learning"/>
<info name="workflow.icon" value="/automation-dashboard/styles/patterns/img/wf-icons/ml_classification.png"/>
<info name="Documentation" value="MLOS/MLOSUserGuide.html#_support_vector_machines"/>
<info name="NS" value="$NATIVE_SCHEDULER"/>
<info name="NS_BATCH" value="$NATIVE_SCHEDULER_PARAMS"/>
<info name="NODE_ACCESS_TOKEN" value="$NODE_ACCESS_TOKEN"/>
<info name="group" value="public-objects"/>
</genericInformation>
  <taskFlow>
    <task fork="true" name="Support_Vector_Machines">
      <description>
        <![CDATA[ Support Vector Machines are supervised learning models with associated learning algorithms that analyze data used for classification. ]]>
      </description>
      <variables>
        <variable inherited="false" model="PA:Boolean" name="TASK_ENABLED" value="True"/>
        <variable inherited="false" name="INPUT_VARIABLES" value="{&quot;probability&quot;: true}"/>
      </variables>
      <genericInformation>
        <info name="task.icon" value="/automation-dashboard/styles/patterns/img/wf-icons/ml_classification.png"/>
        <info name="task.documentation" value="MLOS/MLOSUserGuide.html#_support_vector_machines"/>
      </genericInformation>
      <selection>
        <script type="static">
          <file language="groovy" url="${PA_CATALOG_REST_URL}/buckets/scripts/resources/check_node_source_name/raw"/>
        </script>
      </selection>
      <forkEnvironment javaHome="/usr">
        <envScript>
          <script>
            <file language="groovy" url="${PA_CATALOG_REST_URL}/buckets/scripts/resources/fork_env_cuda_universal/raw"/>
          </script>
        </envScript>
      </forkEnvironment>
      <pre>
        <script>
          <file url="${PA_CATALOG_REST_URL}/buckets/scripts/resources/get_automl_params/raw" language="groovy"></file>
        </script>
      </pre>
      <scriptExecutable>
        <script>
          <file language="cpython" url="${PA_CATALOG_REST_URL}/buckets/machine-learning-scripts/resources/Support_Vector_Machine/raw"/>
        </script>
      </scriptExecutable>
      <controlFlow block="none"/>
      <metadata>
        <positionTop>
            111.75
        </positionTop>
        <positionLeft>
            104.96875
        </positionLeft>
      </metadata>
    </task>
  </taskFlow>
  <metadata>
    <visualization>
      <![CDATA[ <html>
    <head>
    <link rel="stylesheet" href="/studio/styles/studio-standalone.css">
        <style>
        #workflow-designer {
            left:0 !important;
            top:0 !important;
            width:2864px;
            height:3628px;
            }
        </style>
    </head>
    <body>
    <div id="workflow-visualization-view"><div id="workflow-visualization" style="position:relative;top:-106.75px;left:-99.96875px"><div class="task _jsPlumb_endpoint_anchor_ ui-draggable active-task" id="jsPlumb_1_437" style="top: 111.758px; left: 104.98px;"><a class="task-name" data-toggle="tooltip" data-placement="right" title="Support Vector Machines are supervised learning models with associated learning algorithms that analyze data used for classification."><img src="/automation-dashboard/styles/patterns/img/wf-icons/ml_classification.png" width="20px">&nbsp;<span class="name">Support_Vector_Machines</span></a></div><div class="_jsPlumb_endpoint source-endpoint dependency-source-endpoint connected _jsPlumb_endpoint_anchor_ ui-draggable ui-droppable" style="position: absolute; height: 20px; width: 20px; left: 171px; top: 142px;"><svg style="position:absolute;left:0px;top:0px" width="20" height="20" pointer-events="all" position="absolute" version="1.1" xmlns="http://www.w3.org/1999/xhtml"><circle cx="10" cy="10" r="10" version="1.1" xmlns="http://www.w3.org/1999/xhtml" fill="#666" stroke="none" style=""></circle></svg></div></div></div>
    </body>
</html>
 ]]>
    </visualization>
  </metadata>
</job>
