<?xml version="1.0" encoding="UTF-8"?>
<job
  xmlns:xsi="http://www.w3.org/2001/XMLSchema-instance"
  xmlns="urn:proactive:jobdescriptor:3.11" xsi:schemaLocation="urn:proactive:jobdescriptor:3.11 http://www.activeeon.com/public_content/schemas/proactive/jobdescriptor/3.11/schedulerjob.xsd"  name="TPOT_Classifier" projectName="5.1 ML Classification" priority="normal" onTaskError="continueJobExecution"  maxNumberOfExecution="2" >
  <variables>
    <variable name="DOCKER_ENABLED" value="True" model="PA:Boolean"/>
    <variable name="visdom_instance_name" value="visdom-server-1" />
  </variables>
  <description>
    <![CDATA[ TPOTClassifier performs an intelligent search over machine learning pipelines that can contain supervised classification models, preprocessors, feature selection techniques, and any other estimator or transformer that follows the scikit-learn API. The TPOTClassifier will also search over the hyperparameters of all objects in the pipeline.ata from external sources. ]]>
  </description>
  <genericInformation>
    <info name="bucketName" value="machine-learning"/>
    <info name="workflow.icon" value="/automation-dashboard/styles/patterns/img/wf-icons/AutoML.png"/>
    <info name="Documentation" value="https://doc.activeeon.com/latest/MLOS/MLOSUserGuide.html#_tpot_classifier"/>
    <info name="group" value="public-objects"/>
  </genericInformation>
  <taskFlow>
    <task name="TPOT_Classifier" >
      <description>
        <![CDATA[ TPOTClassifier performs an intelligent search over machine learning pipelines that can contain supervised classification models, preprocessors, feature selection techniques, and any other estimator or transformer that follows the scikit-learn API. The TPOTClassifier will also search over the hyperparameters of all objects in the pipeline. ]]>
      </description>
      <variables>
        <variable name="DOCKER_ENABLED" value="True" inherited="true" model="PA:Boolean"/>
        <variable name="DOCKER_IMAGE" value="activeeon/dlm3" inherited="true" />
        <variable name="TASK_ENABLED" value="True" inherited="false" model="PA:Boolean"/>
        <variable name="GENERATIONS" value="3" inherited="false" model="PA:Integer"/>
        <variable name="SCORING" value="accuracy" inherited="false" model="PA:List(accuracy, adjusted_rand_score, average_precision, balanced_accuracy, f1, f1_macro, f1_micro, f1_samples, f1_weighted, neg_log_loss, precision, precision_macro, precision_micro, precision_samples, precision_weighted, recall, recall_macro, recall_micro, recall_samples, recall_weighted, roc_auc )"/>
        <variable name="CV" value="5" inherited="false" model="PA:Integer"/>
        <variable name="VERBOSITY" value="1" inherited="false" model="PA:Integer"/>
      </variables>
      <genericInformation>
        <info name="task.icon" value="/automation-dashboard/styles/patterns/img/wf-icons/AutoML.png"/>
        <info name="task.documentation" value="https://doc.activeeon.com/latest/MLOS/MLOSUserGuide.html#_tpot_classifier"/>
      </genericInformation>
      <forkEnvironment javaHome="/usr" >
        <envScript>
          <script>
            <code language="python">
              <![CDATA[
if str(variables.get("DOCKER_ENABLED")).lower() == 'true':
  #Be aware, that the prefix command is internally split by spaces. So paths with spaces won't work.
  # Prepare Docker parameters 
  containerName = variables.get("DOCKER_IMAGE") 
  dockerRunCommand =  'docker run ' 
  dockerParameters = '--rm ' 
  # Prepare ProActive home volume 
  paHomeHost = variables.get("PA_SCHEDULER_HOME") 
  paHomeContainer = variables.get("PA_SCHEDULER_HOME") 
  proActiveHomeVolume = '-v '+paHomeHost +':'+paHomeContainer+' ' 
  # Prepare working directory (For Dataspaces and serialized task file) 
  workspaceHost = localspace 
  workspaceContainer = localspace 
  workspaceVolume = '-v '+localspace +':'+localspace+' ' 
  # Prepare container working directory 
  containerWorkingDirectory = '-w '+workspaceContainer+' ' 
  # Save pre execution command into magic variable 'preJavaHomeCmd', which is picked up by the node 
  preJavaHomeCmd = dockerRunCommand + dockerParameters + proActiveHomeVolume + workspaceVolume + containerWorkingDirectory + containerName
else:
  print("Fork environment disabled")
]]>
            </code>
          </script>
        </envScript>
      </forkEnvironment>
      <scriptExecutable>
        <script>
          <code language="cpython">
            <![CDATA[
__file__ = variables.get("PA_TASK_NAME")

if str(variables.get("TASK_ENABLED")).lower() != 'true':
  print("Task " + __file__ + " disabled")
  quit()

print("BEGIN " + __file__)

import json

algorithm = {
  'name': 'TPOT_Classifier',
  'is_supervised': True,
  'type': 'classification',
  'generations': int(variables.get("GENERATIONS")),
  'cv': int(variables.get("CV")),
  'scoring': variables.get("SCORING"),
  'verbosity': int(variables.get("VERBOSITY"))
}

algorithm_json = json.dumps(algorithm)
resultMetadata.put("task.algorithm_json", algorithm_json)

print("END " + __file__)
]]>
          </code>
        </script>
      </scriptExecutable>
      <controlFlow block="none"></controlFlow>
      <metadata>
        <positionTop>
            447.5
        </positionTop>
        <positionLeft>
            646
        </positionLeft>
      </metadata>
    </task>
  </taskFlow>
  <metadata>
    <visualization>
      <![CDATA[ <html><head><link rel="stylesheet" href="/studio/styles/studio-standalone.css"><style>
        #workflow-designer {
            left:0 !important;
            top:0 !important;
            width:2864px;
            height:3372px;
            }
        </style></head><body><div id="workflow-visualization-view"><div id="workflow-visualization" style="position:relative;top:-442.5px;left:-641px"><div class="task _jsPlumb_endpoint_anchor_ ui-draggable" id="jsPlumb_1_46" style="top: 447.5px; left: 646px;"><a class="task-name"><img src="/automation-dashboard/styles/patterns/img/wf-icons/AutoML.png" width="20px">&nbsp;<span class="name">TPOT_Classifier</span></a></div><div class="_jsPlumb_endpoint source-endpoint dependency-source-endpoint connected _jsPlumb_endpoint_anchor_ ui-draggable ui-droppable" style="position: absolute; height: 20px; width: 20px; left: 688px; top: 478px;"><svg style="position:absolute;left:0px;top:0px" width="20" height="20" pointer-events="all" position="absolute" version="1.1"
      xmlns="http://www.w3.org/1999/xhtml"><circle cx="10" cy="10" r="10" version="1.1"
      xmlns="http://www.w3.org/1999/xhtml" fill="#666" stroke="none" style=""></circle></svg></div></div></div></body></html>
 ]]>
    </visualization>
  </metadata>
</job>