<?xml version="1.0" encoding="UTF-8"?>
<job
  xmlns:xsi="http://www.w3.org/2001/XMLSchema-instance"
  xmlns="urn:proactive:jobdescriptor:3.11" xsi:schemaLocation="urn:proactive:jobdescriptor:3.11 http://www.activeeon.com/public_content/schemas/proactive/jobdescriptor/3.11/schedulerjob.xsd"  name="Train_Model" projectName="6. Train" priority="normal" onTaskError="continueJobExecution"  maxNumberOfExecution="2" >
  <variables>
    <variable name="DOCKER_ENABLED" value="True" model="PA:Boolean"/>
  </variables>
  <description>
    <![CDATA[ Train a classification/clustering/anomaly detection model ]]>
  </description>
  <genericInformation>
    <info name="bucketName" value="machine-learning"/>
    <info name="workflow.icon" value="/automation-dashboard/styles/patterns/img/wf-icons/train.png"/>
    <info name="Documentation" value="https://doc.activeeon.com/latest/MLOS/MLOSUserGuide.html#_train_model"/>
    <info name="group" value="public-objects"/>
  </genericInformation>
  <taskFlow>
    <task name="Train_Model" >
      <description>
        <![CDATA[ Train a classification/clustering/anomaly detection model ]]>
      </description>
      <variables>
        <variable name="LABEL_COLUMN" value="" inherited="false" />
        <variable name="DOCKER_ENABLED" value="True" inherited="true" />
        <variable name="DOCKER_IMAGE" value="activeeon/dlm3" inherited="true" />
        <variable name="TASK_ENABLED" value="True" inherited="false" />
      </variables>
      <genericInformation>
        <info name="task.icon" value="/automation-dashboard/styles/patterns/img/wf-icons/train.png"/>
        <info name="task.documentation" value="https://doc.activeeon.com/latest/MLOS/MLOSUserGuide.html#_train_model"/>
      </genericInformation>
      <forkEnvironment javaHome="/usr" >
        <envScript>
          <script>
            <code language="python">
              <![CDATA[
if str(variables.get("DOCKER_ENABLED")).lower() == 'true':
  #Be aware, that the prefix command is internally split by spaces. So paths with spaces won't work.
  # Prepare Docker parameters 
  containerName = variables.get("DOCKER_IMAGE") 
  dockerRunCommand =  'docker run ' 
  dockerParameters = '--rm ' 
  # Prepare ProActive home volume 
  paHomeHost = variables.get("PA_SCHEDULER_HOME") 
  paHomeContainer = variables.get("PA_SCHEDULER_HOME") 
  proActiveHomeVolume = '-v '+paHomeHost +':'+paHomeContainer+' ' 
  # Prepare working directory (For Dataspaces and serialized task file) 
  workspaceHost = localspace 
  workspaceContainer = localspace 
  workspaceVolume = '-v '+localspace +':'+localspace+' ' 
  # Prepare container working directory 
  containerWorkingDirectory = '-w '+workspaceContainer+' ' 
  # Save pre execution command into magic variable 'preJavaHomeCmd', which is picked up by the node 
  preJavaHomeCmd = dockerRunCommand + dockerParameters + proActiveHomeVolume + workspaceVolume + containerWorkingDirectory + containerName
else:
  print("Fork environment disabled")
]]>
            </code>
          </script>
        </envScript>
      </forkEnvironment>
      <scriptExecutable>
        <script>
          <code language="cpython">
            <![CDATA[
__file__ = variables.get("PA_TASK_NAME")

if str(variables.get("TASK_ENABLED")).lower() != 'true':
  print("Task " + __file__ + " disabled")
  quit()

print("BEGIN " + __file__)

import sys, bz2, uuid, json
import random, pickle
import pandas as pd

is_labeled_data = False
LABEL_COLUMN = variables.get("LABEL_COLUMN")
if LABEL_COLUMN is not None and LABEL_COLUMN is not "":
  is_labeled_data = True

input_variables = {
  'task.dataframe_id': None, 
  'task.dataframe_id_train': None,
  'task.algorithm_json': None
}
for key in input_variables.keys():
  for res in results:
    value = res.getMetadata().get(key)
    if value is not None:
      input_variables[key] = value
      break

dataframe_id = None
if input_variables['task.dataframe_id'] is not None:
  dataframe_id = input_variables['task.dataframe_id']
if input_variables['task.dataframe_id_train'] is not None:
  dataframe_id = input_variables['task.dataframe_id_train']
print("dataframe id (in): ", dataframe_id)

dataframe_json = variables.get(dataframe_id)
assert dataframe_json is not None
dataframe_json = bz2.decompress(dataframe_json).decode()
dataframe = pd.read_json(dataframe_json, orient='split')

algorithm_json = input_variables['task.algorithm_json']
assert algorithm_json is not None
algorithm = json.loads(algorithm_json)

#-------------------------------------------------------------
class obj(object):
  def __init__(self, d):
    for a, b in d.items():
      if isinstance(b, (list, tuple)):
        setattr(self, a, [obj(x) if isinstance(x, dict) else x for x in b])
      else:
        setattr(self, a, obj(b) if isinstance(b, dict) else b)
#-------------------------------------------------------------
alg = obj(algorithm)
try:
    if alg.sampling:
        print(alg.sampling + "exists")
except:
    alg.sampling=False
model = None
if alg.is_supervised:
  #-------------------------------------------------------------
  # Classification algorithms
  #
  if alg.name == 'TPOT_Classifier':
    from tpot import TPOTClassifier
    model = TPOTClassifier(
        generations=alg.generations,
        cv=alg.cv,
        scoring=alg.scoring,
        verbosity=alg.verbosity
    )
  if alg.name == 'AutoSklearn_Classifier':
    from autosklearn import classification
    if alg.sampling.lower()=='true':
    	model = classification.AutoSklearnClassifier(
        	time_left_for_this_task=alg.task_time,
        	per_run_time_limit=alg.run_time,
        	resampling_strategy= "".join(alg.sampling_strategy),
        	resampling_strategy_arguments={'folds':int(alg.folds)}
        	#feat_type = {Numerical,Numerical,Numerical,Numerical,Categorical}
    	)
    else:
        model = classification.AutoSklearnClassifier(
        	time_left_for_this_task=alg.task_time,
        	per_run_time_limit=alg.run_time
    	)
  if alg.name == 'SupportVectorMachines':
    from sklearn.svm import SVC
    model = SVC(
      C=alg.C, 
      kernel=alg.kernel
    )
   
  if alg.name == 'GaussianNaiveBayes':
    from sklearn.naive_bayes import GaussianNB
    model = GaussianNB()
  
  if alg.name == 'LogisticRegression':
    from sklearn.linear_model import LogisticRegression
    model = LogisticRegression(
      penalty=alg.penalty, 
      solver=alg.solver, 
      max_iter=alg.max_iter, 
      n_jobs=alg.n_jobs
    )

  #-------------------------------------------------------------
  # Regression algorithms
    
  if alg.name == 'TPOT_Regressor':
    from tpot import TPOTRegressor
    model = TPOTRegressor(
        generations=alg.generations,
        cv=alg.cv,
        scoring=alg.scoring,
        verbosity=alg.verbosity
    )
  if alg.name == 'AutoSklearn_Regressor':
    from autosklearn import regression
    print("alg.sampling",alg.sampling_strategy)
    if alg.sampling.lower()=='true':
    	model = regression.AutoSklearnRegressor(
        	time_left_for_this_task=alg.task_time,
        	per_run_time_limit=alg.run_time,
        	resampling_strategy= "".join(alg.sampling_strategy),
        	resampling_strategy_arguments={'folds':int(alg.folds)}
        	#feat_type = {Numerical,Numerical,Numerical,Numerical,Categorical}
    	)
    else:
        model = regression.AutoSklearnRegressor(
        	time_left_for_this_task=alg.task_time,
        	per_run_time_limit=alg.run_time
    	)
  if alg.name == 'LinearRegression':
    from sklearn.linear_model import LinearRegression
    model = LinearRegression(
      n_jobs=alg.n_jobs
    )

  if alg.name == 'SupportVectorRegression':
    from sklearn.svm import SVR
    model = SVR(
      C=alg.C, 
      kernel=alg.kernel, 
      epsilon=alg.epsilon
    )
  
  if alg.name == 'BayesianRidgeRegression':
    from sklearn.linear_model import BayesianRidge
    model = BayesianRidge(
      alpha_1=alg.alpha_1, 
      alpha_2=alg.alpha_2, 
      lambda_1=alg.lambda_1, 
      lambda_2=alg.lambda_2, 
      n_iter=alg.n_iter
    )
else:
  #-------------------------------------------------------------
  # Anomaly detection algorithms
  if alg.name == 'OneClassSVM':
    from sklearn import svm
    model = svm.OneClassSVM(
      nu=alg.nu, 
      kernel=alg.kernel, 
      gamma=alg.gamma
    ) 
  
  if alg.name == 'IsolationForest':
    from sklearn.ensemble import IsolationForest
    model = IsolationForest(
      n_estimators=alg.n_estimators, 
      n_jobs=alg.n_jobs
    )
  
  #-------------------------------------------------------------
  # Clustering algorithms
  if alg.name == 'MeanShift':
    from sklearn.cluster import MeanShift
    model = MeanShift(
      cluster_all=alg.cluster_all, 
      n_jobs=alg.n_jobs
    ) 
    
  if alg.name == 'KMeans':
    from sklearn.cluster import KMeans
    model = KMeans(
      n_clusters=alg.n_clusters, 
      max_iter=alg.max_iterations, 
      n_jobs=alg.n_jobs
    )

#-------------------------------------------------------------
if model is not None:
  if is_labeled_data:
    columns = [LABEL_COLUMN]
    dataframe_train = dataframe.drop(columns, axis=1, inplace=False)
    dataframe_label = dataframe.filter(columns, axis=1)
  else:
    dataframe_train = dataframe

  if alg.is_supervised:
    model.fit(dataframe_train.values, dataframe_label.values.ravel())
    if alg.sampling:
        model.refit(dataframe_train.values.copy(), dataframe_label.values.ravel().copy())
  else:
    model.fit(dataframe_train.values)
  if alg.name == 'TPOT_Regressor' or alg.name =='TPOT_Classifier':
    model = model.fitted_pipeline_
  model_bin = pickle.dumps(model)
  model_compressed = bz2.compress(model_bin)
  model_id = str(uuid.uuid4())
  variables.put(model_id, model_compressed)

  print("model id: ", model_id)
  print('model size (original):   ', sys.getsizeof(model_bin), " bytes")
  print('model size (compressed): ', sys.getsizeof(model_compressed), " bytes")   
  resultMetadata.put("task.model_id", model_id)
else:
  print("Algorithm not found!")

dataframe_json = dataframe.to_json(orient='split').encode()
compressed_data = bz2.compress(dataframe_json)

dataframe_id = str(uuid.uuid4())
variables.put(dataframe_id, compressed_data)

print("dataframe id (out): ", dataframe_id)
print('dataframe size (original):   ', sys.getsizeof(dataframe_json), " bytes")
print('dataframe size (compressed): ', sys.getsizeof(compressed_data), " bytes")
print(dataframe.head())

resultMetadata.put("task.name", __file__)
#resultMetadata.put("task.dataframe_id", dataframe_id)
resultMetadata.put("task.algorithm_json", algorithm_json)
resultMetadata.put("task.label_column", LABEL_COLUMN)

LIMIT_OUTPUT_VIEW = variables.get("LIMIT_OUTPUT_VIEW")
LIMIT_OUTPUT_VIEW = 5 if LIMIT_OUTPUT_VIEW is None else int(LIMIT_OUTPUT_VIEW)
if LIMIT_OUTPUT_VIEW > 0:
  print("task result limited to: ", LIMIT_OUTPUT_VIEW, " rows")
  dataframe = dataframe.head(LIMIT_OUTPUT_VIEW).copy()

#============================== Preview results ===============================
#***************# HTML PREVIEW STYLING #***************#
styles = [
    dict(selector="th", props=[("font-weight", "bold"),
                               ("text-align", "center"),
                               ("font-size", "15px"),
                               ("background", "#0B6FA4"),
                               ("color", "#FFFFFF")]),
                               ("padding", "3px 7px"),
    dict(selector="td", props=[("text-align", "right"),
                               ("padding", "3px 3px"),
                               ("border", "1px solid #999999"),
                               ("font-size", "13px"),
                               ("border-bottom", "1px solid #0B6FA4")]),
    dict(selector="table", props=[("border", "1px solid #999999"),
                               ("text-align", "center"),
                               ("width", "100%"),
                               ("border-collapse", "collapse")])
]
#******************************************************#

with pd.option_context('display.max_colwidth', -1):
  result = dataframe.style.set_table_styles(styles).render().encode('utf-8')
  resultMetadata.put("file.extension", ".html")
  resultMetadata.put("file.name", "output.html")
  resultMetadata.put("content.type", "text/html")
#==============================================================================

print("END " + __file__)
]]>
          </code>
        </script>
      </scriptExecutable>
      <controlFlow block="none"></controlFlow>
      <metadata>
        <positionTop>
            447.5
        </positionTop>
        <positionLeft>
            649
        </positionLeft>
      </metadata>
    </task>
  </taskFlow>
  <metadata>
    <visualization>
      <![CDATA[ <html><head><link rel="stylesheet" href="/studio/styles/studio-standalone.css"><style>
        #workflow-designer {
            left:0 !important;
            top:0 !important;
            width:2864px;
            height:3372px;
            }
        </style></head><body><div id="workflow-visualization-view"><div id="workflow-visualization" style="position:relative;top:-442.5px;left:-644px"><div class="task _jsPlumb_endpoint_anchor_ ui-draggable active-task" id="jsPlumb_1_49" style="top: 447.5px; left: 649px;"><a class="task-name"><img src="/automation-dashboard/styles/patterns/img/wf-icons/train.png" width="20px">&nbsp;<span class="name">Train_Model</span></a></div><div class="_jsPlumb_endpoint source-endpoint dependency-source-endpoint connected _jsPlumb_endpoint_anchor_ ui-draggable ui-droppable" style="position: absolute; height: 20px; width: 20px; left: 689px; top: 478px;"><svg style="position:absolute;left:0px;top:0px" width="20" height="20" pointer-events="all" position="absolute" version="1.1"
      xmlns="http://www.w3.org/1999/xhtml"><circle cx="10" cy="10" r="10" version="1.1"
      xmlns="http://www.w3.org/1999/xhtml" fill="#666" stroke="none" style=""></circle></svg></div></div></div></body></html>
 ]]>
    </visualization>
  </metadata>
</job>
