{
	"metadata": {
		"slug": "finance",
		"name": "Finance",
		"short_description": "Samples in computational finance",
		"author": "ActiveEon's Team",
		"tags": ["Finance", "VaR", "Pricing", "Black-Scholes", "Risk", "Solvency", "Bâle"],
		"version": "1.0"
	},
	"test": {
		"scenarios": "resources/test/scenarios.json"
	},
	"dataspace" : {
		"target" : "global",
		"files" : ["resources/dataspace/assets.txt",
			"resources/dataspace/bonds.txt",
			"resources/dataspace/bondsSimulations",
			"resources/dataspace/assets_correlations.txt",
			"resources/dataspace/DualAxisChart.jar",
			"resources/dataspace/jcommon-1.0.6.jar",
			"resources/dataspace/jfreechart-1.0.2.jar",
			"resources/dataspace/ptfPnLSimulations",
			"resources/dataspace/MonteCarlo",
			"resources/dataspace/montecarlo.cl"]
	},
	"catalog" : {
		"bucket" : "finance",
		"objects" : [
			{
				"name" : "Bench_EUR_Stock_Option_Pricing",
				"metadata" : {
					"kind" : "Workflow/standard",
					"commitMessage" : "First commit",
					"contentType" : "application/xml"
				},
				"file": "resources/catalog/bench_eur_stock_option_pricing.xml"
			},
			{
				"name" : "Mark_To_Future_Cube_Stats",
				"metadata" : {
					"kind" : "Workflow/standard",
					"commitMessage" : "First commit",
					"contentType" : "application/xml"
				},
				"file": "resources/catalog/Mark_To_Future_Cube_Stats.xml"
			},
			{
				"name" : "Mark_To_Future_Cubelet",
				"metadata" : {
					"kind" : "Workflow/standard",
					"commitMessage" : "First commit",
					"contentType" : "application/xml"
				},
				"file": "resources/catalog/Mark_To_Future_Cubelet.xml"
			},
			{
				"name" : "Delta_Call",
				"metadata" : {
					"kind" : "Workflow/standard",
					"commitMessage" : "First commit",
					"contentType" : "application/xml"
				},
				"file": "resources/catalog/delta_call.xml"
			},
			{
				"name" : "EUR_Stock_Option_Pricing",
				"metadata" : {
					"kind" : "Workflow/standard",
					"commitMessage" : "First commit",
					"contentType" : "application/xml"
				},
				"file": "resources/catalog/eur_stock_option_pricing.xml"
			},
			{
				"name" : "FPGA_Describe",
				"metadata" : {
					"kind": "Workflow/standard",
					"commitMessage": "First commit",
					"contentType": "application/xml"
				},
				"file" : "resources/catalog/fpga_describe.xml"
			},
			{
				"name" : "Incremental_Monte_Carlo_VaR_Each_Portfolio_Asset",
				"metadata" : {
					"kind" : "Workflow/standard",
					"commitMessage" : "First commit",
					"contentType" : "application/xml"
				},
				"file": "resources/catalog/incremental_Monte_Carlo_VaR_each_portfolio_asset.xml"
			},
			{
				"name" : "Monte_Carlo_VaR_Portfolio",
				"metadata" : {
					"kind": "Workflow/standard",
					"commitMessage": "First commit",
					"contentType": "application/xml"
				},
				"file" : "resources/catalog/Monte_Carlo_VaR_portfolio.xml"
			},
			{
				"name" : "QuantLib",
				"metadata" : {
					"kind": "Workflow/standard",
					"commitMessage": "First commit",
					"contentType": "application/xml"
				},
				"file" : "resources/catalog/quantLib.xml"
			},
			{
				"name" : "Stress_Testing_Monte_Carlo_Value_Portfolio",
				"metadata" : {
					"kind": "Workflow/standard",
					"commitMessage": "First commit",
					"contentType": "application/xml"
				},
				"file" : "resources/catalog/stress_testing_Monte_Carlo_value_portfolio.xml"
			}
		]
	}
}
