{
  "metadata": {
    "slug": "cocoannotator",
    "name": "COCO Annotator",
    "short_description": "Lifecycle management workflow of COCO Annotator for Cloud Automation",
    "author": "ActiveEon's Team",
    "tags": [
      "Cloud Automation",
      "COCO Annotator",
      "Data Annotation"
    ],
    "version": "1.0"
  },
  "catalog": {
    "bucket": "cloud-automation",
    "objects": [
      {
        "name": "COCO_Annotator",
        "metadata": {
          "kind": "Workflow/pca",
          "commitMessage": "First commit",
          "contentType": "application/xml"
        },
        "file": "resources/catalog/COCO_Annotator.xml"
      },
      {
        "name": "Finish_COCO_Annotator",
        "metadata": {
          "kind": "Workflow/pca",
          "commitMessage": "First commit",
          "contentType": "application/xml"
        },
        "file": "resources/catalog/Finish_COCO_Annotator.xml"
      }
    ]
  }
}
