{
  "metadata": {
    "slug": "h2o",
    "name": "H2O Service",
    "short_description": "Lifecycle management workflow of H2O Server for Cloud Automation",
    "author": "ActiveEon's Team",
    "tags": ["Cloud Automation", "H2O"],
    "version": "1.0"
  },
  "catalog" : {
    "bucket" : "cloud-automation",
    "objects" : [
      {
        "name" : "H2O",
        "metadata" : {
        "kind": "Workflow/pca",
        "commitMessage": "First commit",
        "contentType": "application/xml"
        },
        "file" : "resources/catalog/H2O.xml"
      },
      {
        "name" : "Finish_H2O",
        "metadata" : {
        "kind": "Workflow/pca",
        "commitMessage": "First commit",
        "contentType": "application/xml"
        },
        "file" : "resources/catalog/Finish_H2O.xml"
      },
      {
        "name" : "Stop_H2O",
        "metadata" : {
        "kind": "Workflow/pca",
        "commitMessage": "First commit",
        "contentType": "application/xml"
        },
        "file" : "resources/catalog/Stop_H2O.xml"
      }
    ]
  }
}
