{
  "metadata": {
    "slug": "deeplearning",
    "name": "Deep Learning",
    "short_description": "Deep learning tasks",
    "author": "ActiveEon's Team",
    "tags": [
      "Machine Learning",
      "Deep Learning",
      "Computer Vision",
      "Natural Language Processing",
      "Image Analysis",
      "Text Analysis"
    ],
    "version": "1.0"
  },
  "catalog": {
    "bucket": "deep-learning",
    "objects": [
      {
        "name": "AlexNet",
        "metadata": {
          "kind": "Workflow/standard",
          "commitMessage": "First commit",
          "contentType": "application/xml"
        },
        "file": "resources/catalog/AlexNet.xml"
      },
      {
        "name": "DenseNet_161",
        "metadata": {
          "kind": "Workflow/standard",
          "commitMessage": "First commit",
          "contentType": "application/xml"
        },
        "file": "resources/catalog/DenseNet_161.xml"
      },
      {
        "name": "Import_Image_Dataset",
        "metadata": {
          "kind": "Workflow/standard",
          "commitMessage": "First commit",
          "contentType": "application/xml"
        },
        "file": "resources/catalog/Import_Image_Dataset.xml"
      },
      {
        "name": "Predict_Image_Classification_Model",
        "metadata": {
          "kind": "Workflow/standard",
          "commitMessage": "First commit",
          "contentType": "application/xml"
        },
        "file": "resources/catalog/Predict_Image_Classification_Model.xml"
      },
      {
        "name": "ResNet_18",
        "metadata": {
          "kind": "Workflow/standard",
          "commitMessage": "First commit",
          "contentType": "application/xml"
        },
        "file": "resources/catalog/ResNet_18.xml"
      },
      {
        "name": "Train_Image_Classification_Model",
        "metadata": {
          "kind": "Workflow/standard",
          "commitMessage": "First commit",
          "contentType": "application/xml"
        },
        "file": "resources/catalog/Train_Image_Classification_Model.xml"
      },
      {
        "name": "VGG_16",
        "metadata": {
          "kind": "Workflow/standard",
          "commitMessage": "First commit",
          "contentType": "application/xml"
        },
        "file": "resources/catalog/VGG_16.xml"
      },
      {
        "name": "Download_Model",
        "metadata": {
          "kind": "Workflow/standard",
          "commitMessage": "First commit",
          "contentType": "application/xml"
        },
        "file": "resources/catalog/Download_Model.xml"
      },
      {
        "name": "Import_Model",
        "metadata": {
          "kind": "Workflow/standard",
          "commitMessage": "First commit",
          "contentType": "application/xml"
        },
        "file": "resources/catalog/Import_Model.xml"
      },
      {
        "name": "Import_Text_Dataset",
        "metadata": {
          "kind": "Workflow/standard",
          "commitMessage": "First commit",
          "contentType": "application/xml"
        },
        "file": "resources/catalog/Import_Text_Dataset.xml"
      },
      {
        "name": "Preview_Results",
        "metadata": {
          "kind": "Workflow/standard",
          "commitMessage": "First commit",
          "contentType": "application/xml"
        },
        "file": "resources/catalog/Preview_Results.xml"
      },
      {
        "name": "Export_Images",
        "metadata": {
          "kind": "Workflow/standard",
          "commitMessage": "First commit",
          "contentType": "application/xml"
        },
        "file": "resources/catalog/Export_Images.xml"
      },
      {
        "name": "GRU",
        "metadata": {
          "kind": "Workflow/standard",
          "commitMessage": "First commit",
          "contentType": "application/xml"
        },
        "file": "resources/catalog/GRU.xml"
      },
      {
        "name": "LSTM",
        "metadata": {
          "kind": "Workflow/standard",
          "commitMessage": "First commit",
          "contentType": "application/xml"
        },
        "file": "resources/catalog/LSTM.xml"
      },
      {
        "name": "RNN",
        "metadata": {
          "kind": "Workflow/standard",
          "commitMessage": "First commit",
          "contentType": "application/xml"
        },
        "file": "resources/catalog/RNN.xml"
      },
      {
        "name": "Train_Text_Classification_Model",
        "metadata": {
          "kind": "Workflow/standard",
          "commitMessage": "First commit",
          "contentType": "application/xml"
        },
        "file": "resources/catalog/Train_Text_Classification_Model.xml"
      },
      {
        "name": "Predict_Text_Classification_Model",
        "metadata": {
          "kind": "Workflow/standard",
          "commitMessage": "First commit",
          "contentType": "application/xml"
        },
        "file": "resources/catalog/Predict_Text_Classification_Model.xml"
      },
      {
        "name": "FCN",
        "metadata": {
          "kind": "Workflow/standard",
          "commitMessage": "First commit",
          "contentType": "application/xml"
        },
        "file": "resources/catalog/FCN.xml"
      },
      {
        "name": "SegNet",
        "metadata": {
          "kind": "Workflow/standard",
          "commitMessage": "First commit",
          "contentType": "application/xml"
        },
        "file": "resources/catalog/SegNet.xml"
      },
      {
        "name": "UNet",
        "metadata": {
          "kind": "Workflow/standard",
          "commitMessage": "First commit",
          "contentType": "application/xml"
        },
        "file": "resources/catalog/UNet.xml"
      },
      {
        "name": "Train_Image_Segmentation_Model",
        "metadata": {
          "kind": "Workflow/standard",
          "commitMessage": "First commit",
          "contentType": "application/xml"
        },
        "file": "resources/catalog/Train_Image_Segmentation_Model.xml"
      },
      {
        "name": "Predict_Image_Segmentation_Model",
        "metadata": {
          "kind": "Workflow/standard",
          "commitMessage": "First commit",
          "contentType": "application/xml"
        },
        "file": "resources/catalog/Predict_Image_Segmentation_Model.xml"
      },
      {
        "name": "Predict_Image_Object_Detection_Model",
        "metadata": {
          "kind": "Workflow/standard",
          "commitMessage": "First commit",
          "contentType": "application/xml"
        },
        "file": "resources/catalog/Predict_Image_Object_Detection_Model.xml"
      },
      {
        "name": "SSD",
        "metadata": {
          "kind": "Workflow/standard",
          "commitMessage": "First commit",
          "contentType": "application/xml"
        },
        "file": "resources/catalog/SSD.xml"
      },
      {
        "name": "Train_Image_Object_Detection_Model",
        "metadata": {
          "kind": "Workflow/standard",
          "commitMessage": "First commit",
          "contentType": "application/xml"
        },
        "file": "resources/catalog/Train_Image_Object_Detection_Model.xml"
      },
      {
        "name": "Model_Explainability",
        "metadata": {
          "kind": "Workflow/standard",
          "commitMessage": "First commit",
          "contentType": "application/xml"
        },
        "file": "resources/catalog/Model_Explainability.xml"
      },
      {
        "name": "Search_Image_Dataset",
        "metadata": {
          "kind": "Workflow/standard",
          "commitMessage": "First commit",
          "contentType": "application/xml"
        },
        "file": "resources/catalog/Search_Image_Dataset.xml"
      },
      {
        "name": "YOLO",
        "metadata": {
          "kind": "Workflow/standard",
          "commitMessage": "First commit",
          "contentType": "application/xml"
        },
        "file": "resources/catalog/YOLO.xml"
      }
    ]
  }
}
