{
	"metadata": {
		"slug": "nodesources",
		"name": "Node Sources",
		"short_description": "Node Sources Definitions",
		"author": "ActiveEon's Team",
		"tags": ["Node Sources", "Node Sources Definitions"],
		"version": "1.0"
	},
	"catalog" : {
		"bucket" : "node-sources",
		"objects" : [
			{
				"name" : "AwsAmazonEC2Cloud",
				"metadata" : {
					"kind": "NodeSource",
					"commitMessage": "First commit",
					"contentType": "application/json"
				},
				"file" : "resources/catalog/AwsAmazonEC2Cloud.json"
			},
			{
				"name" : "AzureCloud",
				"metadata" : {
					"kind": "NodeSource",
					"commitMessage": "First commit",
					"contentType": "application/json"
				},
				"file" : "resources/catalog/AzureCloud.json"
			},
			{
				"name" : "K8SDynamicCluster",
				"metadata" : {
					"kind": "NodeSource",
					"commitMessage": "First commit",
					"contentType": "application/json"
				},
				"file" : "resources/catalog/K8SDynamicCluster.json"
			},
			{
				"name" : "AzureScaleSetCloud",
				"metadata" : {
					"kind": "NodeSource",
					"commitMessage": "First commit",
					"contentType": "application/json"
				},
				"file" : "resources/catalog/AzureScaleSetCloud.json"
			},
			{
				"name" : "GoogleCloudCompute",
				"metadata" : {
					"kind": "NodeSource",
					"commitMessage": "First commit",
					"contentType": "application/json"
				},
				"file" : "resources/catalog/GoogleCloudCompute.json"
			},
			{
				"name" : "IbmSoftlayer",
				"metadata" : {
					"kind": "NodeSource",
					"commitMessage": "First commit",
					"contentType": "application/json"
				},
				"file" : "resources/catalog/IbmSoftlayer.json"
			},
			{
				"name" : "LocalDynamicCluster",
				"metadata" : {
					"kind": "NodeSource",
					"commitMessage": "First commit",
					"contentType": "application/json"
				},
				"file" : "resources/catalog/LocalDynamicCluster.json"
			},
			{
				"name" : "LocalStaticCluster",
				"metadata" : {
					"kind": "NodeSource",
					"commitMessage": "First commit",
					"contentType": "application/json"
				},
				"file" : "resources/catalog/LocalStaticCluster.json"
			},
			{
				"name" : "OpenStack",
				"metadata" : {
					"kind": "NodeSource",
					"commitMessage": "First commit",
					"contentType": "application/json"
				},
				"file" : "resources/catalog/OpenStack.json"
			},
			{
				"name" : "VMware",
				"metadata" : {
					"kind": "NodeSource",
					"commitMessage": "First commit",
					"contentType": "application/json"
				},
				"file" : "resources/catalog/VMware.json"
			},
			{
				"name" : "OneLocalNode",
				"metadata" : {
					"kind": "InfrastructureNodeSource",
					"commitMessage": "First commit",
					"contentType": "application/json"
				},
				"file" : "resources/catalog/OneLocalNode.json"
			},
			{
				"name" : "FourLocalNodes",
				"metadata" : {
					"kind": "InfrastructureNodeSource",
					"commitMessage": "First commit",
					"contentType": "application/json"
				},
				"file" : "resources/catalog/FourLocalNodes.json"
			},
			{
				"name" : "TenSecondsRestartDownNodes",
				"metadata" : {
					"kind": "PolicyNodeSource",
					"commitMessage": "First commit",
					"contentType": "application/json"
				},
				"file" : "resources/catalog/TenSecondsRestartDownNodes.json"
			},
			{
				"name" : "FiveMinutesRestartDownNodes",
				"metadata" : {
					"kind": "PolicyNodeSource",
					"commitMessage": "First commit",
					"contentType": "application/json"
				},
				"file" : "resources/catalog/FiveMinutesRestartDownNodes.json"
			}
		]
	}
}
