{
	"metadata": {
		"slug": "cloudautomation-zookeeper",
		"name": "CloudAutomation Zookeeper",
		"short_description": "Lifecycle management workflows for Zookeeper",
		"author": "ActiveEon's Team",
		"tags": ["Cloud Automation", "Zookeeper", "Big Data", "Coordination Server"],
		"version": "1.0"
	},
	"catalog" : {
		"bucket" : "cloud-automation",
		"objects" : [
			{
				"name" : "Zookeeper",
				"metadata" : {
					"kind": "Workflow/pca",
					"commitMessage": "First commit",
					"contentType": "application/xml"
				},
				"file" : "resources/catalog/Zookeeper.xml"
			},
			{
				"name" : "Finish_Zookeeper",
				"metadata" : {
					"kind": "Workflow/pca",
					"commitMessage": "First commit",
					"contentType": "application/xml"
				},
				"file" : "resources/catalog/Finish_Zookeeper.xml"
			}
		]
	}
}
