<?xml version="1.0" encoding="UTF-8"?>
<job
  xmlns:xsi="http://www.w3.org/2001/XMLSchema-instance"
  xmlns="urn:proactive:jobdescriptor:3.11" xsi:schemaLocation="urn:proactive:jobdescriptor:3.11 http://www.activeeon.com/public_content/schemas/proactive/jobdescriptor/3.11/schedulerjob.xsd"  name="Web_Notification" projectName="Notifications" priority="normal" onTaskError="continueJobExecution"  maxNumberOfExecution="2" >
  <description>
    <![CDATA[ Workflow to send a message to a notification service ]]>
  </description>
  <genericInformation>
    <info name="workflow.icon" value="/automation-dashboard/styles/patterns/img/wf-icons/web_notification.png"/>
  </genericInformation>
  <taskFlow>
    <task name="WebNotification" >
      <description>
        <![CDATA[ Task to send a message to a notification service ]]>
      </description>
      <genericInformation>
        <info name="task.icon" value="/automation-dashboard/styles/patterns/img/wf-icons/web_notification.png"/>
      </genericInformation>
      <scriptExecutable>
        <script>
          <code language="groovy">
            <![CDATA[
// Please fill variables
String method = "POST"
String url = "http://localhost:8080/notification-service/notifications"
String headers = '{"Content-Type" : "application/json" }'
String description = "Put your notification here"

// Don't change code below
import org.ow2.proactive.addons.webhook.Webhook;
def jobid = variables.get("PA_JOB_ID")
def userName = variables.get("PA_USER")
def content = '{\"description\": \"'+description+'\", \"jobId\": \"'+jobid+'\" , \"validation\": \"false\", \"userName\":  \"'+userName+'\"}'
Webhook.execute ( method, url, headers, content);
]]>
          </code>
        </script>
      </scriptExecutable>
    </task>
  </taskFlow>
  <metadata>
    <visualization>
      <![CDATA[ <html><head><link rel="stylesheet" href="/studio/styles/studio-standalone.css"><style>
        #workflow-designer {
            left:0 !important;
            top:0 !important;
            width:1139px;
            height:566px;
            }
        </style></head><body><div id="workflow-visualization-view"><div id="workflow-visualization" style="position:relative;top:-333.9875030517578px;left:-494.5px"><div class="task _jsPlumb_endpoint_anchor_ ui-draggable" id="jsPlumb_1_1356" style="top: 339px; left: 499.5px;"><a class="task-name"><img src="/automation-dashboard/styles/patterns/img/wf-icons/web_notification.png" width="20px">&nbsp;<span class="name">WebNotification</span></a></div><div class="_jsPlumb_endpoint source-endpoint dependency-source-endpoint connected _jsPlumb_endpoint_anchor_ ui-draggable ui-droppable" style="position: absolute; height: 20px; width: 20px; left: 541px; top: 369px;"><svg style="position:absolute;left:0px;top:0px" width="20" height="20" pointer-events="all" position="absolute" version="1.1"
      xmlns="http://www.w3.org/1999/xhtml"><circle cx="10" cy="10" r="10" version="1.1"
      xmlns="http://www.w3.org/1999/xhtml" fill="#666" stroke="none" style=""></circle></svg></div></div></div></body></html>
 ]]>
    </visualization>
  </metadata>
</job>