{
	"metadata": {
		"slug": "PostgreSQL",
		"name": "PostgreSQL Service",
		"short_description": "Lifecycle management workflow of PostgreSQL Server for Cloud Automation",
		"author": "ActiveEon's Team",
		"tags": ["Cloud Automation", "PostgreSQL", "Database", "SQL"],
		"version": "1.0"
	},
	"catalog" : {
		"bucket" : "cloud-automation",
		"objects" : [
			{
				"name" : "PostgreSQL",
				"metadata" : {
					"kind": "Workflow/pca",
					"commitMessage": "First commit",
					"contentType": "application/xml"
				},
				"file" : "resources/catalog/PostgreSQL.xml"
			},
			{
				"name" : "Finish_PostgreSQL",
				"metadata" : {
					"kind": "Workflow/pca",
					"commitMessage": "First commit",
					"contentType": "application/xml"
				},
				"file" : "resources/catalog/Finish_PostgreSQL.xml"
			},
			{
				"name" : "Pause_PostgreSQL",
				"metadata" : {
					"kind": "Workflow/pca",
					"commitMessage": "First commit",
					"contentType": "application/xml"
				},
				"file" : "resources/catalog/Pause_PostgreSQL.xml"
			},
			{
				"name" : "Resume_PostgreSQL",
				"metadata" : {
					"kind": "Workflow/pca",
					"commitMessage": "First commit",
					"contentType": "application/xml"
				},
				"file" : "resources/catalog/Resume_PostgreSQL.xml"
			}
		]
	}
}