{
  "metadata": {
    "slug": "data-visualization",
    "name": "Data Visualization",
    "short_description": "Data visualization for machine learning workflows",
    "author": "ActiveEon's Team",
    "tags": [
      "Samples",
      "Machine Learning",
      "Data Visualization",
      "Big Data",
      "Analytics",
      "Deep Learning"
    ],
    "version": "1.0"
  },
  "test": {
    "scenarios": "resources/test/scenarios.json"
  },
  "catalog": {
    "bucket": "data-visualization",
    "objects": [
      {
        "name": "Visdom_Service_Start",
        "metadata": {
          "kind": "Workflow/standard",
          "commitMessage": "First commit",
          "contentType": "application/xml"
        },
        "file": "resources/catalog/Visdom_Service_Start.xml"
      },
      {
        "name": "Visdom_Service_Actions",
        "metadata": {
          "kind": "Workflow/standard",
          "commitMessage": "First commit",
          "contentType": "application/xml"
        },
        "file": "resources/catalog/Visdom_Service_Actions.xml"
      },
      {
        "name": "Visdom_Visualize_Results",
        "metadata": {
          "kind": "Workflow/standard",
          "commitMessage": "First commit",
          "contentType": "application/xml"
        },
        "file": "resources/catalog/Visdom_Visualize_Results.xml"
      },
      {
        "name": "Visdom_Plots",
        "metadata": {
          "kind": "Workflow/standard",
          "commitMessage": "First commit",
          "contentType": "application/xml"
        },
        "file": "resources/catalog/Visdom_Plots.xml"
      },
      {
        "name": "Visdom_Plots_Example",
        "metadata": {
          "kind": "Workflow/standard",
          "commitMessage": "First commit",
          "contentType": "application/xml"
        },
        "file": "resources/catalog/Visdom_Plots_Example.xml"
      },
      {
        "name": "Visdom_Realtime_Digit_Classification",
        "metadata": {
          "kind": "Workflow/standard",
          "commitMessage": "First commit",
          "contentType": "application/xml"
        },
        "file": "resources/catalog/Visdom_Realtime_Digit_Classification.xml"
      }
    ]
  }
}