<?xml version="1.0" encoding="UTF-8"?>
<job
  xmlns:xsi="http://www.w3.org/2001/XMLSchema-instance"
  xmlns="urn:proactive:jobdescriptor:3.11" xsi:schemaLocation="urn:proactive:jobdescriptor:3.11 http://www.activeeon.com/public_content/schemas/proactive/jobdescriptor/3.11/schedulerjob.xsd"  name="Oracle" projectName="Cloud Automation - Deployment" priority="normal" onTaskError="continueJobExecution"  maxNumberOfExecution="2" >
  <variables>
    <variable name="INSTANCE_NAME" value="oracle-server" />
    <variable name="ENV_VARS" value="" />
  </variables>
  <description>
    <![CDATA[ Deploy an Oracle Database server.
The service can be started using the following variables:
$INSTANCE_NAME (Required): service instance name.
$ENV_VARS (Optional): List of the environment variables. Each environment variable should be preceded by -e.
This service is based on this docker image: https://hub.docker.com/r/wnameless/oracle-xe-11g/ where the default settings are:
sid: xe
username: system
password: oracle ]]>
  </description>
  <genericInformation>
    <info name="bucketName" value="cloud-automation"/>
    <info name="workflow.icon" value="/automation-dashboard/styles/patterns/img/wf-icons/oracle.png"/>
    <info name="pca.states" value="(VOID,RUNNING)"/>
    <info name="Documentation" value="https://doc.activeeon.com/latest/PCA/PCAUserGuide.html"/>
    <info name="pca.service.id" value="Oracle"/>
    <info name="group" value="public-objects"/>
  </genericInformation>
  <taskFlow>
    <task name="Start_Oracle" >
      <description>
        <![CDATA[ Pull Oracle image and start a container. 
For more info about the image please refer to https://hub.docker.com/r/wnameless/oracle-xe-11g/ ]]>
      </description>
      <genericInformation>
        <info name="task.icon" value="/automation-dashboard/styles/patterns/img/wf-icons/oracle.png"/>
        <info name="Documentation" value="https://doc.activeeon.com/latest/PCA/PCAUserGuide.html"/>
      </genericInformation>
      <scriptExecutable>
        <script>
          <code language="bash">
            <![CDATA[
echo BEGIN "$variables_PA_TASK_NAME"

################################################################################
### THIS PART IS IMAGE SPECIFIC. IF YOU NEED TO MODIFY SOMETHING, DO IT HERE ###
DOCKER_IMAGE=activeeon/oracle-xe-11g
PORT=1521
ENV_VARS=$variables_ENV_VARS
################################################################################

# Manually find a free random port to preserve it in case if docker (re)start (Pause/Resume)
GET_RANDOM_PORT(){
    read LOWERPORT UPPERPORT < /proc/sys/net/ipv4/ip_local_port_range
    while :
    do
        RND_PORT="`shuf -i $LOWERPORT-$UPPERPORT -n 1`"
        ss -lpn | grep -q ":$RND_PORT " || break
    done
    echo $RND_PORT
}

echo "Pulling "$variables_PA_JOB_NAME" image"
docker pull $DOCKER_IMAGE

INSTANCE_NAME=$variables_INSTANCE_NAME

if [ -z "$INSTANCE_NAME" ]; then
    echo ERROR: The INSTANCE_NAME is not provided by the user. Empty value is not allowed.
    exit 1
fi

if [ "$(docker ps -a | grep $INSTANCE_NAME)" ]; then
    RUNNING=$(docker inspect --format="{{ .State.Running }}" $INSTANCE_NAME 2> /dev/null)
    STOPPED=$(docker inspect --format="{{ .State.Status }}" $INSTANCE_NAME 2> /dev/null)
    if [ "$RUNNING" == "true" ]; then
        echo "$INSTANCE_NAME" container is running
        echo $INSTANCE_NAME > $INSTANCE_NAME"_status"
	elif [ "$STOPPED" == "exited" ]; then
		echo Starting docker container: "$INSTANCE_NAME"
        INSTANCE_STATUS=$(docker start $INSTANCE_NAME 2>&1)
        echo $INSTANCE_STATUS > $INSTANCE_NAME"_status"
    fi
else
    ################################################################################
    ### THIS PART IS IMAGE SPECIFIC. IF YOU NEED TO MODIFY SOMETHING, DO IT HERE ###
    echo "Running $INSTANCE_NAME container"
    F_PORT=$(GET_RANDOM_PORT)
    if [ -z "$ENV_VARS" ]; then
        INSTANCE_STATUS=$( eval "docker run --name $INSTANCE_NAME -p $F_PORT:$PORT -d $DOCKER_IMAGE" 2>&1)
    else
        INSTANCE_STATUS=$( eval "docker run --name $INSTANCE_NAME -p $F_PORT:$PORT "$ENV_VARS" -d $DOCKER_IMAGE" 2>&1)
    fi
    ################################################################################
    if [ "$(docker ps -a | grep $INSTANCE_NAME)" ]; then
        RUNNING=$(docker inspect --format="{{ .State.Running }}" $INSTANCE_NAME 2> /dev/null)
        if [ "$RUNNING" == "true" ]; then
            echo $INSTANCE_NAME > $INSTANCE_NAME"_status"
        fi
    else
        echo $INSTANCE_STATUS > $INSTANCE_NAME"_status"
    fi
fi

port=$(docker inspect --format='{{(index (index .NetworkSettings.Ports "'$PORT'/tcp") 0).HostPort}}' $INSTANCE_NAME)
echo "$port" > $INSTANCE_NAME"_port"

# Endpoint added to the job variables using a groovy post-script
]]>
          </code>
        </script>
      </scriptExecutable>
      <post>
        <script>
          <code language="groovy">
            <![CDATA[
/*********************************************************************************
* THIS POSTSCRIPT PROPAGATES USEFUL INFORMATION SUCH AS:                         *
* 1) SERVICE ENDPOINT (PROTOCOL://HOSTNAME:PORT)                                 *
* 2) CREDENTIALS (IF THERE ARE ANY) BY ADDING THEM TO 3RD PARTY CREDENTIALS      *
*********************************************************************************/

import org.ow2.proactive.pca.service.client.ApiClient
import org.ow2.proactive.pca.service.client.api.ServiceInstanceRestApi
import org.ow2.proactive.pca.service.client.model.ServiceInstanceData

def paSchedulerRestUrl = variables.get('PA_SCHEDULER_REST_URL')
def pcaUrl = paSchedulerRestUrl.replaceAll("/rest\\z", "/cloud-automation-service")
// Acquire service instance id and instance name
def instanceId = variables.get("PCA_INSTANCE_ID") as long
def instanceName = variables.get("INSTANCE_NAME")

def hostname = new URL(paSchedulerRestUrl).getHost()
def port = new File(instanceName+"_port").text.trim()
def endpoint = 'http://'+ hostname + ":" + port
    
// Add any credentials to 3rd party credentials if they apply:
def username = "system"
def password = "oracle"
if (!username.isEmpty()){
    def PASSWORD_KEY = variables.get("PA_JOB_NAME").toLowerCase() + "://" + username + "@" + hostname+ ":" + port
    schedulerapi.connect()
    schedulerapi.putThirdPartyCredential(PASSWORD_KEY, password)
}

/*********************************************************************************
* THIS PART IS IMAGE SPECIFIC. IF YOU NEED TO MODIFY SOMETHING, DO IT HERE       *
/********************************************************************************/

/********************************************************************************/

// Connect to Cloud Automation API
def apiClient = new ApiClient()
apiClient.setBasePath(pcaUrl)
def serviceInstanceRestApi = new ServiceInstanceRestApi(apiClient)

// Update service instance data : (status, endpoint)
def serviceInstanceData = serviceInstanceRestApi.getServiceInstanceUsingGET(instanceId)
def status = new File(instanceName+"_status").text.trim()
def currentStatus = (!status.equals(instanceName)) ? "ERROR" : "RUNNING"
serviceInstanceData.setInstanceStatus(currentStatus)
serviceInstanceData = serviceInstanceData.putInstanceEndpointsItem(instanceName, endpoint)
serviceInstanceData = serviceInstanceRestApi.updateServiceInstanceUsingPUT(instanceId, serviceInstanceData)

// Print warning or error messages and force job to exit with error if there are any.
if (!status.equals(instanceName)){
    println("[ERROR] Could not start docker container: " + instanceName + ". Docker output: " + status)
    System.exit(1)
}

// Inform other platforms that service is running through Synchronization API
def channel = "Service_Instance_" + instanceId
synchronizationapi.createChannelIfAbsent(channel, false)
synchronizationapi.put(channel, "RUNNING", true)
synchronizationapi.put(channel, "INSTANCE_NAME", instanceName)

// LOG OUTPUT
println(variables.get("PA_JOB_NAME") + "_INSTANCE_ID: " + instanceId)
println(variables.get("PA_JOB_NAME") + "_ENDPOINT: " + endpoint)

println("END " + variables.get("PA_TASK_NAME"))
]]>
          </code>
        </script>
      </post>
    </task>
    <task name="Loop_Over_Instance_Status" >
      <description>
        <![CDATA[ Loop over service instance status and fetch docker container logs.
It will run every minute. ]]>
      </description>
      <genericInformation>
        <info name="task.icon" value="/automation-dashboard/styles/patterns/img/wf-icons/oracle.png"/>
        <info name="Documentation" value="https://doc.activeeon.com/latest/PCA/PCAUserGuide.html"/>
      </genericInformation>
      <depends>
        <task ref="Start_Oracle"/>
      </depends>
      <scriptExecutable>
        <script>
          <file url="${PA_CATALOG_REST_URL}/buckets/cloud-automation-scripts/resources/Check_Instance_Status/raw" language="groovy"></file>
        </script>
      </scriptExecutable>
      <controlFlow >
        <loop target="Loop_Over_Instance_Status">
          <script>
            <file url="${PA_CATALOG_REST_URL}/buckets/cloud-automation-scripts/resources/Fetch_Logs/raw" language="groovy"></file>
          </script>
        </loop>
      </controlFlow>
    </task>
  </taskFlow>
  <metadata>
    <visualization>
      <![CDATA[ <html><head><link rel="stylesheet" href="/studio/styles/studio-standalone.css"><style>
        #workflow-designer {
            left:0 !important;
            top:0 !important;
            width:2144px;
            height:2528px;
            }
        </style></head><body><div id="workflow-visualization-view"><div id="workflow-visualization" style="position:relative;top:-273px;left:-417.5px"><div class="task _jsPlumb_endpoint_anchor_ ui-draggable" id="jsPlumb_1_697" style="top: 278px; left: 422.5px;"><a class="task-name"><img src="/automation-dashboard/styles/patterns/img/wf-icons/oracle.png" width="20px">&nbsp;<span class="name">Start_Oracle</span></a></div><div class="task ui-draggable _jsPlumb_endpoint_anchor_" id="jsPlumb_1_700" style="top: 406px; left: 422.5px;"><a class="task-name"><img src="/automation-dashboard/styles/patterns/img/wf-icons/oracle.png" width="20px">&nbsp;<span class="name">Loop_Over_Instance_Status</span></a></div><svg style="position:absolute;left:462.5px;top:317.5px" width="51.5" height="89" pointer-events="none" position="absolute" version="1.1"
      xmlns="http://www.w3.org/1999/xhtml" class="_jsPlumb_connector "><path d="M 30.5 88 C 40.5 38 -10 50 0 0 " transform="translate(10.5,0.5)" pointer-events="visibleStroke" version="1.1"
      xmlns="http://www.w3.org/1999/xhtml" fill="none" stroke="#666" style=""></path><path pointer-events="all" version="1.1"
      xmlns="http://www.w3.org/1999/xhtml" d="M30.604289125,65.8307285 L28.92065780914319,44.70810116360394 L24.944079219862537,53.025962831320875 L16.11589214046406,50.368311068741406 L30.604289125,65.8307285" class="" stroke="#666" fill="#666" transform="translate(10.5,0.5)"></path><path pointer-events="all" version="1.1"
      xmlns="http://www.w3.org/1999/xhtml" d="M30.604289125,65.8307285 L28.92065780914319,44.70810116360394 L24.944079219862537,53.025962831320875 L16.11589214046406,50.368311068741406 L30.604289125,65.8307285" class="" stroke="#666" fill="#666" transform="translate(10.5,0.5)"></path></svg><svg style="position:absolute;left:564.0266769263776px;top:355.5px" width="20.473323073622403" height="141" pointer-events="none" position="absolute" version="1.1"
      xmlns="http://www.w3.org/1999/xhtml" class="_jsPlumb_connector "><path d="M 0 40 C -10 90 -10 -50 0 0 " transform="translate(19.973323073622403,50.5)" pointer-events="visibleStroke" version="1.1"
      xmlns="http://www.w3.org/1999/xhtml" fill="none" stroke="#316b31" style=""></path><path pointer-events="all" version="1.1"
      xmlns="http://www.w3.org/1999/xhtml" d="M-2.4569999999999963,49.16001999999999 L-8.714346841294152,28.91537600442066 L-10.77778447022079,37.90104376767174 L-19.973323073622403,37.23616047464146 L-2.4569999999999963,49.16001999999999" class="" stroke="#316b31" fill="#316b31" transform="translate(19.973323073622403,50.5)"></path><path pointer-events="all" version="1.1"
      xmlns="http://www.w3.org/1999/xhtml" d="M-2.4569999999999963,49.16001999999999 L-8.714346841294152,28.91537600442066 L-10.77778447022079,37.90104376767174 L-19.973323073622403,37.23616047464146 L-2.4569999999999963,49.16001999999999" class="" stroke="#316b31" fill="#316b31" transform="translate(19.973323073622403,50.5)"></path></svg><div class="_jsPlumb_overlay l1 component label" id="jsPlumb_1_711" style="position: absolute; transform: translate(-50%, -50%); left: 576px; top: 425.5px;">loop</div><div class="_jsPlumb_endpoint source-endpoint dependency-source-endpoint connected _jsPlumb_endpoint_anchor_ ui-draggable ui-droppable _jsPlumb_endpoint_connected" style="position: absolute; height: 20px; width: 20px; left: 463px; top: 308px;"><svg style="position:absolute;left:0px;top:0px" width="20" height="20" pointer-events="all" position="absolute" version="1.1"
      xmlns="http://www.w3.org/1999/xhtml"><circle cx="10" cy="10" r="10" version="1.1"
      xmlns="http://www.w3.org/1999/xhtml" fill="#666" stroke="none" style=""></circle></svg></div><div class="_jsPlumb_endpoint source-endpoint dependency-source-endpoint connected _jsPlumb_endpoint_anchor_ ui-draggable ui-droppable" style="position: absolute; height: 20px; width: 20px; left: 493.5px; top: 436px;"><svg style="position:absolute;left:0px;top:0px" width="20" height="20" pointer-events="all" position="absolute" version="1.1"
      xmlns="http://www.w3.org/1999/xhtml"><circle cx="10" cy="10" r="10" version="1.1"
      xmlns="http://www.w3.org/1999/xhtml" fill="#666" stroke="none" style=""></circle></svg></div><div class="_jsPlumb_endpoint target-endpoint dependency-target-endpoint _jsPlumb_endpoint_anchor_ ui-draggable ui-droppable _jsPlumb_endpoint_connected" style="position: absolute; height: 20px; width: 20px; left: 493.5px; top: 396px;"><svg style="position:absolute;left:0px;top:0px" width="20" height="20" pointer-events="all" position="absolute" version="1.1"
      xmlns="http://www.w3.org/1999/xhtml"><circle cx="10" cy="10" r="10" version="1.1"
      xmlns="http://www.w3.org/1999/xhtml" fill="#666" stroke="none" style=""></circle></svg></div><div class="_jsPlumb_endpoint source-endpoint loop-source-endpoint _jsPlumb_endpoint_anchor_ ui-draggable ui-droppable _jsPlumb_endpoint_connected _jsPlumb_endpoint_full" style="position: absolute; height: 20px; width: 20px; left: 574px; top: 396px;"><svg style="position:absolute;left:0px;top:0px" width="20" height="20" pointer-events="all" position="absolute" version="1.1"
      xmlns="http://www.w3.org/1999/xhtml"><circle cx="10" cy="10" r="10" version="1.1"
      xmlns="http://www.w3.org/1999/xhtml" fill="#316b31" stroke="none" style=""></circle></svg></div><div class="_jsPlumb_endpoint target-endpoint loop-target-endpoint _jsPlumb_endpoint_anchor_ ui-draggable ui-droppable _jsPlumb_endpoint_connected _jsPlumb_endpoint_full" style="position: absolute; height: 20px; width: 20px; left: 574px; top: 436px;"><svg style="position:absolute;left:0px;top:0px" width="20" height="20" pointer-events="all" position="absolute" version="1.1"
      xmlns="http://www.w3.org/1999/xhtml"><circle cx="10" cy="10" r="10" version="1.1"
      xmlns="http://www.w3.org/1999/xhtml" fill="#316b31" stroke="none" style=""></circle></svg></div></div></div></body></html>
 ]]>
    </visualization>
  </metadata>
</job>