<?xml version="1.0" encoding="UTF-8"?>
<job
  xmlns:xsi="http://www.w3.org/2001/XMLSchema-instance"
  xmlns="urn:proactive:jobdescriptor:3.11" xsi:schemaLocation="urn:proactive:jobdescriptor:3.11 http://www.activeeon.com/public_content/schemas/proactive/jobdescriptor/3.11/schedulerjob.xsd"  name="Spark" projectName="Cloud Automation - Deployment" priority="normal" onTaskError="continueJobExecution"  maxNumberOfExecution="2" >
  <variables>
    <variable name="spark_UI_port" value="5000" />
    <variable name="instance_name" value="my-instance" />
    <variable name="network_name" value="my-net" />
  </variables>
  <description>
    <![CDATA[ Deployment of Spark. spark_UI_port is the Spark web portal port. All started docker containers are prefixed with instance_name. network_name refers to the docker containers network name. ]]>
  </description>
  <genericInformation>
    <info name="pca.service.id" value="HDFS-Spark"/>
    <info name="pca.states" value="(SWARM_DEPLOYED,SPARK_DEPLOYED)(HDFS_DEPLOYED,HDFS_SPARK_DEPLOYED)"/>
    <info name="workflow.icon" value="/automation-dashboard/styles/patterns/img/wf-icons/spark.png"/>
    <info name="Documentation" value="https://ow2-proactive.github.io/proactive-examples/DockerSwarm/resources/doc/V1/activeeon-deploy-swarm-hdfs-spark.pdf"/>
    <info name="group" value="public-objects"/>
  </genericInformation>
  <taskFlow>
    <task name="get_resources_from_service_instance" >
      <scriptExecutable>
        <script>
          <code language="groovy">
            <![CDATA[
import org.ow2.proactive.pca.service.client.ApiClient
import org.ow2.proactive.pca.service.client.api.ServiceInstanceRestApi
import org.ow2.proactive.pca.service.client.model.ServiceInstanceData

// Retrieve variables
def scheduler_rest_url = variables.get("PA_SCHEDULER_REST_URL")
def service_instance_id = variables.get("PCA_INSTANCE_ID") as Long

// Define other variables
def pca_url = scheduler_rest_url.replaceAll("/rest\\z", "/cloud-automation-service")

// Connect to APIs
def api_client = new ApiClient()
api_client.setBasePath(pca_url)
def service_instance_rest_api = new ServiceInstanceRestApi(api_client)

// Get the targeted resources the PCA service instance
def service_instance_data = service_instance_rest_api.getServiceInstanceUsingGET(service_instance_id)
def service_instance_variables = service_instance_data.getVariables()
variables.put("node_source_name", service_instance_variables.get("node_source_name"))
variables.put("nb_nodes", service_instance_variables.get("nb_nodes"))
variables.put("subnet", service_instance_variables.get("subnet"))

// Get optional namenode IP address in overlay
def service_instance_end_points = service_instance_data.getInstanceEndpoints()
variables.put("namenode_IP_address", service_instance_end_points.get("namenode_IP_address"))
]]>
          </code>
        </script>
      </scriptExecutable>
    </task>
    <task name="start_spark_master" >
      <genericInformation>
        <info name="task.icon" value="/automation-dashboard/styles/patterns/img/wf-icons/spark.png"/>
      </genericInformation>
      <depends>
        <task ref="get_resources_from_service_instance"/>
      </depends>
      <selection>
        <script>
          <code language="groovy">
            <![CDATA[
if (variables.get("node_source_name").equals(System.getProperty("proactive.node.nodesource"))) {
    selected = true
} else {
   selected = false
}
]]>
          </code>
        </script>
      </selection>
      <scriptExecutable>
        <script>
          <code language="groovy">
            <![CDATA[
import org.objectweb.proactive.core.util.ProActiveInet
import org.apache.commons.net.util.SubnetUtils

println "start_spark_master ..."

// Retrieve variables
def instance_name = variables.get("instance_name")
def spark_UI_port = variables.get("spark_UI_port")
def namenode_IP_address = variables.get("namenode_IP_address")
def network_name = variables.get("network_name")
def subnet = variables.get("subnet")

// Get the current IP address and store it
// Consider the first eligible IP address without including those in the overlay
def subnet_utils = new SubnetUtils(subnet)
def spark_master_IP_address = ProActiveInet.getInstance().getEligibleAdresses().findAll{ !subnet_utils.getInfo().isInRange(it.getHostAddress()) }.get(0).getHostAddress()
println "HI spark_master_IP_address " + spark_master_IP_address
variables.put("spark_master_IP_address", spark_master_IP_address)

def spark_master_container_name = instance_name + "-spark-master"

// Start the spark master docker container
def cmd = ["docker", "run", "-dit", "--publish", spark_UI_port + ":8080", "--name", spark_master_container_name, "--net", network_name, "activeeon/hdfs-spark:1.0"]
cmd.execute().waitForProcessOutput(System.out, System.err)

// Spark master configuration + Start
def docker_config_command = "sed s/IP:PORT/" + namenode_IP_address + ":9000/ \$HADOOP_HOME/etc/hadoop/core-site.xml.template > \$HADOOP_HOME/etc/hadoop/core-site.xml; \$SPARK_HOME/sbin/start-master.sh"
cmd = ["docker", "exec", spark_master_container_name, "/bin/sh", "-c", docker_config_command]
cmd.execute().waitForProcessOutput(System.out, System.err)

// Ensure Master is started
cmd = ["docker", "exec", spark_master_container_name, "jps"]
def output = new StringBuilder()

while (!output.toString().contains("Master")){
	cmd.execute().waitForProcessOutput(output, System.err)
	sleep(1000)
}

println "... start_spark_master"
]]>
          </code>
        </script>
      </scriptExecutable>
      <controlFlow >
        <replicate>
          <script>
            <code language="groovy">
              <![CDATA[
runs=variables.get("nb_nodes")
]]>
            </code>
          </script>
        </replicate>
      </controlFlow>
    </task>
    <task name="start_spark_slave" >
      <genericInformation>
        <info name="task.icon" value="/automation-dashboard/styles/patterns/img/wf-icons/spark.png"/>
      </genericInformation>
      <depends>
        <task ref="start_spark_master"/>
      </depends>
      <selection>
        <script>
          <code language="groovy">
            <![CDATA[
if (variables.get("node_source_name").equals(System.getProperty("proactive.node.nodesource"))) {
    selected = true
} else {
   selected = false
}
]]>
          </code>
        </script>
      </selection>
      <scriptExecutable>
        <script>
          <code language="groovy">
            <![CDATA[
println "start_spark_slave ..."

// Retrieve variables
def instance_name = variables.get("instance_name")
def task_id = variables.get("PA_TASK_REPLICATION") as Integer
def network_name = variables.get("network_name")
def namenode_IP_address = variables.get("namenode_IP_address")

def spark_master_container_name = instance_name + "-spark-master"
def spark_slave_container_name = variables.get("instance_name") + "-spark-slave-" + task_id

// Start the spark slave container
def cmd = ["docker", "run", "-dit", "--name", spark_slave_container_name, "--net", network_name, "activeeon/hdfs-spark:1.0"]
cmd.execute().waitForProcessOutput(System.out, System.err)

// Spark slave configuration + Start
def docker_config_command = "sed s/IP:PORT/" + namenode_IP_address + ":9000/ \$HADOOP_HOME/etc/hadoop/core-site.xml.template > \$HADOOP_HOME/etc/hadoop/core-site.xml; \$SPARK_HOME/sbin/start-slave.sh spark://" + spark_master_container_name + ":7077"
cmd = ["docker", "exec", spark_slave_container_name, "/bin/sh", "-c", docker_config_command]
cmd.execute().waitForProcessOutput(System.out, System.err)

println "... start_spark_slave"
]]>
          </code>
        </script>
      </scriptExecutable>
    </task>
    <task name="update_service_instance" >
      <genericInformation>
        <info name="task.icon" value="/automation-dashboard/styles/patterns/img/wf-icons/spark.png"/>
      </genericInformation>
      <depends>
        <task ref="start_spark_slave"/>
      </depends>
      <scriptExecutable>
        <script>
          <code language="groovy">
            <![CDATA[
import org.ow2.proactive.pca.service.client.ApiClient
import org.ow2.proactive.pca.service.client.api.ServiceInstanceRestApi
import org.ow2.proactive.pca.service.client.model.ServiceInstanceData

// Retrieve variables
def scheduler_rest_url = variables.get("PA_SCHEDULER_REST_URL")
def service_instance_id = variables.get("PCA_INSTANCE_ID") as Long
def spark_master_IP_address = variables.get("spark_master_IP_address")
def spark_UI_port = variables.get("spark_UI_port")

// Define other variables
def pca_url = scheduler_rest_url.replaceAll("/rest\\z", "/cloud-automation-service")

// Connect to APIs
def api_client = new ApiClient()
api_client.setBasePath(pca_url)
api_client.setDebugging(true)
def service_instance_rest_api = new ServiceInstanceRestApi(api_client)

// Update the related service instance status
def service_instance_data = service_instance_rest_api.getServiceInstanceUsingGET(service_instance_id)
def service_instance_status = service_instance_data.getInstanceStatus()
def service_instance_status_arr = service_instance_status.split("->")
def service_instance_status_end = service_instance_status_arr[1].trim()
service_instance_data.setInstanceStatus(service_instance_status_end)
service_instance_data.getInstanceEndpoints().put("spark_UI", "http://" + spark_master_IP_address + ":" + spark_UI_port)
service_instance_rest_api.updateServiceInstanceUsingPUT(service_instance_id, service_instance_data)
]]>
          </code>
        </script>
      </scriptExecutable>
    </task>
  </taskFlow>
  <metadata>
    <visualization>
      <![CDATA[ <html><head><link rel="stylesheet" href="/studio/styles/studio-standalone.css"><style>
        #workflow-designer {
            left:0 !important;
            top:0 !important;
            width:1122px;
            height:582px;
            }
        </style></head><body><div id="workflow-visualization-view"><div id="workflow-visualization" style="position:relative;top:-142px;left:-477.5px"><div class="task _jsPlumb_endpoint_anchor_ ui-draggable" id="jsPlumb_1_832" style="top: 147px; left: 482.5px;"><a class="task-name"><img src="/studio/images/Groovy.png" width="20px">&nbsp;<span class="name">get_resources_from_service_instance</span></a></div><div class="task ui-draggable _jsPlumb_endpoint_anchor_" id="jsPlumb_1_835" style="top: 275px; left: 482.5px;"><a class="task-name"><img src="/automation-dashboard/styles/patterns/img/wf-icons/spark.png" width="20px">&nbsp;<span class="name">start_spark_master</span></a></div><div class="task ui-draggable _jsPlumb_endpoint_anchor_" id="jsPlumb_1_838" style="top: 403px; left: 482.5px;"><a class="task-name"><img src="/automation-dashboard/styles/patterns/img/wf-icons/spark.png" width="20px">&nbsp;<span class="name">start_spark_slave</span></a></div><div class="task ui-draggable _jsPlumb_endpoint_anchor_" id="jsPlumb_1_841" style="top: 531px; left: 482.5px;"><a class="task-name"><img src="/automation-dashboard/styles/patterns/img/wf-icons/spark.png" width="20px">&nbsp;<span class="name">update_service_instance</span></a></div><svg style="position:absolute;left:532px;top:186.5px" width="62.5" height="89" pointer-events="none" position="absolute" version="1.1"
      xmlns="http://www.w3.org/1999/xhtml" class="_jsPlumb_connector "><path d="M 0 88 C -10 38 51.5 50 41.5 0 " transform="translate(10.5,0.5)" pointer-events="visibleStroke" version="1.1"
      xmlns="http://www.w3.org/1999/xhtml" fill="none" stroke="#666" style=""></path><path pointer-events="all" version="1.1"
      xmlns="http://www.w3.org/1999/xhtml" d="M1.2460353749999973,64.9032055 L17.64418820184101,51.483049619103305 L8.54293407252251,52.95518183923944 L5.6961645410804485,44.1861509215808 L1.2460353749999973,64.9032055" class="" stroke="#666" fill="#666" transform="translate(10.5,0.5)"></path><path pointer-events="all" version="1.1"
      xmlns="http://www.w3.org/1999/xhtml" d="M1.2460353749999973,64.9032055 L17.64418820184101,51.483049619103305 L8.54293407252251,52.95518183923944 L5.6961645410804485,44.1861509215808 L1.2460353749999973,64.9032055" class="" stroke="#666" fill="#666" transform="translate(10.5,0.5)"></path></svg><svg style="position:absolute;left:562.7px;top:304.5px" width="26.59999999999991" height="99" pointer-events="none" position="absolute" version="1.1"
      xmlns="http://www.w3.org/1999/xhtml" class="_jsPlumb_connector "><path d="M 0 88 C -10 88 15.599999999999909 -10 5.599999999999909 0 " transform="translate(10.5,10.5)" pointer-events="visibleStroke" version="1.1"
      xmlns="http://www.w3.org/1999/xhtml" fill="none" stroke="#e5db3d" style=""></path><path pointer-events="all" version="1.1"
      xmlns="http://www.w3.org/1999/xhtml" d="M-2.27512690000001,77.41936575 L6.556452060948219,58.1579220591305 L-0.9717402020928989,63.480169822123855 L-7.382743866927923,56.854535361223384 L-2.27512690000001,77.41936575" class="" stroke="rgba(229,219,61,0.5)" fill="rgba(229,219,61,0.5)" transform="translate(10.5,10.5)"></path><path pointer-events="all" version="1.1"
      xmlns="http://www.w3.org/1999/xhtml" d="M-2.27512690000001,77.41936575 L6.556452060948219,58.1579220591305 L-0.9717402020928989,63.480169822123855 L-7.382743866927923,56.854535361223384 L-2.27512690000001,77.41936575" class="" stroke="rgba(229,219,61,0.5)" fill="rgba(229,219,61,0.5)" transform="translate(10.5,10.5)"></path></svg><div class="_jsPlumb_overlay l1 component label" id="jsPlumb_1_852" style="position: absolute; transform: translate(-50%, -50%); left: 575.5px; top: 354.75px;">replicate</div><svg style="position:absolute;left:528.5px;top:314.5px" width="24.5" height="89" pointer-events="none" position="absolute" version="1.1"
      xmlns="http://www.w3.org/1999/xhtml" class="_jsPlumb_connector "><path d="M 0 88 C -10 38 13.5 50 3.5 0 " transform="translate(10.5,0.5)" pointer-events="visibleStroke" version="1.1"
      xmlns="http://www.w3.org/1999/xhtml" fill="none" stroke="#666" style=""></path><path pointer-events="all" version="1.1"
      xmlns="http://www.w3.org/1999/xhtml" d="M-2.531265625,66.78168750000002 L5.922688671570663,47.35153935976458 L-1.5001906020674536,52.819707543808825 L-8.03929128462053,46.32046433683204 L-2.531265625,66.78168750000002" class="" stroke="#666" fill="#666" transform="translate(10.5,0.5)"></path><path pointer-events="all" version="1.1"
      xmlns="http://www.w3.org/1999/xhtml" d="M-2.531265625,66.78168750000002 L5.922688671570663,47.35153935976458 L-1.5001906020674536,52.819707543808825 L-8.03929128462053,46.32046433683204 L-2.531265625,66.78168750000002" class="" stroke="#666" fill="#666" transform="translate(10.5,0.5)"></path></svg><svg style="position:absolute;left:528.5px;top:442.5px" width="37" height="89" pointer-events="none" position="absolute" version="1.1"
      xmlns="http://www.w3.org/1999/xhtml" class="_jsPlumb_connector "><path d="M 16 88 C 26 38 -10 50 0 0 " transform="translate(10.5,0.5)" pointer-events="visibleStroke" version="1.1"
      xmlns="http://www.w3.org/1999/xhtml" fill="none" stroke="#666" style=""></path><path pointer-events="all" version="1.1"
      xmlns="http://www.w3.org/1999/xhtml" d="M17.465343999999998,66.303232 L19.55906509601735,45.21730465562901 L14.168731588277286,52.69689720304326 L5.952730299060611,48.51391706735173 L17.465343999999998,66.303232" class="" stroke="#666" fill="#666" transform="translate(10.5,0.5)"></path><path pointer-events="all" version="1.1"
      xmlns="http://www.w3.org/1999/xhtml" d="M17.465343999999998,66.303232 L19.55906509601735,45.21730465562901 L14.168731588277286,52.69689720304326 L5.952730299060611,48.51391706735173 L17.465343999999998,66.303232" class="" stroke="#666" fill="#666" transform="translate(10.5,0.5)"></path></svg><div class="_jsPlumb_endpoint source-endpoint dependency-source-endpoint connected _jsPlumb_endpoint_anchor_ ui-draggable ui-droppable _jsPlumb_endpoint_connected" style="position: absolute; height: 20px; width: 20px; left: 574px; top: 177px;"><svg style="position:absolute;left:0px;top:0px" width="20" height="20" pointer-events="all" position="absolute" version="1.1"
      xmlns="http://www.w3.org/1999/xhtml"><circle cx="10" cy="10" r="10" version="1.1"
      xmlns="http://www.w3.org/1999/xhtml" fill="#666" stroke="none" style=""></circle></svg></div><div class="_jsPlumb_endpoint source-endpoint dependency-source-endpoint connected _jsPlumb_endpoint_anchor_ ui-draggable ui-droppable _jsPlumb_endpoint_connected" style="position: absolute; height: 20px; width: 20px; left: 532.5px; top: 305px;"><svg style="position:absolute;left:0px;top:0px" width="20" height="20" pointer-events="all" position="absolute" version="1.1"
      xmlns="http://www.w3.org/1999/xhtml"><circle cx="10" cy="10" r="10" version="1.1"
      xmlns="http://www.w3.org/1999/xhtml" fill="#666" stroke="none" style=""></circle></svg></div><div class="_jsPlumb_endpoint target-endpoint dependency-target-endpoint _jsPlumb_endpoint_anchor_ ui-draggable ui-droppable _jsPlumb_endpoint_connected" style="position: absolute; height: 20px; width: 20px; left: 532.5px; top: 265px;"><svg style="position:absolute;left:0px;top:0px" width="20" height="20" pointer-events="all" position="absolute" version="1.1"
      xmlns="http://www.w3.org/1999/xhtml"><circle cx="10" cy="10" r="10" version="1.1"
      xmlns="http://www.w3.org/1999/xhtml" fill="#666" stroke="none" style=""></circle></svg></div><div class="_jsPlumb_endpoint source-endpoint replicate-source-endpoint _jsPlumb_endpoint_anchor_ ui-draggable ui-droppable _jsPlumb_endpoint_connected _jsPlumb_endpoint_full" style="position: absolute; height: 20px; width: 20px; left: 568.8px; top: 305px;"><svg style="position:absolute;left:0px;top:0px" width="20" height="20" pointer-events="all" position="absolute" version="1.1"
      xmlns="http://www.w3.org/1999/xhtml"><circle cx="10" cy="10" r="10" version="1.1"
      xmlns="http://www.w3.org/1999/xhtml" fill="#e5db3d" stroke="none" style=""></circle></svg></div><div class="_jsPlumb_endpoint source-endpoint dependency-source-endpoint connected _jsPlumb_endpoint_anchor_ ui-draggable ui-droppable _jsPlumb_endpoint_connected" style="position: absolute; height: 20px; width: 20px; left: 529px; top: 433px;"><svg style="position:absolute;left:0px;top:0px" width="20" height="20" pointer-events="all" position="absolute" version="1.1"
      xmlns="http://www.w3.org/1999/xhtml"><circle cx="10" cy="10" r="10" version="1.1"
      xmlns="http://www.w3.org/1999/xhtml" fill="#666" stroke="none" style=""></circle></svg></div><div class="_jsPlumb_endpoint target-endpoint replicate-target-endpoint _jsPlumb_endpoint_anchor_ ui-draggable ui-droppable _jsPlumb_endpoint_connected _jsPlumb_endpoint_full" style="position: absolute; height: 20px; width: 20px; left: 563.2px; top: 393px;"><svg style="position:absolute;left:0px;top:0px" width="20" height="20" pointer-events="all" position="absolute" version="1.1"
      xmlns="http://www.w3.org/1999/xhtml"><circle cx="10" cy="10" r="10" version="1.1"
      xmlns="http://www.w3.org/1999/xhtml" fill="#e5db3d" stroke="none" style=""></circle></svg></div><div class="_jsPlumb_endpoint target-endpoint dependency-target-endpoint _jsPlumb_endpoint_anchor_ ui-draggable ui-droppable _jsPlumb_endpoint_connected" style="position: absolute; height: 20px; width: 20px; left: 529px; top: 393px;"><svg style="position:absolute;left:0px;top:0px" width="20" height="20" pointer-events="all" position="absolute" version="1.1"
      xmlns="http://www.w3.org/1999/xhtml"><circle cx="10" cy="10" r="10" version="1.1"
      xmlns="http://www.w3.org/1999/xhtml" fill="#666" stroke="none" style=""></circle></svg></div><div class="_jsPlumb_endpoint source-endpoint dependency-source-endpoint connected _jsPlumb_endpoint_anchor_ ui-draggable ui-droppable" style="position: absolute; height: 20px; width: 20px; left: 545px; top: 561px;"><svg style="position:absolute;left:0px;top:0px" width="20" height="20" pointer-events="all" position="absolute" version="1.1"
      xmlns="http://www.w3.org/1999/xhtml"><circle cx="10" cy="10" r="10" version="1.1"
      xmlns="http://www.w3.org/1999/xhtml" fill="#666" stroke="none" style=""></circle></svg></div><div class="_jsPlumb_endpoint target-endpoint dependency-target-endpoint _jsPlumb_endpoint_anchor_ ui-draggable ui-droppable _jsPlumb_endpoint_connected" style="position: absolute; height: 20px; width: 20px; left: 545px; top: 521px;"><svg style="position:absolute;left:0px;top:0px" width="20" height="20" pointer-events="all" position="absolute" version="1.1"
      xmlns="http://www.w3.org/1999/xhtml"><circle cx="10" cy="10" r="10" version="1.1"
      xmlns="http://www.w3.org/1999/xhtml" fill="#666" stroke="none" style=""></circle></svg></div></div></div></body></html>
 ]]>
    </visualization>
  </metadata>
</job>