{
	"metadata": {
		"slug": "filefoldermanagement",
		"name": "File & Folder Management",
		"short_description": "A few samples to mainpulate file, folders, directories and set triggers",
		"author": "ActiveEon's Team",
		"tags": ["Samples", "Building blocks", "File", "Folder", "Directory"],
		"version": "1.0"
	},
	"test": {
		"scenarios": "resources/test/scenarios.json"
	},
	"catalog" : {
		"bucket" : "basic-examples",
		"objects" : [
			{
				"name" : "Data_Management",
				"metadata" : {
					"kind": "Workflow/standard",
					"commitMessage": "First commit",
					"contentType": "application/xml"
				},
				"file" : "resources/catalog/data_management.xml",
				"studio_template" : {
					"name" : "Data_Management",
					"offsets_json_string": "{\"offsets\":{\"create_file_in_userspace\":{\"top\":310.5,\"left\":986},\"read_file_from_userspace\":{\"top\":438.5,\"left\":986}},\"project\":\"2. Advanced Workflows\"}"
				}
			},
			{
				"name" : "File_Trigger",
				"metadata" : {
					"kind": "Workflow/standard",
					"commitMessage": "First commit",
					"contentType": "application/xml"
				},
				"file" : "resources/catalog/file_trigger.xml",
				"studio_template" : {
					"name" : "File_Trigger",
					"offsets_json_string": "{\"offsets\":{\"File_Trigger\":{\"top\":290,\"left\":966}},\"project\":\"1. Basic Workflows\"}"
				}
			},
			{
				"name" : "Print_File_Name",
				"metadata" : {
					"kind": "Workflow/standard",
					"commitMessage": "First commit",
					"contentType": "application/xml"
				},
				"file" : "resources/catalog/print_file_name.xml"
			}
		]
	}
}
