{
  "metadata": {
    "slug": "logstash",
    "name": "Logstash Service",
    "short_description": "Lifecycle management workflow of Logstash Server for Cloud Automation",
    "author": "ActiveEon's Team",
    "tags": ["Cloud Automation", "Logstash"],
    "version": "1.0"
  },
  "catalog" : {
    "bucket" : "cloud-automation",
    "objects" : [
      {
        "name" : "Logstash",
        "metadata" : {
        "kind": "Workflow/pca",
        "commitMessage": "First commit",
        "contentType": "application/xml"
        },
        "file" : "resources/catalog/Logstash.xml"
      },
      {
        "name" : "Finish_Logstash",
        "metadata" : {
        "kind": "Workflow/pca",
        "commitMessage": "First commit",
        "contentType": "application/xml"
        },
        "file" : "resources/catalog/Finish_Logstash.xml"
      },
      {
        "name" : "Pause_Logstash",
        "metadata" : {
        "kind": "Workflow/pca",
        "commitMessage": "First commit",
        "contentType": "application/xml"
        },
        "file" : "resources/catalog/Pause_Logstash.xml"
      },
      {
        "name" : "Resume_Logstash",
        "metadata" : {
        "kind": "Workflow/pca",
        "commitMessage": "First commit",
        "contentType": "application/xml"
        },
        "file" : "resources/catalog/Resume_Logstash.xml"
      }
    ]
  }
}
