<?xml version="1.0" encoding="UTF-8"?>
<job
  xmlns:xsi="http://www.w3.org/2001/XMLSchema-instance"
  xmlns="urn:proactive:jobdescriptor:3.11" xsi:schemaLocation="urn:proactive:jobdescriptor:3.11 http://www.activeeon.com/public_content/schemas/proactive/jobdescriptor/3.11/schedulerjob.xsd"  name="Cassandra_Service_Start" projectName="Cassandra" priority="normal" onTaskError="continueJobExecution"  maxNumberOfExecution="2" >
  <description>
    <![CDATA[ Start the Cassandra server as a service. ]]>
  </description>
  <genericInformation>
    <info name="bucketName" value="database-services"/>
    <info name="workflow.icon" value="/automation-dashboard/styles/patterns/img/wf-icons/cassandra.png"/>
    <info name="Documentation" value="PCA/PCAUserGuide.html"/>
    <info name="group" value="public-objects"/>
  </genericInformation>
  <taskFlow>
    <task name="Start_Cassandra" 
    
    onTaskError="cancelJob" >
      <description>
        <![CDATA[ Start the Cassandra server as a service. ]]>
      </description>
      <variables>
        <variable name="SERVICE_ID" value="Cassandra" inherited="false" />
        <variable name="INSTANCE_NAME" value="cassandra-server" inherited="false" />
        <variable name="ENV_VARS" value="" inherited="false" />
      </variables>
      <genericInformation>
        <info name="task.icon" value="/automation-dashboard/styles/patterns/img/wf-icons/cassandra.png"/>
        <info name="task.documentation" value="PCA/PCAUserGuide.html"/>
      </genericInformation>
      <scriptExecutable>
        <script>
          <file url="${PA_CATALOG_REST_URL}/buckets/cloud-automation-scripts/resources/Service_Start/raw" language="groovy">
            <arguments>
              <argument value="ENV_VARS"/>
            </arguments>
          </file>
        </script>
      </scriptExecutable>
      <controlFlow block="none"></controlFlow>
    </task>
  </taskFlow>
  <metadata>
    <visualization>
      <![CDATA[ <html><head><link rel="stylesheet" href="/studio/styles/studio-standalone.css"><style>
        #workflow-designer {
            left:0 !important;
            top:0 !important;
            width:2854px;
            height:3248px;
            }
        </style></head><body><div id="workflow-visualization-view"><div id="workflow-visualization" style="position:relative;top:-250px;left:-636px"><div class="task _jsPlumb_endpoint_anchor_ ui-draggable active-task" id="jsPlumb_1_1717" style="top: 255px; left: 641px;"><a class="task-name"><img src="/automation-dashboard/styles/patterns/img/wf-icons/cassandra.png" width="20px">&nbsp;<span class="name">Start_Cassandra</span></a></div><div class="_jsPlumb_endpoint source-endpoint dependency-source-endpoint connected _jsPlumb_endpoint_anchor_ ui-draggable ui-droppable" style="position: absolute; height: 20px; width: 20px; left: 686px; top: 285px;"><svg style="position:absolute;left:0px;top:0px" width="20" height="20" pointer-events="all" position="absolute" version="1.1"
      xmlns="http://www.w3.org/1999/xhtml"><circle cx="10" cy="10" r="10" version="1.1"
      xmlns="http://www.w3.org/1999/xhtml" fill="#666" stroke="none" style=""></circle></svg></div></div></div></body></html>
 ]]>
    </visualization>
  </metadata>
</job>