<?xml version="1.0" encoding="UTF-8"?>
<job
  xmlns:xsi="http://www.w3.org/2001/XMLSchema-instance"
  xmlns="urn:proactive:jobdescriptor:3.11" xsi:schemaLocation="urn:proactive:jobdescriptor:3.11 http://www.activeeon.com/public_content/schemas/proactive/jobdescriptor/3.11/schedulerjob.xsd"  name="MySQL_Database_Interaction" projectName="MySQL Workflows" priority="normal" onTaskError="continueJobExecution"  maxNumberOfExecution="2" >
  <variables>
    <variable name="USER" value="demo" />
    <variable name="PASSWORD" value="demo" />
    <variable name="DATABASE" value="demo" />
  </variables>
  <description>
    <![CDATA[ This workflow shows how to use PCA to ease deployment of service dependencies and interact with a MySQL database. It is a complete example putting together the use of
1) a PCA service to create a MySQL database and,
2) a mysql connector from data-connectors bucket to interact with this database along with its tow modes: Import and Export. ]]>
  </description>
  <genericInformation>
    <info name="bucketName" value="database-services"/>
    <info name="workflow.icon" value="/automation-dashboard/styles/patterns/img/wf-icons/mysql.png"/>
    <info name="Documentation" value="user/ProActiveUserGuide.html#_sql"/>
    <info name="group" value="public-objects"/>
  </genericInformation>
  <taskFlow>
    <task name="Import_from_MySQL" >
      <description>
        <![CDATA[ This task allows to import data from MySQL database.
It requires the following third-party credential:  {key: mysql://<username>@<host>:<port>, value: MYSQL_PASSWORD}. Please refer to the User documentation to learn how to add third-party credentials.
It uses the following variables:
SQL_QUERY (required) is the user's sql query.
OUTPUT_FILE (optional) is a relative path in the data space used to save the results in a CSV file.
OUTPUT_TYPE (optional) if set to HTML, it allows to preview the results in Scheduler Portal in an HTML format. Default is HTML ]]>
      </description>
      <variables>
        <variable name="SQL_QUERY" value="SELECT * FROM diabetes" inherited="false" />
        <variable name="OUTPUT_FILE" value="" inherited="false" />
        <variable name="OUTPUT_TYPE" value="HTML" inherited="false" model="PA:List(CSV,HTML)"/>
      </variables>
      <genericInformation>
        <info name="task.icon" value="/automation-dashboard/styles/patterns/img/wf-icons/mysql.png"/>
        <info name="task.documentation" value="http://doc.activeeon.com/latest/user/ProActiveUserGuide.html#_sql"/>
      </genericInformation>
      <depends>
        <task ref="Export_to_MySQL"/>
      </depends>
      <forkEnvironment javaHome="/usr" >
        <envScript>
          <script>
            <file language="groovy" url="${PA_CATALOG_REST_URL}/buckets/scripts/resources/fork_env_docker_dlm3/raw"/>
          </script>
        </envScript>
      </forkEnvironment>
      <scriptExecutable>
        <script>
          <file url="${PA_CATALOG_REST_URL}/buckets/data-connector-scripts/resources/ImportFromSqlDB/raw" language="cpython">
            <arguments>
              <argument value="mysql"/>
            </arguments>
          </file>
        </script>
      </scriptExecutable>
      <outputFiles>
        <files  includes="$OUTPUT_FILE" accessMode="transferToGlobalSpace"/>
      </outputFiles>
    </task>
    <task name="Export_to_MySQL" >
      <description>
        <![CDATA[ This task allows to export data to MySQL database.
It requires the following third-party credential: {key: mysql://<username>@<host>:<port>, value: MYSQL_PASSWORD}. Please refer to the User documentation to learn how to add third-party credentials.
It uses the following variables:
TABLE (required) is the table name.
INSERT_MODE (required) indicates the behavior to follow when the table exists in the database amongst:
. fail: If table exists, do nothing.
. replace: If table exists, drop it, recreate it, and insert data.
. append: (default) If table exists, insert data. Create if does not exist.
INPUT_FILE (required) is the relative path in the data space of the CSV file that contains data to be imported. The string could also be a URL. Valid URL schemes include http, ftp, s3, and file. ]]>
      </description>
      <variables>
        <variable name="TABLE" value="diabetes" inherited="false" />
        <variable name="INSERT_MODE" value="append" inherited="false" model="PA:LIST(fail, replace, append)"/>
        <variable name="INPUT_FILE" value="pima-indians-diabetes.csv" inherited="false" />
      </variables>
      <genericInformation>
        <info name="task.icon" value="/automation-dashboard/styles/patterns/img/wf-icons/mysql.png"/>
        <info name="task.documentation" value="http://doc.activeeon.com/latest/user/ProActiveUserGuide.html#_sql"/>
      </genericInformation>
      <depends>
        <task ref="Parse_Endpoint"/>
      </depends>
      <inputFiles>
        <files  includes="$INPUT_FILE" accessMode="transferFromGlobalSpace"/>
      </inputFiles>
      <forkEnvironment javaHome="/usr" >
        <envScript>
          <script>
            <file language="groovy" url="${PA_CATALOG_REST_URL}/buckets/scripts/resources/fork_env_docker_dlm3/raw"/>
          </script>
        </envScript>
      </forkEnvironment>
      <scriptExecutable>
        <script>
          <file url="${PA_CATALOG_REST_URL}/buckets/data-connector-scripts/resources/ExportToSqlDB/raw" language="cpython">
            <arguments>
              <argument value="mysql"/>
            </arguments>
          </file>
        </script>
      </scriptExecutable>
      <controlFlow block="none"></controlFlow>
    </task>
    <task name="Parse_Endpoint" >
      <description>
        <![CDATA[ This task aims to parse PCA endpoint in order to retrieve a HOST and a PORT number to use them as an input in the data connector tasks. ]]>
      </description>
      <depends>
        <task ref="Start_MySQL"/>
      </depends>
      <scriptExecutable>
        <script>
          <file url="${PA_CATALOG_REST_URL}/buckets/data-connector-scripts/resources/ParseEndpoint/raw" language="groovy">
            <arguments>
              <argument value="mysql"/>
            </arguments>
          </file>
        </script>
      </scriptExecutable>
    </task>
    <task name="Start_MySQL" onTaskError="cancelJob" >
      <description>
        <![CDATA[ Start the MySQL server as a service. ]]>
      </description>
      <variables>
        <variable name="SERVICE_ID" value="MySQL" inherited="false" />
        <variable name="INSTANCE_NAME" value="mysql-server" inherited="false" />
        <variable name="DATABASE" value="" inherited="true" />
        <variable name="USER" value="" inherited="true" />
        <variable name="PASSWORD" value="" inherited="true" />
      </variables>
      <genericInformation>
        <info name="task.icon" value="/automation-dashboard/styles/patterns/img/wf-icons/mysql.png"/>
        <info name="task.documentation" value="PCA/PCAUserGuide.html"/>
      </genericInformation>
      <scriptExecutable>
        <script>
          <file url="${PA_CATALOG_REST_URL}/buckets/cloud-automation-scripts/resources/Service_Start/raw" language="groovy">
            <arguments>
              <argument value="DATABASE"/>
              <argument value="USER"/>
              <argument value="PASSWORD"/>
            </arguments>
          </file>
        </script>
      </scriptExecutable>
      <controlFlow block="none"></controlFlow>
    </task>
    <task name="MySQL_Service_Action" onTaskError="cancelJob" >
      <variables>
        <variable name="INSTANCE_ID" value="" inherited="false" />
        <variable name="INSTANCE_NAME" value="mysql-server" inherited="false" />
        <variable name="ACTION" value="Finish_MySQL" inherited="false" model="PA:LIST(Pause_MySQL, Resume_MySQL, Finish_MySQL)"/>
      </variables>
      <genericInformation>
        <info name="task.icon" value="/automation-dashboard/styles/patterns/img/wf-icons/mysql.png"/>
        <info name="task.documentation" value="PCA/PCAUserGuide.html"/>
      </genericInformation>
      <depends>
        <task ref="Import_from_MySQL"/>
      </depends>
      <scriptExecutable>
        <script>
          <file url="${PA_CATALOG_REST_URL}/buckets/cloud-automation-scripts/resources/Service_Action/raw" language="groovy"></file>
        </script>
      </scriptExecutable>
      <controlFlow block="none"></controlFlow>
    </task>
  </taskFlow>
  <metadata>
    <visualization>
      <![CDATA[ <html><head><link rel="stylesheet" href="/studio/styles/studio-standalone.css"><style>
        #workflow-designer {
            left:0 !important;
            top:0 !important;
            width:2864px;
            height:3304px;
            }
        </style></head><body><div id="workflow-visualization-view"><div id="workflow-visualization" style="position:relative;top:-178px;left:-613px"><div class="task ui-draggable _jsPlumb_endpoint_anchor_ active-task" id="jsPlumb_1_487" style="top: 567px; left: 619px;"><a class="task-name"><img src="/automation-dashboard/styles/patterns/img/wf-icons/mysql.png" width="20px">&nbsp;<span class="name">Import_from_MySQL</span></a></div><div class="task ui-draggable _jsPlumb_endpoint_anchor_" id="jsPlumb_1_490" style="top: 439px; left: 618px;"><a class="task-name"><img src="/automation-dashboard/styles/patterns/img/wf-icons/mysql.png" width="20px">&nbsp;<span class="name">Export_to_MySQL</span></a></div><div class="task ui-draggable _jsPlumb_endpoint_anchor_" id="jsPlumb_1_493" style="top: 311px; left: 619px;"><a class="task-name"><img src="/studio/images/Groovy.png" width="20px">&nbsp;<span class="name">Parse_Endpoint</span></a></div><div class="task _jsPlumb_endpoint_anchor_ ui-draggable" id="jsPlumb_1_496" style="top: 183px; left: 619px;"><a class="task-name"><img src="/automation-dashboard/styles/patterns/img/wf-icons/mysql.png" width="20px">&nbsp;<span class="name">Start_MySQL</span></a></div><div class="task ui-draggable _jsPlumb_endpoint_anchor_" id="jsPlumb_1_499" style="top: 695px; left: 619px;"><a class="task-name"><img src="/automation-dashboard/styles/patterns/img/wf-icons/mysql.png" width="20px">&nbsp;<span class="name">MySQL_Service_Action</span></a></div><svg style="position:absolute;left:666px;top:478.5px" width="27.5" height="89" pointer-events="none" position="absolute" version="1.1"
      xmlns="http://www.w3.org/1999/xhtml" class="_jsPlumb_connector "><path d="M 6.5 88 C 16.5 38 -10 50 0 0 " transform="translate(10.5,0.5)" pointer-events="visibleStroke" version="1.1"
      xmlns="http://www.w3.org/1999/xhtml" fill="none" stroke="#666" style=""></path><path pointer-events="all" version="1.1"
      xmlns="http://www.w3.org/1999/xhtml" d="M8.787796875,66.78168750000002 L13.502214816791486,46.123171980483264 L7.218760132881903,52.86988949607962 L-0.4095831871289066,47.692208722601364 L8.787796875,66.78168750000002" class="" stroke="#666" fill="#666" transform="translate(10.5,0.5)"></path><path pointer-events="all" version="1.1"
      xmlns="http://www.w3.org/1999/xhtml" d="M8.787796875,66.78168750000002 L13.502214816791486,46.123171980483264 L7.218760132881903,52.86988949607962 L-0.4095831871289066,47.692208722601364 L8.787796875,66.78168750000002" class="" stroke="#666" fill="#666" transform="translate(10.5,0.5)"></path></svg><svg style="position:absolute;left:661.5px;top:350.5px" width="25.5" height="89" pointer-events="none" position="absolute" version="1.1"
      xmlns="http://www.w3.org/1999/xhtml" class="_jsPlumb_connector "><path d="M 4.5 88 C 14.5 38 -10 50 0 0 " transform="translate(10.5,0.5)" pointer-events="visibleStroke" version="1.1"
      xmlns="http://www.w3.org/1999/xhtml" fill="none" stroke="#666" style=""></path><path pointer-events="all" version="1.1"
      xmlns="http://www.w3.org/1999/xhtml" d="M6.950109375,66.78168750000002 L12.19383263091469,46.25114034666338 L5.739082405354392,52.834163932040326 L-1.7536909370449987,47.46216731630898 L6.950109375,66.78168750000002" class="" stroke="#666" fill="#666" transform="translate(10.5,0.5)"></path><path pointer-events="all" version="1.1"
      xmlns="http://www.w3.org/1999/xhtml" d="M6.950109375,66.78168750000002 L12.19383263091469,46.25114034666338 L5.739082405354392,52.834163932040326 L-1.7536909370449987,47.46216731630898 L6.950109375,66.78168750000002" class="" stroke="#666" fill="#666" transform="translate(10.5,0.5)"></path></svg><svg style="position:absolute;left:658.5px;top:222.5px" width="24" height="89" pointer-events="none" position="absolute" version="1.1"
      xmlns="http://www.w3.org/1999/xhtml" class="_jsPlumb_connector "><path d="M 3 88 C 13 38 -10 50 0 0 " transform="translate(10.5,0.5)" pointer-events="visibleStroke" version="1.1"
      xmlns="http://www.w3.org/1999/xhtml" fill="none" stroke="#666" style=""></path><path pointer-events="all" version="1.1"
      xmlns="http://www.w3.org/1999/xhtml" d="M5.571843749999999,66.78168750000002 L11.211873765446198,46.35645649947359 L4.630943452167807,52.813340903872785 L-2.7564728306810355,47.297356797305774 L5.571843749999999,66.78168750000002" class="" stroke="#666" fill="#666" transform="translate(10.5,0.5)"></path><path pointer-events="all" version="1.1"
      xmlns="http://www.w3.org/1999/xhtml" d="M5.571843749999999,66.78168750000002 L11.211873765446198,46.35645649947359 L4.630943452167807,52.813340903872785 L-2.7564728306810355,47.297356797305774 L5.571843749999999,66.78168750000002" class="" stroke="#666" fill="#666" transform="translate(10.5,0.5)"></path></svg><svg style="position:absolute;left:672.5px;top:606.5px" width="27" height="89" pointer-events="none" position="absolute" version="1.1"
      xmlns="http://www.w3.org/1999/xhtml" class="_jsPlumb_connector "><path d="M 6 88 C 16 38 -10 50 0 0 " transform="translate(10.5,0.5)" pointer-events="visibleStroke" version="1.1"
      xmlns="http://www.w3.org/1999/xhtml" fill="none" stroke="#666" style=""></path><path pointer-events="all" version="1.1"
      xmlns="http://www.w3.org/1999/xhtml" d="M8.328375,66.78168750000002 L13.175164621094911,46.153826962153474 L6.848577140751924,52.86011437424426 L-0.7464085046608426,47.633624821401554 L8.328375,66.78168750000002" class="" stroke="#666" fill="#666" transform="translate(10.5,0.5)"></path><path pointer-events="all" version="1.1"
      xmlns="http://www.w3.org/1999/xhtml" d="M8.328375,66.78168750000002 L13.175164621094911,46.153826962153474 L6.848577140751924,52.86011437424426 L-0.7464085046608426,47.633624821401554 L8.328375,66.78168750000002" class="" stroke="#666" fill="#666" transform="translate(10.5,0.5)"></path></svg><div class="_jsPlumb_endpoint source-endpoint dependency-source-endpoint connected _jsPlumb_endpoint_anchor_ ui-draggable ui-droppable _jsPlumb_endpoint_connected" style="position: absolute; height: 20px; width: 20px; left: 673px; top: 597px;"><svg style="position:absolute;left:0px;top:0px" width="20" height="20" pointer-events="all" position="absolute" version="1.1"
      xmlns="http://www.w3.org/1999/xhtml"><circle cx="10" cy="10" r="10" version="1.1"
      xmlns="http://www.w3.org/1999/xhtml" fill="#666" stroke="none" style=""></circle></svg></div><div class="_jsPlumb_endpoint target-endpoint dependency-target-endpoint _jsPlumb_endpoint_anchor_ ui-draggable ui-droppable _jsPlumb_endpoint_connected" style="position: absolute; height: 20px; width: 20px; left: 673px; top: 557px;"><svg style="position:absolute;left:0px;top:0px" width="20" height="20" pointer-events="all" position="absolute" version="1.1"
      xmlns="http://www.w3.org/1999/xhtml"><circle cx="10" cy="10" r="10" version="1.1"
      xmlns="http://www.w3.org/1999/xhtml" fill="#666" stroke="none" style=""></circle></svg></div><div class="_jsPlumb_endpoint source-endpoint dependency-source-endpoint connected _jsPlumb_endpoint_anchor_ ui-draggable ui-droppable _jsPlumb_endpoint_connected" style="position: absolute; height: 20px; width: 20px; left: 666.5px; top: 469px;"><svg style="position:absolute;left:0px;top:0px" width="20" height="20" pointer-events="all" position="absolute" version="1.1"
      xmlns="http://www.w3.org/1999/xhtml"><circle cx="10" cy="10" r="10" version="1.1"
      xmlns="http://www.w3.org/1999/xhtml" fill="#666" stroke="none" style=""></circle></svg></div><div class="_jsPlumb_endpoint target-endpoint dependency-target-endpoint _jsPlumb_endpoint_anchor_ ui-draggable ui-droppable _jsPlumb_endpoint_connected" style="position: absolute; height: 20px; width: 20px; left: 666.5px; top: 429px;"><svg style="position:absolute;left:0px;top:0px" width="20" height="20" pointer-events="all" position="absolute" version="1.1"
      xmlns="http://www.w3.org/1999/xhtml"><circle cx="10" cy="10" r="10" version="1.1"
      xmlns="http://www.w3.org/1999/xhtml" fill="#666" stroke="none" style=""></circle></svg></div><div class="_jsPlumb_endpoint source-endpoint dependency-source-endpoint connected _jsPlumb_endpoint_anchor_ ui-draggable ui-droppable _jsPlumb_endpoint_connected" style="position: absolute; height: 20px; width: 20px; left: 662px; top: 341px;"><svg style="position:absolute;left:0px;top:0px" width="20" height="20" pointer-events="all" position="absolute" version="1.1"
      xmlns="http://www.w3.org/1999/xhtml"><circle cx="10" cy="10" r="10" version="1.1"
      xmlns="http://www.w3.org/1999/xhtml" fill="#666" stroke="none" style=""></circle></svg></div><div class="_jsPlumb_endpoint target-endpoint dependency-target-endpoint _jsPlumb_endpoint_anchor_ ui-draggable ui-droppable _jsPlumb_endpoint_connected" style="position: absolute; height: 20px; width: 20px; left: 662px; top: 301px;"><svg style="position:absolute;left:0px;top:0px" width="20" height="20" pointer-events="all" position="absolute" version="1.1"
      xmlns="http://www.w3.org/1999/xhtml"><circle cx="10" cy="10" r="10" version="1.1"
      xmlns="http://www.w3.org/1999/xhtml" fill="#666" stroke="none" style=""></circle></svg></div><div class="_jsPlumb_endpoint source-endpoint dependency-source-endpoint connected _jsPlumb_endpoint_anchor_ ui-draggable ui-droppable _jsPlumb_endpoint_connected" style="position: absolute; height: 20px; width: 20px; left: 659px; top: 213px;"><svg style="position:absolute;left:0px;top:0px" width="20" height="20" pointer-events="all" position="absolute" version="1.1"
      xmlns="http://www.w3.org/1999/xhtml"><circle cx="10" cy="10" r="10" version="1.1"
      xmlns="http://www.w3.org/1999/xhtml" fill="#666" stroke="none" style=""></circle></svg></div><div class="_jsPlumb_endpoint source-endpoint dependency-source-endpoint connected _jsPlumb_endpoint_anchor_ ui-draggable ui-droppable" style="position: absolute; height: 20px; width: 20px; left: 679px; top: 725px;"><svg style="position:absolute;left:0px;top:0px" width="20" height="20" pointer-events="all" position="absolute" version="1.1"
      xmlns="http://www.w3.org/1999/xhtml"><circle cx="10" cy="10" r="10" version="1.1"
      xmlns="http://www.w3.org/1999/xhtml" fill="#666" stroke="none" style=""></circle></svg></div><div class="_jsPlumb_endpoint target-endpoint dependency-target-endpoint _jsPlumb_endpoint_anchor_ ui-draggable ui-droppable _jsPlumb_endpoint_connected" style="position: absolute; height: 20px; width: 20px; left: 679px; top: 685px;"><svg style="position:absolute;left:0px;top:0px" width="20" height="20" pointer-events="all" position="absolute" version="1.1"
      xmlns="http://www.w3.org/1999/xhtml"><circle cx="10" cy="10" r="10" version="1.1"
      xmlns="http://www.w3.org/1999/xhtml" fill="#666" stroke="none" style=""></circle></svg></div></div></div></body></html>
 ]]>
    </visualization>
  </metadata>
</job>