<?xml version="1.0" encoding="UTF-8"?>
<job
  xmlns:xsi="http://www.w3.org/2001/XMLSchema-instance"
  xmlns="urn:proactive:jobdescriptor:3.11" xsi:schemaLocation="urn:proactive:jobdescriptor:3.11 http://www.activeeon.com/public_content/schemas/proactive/jobdescriptor/3.11/schedulerjob.xsd"  name="Oracle_Database_Interaction" projectName="Oracle Workflows" priority="normal" onTaskError="continueJobExecution"  maxNumberOfExecution="2" >
  <variables>
    <variable name="ENV_VARS" value="" />
    <variable name="DATABASE" value="xe" />
    <variable name="USER" value="system" />
  </variables>
  <description>
    <![CDATA[ This workflow shows how to deploy and use a PCA Oracle service.
It demonstrates how to start a Oracle database server using the PCA client API, export and import data from the database then stop the service. ]]>
  </description>
  <genericInformation>
    <info name="bucketName" value="database-services"/>
    <info name="workflow.icon" value="/automation-dashboard/styles/patterns/img/wf-icons/oracle.png"/>
    <info name="Documentation" value="user/ProActiveUserGuide.html#_sql"/>
    <info name="group" value="public-objects"/>
  </genericInformation>
  <taskFlow>
    <task name="Parse_Endpoint" >
      <description>
        <![CDATA[ This task aims to parse PCA endpoint in order to retrieve a HOST and a PORT number to use them as an input in the data connector tasks. ]]>
      </description>
      <depends>
        <task ref="Start_Oracle"/>
      </depends>
      <scriptExecutable>
        <script>
          <file url="${PA_CATALOG_REST_URL}/buckets/data-connector-scripts/resources/ParseEndpoint/raw" language="groovy">
            <arguments>
              <argument value="oracle"/>
            </arguments>
          </file>
        </script>
      </scriptExecutable>
    </task>
    <task name="Start_Oracle" 
    
    onTaskError="cancelJob" >
      <description>
        <![CDATA[ Start the Oracle server as a service. ]]>
      </description>
      <variables>
        <variable name="SERVICE_ID" value="Oracle" inherited="false" />
        <variable name="INSTANCE_NAME" value="oracle-server" inherited="false" />
        <variable name="ENV_VARS" value="" inherited="false" />
      </variables>
      <genericInformation>
        <info name="task.icon" value="/automation-dashboard/styles/patterns/img/wf-icons/oracle.png"/>
        <info name="task.documentation" value="PCA/PCAUserGuide.html"/>
      </genericInformation>
      <scriptExecutable>
        <script>
          <file url="${PA_CATALOG_REST_URL}/buckets/cloud-automation-scripts/resources/Service_Start/raw" language="groovy">
            <arguments>
              <argument value="ENV_VARS"/>
            </arguments>
          </file>
        </script>
      </scriptExecutable>
      <controlFlow block="none"></controlFlow>
    </task>
    <task name="import_from_oracle" >
      <description>
        <![CDATA[ Load data from an Oracle SQL database.
It requires the following third-party credential: {key: oracle://<username>@<host>:<port>, value: ORACLE_PASSWORD}. Please refer to the User documentation to learn how to add third-party credentials.
It uses the following variables:
SQL_QUERY (required) is the user's sql query.
OUTPUT_FILE (optional) is a relative path in the data space used to save the results in a CSV file.
OUTPUT_TYPE (optional) if set to HTML, it allows to preview the results in Scheduler Portal in an HTML format. Default is HTML. ]]>
      </description>
      <variables>
        <variable name="SQL_QUERY" value="select * from diabetes" inherited="false" />
        <variable name="OUTPUT_FILE" value="" inherited="false" />
        <variable name="OUTPUT_TYPE" value="HTML" inherited="false" model="PA:List(CSV,HTML)"/>
      </variables>
      <genericInformation>
        <info name="task.icon" value="/automation-dashboard/styles/patterns/img/wf-icons/oracle.png"/>
        <info name="task.documentation" value="user/ProActiveUserGuide.html#_sql"/>
      </genericInformation>
      <depends>
        <task ref="Export_to_oracle"/>
      </depends>
      <forkEnvironment javaHome="/usr" >
        <envScript>
          <script>
            <file language="groovy" url="${PA_CATALOG_REST_URL}/buckets/scripts/resources/fork_env_docker_dlm3/raw"/>
          </script>
        </envScript>
      </forkEnvironment>
      <scriptExecutable>
        <script>
          <file url="${PA_CATALOG_REST_URL}/buckets/data-connector-scripts/resources/ImportFromSqlDB/raw" language="cpython">
            <arguments>
              <argument value="oracle"/>
            </arguments>
          </file>
        </script>
      </scriptExecutable>
      <outputFiles>
        <files  includes="$OUTPUT_FILE" accessMode="transferToGlobalSpace"/>
      </outputFiles>
    </task>
    <task name="Export_to_oracle" >
      <description>
        <![CDATA[ This task allows to export data to Oracle database.
It requires the following third-party credential: {key: oracle://<username>@<host>:<port>, value: ORACLE_PASSWORD}. Please refer to the User documentation to learn how to add third-party credentials.
It uses the following variables: 
TABLE (required) is the table name.
INSERT_MODE (required) indicates the behavior to follow when the table exists in the database amongst:
. fail: If table exists, do nothing.
. replace: If table exists, drop it, recreate it, and insert data.
. append: (default) If table exists, insert data. Create if does not exist.
INPUT_FILE (required) is the relative path in the data space of the CSV file that contains data to be imported. The string could also be a URL. Valid URL schemes include http, ftp, s3, and file. ]]>
      </description>
      <variables>
        <variable name="TABLE" value="diabetes" inherited="false" />
        <variable name="INSERT_MODE" value="append" inherited="false" model="PA:LIST(fail, replace, append)"/>
        <variable name="INPUT_FILE" value="pima-indians-diabetes.csv" inherited="false" />
      </variables>
      <genericInformation>
        <info name="task.icon" value="/automation-dashboard/styles/patterns/img/wf-icons/oracle.png"/>
        <info name="task.documentation" value="user/ProActiveUserGuide.html#_sql"/>
      </genericInformation>
      <depends>
        <task ref="Parse_Endpoint"/>
      </depends>
      <inputFiles>
        <files  includes="$INPUT_FILE" accessMode="transferFromGlobalSpace"/>
      </inputFiles>
      <forkEnvironment javaHome="/usr" >
        <envScript>
          <script>
            <file language="groovy" url="${PA_CATALOG_REST_URL}/buckets/scripts/resources/fork_env_docker_dlm3/raw"/>
          </script>
        </envScript>
      </forkEnvironment>
      <scriptExecutable>
        <script>
          <file url="${PA_CATALOG_REST_URL}/buckets/data-connector-scripts/resources/ExportToSqlDB/raw" language="cpython">
            <arguments>
              <argument value="oracle"/>
            </arguments>
          </file>
        </script>
      </scriptExecutable>
    </task>
    <task name="Oracle_Service_Action" 
    
    onTaskError="cancelJob" >
      <variables>
        <variable name="INSTANCE_ID" value="" inherited="false" />
        <variable name="INSTANCE_NAME" value="oracle-server" inherited="false" />
        <variable name="ACTION" value="Finish_Oracle" inherited="false" model="PA:LIST(Pause_Oracle, Resume_Oracle, Finish_Oracle)"/>
      </variables>
      <genericInformation>
        <info name="task.icon" value="/automation-dashboard/styles/patterns/img/wf-icons/oracle.png"/>
        <info name="task.documentation" value="PCA/PCAUserGuide.html"/>
      </genericInformation>
      <depends>
        <task ref="import_from_oracle"/>
      </depends>
      <scriptExecutable>
        <script>
          <file url="${PA_CATALOG_REST_URL}/buckets/cloud-automation-scripts/resources/Service_Action/raw" language="groovy"></file>
        </script>
      </scriptExecutable>
      <controlFlow block="none"></controlFlow>
    </task>
  </taskFlow>
  <metadata>
    <visualization>
      <![CDATA[ <html><head><link rel="stylesheet" href="/studio/styles/studio-standalone.css"><style>
        #workflow-designer {
            left:0 !important;
            top:0 !important;
            width:2864px;
            height:3304px;
            }
        </style></head><body><div id="workflow-visualization-view"><div id="workflow-visualization" style="position:relative;top:-202.5px;left:-616.25px"><div class="task ui-draggable _jsPlumb_endpoint_anchor_" id="jsPlumb_1_352" style="top: 336.5px; left: 621.25px;"><a class="task-name"><img src="/studio/images/Groovy.png" width="20px">&nbsp;<span class="name">Parse_Endpoint</span></a></div><div class="task _jsPlumb_endpoint_anchor_ ui-draggable" id="jsPlumb_1_355" style="top: 207.5px; left: 621.25px;"><a class="task-name"><img src="/automation-dashboard/styles/patterns/img/wf-icons/oracle.png" width="20px">&nbsp;<span class="name">Start_Oracle</span></a></div><div class="task ui-draggable _jsPlumb_endpoint_anchor_" id="jsPlumb_1_358" style="top: 591.5px; left: 621.25px;"><a class="task-name"><img src="/automation-dashboard/styles/patterns/img/wf-icons/oracle.png" width="20px">&nbsp;<span class="name">import_from_oracle</span></a></div><div class="task ui-draggable _jsPlumb_endpoint_anchor_" id="jsPlumb_1_361" style="top: 463.5px; left: 621.25px;"><a class="task-name"><img src="/automation-dashboard/styles/patterns/img/wf-icons/oracle.png" width="20px">&nbsp;<span class="name">Export_to_oracle</span></a></div><div class="task ui-draggable _jsPlumb_endpoint_anchor_" id="jsPlumb_1_364" style="top: 719.5px; left: 621.25px;"><a class="task-name"><img src="/automation-dashboard/styles/patterns/img/wf-icons/oracle.png" width="20px">&nbsp;<span class="name">Oracle_Service_Action</span></a></div><svg style="position:absolute;left:660.5px;top:247.5px" width="24" height="90" pointer-events="none" position="absolute" version="1.1"
      xmlns="http://www.w3.org/1999/xhtml" class="_jsPlumb_connector "><path d="M 3 89 C 13 39 -10 50 0 0 " transform="translate(10.5,0.5)" pointer-events="visibleStroke" version="1.1"
      xmlns="http://www.w3.org/1999/xhtml" fill="none" stroke="#666" style=""></path><path pointer-events="all" version="1.1"
      xmlns="http://www.w3.org/1999/xhtml" d="M5.577312,67.21769599999999 L11.15879434578665,46.77638843850403 L4.596391990631754,53.2521027102317 L-2.8067989439816383,47.757308447872276 L5.577312,67.21769599999999" class="" stroke="#666" fill="#666" transform="translate(10.5,0.5)"></path><path pointer-events="all" version="1.1"
      xmlns="http://www.w3.org/1999/xhtml" d="M5.577312,67.21769599999999 L11.15879434578665,46.77638843850403 L4.596391990631754,53.2521027102317 L-2.8067989439816383,47.757308447872276 L5.577312,67.21769599999999" class="" stroke="#666" fill="#666" transform="translate(10.5,0.5)"></path></svg><svg style="position:absolute;left:666px;top:503.5px" width="26" height="89" pointer-events="none" position="absolute" version="1.1"
      xmlns="http://www.w3.org/1999/xhtml" class="_jsPlumb_connector "><path d="M 5 88 C 15 38 -10 50 0 0 " transform="translate(10.5,0.5)" pointer-events="visibleStroke" version="1.1"
      xmlns="http://www.w3.org/1999/xhtml" fill="none" stroke="#666" style=""></path><path pointer-events="all" version="1.1"
      xmlns="http://www.w3.org/1999/xhtml" d="M7.409531250000001,66.78168750000002 L12.520990380459518,46.21781175738666 L6.108748919827519,52.84224829573104 L-1.4184488238094648,47.518594087559144 L7.409531250000001,66.78168750000002" class="" stroke="#666" fill="#666" transform="translate(10.5,0.5)"></path><path pointer-events="all" version="1.1"
      xmlns="http://www.w3.org/1999/xhtml" d="M7.409531250000001,66.78168750000002 L12.520990380459518,46.21781175738666 L6.108748919827519,52.84224829573104 L-1.4184488238094648,47.518594087559144 L7.409531250000001,66.78168750000002" class="" stroke="#666" fill="#666" transform="translate(10.5,0.5)"></path></svg><svg style="position:absolute;left:663.5px;top:376.5px" width="23.5" height="88" pointer-events="none" position="absolute" version="1.1"
      xmlns="http://www.w3.org/1999/xhtml" class="_jsPlumb_connector "><path d="M 2.5 87 C 12.5 37 -10 50 0 0 " transform="translate(10.5,0.5)" pointer-events="visibleStroke" version="1.1"
      xmlns="http://www.w3.org/1999/xhtml" fill="none" stroke="#666" style=""></path><path pointer-events="all" version="1.1"
      xmlns="http://www.w3.org/1999/xhtml" d="M5.112421874999999,65.86284375000001 L10.868076105431243,45.469892899774365 L4.250671320876691,51.88939084878521 L-3.1053767957835525,46.33164345389767 L5.112421874999999,65.86284375000001" class="" stroke="#666" fill="#666" transform="translate(10.5,0.5)"></path><path pointer-events="all" version="1.1"
      xmlns="http://www.w3.org/1999/xhtml" d="M5.112421874999999,65.86284375000001 L10.868076105431243,45.469892899774365 L4.250671320876691,51.88939084878521 L-3.1053767957835525,46.33164345389767 L5.112421874999999,65.86284375000001" class="" stroke="#666" fill="#666" transform="translate(10.5,0.5)"></path></svg><svg style="position:absolute;left:671px;top:631.5px" width="29" height="89" pointer-events="none" position="absolute" version="1.1"
      xmlns="http://www.w3.org/1999/xhtml" class="_jsPlumb_connector "><path d="M 8 88 C 18 38 -10 50 0 0 " transform="translate(10.5,0.5)" pointer-events="visibleStroke" version="1.1"
      xmlns="http://www.w3.org/1999/xhtml" fill="none" stroke="#666" style=""></path><path pointer-events="all" version="1.1"
      xmlns="http://www.w3.org/1999/xhtml" d="M10.149632,66.303232 L14.370633382220372,45.538282028201515 L8.249666052974282,52.43275510120006 L0.5001564834204357,47.438247975227235 L10.149632,66.303232" class="" stroke="#666" fill="#666" transform="translate(10.5,0.5)"></path><path pointer-events="all" version="1.1"
      xmlns="http://www.w3.org/1999/xhtml" d="M10.149632,66.303232 L14.370633382220372,45.538282028201515 L8.249666052974282,52.43275510120006 L0.5001564834204357,47.438247975227235 L10.149632,66.303232" class="" stroke="#666" fill="#666" transform="translate(10.5,0.5)"></path></svg><div class="_jsPlumb_endpoint source-endpoint dependency-source-endpoint connected _jsPlumb_endpoint_anchor_ ui-draggable ui-droppable _jsPlumb_endpoint_connected" style="position: absolute; height: 20px; width: 20px; left: 664px; top: 367px;"><svg style="position:absolute;left:0px;top:0px" width="20" height="20" pointer-events="all" position="absolute" version="1.1"
      xmlns="http://www.w3.org/1999/xhtml"><circle cx="10" cy="10" r="10" version="1.1"
      xmlns="http://www.w3.org/1999/xhtml" fill="#666" stroke="none" style=""></circle></svg></div><div class="_jsPlumb_endpoint target-endpoint dependency-target-endpoint _jsPlumb_endpoint_anchor_ ui-draggable ui-droppable _jsPlumb_endpoint_connected" style="position: absolute; height: 20px; width: 20px; left: 664px; top: 327px;"><svg style="position:absolute;left:0px;top:0px" width="20" height="20" pointer-events="all" position="absolute" version="1.1"
      xmlns="http://www.w3.org/1999/xhtml"><circle cx="10" cy="10" r="10" version="1.1"
      xmlns="http://www.w3.org/1999/xhtml" fill="#666" stroke="none" style=""></circle></svg></div><div class="_jsPlumb_endpoint source-endpoint dependency-source-endpoint connected _jsPlumb_endpoint_anchor_ ui-draggable ui-droppable _jsPlumb_endpoint_connected" style="position: absolute; height: 20px; width: 20px; left: 661px; top: 238px;"><svg style="position:absolute;left:0px;top:0px" width="20" height="20" pointer-events="all" position="absolute" version="1.1"
      xmlns="http://www.w3.org/1999/xhtml"><circle cx="10" cy="10" r="10" version="1.1"
      xmlns="http://www.w3.org/1999/xhtml" fill="#666" stroke="none" style=""></circle></svg></div><div class="_jsPlumb_endpoint source-endpoint dependency-source-endpoint connected _jsPlumb_endpoint_anchor_ ui-draggable ui-droppable _jsPlumb_endpoint_connected" style="position: absolute; height: 20px; width: 20px; left: 671.5px; top: 622px;"><svg style="position:absolute;left:0px;top:0px" width="20" height="20" pointer-events="all" position="absolute" version="1.1"
      xmlns="http://www.w3.org/1999/xhtml"><circle cx="10" cy="10" r="10" version="1.1"
      xmlns="http://www.w3.org/1999/xhtml" fill="#666" stroke="none" style=""></circle></svg></div><div class="_jsPlumb_endpoint target-endpoint dependency-target-endpoint _jsPlumb_endpoint_anchor_ ui-draggable ui-droppable _jsPlumb_endpoint_connected" style="position: absolute; height: 20px; width: 20px; left: 671.5px; top: 582px;"><svg style="position:absolute;left:0px;top:0px" width="20" height="20" pointer-events="all" position="absolute" version="1.1"
      xmlns="http://www.w3.org/1999/xhtml"><circle cx="10" cy="10" r="10" version="1.1"
      xmlns="http://www.w3.org/1999/xhtml" fill="#666" stroke="none" style=""></circle></svg></div><div class="_jsPlumb_endpoint source-endpoint dependency-source-endpoint connected _jsPlumb_endpoint_anchor_ ui-draggable ui-droppable _jsPlumb_endpoint_connected" style="position: absolute; height: 20px; width: 20px; left: 666.5px; top: 494px;"><svg style="position:absolute;left:0px;top:0px" width="20" height="20" pointer-events="all" position="absolute" version="1.1"
      xmlns="http://www.w3.org/1999/xhtml"><circle cx="10" cy="10" r="10" version="1.1"
      xmlns="http://www.w3.org/1999/xhtml" fill="#666" stroke="none" style=""></circle></svg></div><div class="_jsPlumb_endpoint target-endpoint dependency-target-endpoint _jsPlumb_endpoint_anchor_ ui-draggable ui-droppable _jsPlumb_endpoint_connected" style="position: absolute; height: 20px; width: 20px; left: 666.5px; top: 454px;"><svg style="position:absolute;left:0px;top:0px" width="20" height="20" pointer-events="all" position="absolute" version="1.1"
      xmlns="http://www.w3.org/1999/xhtml"><circle cx="10" cy="10" r="10" version="1.1"
      xmlns="http://www.w3.org/1999/xhtml" fill="#666" stroke="none" style=""></circle></svg></div><div class="_jsPlumb_endpoint source-endpoint dependency-source-endpoint connected _jsPlumb_endpoint_anchor_ ui-draggable ui-droppable" style="position: absolute; height: 20px; width: 20px; left: 679.5px; top: 750px;"><svg style="position:absolute;left:0px;top:0px" width="20" height="20" pointer-events="all" position="absolute" version="1.1"
      xmlns="http://www.w3.org/1999/xhtml"><circle cx="10" cy="10" r="10" version="1.1"
      xmlns="http://www.w3.org/1999/xhtml" fill="#666" stroke="none" style=""></circle></svg></div><div class="_jsPlumb_endpoint target-endpoint dependency-target-endpoint _jsPlumb_endpoint_anchor_ ui-draggable ui-droppable _jsPlumb_endpoint_connected" style="position: absolute; height: 20px; width: 20px; left: 679.5px; top: 710px;"><svg style="position:absolute;left:0px;top:0px" width="20" height="20" pointer-events="all" position="absolute" version="1.1"
      xmlns="http://www.w3.org/1999/xhtml"><circle cx="10" cy="10" r="10" version="1.1"
      xmlns="http://www.w3.org/1999/xhtml" fill="#666" stroke="none" style=""></circle></svg></div></div></div></body></html>
 ]]>
    </visualization>
  </metadata>
</job>