<?xml version="1.0" encoding="UTF-8"?>
<job
  xmlns:xsi="http://www.w3.org/2001/XMLSchema-instance"
  xmlns="urn:proactive:jobdescriptor:3.11" xsi:schemaLocation="urn:proactive:jobdescriptor:3.11 http://www.activeeon.com/public_content/schemas/proactive/jobdescriptor/3.11/schedulerjob.xsd"  name="Oracle_Database_Interaction" projectName="Oracle Workflows" priority="normal" onTaskError="continueJobExecution"  maxNumberOfExecution="2" >
  <variables>
    <variable name="ENV_VARS" value="" />
    <variable name="ORACLE_DATABASE" value="xe" />
    <variable name="ORACLE_USER" value="system" />
  </variables>
  <description>
    <![CDATA[ This workflow shows how to deploy and use a PCA Oracle service.
It demonstrates how to start a Oracle database server using the PCA client API, export and import data from the database then stop the service. ]]>
  </description>
  <genericInformation>
    <info name="bucketName" value="database-services"/>
    <info name="workflow.icon" value="/automation-dashboard/styles/patterns/img/wf-icons/oracle.png"/>
    <info name="Documentation" value="https://doc.activeeon.com/latest/user/ProActiveUserGuide.html#_sql"/>
    <info name="group" value="public-objects"/>
  </genericInformation>
  <taskFlow>
    <task name="Parse_Endpoint" >
      <description>
        <![CDATA[ This task aims to parse PCA endpoint in order to retrieve a HOST and a PORT number to use them as an input in the data connector tasks. ]]>
      </description>
      <depends>
        <task ref="Start_Oracle"/>
      </depends>
      <scriptExecutable>
        <script>
          <code language="groovy">
            <![CDATA[
def endpoint = new URL(results[0].toString())
variables.put("ORACLE_HOST",endpoint.getHost())
variables.put("ORACLE_PORT",endpoint.getPort())
variables.put("ORACLE_ENV_VARS", variables.get("ENV_VARS"))
// Wait for database sever to be up and fully running.
sleep(3000)
]]>
          </code>
        </script>
      </scriptExecutable>
    </task>
    <task name="Start_Oracle" 
    
    onTaskError="cancelJob" >
      <description>
        <![CDATA[ Start the Oracle server as a service. ]]>
      </description>
      <variables>
        <variable name="SERVICE_ID" value="Oracle" inherited="false" />
        <variable name="INSTANCE_NAME" value="oracle-server" inherited="false" />
        <variable name="ENV_VARS" value="" inherited="false" />
      </variables>
      <genericInformation>
        <info name="task.icon" value="/automation-dashboard/styles/patterns/img/wf-icons/oracle.png"/>
        <info name="task.documentation" value="https://doc.activeeon.com/latest/PCA/PCAUserGuide.html"/>
      </genericInformation>
      <scriptExecutable>
        <script>
          <file url="${PA_CATALOG_REST_URL}/buckets/cloud-automation-scripts/resources/Service_Start/raw" language="groovy">
            <arguments>
              <argument value="ENV_VARS"/>
            </arguments>
          </file>
        </script>
      </scriptExecutable>
      <controlFlow block="none"></controlFlow>
    </task>
    <task name="import_from_oracle" >
      <description>
        <![CDATA[ Load data from an Oracle SQL database.
It requires the following third-party credential: {key: oracle://<username>@<host>:<port>, value: ORACLE_PASSWORD}. Please refer to the User documentation to learn how to add third-party credentials.
It uses the following variables:
$ORACLE_QUERY (required) is the user's sql query.
$OUTPUT_FILE (optional) is a relative path in the data space used to save the results in a CSV file.
$OUTPUT_TYPE (optional) if set to HTML, it allows to preview the results in Scheduler Portal in an HTML format. Default is CSV
This task uses also the task variable RMDB_DRIVER as a driver to connect to the database. The specified default driver "cx_oracle" is already provided for this task. To use another driver, make sure you have it properly installed before.
The imported data is exported in a JSON format using the variable $DATAFRAME_JSON. ]]>
      </description>
      <variables>
        <variable name="ORACLE_QUERY" value="select * from diabetes" inherited="false" />
        <variable name="OUTPUT_FILE" value="" inherited="false" />
        <variable name="OUTPUT_TYPE" value="CSV" inherited="false" model="PA:List(CSV,HTML)"/>
      </variables>
      <genericInformation>
        <info name="task.icon" value="/automation-dashboard/styles/patterns/img/wf-icons/oracle.png"/>
        <info name="task.documentation" value="https://doc.activeeon.com/latest/user/ProActiveUserGuide.html#_sql"/>
      </genericInformation>
      <depends>
        <task ref="Export_to_oracle"/>
      </depends>
      <forkEnvironment javaHome="/usr" >
        <envScript>
          <script>
            <code language="python">
              <![CDATA[
# In the Java Home location field, use the value: "/usr" to force using the JRE provided in the docker image below (Recommended).
# Be aware, that the prefix command is internally split by spaces. So paths with spaces won't work.
# Prepare Docker parameters 
containerName = 'activeeon/dlm3'
dockerRunCommand =  'docker run ' 
dockerParameters = '--rm ' 
# Prepare ProActive home volume 
paHomeHost = variables.get("PA_SCHEDULER_HOME") 
paHomeContainer = variables.get("PA_SCHEDULER_HOME") 
proActiveHomeVolume = '-v '+paHomeHost +':'+paHomeContainer+' ' 
# Prepare working directory (For Dataspaces and serialized task file) 
workspaceHost = localspace 
workspaceContainer = localspace 
workspaceVolume = '-v '+localspace +':'+localspace+' ' 
# Prepare container working directory 
containerWorkingDirectory = '-w '+workspaceContainer+' ' 
# Save pre execution command into magic variable 'preJavaHomeCmd', which is picked up by the node 
preJavaHomeCmd = dockerRunCommand + dockerParameters + proActiveHomeVolume + workspaceVolume + containerWorkingDirectory + containerName
]]>
            </code>
          </script>
        </envScript>
      </forkEnvironment>
      <scriptExecutable>
        <script>
          <file url="${PA_CATALOG_REST_URL}/buckets/data-connector-scripts/resources/ImportFromSqlDB/raw" language="cpython">
            <arguments>
              <argument value="Oracle"/>
            </arguments>
          </file>
        </script>
      </scriptExecutable>
      <outputFiles>
        <files  includes="$OUTPUT_FILE" accessMode="transferToGlobalSpace"/>
      </outputFiles>
    </task>
    <task name="Export_to_oracle" >
      <description>
        <![CDATA[ This task allows to export data to Oracle database.
It requires the following third-party credential: {key: oracle://<username>@<host>:<port>, value: ORACLE_PASSWORD}. Please refer to the User documentation to learn how to add third-party credentials.
It uses the following variables: 
$ORACLE_TABLE (required) is the table name.
$INSERT_MODE (required) indicates the behavior to follow when the table exists in the database amongst: 
. fail: If table exists, do nothing.
. replace: If table exists, drop it, recreate it, and insert data.
. append: (default) If table exists, insert data. Create if does not exist.
$INPUT_FILE (required) is the relative path in the data space of the CSV file that contains data to be imported. The string could also be a URL. Valid URL schemes include http, ftp, s3, and file. 
This task uses also the task variable RMDB_DRIVER as a driver to connect to the database. The specified default driver "cx_oracle" is already provided for this task. To use another driver, make sure you have it properly installed before. ]]>
      </description>
      <variables>
        <variable name="ORACLE_TABLE" value="diabetes" inherited="false" />
        <variable name="INSERT_MODE" value="append" inherited="false" model="PA:LIST(fail, replace, append)"/>
        <variable name="INPUT_FILE" value="pima-indians-diabetes.csv" inherited="false" />
      </variables>
      <genericInformation>
        <info name="task.icon" value="/automation-dashboard/styles/patterns/img/wf-icons/oracle.png"/>
        <info name="task.documentation" value="https://doc.activeeon.com/latest/user/ProActiveUserGuide.html#_sql"/>
      </genericInformation>
      <depends>
        <task ref="Parse_Endpoint"/>
      </depends>
      <inputFiles>
        <files  includes="$INPUT_FILE" accessMode="transferFromGlobalSpace"/>
      </inputFiles>
      <forkEnvironment javaHome="/usr" >
        <envScript>
          <script>
            <code language="python">
              <![CDATA[
# In the Java Home location field, use the value: "/usr" to force using the JRE provided in the docker image below (Recommended).
# Be aware, that the prefix command is internally split by spaces. So paths with spaces won't work.
# Prepare Docker parameters 
containerName = 'activeeon/dlm3'
dockerRunCommand =  'docker run ' 
dockerParameters = '--rm ' 
# Prepare ProActive home volume 
paHomeHost = variables.get("PA_SCHEDULER_HOME") 
paHomeContainer = variables.get("PA_SCHEDULER_HOME") 
proActiveHomeVolume = '-v '+paHomeHost +':'+paHomeContainer+' ' 
# Prepare working directory (For Dataspaces and serialized task file) 
workspaceHost = localspace 
workspaceContainer = localspace 
workspaceVolume = '-v '+localspace +':'+localspace+' ' 
# Prepare container working directory 
containerWorkingDirectory = '-w '+workspaceContainer+' ' 
# Save pre execution command into magic variable 'preJavaHomeCmd', which is picked up by the node 
preJavaHomeCmd = dockerRunCommand + dockerParameters + proActiveHomeVolume + workspaceVolume + containerWorkingDirectory + containerName
]]>
            </code>
          </script>
        </envScript>
      </forkEnvironment>
      <scriptExecutable>
        <script>
          <file url="${PA_CATALOG_REST_URL}/buckets/data-connector-scripts/resources/ExportToSqlDB/raw" language="cpython">
            <arguments>
              <argument value="Oracle"/>
            </arguments>
          </file>
        </script>
      </scriptExecutable>
    </task>
    <task name="Oracle_Service_Action" 
    
    onTaskError="cancelJob" >
      <variables>
        <variable name="INSTANCE_ID" value="" inherited="false" />
        <variable name="INSTANCE_NAME" value="oracle-server" inherited="false" />
        <variable name="ACTION" value="Finish_Oracle" inherited="false" model="PA:LIST(Pause_Oracle, Resume_Oracle, Finish_Oracle)"/>
      </variables>
      <genericInformation>
        <info name="task.icon" value="/automation-dashboard/styles/patterns/img/wf-icons/oracle.png"/>
        <info name="task.documentation" value="https://doc.activeeon.com/latest/PCA/PCAUserGuide.html"/>
      </genericInformation>
      <depends>
        <task ref="import_from_oracle"/>
      </depends>
      <scriptExecutable>
        <script>
          <file url="${PA_CATALOG_REST_URL}/buckets/cloud-automation-scripts/resources/Service_Action/raw" language="groovy"></file>
        </script>
      </scriptExecutable>
      <controlFlow block="none"></controlFlow>
    </task>
  </taskFlow>
  <metadata>
    <visualization>
      <![CDATA[ <html><head><link rel="stylesheet" href="/studio/styles/studio-standalone.css"><style>
        #workflow-designer {
            left:0 !important;
            top:0 !important;
            width:2144px;
            height:2528px;
            }
        </style></head><body><div id="workflow-visualization-view"><div id="workflow-visualization" style="position:relative;top:-171px;left:-616.25px"><div class="task ui-draggable _jsPlumb_endpoint_anchor_" id="jsPlumb_1_670" style="top: 304px; left: 622.25px;"><a class="task-name"><img src="/studio/images/Groovy.png" width="20px">&nbsp;<span class="name">Parse_Endpoint</span></a></div><div class="task _jsPlumb_endpoint_anchor_ ui-draggable active-task" id="jsPlumb_1_673" style="top: 176px; left: 621.25px;"><a class="task-name"><img src="/automation-dashboard/styles/patterns/img/wf-icons/oracle.png" width="20px">&nbsp;<span class="name">Start_Oracle</span></a></div><div class="task ui-draggable _jsPlumb_endpoint_anchor_" id="jsPlumb_1_676" style="top: 560px; left: 621.25px;"><a class="task-name"><img src="/automation-dashboard/styles/patterns/img/wf-icons/oracle.png" width="20px">&nbsp;<span class="name">import_from_oracle</span></a></div><div class="task ui-draggable _jsPlumb_endpoint_anchor_" id="jsPlumb_1_679" style="top: 432px; left: 621.25px;"><a class="task-name"><img src="/automation-dashboard/styles/patterns/img/wf-icons/oracle.png" width="20px">&nbsp;<span class="name">Export_to_oracle</span></a></div><div class="task ui-draggable _jsPlumb_endpoint_anchor_" id="jsPlumb_1_682" style="top: 688px; left: 621.25px;"><a class="task-name"><img src="/automation-dashboard/styles/patterns/img/wf-icons/oracle.png" width="20px">&nbsp;<span class="name">Oracle_Service_Action</span></a></div><svg style="position:absolute;left:660.5px;top:215.5px" width="25" height="89" pointer-events="none" position="absolute" version="1.1"
      xmlns="http://www.w3.org/1999/xhtml" class="_jsPlumb_connector "><path d="M 4 88 C 14 38 -10 50 0 0 " transform="translate(10.5,0.5)" pointer-events="visibleStroke" version="1.1"
      xmlns="http://www.w3.org/1999/xhtml" fill="none" stroke="#666" style=""></path><path pointer-events="all" version="1.1"
      xmlns="http://www.w3.org/1999/xhtml" d="M6.4906875,66.78168750000002 L11.866605249283193,46.285358356640174 L5.369566595211646,52.82664941632405 L-2.0884328343927736,47.40647926142853 L6.4906875,66.78168750000002" class="" stroke="#666" fill="#666" transform="translate(10.5,0.5)"></path><path pointer-events="all" version="1.1"
      xmlns="http://www.w3.org/1999/xhtml" d="M6.4906875,66.78168750000002 L11.866605249283193,46.285358356640174 L5.369566595211646,52.82664941632405 L-2.0884328343927736,47.40647926142853 L6.4906875,66.78168750000002" class="" stroke="#666" fill="#666" transform="translate(10.5,0.5)"></path></svg><svg style="position:absolute;left:666px;top:471.5px" width="26" height="89" pointer-events="none" position="absolute" version="1.1"
      xmlns="http://www.w3.org/1999/xhtml" class="_jsPlumb_connector "><path d="M 5 88 C 15 38 -10 50 0 0 " transform="translate(10.5,0.5)" pointer-events="visibleStroke" version="1.1"
      xmlns="http://www.w3.org/1999/xhtml" fill="none" stroke="#666" style=""></path><path pointer-events="all" version="1.1"
      xmlns="http://www.w3.org/1999/xhtml" d="M7.409531250000001,66.78168750000002 L12.520990380459518,46.21781175738666 L6.108748919827519,52.84224829573104 L-1.4184488238094648,47.518594087559144 L7.409531250000001,66.78168750000002" class="" stroke="#666" fill="#666" transform="translate(10.5,0.5)"></path><path pointer-events="all" version="1.1"
      xmlns="http://www.w3.org/1999/xhtml" d="M7.409531250000001,66.78168750000002 L12.520990380459518,46.21781175738666 L6.108748919827519,52.84224829573104 L-1.4184488238094648,47.518594087559144 L7.409531250000001,66.78168750000002" class="" stroke="#666" fill="#666" transform="translate(10.5,0.5)"></path></svg><svg style="position:absolute;left:664.5px;top:343.5px" width="22.5" height="89" pointer-events="none" position="absolute" version="1.1"
      xmlns="http://www.w3.org/1999/xhtml" class="_jsPlumb_connector "><path d="M 1.5 88 C 11.5 38 -10 50 0 0 " transform="translate(10.5,0.5)" pointer-events="visibleStroke" version="1.1"
      xmlns="http://www.w3.org/1999/xhtml" fill="none" stroke="#666" style=""></path><path pointer-events="all" version="1.1"
      xmlns="http://www.w3.org/1999/xhtml" d="M4.193578125,66.78168750000002 L10.22883008187672,46.46972713628781 L3.5238641657164487,52.79771513115072 L-3.755142286972582,47.139441095571364 L4.193578125,66.78168750000002" class="" stroke="#666" fill="#666" transform="translate(10.5,0.5)"></path><path pointer-events="all" version="1.1"
      xmlns="http://www.w3.org/1999/xhtml" d="M4.193578125,66.78168750000002 L10.22883008187672,46.46972713628781 L3.5238641657164487,52.79771513115072 L-3.755142286972582,47.139441095571364 L4.193578125,66.78168750000002" class="" stroke="#666" fill="#666" transform="translate(10.5,0.5)"></path></svg><svg style="position:absolute;left:671px;top:599.5px" width="29" height="89" pointer-events="none" position="absolute" version="1.1"
      xmlns="http://www.w3.org/1999/xhtml" class="_jsPlumb_connector "><path d="M 8 88 C 18 38 -10 50 0 0 " transform="translate(10.5,0.5)" pointer-events="visibleStroke" version="1.1"
      xmlns="http://www.w3.org/1999/xhtml" fill="none" stroke="#666" style=""></path><path pointer-events="all" version="1.1"
      xmlns="http://www.w3.org/1999/xhtml" d="M10.149632,66.303232 L14.370633382220372,45.538282028201515 L8.249666052974282,52.43275510120006 L0.5001564834204357,47.438247975227235 L10.149632,66.303232" class="" stroke="#666" fill="#666" transform="translate(10.5,0.5)"></path><path pointer-events="all" version="1.1"
      xmlns="http://www.w3.org/1999/xhtml" d="M10.149632,66.303232 L14.370633382220372,45.538282028201515 L8.249666052974282,52.43275510120006 L0.5001564834204357,47.438247975227235 L10.149632,66.303232" class="" stroke="#666" fill="#666" transform="translate(10.5,0.5)"></path></svg><div class="_jsPlumb_endpoint source-endpoint dependency-source-endpoint connected _jsPlumb_endpoint_anchor_ ui-draggable ui-droppable _jsPlumb_endpoint_connected" style="position: absolute; height: 20px; width: 20px; left: 665px; top: 334px;"><svg style="position:absolute;left:0px;top:0px" width="20" height="20" pointer-events="all" position="absolute" version="1.1"
      xmlns="http://www.w3.org/1999/xhtml"><circle cx="10" cy="10" r="10" version="1.1"
      xmlns="http://www.w3.org/1999/xhtml" fill="#666" stroke="none" style=""></circle></svg></div><div class="_jsPlumb_endpoint target-endpoint dependency-target-endpoint _jsPlumb_endpoint_anchor_ ui-draggable ui-droppable _jsPlumb_endpoint_connected" style="position: absolute; height: 20px; width: 20px; left: 665px; top: 294px;"><svg style="position:absolute;left:0px;top:0px" width="20" height="20" pointer-events="all" position="absolute" version="1.1"
      xmlns="http://www.w3.org/1999/xhtml"><circle cx="10" cy="10" r="10" version="1.1"
      xmlns="http://www.w3.org/1999/xhtml" fill="#666" stroke="none" style=""></circle></svg></div><div class="_jsPlumb_endpoint source-endpoint dependency-source-endpoint connected _jsPlumb_endpoint_anchor_ ui-draggable ui-droppable _jsPlumb_endpoint_connected" style="position: absolute; height: 20px; width: 20px; left: 661px; top: 206px;"><svg style="position:absolute;left:0px;top:0px" width="20" height="20" pointer-events="all" position="absolute" version="1.1"
      xmlns="http://www.w3.org/1999/xhtml"><circle cx="10" cy="10" r="10" version="1.1"
      xmlns="http://www.w3.org/1999/xhtml" fill="#666" stroke="none" style=""></circle></svg></div><div class="_jsPlumb_endpoint source-endpoint dependency-source-endpoint connected _jsPlumb_endpoint_anchor_ ui-draggable ui-droppable _jsPlumb_endpoint_connected" style="position: absolute; height: 20px; width: 20px; left: 671.5px; top: 590px;"><svg style="position:absolute;left:0px;top:0px" width="20" height="20" pointer-events="all" position="absolute" version="1.1"
      xmlns="http://www.w3.org/1999/xhtml"><circle cx="10" cy="10" r="10" version="1.1"
      xmlns="http://www.w3.org/1999/xhtml" fill="#666" stroke="none" style=""></circle></svg></div><div class="_jsPlumb_endpoint target-endpoint dependency-target-endpoint _jsPlumb_endpoint_anchor_ ui-draggable ui-droppable _jsPlumb_endpoint_connected" style="position: absolute; height: 20px; width: 20px; left: 671.5px; top: 550px;"><svg style="position:absolute;left:0px;top:0px" width="20" height="20" pointer-events="all" position="absolute" version="1.1"
      xmlns="http://www.w3.org/1999/xhtml"><circle cx="10" cy="10" r="10" version="1.1"
      xmlns="http://www.w3.org/1999/xhtml" fill="#666" stroke="none" style=""></circle></svg></div><div class="_jsPlumb_endpoint source-endpoint dependency-source-endpoint connected _jsPlumb_endpoint_anchor_ ui-draggable ui-droppable _jsPlumb_endpoint_connected" style="position: absolute; height: 20px; width: 20px; left: 666.5px; top: 462px;"><svg style="position:absolute;left:0px;top:0px" width="20" height="20" pointer-events="all" position="absolute" version="1.1"
      xmlns="http://www.w3.org/1999/xhtml"><circle cx="10" cy="10" r="10" version="1.1"
      xmlns="http://www.w3.org/1999/xhtml" fill="#666" stroke="none" style=""></circle></svg></div><div class="_jsPlumb_endpoint target-endpoint dependency-target-endpoint _jsPlumb_endpoint_anchor_ ui-draggable ui-droppable _jsPlumb_endpoint_connected" style="position: absolute; height: 20px; width: 20px; left: 666.5px; top: 422px;"><svg style="position:absolute;left:0px;top:0px" width="20" height="20" pointer-events="all" position="absolute" version="1.1"
      xmlns="http://www.w3.org/1999/xhtml"><circle cx="10" cy="10" r="10" version="1.1"
      xmlns="http://www.w3.org/1999/xhtml" fill="#666" stroke="none" style=""></circle></svg></div><div class="_jsPlumb_endpoint source-endpoint dependency-source-endpoint connected _jsPlumb_endpoint_anchor_ ui-draggable ui-droppable" style="position: absolute; height: 20px; width: 20px; left: 679.5px; top: 718px;"><svg style="position:absolute;left:0px;top:0px" width="20" height="20" pointer-events="all" position="absolute" version="1.1"
      xmlns="http://www.w3.org/1999/xhtml"><circle cx="10" cy="10" r="10" version="1.1"
      xmlns="http://www.w3.org/1999/xhtml" fill="#666" stroke="none" style=""></circle></svg></div><div class="_jsPlumb_endpoint target-endpoint dependency-target-endpoint _jsPlumb_endpoint_anchor_ ui-draggable ui-droppable _jsPlumb_endpoint_connected" style="position: absolute; height: 20px; width: 20px; left: 679.5px; top: 678px;"><svg style="position:absolute;left:0px;top:0px" width="20" height="20" pointer-events="all" position="absolute" version="1.1"
      xmlns="http://www.w3.org/1999/xhtml"><circle cx="10" cy="10" r="10" version="1.1"
      xmlns="http://www.w3.org/1999/xhtml" fill="#666" stroke="none" style=""></circle></svg></div></div></div></body></html>
 ]]>
    </visualization>
  </metadata>
</job>