<?xml version="1.0" encoding="UTF-8"?>
<job
  xmlns:xsi="http://www.w3.org/2001/XMLSchema-instance"
  xmlns="urn:proactive:jobdescriptor:3.11" xsi:schemaLocation="urn:proactive:jobdescriptor:3.11 http://www.activeeon.com/public_content/schemas/proactive/jobdescriptor/3.11/schedulerjob.xsd"  name="Oracle_Service_Actions" projectName="Oracle" priority="normal" onTaskError="continueJobExecution"  maxNumberOfExecution="2" >
  <description>
    <![CDATA[ This workflow manages the life-cycle of Oracle PCA service. It allows to trigger three possible actions: Pause_Oracle, Resume_Oracle and Finish_Oracle. ]]>
  </description>
  <genericInformation>
    <info name="bucketName" value="database-services"/>
    <info name="workflow.icon" value="/automation-dashboard/styles/patterns/img/wf-icons/oracle.png"/>
    <info name="Documentation" value="https://doc.activeeon.com/latest/PCA/PCAUserGuide.html"/>
    <info name="group" value="public-objects"/>
  </genericInformation>
  <taskFlow>
    <task name="Oracle_Service_Action" 
    
    onTaskError="cancelJob" >
      <variables>
        <variable name="INSTANCE_ID" value="" inherited="false" />
        <variable name="INSTANCE_NAME" value="oracle-server" inherited="false" />
        <variable name="ACTION" value="Finish_Oracle" inherited="false" model="PA:LIST(Pause_Oracle, Resume_Oracle, Finish_Oracle)"/>
      </variables>
      <genericInformation>
        <info name="task.icon" value="/automation-dashboard/styles/patterns/img/wf-icons/oracle.png"/>
        <info name="task.documentation" value="https://doc.activeeon.com/latest/PCA/PCAUserGuide.html"/>
      </genericInformation>
      <scriptExecutable>
        <script>
          <file url="${PA_CATALOG_REST_URL}/buckets/cloud-automation-scripts/resources/Service_Action/raw" language="groovy"></file>
        </script>
      </scriptExecutable>
      <controlFlow block="none"></controlFlow>
    </task>
  </taskFlow>
  <metadata>
    <visualization>
      <![CDATA[ <html><head><link rel="stylesheet" href="/studio/styles/studio-standalone.css"><style>
        #workflow-designer {
            left:0 !important;
            top:0 !important;
            width:2144px;
            height:2528px;
            }
        </style></head><body><div id="workflow-visualization-view"><div id="workflow-visualization" style="position:relative;top:-554px;left:-436.25px"><div class="task _jsPlumb_endpoint_anchor_ ui-draggable active-task" id="jsPlumb_1_640" style="top: 559px; left: 441.25px;"><a class="task-name"><img src="/automation-dashboard/styles/patterns/img/wf-icons/oracle.png" width="20px">&nbsp;<span class="name">Oracle_Service_Action</span></a></div><div class="_jsPlumb_endpoint source-endpoint dependency-source-endpoint connected _jsPlumb_endpoint_anchor_ ui-draggable ui-droppable" style="position: absolute; height: 20px; width: 20px; left: 499.5px; top: 589px;"><svg style="position:absolute;left:0px;top:0px" width="20" height="20" pointer-events="all" position="absolute" version="1.1"
      xmlns="http://www.w3.org/1999/xhtml"><circle cx="10" cy="10" r="10" version="1.1"
      xmlns="http://www.w3.org/1999/xhtml" fill="#666" stroke="none" style=""></circle></svg></div></div></div></body></html>
 ]]>
    </visualization>
  </metadata>
</job>