{
	"metadata": {
		"slug": "get-started",
		"name": "Get Started",
		"short_description": "A few samples to get started",
		"author": "ActiveEon's Team",
		"tags": ["Samples", "Building blocks", "Get started"],
		"version": "1.0"
	},
	"test": {
		"scenarios": "resources/test/scenarios.json"
	},
	"catalog" : {
		"bucket" : "basic-examples",
		"objects" : [
			{
				"name" : "Distributed_Computing_Pi",
				"metadata" : {
					"kind": "Workflow/standard",
					"commitMessage": "First commit",
					"contentType": "application/xml"
				},
				"file" : "resources/catalog/distributed_computing_PI.xml",
				"studio_template" : {
					"name" : "Distributed_Computing_Pi",
					"offsets_json_string": "{\"offsets\":{\"Computation1\":{\"top\":246.5,\"left\":666},\"Computation2\":{\"top\":246.5,\"left\":794},\"Computation3\":{\"top\":246.5,\"left\":922},\"Computation4\":{\"top\":246.5,\"left\":1050},\"Computation5\":{\"top\":246.5,\"left\":1178},\"Computation6\":{\"top\":246.5,\"left\":1306},\"Average1\":{\"top\":374.5,\"left\":794},\"Average2\":{\"top\":374.5,\"left\":1178},\"LastAverage\":{\"top\":502.5,\"left\":986}},\"project\":\"2. Advanced Workflows\"}"
				}
			},
			{
				"name" : "MPI_Job",
				"metadata" : {
					"kind": "Workflow/standard",
					"commitMessage": "First commit",
					"contentType": "application/xml"
				},
				"file" : "resources/catalog/mpi_job.xml",
				"studio_template" : {
					"name" : "MPI_Job",
					"offsets_json_string": "{\"offsets\":{\"MPI_task\":{\"top\":374.5,\"left\":986}},\"project\":\"2. Advanced Workflows\"}"
				}
			},
			{
				"name" : "Multi_Node_Task",
				"metadata" : {
					"kind": "Workflow/standard",
					"commitMessage": "First commit",
					"contentType": "application/xml"
				},
				"file" : "resources/catalog/multi_node_task.xml",
				"studio_template" : {
					"name" : "Multi_Node_Task",
					"offsets_json_string": "{\"offsets\":{\"MultiNodeTask\":{\"top\":374.5,\"left\":986}},\"project\":\"2. Advanced Workflows\"}"
				}
			},
			{
				"name" : "Native_Task",
				"metadata" : {
					"kind": "Workflow/standard",
					"commitMessage": "First commit",
					"contentType": "application/xml"
				},
				"file" : "resources/catalog/native_task.xml"
			},
			{
				"name" : "Native_Task_Linux",
				"metadata" : {
					"kind": "Workflow/standard",
					"commitMessage": "First commit",
					"contentType": "application/xml"
				},
				"file" : "resources/catalog/native_task_linux.xml"
			},
			{
				"name" : "Native_Task_Windows",
				"metadata" : {
					"kind": "Workflow/standard",
					"commitMessage": "First commit",
					"contentType": "application/xml"
				},
				"file" : "resources/catalog/native_task_windows.xml"
			},
			{
				"name" : "Pre_Post_Clean_Scripts",
				"metadata" : {
					"kind": "Workflow/standard",
					"commitMessage": "First commit",
					"contentType": "application/xml"
				},
				"file" : "resources/catalog/pre_post_clean_scripts.xml",
				"studio_template" : {
					"name" : "Pre_Post_Clean_Scripts",
					"offsets_json_string": "{\"offsets\":{\"Task_With_Scripts\":{\"top\":547,\"left\":922},\"failing_task\":{\"top\":547,\"left\":1050}},\"project\":\"1. Basic Workflows\"}"
				}
			},
			{
				"name" : "Selection_Scripts",
				"metadata" : {
					"kind": "Workflow/standard",
					"commitMessage": "First commit",
					"contentType": "application/xml"
				},
				"file" : "resources/catalog/selection_scripts.xml",
				"studio_template" : {
					"name" : "Selection_Scripts",
					"offsets_json_string": "{\"offsets\":{\"run_only_on_linux\":{\"top\":547,\"left\":858},\"run_only_on_windows\":{\"top\":547,\"left\":986},\"run_only_on_mac\":{\"top\":547,\"left\":1114}},\"project\":\"1. Basic Workflows\"}"
				}
			},
			{
				"name" : "Variables_Propagation",
				"metadata" : {
					"kind": "Workflow/standard",
					"commitMessage": "First commit",
					"contentType": "application/xml"
				},
				"file" : "resources/catalog/variables_propagation.xml",
				"studio_template" : {
					"name" : "Variables_Propagation",
					"offsets_json_string": "{\"offsets\":{},\"project\":\"1. Basic Workflows\"}"
				}
			},
			{
				"name" : "Fetch_Satellite_Images_From_PEPS",
				"metadata" : {
					"kind": "Workflow/standard",
					"commitMessage": "First commit",
					"contentType": "application/xml"
				},
				"file" : "resources/catalog/Fetch_Satellite_Images_From_PEPS.xml"
			}
		]
	}
}
