{
	"metadata": {
		"slug": "get-started",
		"name": "Get Started",
		"short_description": "A few samples to get started",
		"author": "ActiveEon's Team",
		"tags": ["Samples", "Building blocks", "Get started"],
		"version": "1.0"
	},
	"catalog" : {
		"bucket" : "basic-examples",
		"objects" : [
			{
				"name" : "Distributed_Computing_Pi",
				"metadata" : {
					"kind": "Workflow/standard",
					"commitMessage": "First commit",
					"contentType": "application/xml"
				},
				"file" : "resources/catalog/distributed_computing_PI.xml"
			},
			{
				"name" : "MPI_Job",
				"metadata" : {
					"kind": "Workflow/standard",
					"commitMessage": "First commit",
					"contentType": "application/xml"
				},
				"file" : "resources/catalog/mpi_job.xml"
			},
			{
				"name" : "Multi_Node_Task",
				"metadata" : {
					"kind": "Workflow/standard",
					"commitMessage": "First commit",
					"contentType": "application/xml"
				},
				"file" : "resources/catalog/multi_node_task.xml"
			},
			{
				"name" : "Native_Task",
				"metadata" : {
					"kind": "Workflow/standard",
					"commitMessage": "First commit",
					"contentType": "application/xml"
				},
				"file" : "resources/catalog/native_task.xml"
			},
			{
				"name" : "Native_Task_Linux",
				"metadata" : {
					"kind": "Workflow/standard",
					"commitMessage": "First commit",
					"contentType": "application/xml"
				},
				"file" : "resources/catalog/native_task_linux.xml"
			},
			{
				"name" : "Native_Task_Windows",
				"metadata" : {
					"kind": "Workflow/standard",
					"commitMessage": "First commit",
					"contentType": "application/xml"
				},
				"file" : "resources/catalog/native_task_windows.xml"
			},
			{
				"name" : "Pre_Post_Clean_Scripts",
				"metadata" : {
					"kind": "Workflow/standard",
					"commitMessage": "First commit",
					"contentType": "application/xml"
				},
				"file" : "resources/catalog/pre_post_clean_scripts.xml"
			},
			{
				"name" : "Selection_Scripts",
				"metadata" : {
					"kind": "Workflow/standard",
					"commitMessage": "First commit",
					"contentType": "application/xml"
				},
				"file" : "resources/catalog/selection_scripts.xml"
			},
			{
				"name" : "Variables_Propagation",
				"metadata" : {
					"kind": "Workflow/standard",
					"commitMessage": "First commit",
					"contentType": "application/xml"
				},
				"file" : "resources/catalog/variables_propagation.xml"
			},
			{
				"name" : "File_Upload",
				"metadata" : {
					"kind": "Workflow/standard",
					"commitMessage": "First commit",
					"contentType": "application/xml"
				},
				"file" : "resources/catalog/file_upload.xml"
			},
			{
				"name" : "Container_Platform_Selection",
				"metadata" : {
					"kind": "Workflow/standard",
					"commitMessage": "First commit",
					"contentType": "application/xml"
				},
				"file" : "resources/catalog/container_platform_selection.xml"
			},
			{
				"name" : "In_Memory_Workflow",
				"metadata" : {
					"kind": "Workflow/standard",
					"commitMessage": "First commit",
					"contentType": "application/xml"
				},
				"file" : "resources/catalog/in_memory_workflow.xml"
			}, 
			{
				"name" : "Parallel_Image_Processing",
				"metadata" : {
					"kind": "Workflow/standard",
					"commitMessage": "First commit",
					"contentType": "application/xml"
				},
				"file" : "resources/catalog/parallel_image_processing.xml"
			}
		]
	},
	"dataspace" : {
		"target" : "global",
		"files" : ["resources/dataspace/canny-edge-detector.jar",
			"resources/dataspace/neptune_triton_01_3000x3000.jpg"]
	},
    "test": {
        "scenarios": "resources/test/scenarios.json"
    }
}
