{
  "metadata": {
    "slug": "machinelearning",
    "name": "Machine Learning",
    "short_description": "Machine learning tasks.",
    "author": "ActiveEon's Team",
    "tags": [
      "Samples",
      "Machine Learning",
      "Big Data",
      "Analytics"
    ],
    "version": "1.0"
  },
  "dataspace" : {
    "target" : "global",
    "files" : [
      "resources/dataspace/wine.csv",
      "resources/dataspace/iris.csv",
      "resources/dataspace/iris_ddd.csv",
      "resources/dataspace/pima-indians-diabetes.csv",
      "resources/dataspace/boston-houses-prices.csv",
      "resources/dataspace/vehicle_silhouette.csv",
      "resources/dataspace/data_type_identifier/data_type_identifier.h5",
      "resources/dataspace/data_type_identifier/mappings.pickle"
    ]
  },
  "catalog": {
    "bucket": "machine-learning",
    "objects": [
      {
        "name": "Append_Data",
        "metadata": {
          "kind": "Workflow/standard",
          "commitMessage": "First commit",
          "contentType": "application/xml"
        },
        "file": "resources/catalog/Append_Data.xml"
      },
      {
        "name": "Bayesian_Ridge_Regression",
        "metadata": {
          "kind": "Workflow/standard",
          "commitMessage": "First commit",
          "contentType": "application/xml"
        },
        "file": "resources/catalog/Bayesian_Ridge_Regression.xml"
      },
      {
        "name": "Download_Model",
        "metadata": {
          "kind": "Workflow/standard",
          "commitMessage": "First commit",
          "contentType": "application/xml"
        },
        "file": "resources/catalog/Download_Model.xml"
      },
      {
        "name": "Drop_Columns",
        "metadata": {
          "kind": "Workflow/standard",
          "commitMessage": "First commit",
          "contentType": "application/xml"
        },
        "file": "resources/catalog/Drop_Columns.xml"
      },
      {
        "name": "Drop_NaNs",
        "metadata": {
          "kind": "Workflow/standard",
          "commitMessage": "First commit",
          "contentType": "application/xml"
        },
        "file": "resources/catalog/Drop_NaNs.xml"
      },
      {
        "name": "Encode_Data",
        "metadata": {
          "kind": "Workflow/standard",
          "commitMessage": "First commit",
          "contentType": "application/xml"
        },
        "file": "resources/catalog/Encode_Data.xml"
      },
      {
        "name": "Export_Data",
        "metadata": {
          "kind": "Workflow/standard",
          "commitMessage": "First commit",
          "contentType": "application/xml"
        },
        "file": "resources/catalog/Export_Data.xml"
      },
      {
        "name": "Fill_NaNs",
        "metadata": {
          "kind": "Workflow/standard",
          "commitMessage": "First commit",
          "contentType": "application/xml"
        },
        "file": "resources/catalog/Fill_NaNs.xml"
      },
      {
        "name": "Filter_Columns",
        "metadata": {
          "kind": "Workflow/standard",
          "commitMessage": "First commit",
          "contentType": "application/xml"
        },
        "file": "resources/catalog/Filter_Columns.xml"
      },
      {
        "name": "Gaussian_Naive_Bayes",
        "metadata": {
          "kind": "Workflow/standard",
          "commitMessage": "First commit",
          "contentType": "application/xml"
        },
        "file": "resources/catalog/Gaussian_Naive_Bayes.xml"
      },
      {
        "name": "Import_Data",
        "metadata": {
          "kind": "Workflow/standard",
          "commitMessage": "First commit",
          "contentType": "application/xml"
        },
        "file": "resources/catalog/Import_Data.xml"
      },
      {
        "name": "Import_Model",
        "metadata": {
          "kind": "Workflow/standard",
          "commitMessage": "First commit",
          "contentType": "application/xml"
        },
        "file": "resources/catalog/Import_Model.xml"
      },
      {
        "name": "Linear_Regression",
        "metadata": {
          "kind": "Workflow/standard",
          "commitMessage": "First commit",
          "contentType": "application/xml"
        },
        "file": "resources/catalog/Linear_Regression.xml"
      },
      {
        "name": "Load_Boston_Dataset",
        "metadata": {
          "kind": "Workflow/standard",
          "commitMessage": "First commit",
          "contentType": "application/xml"
        },
        "file": "resources/catalog/Load_Boston_Dataset.xml"
      },
      {
        "name": "Load_Iris_Dataset",
        "metadata": {
          "kind": "Workflow/standard",
          "commitMessage": "First commit",
          "contentType": "application/xml"
        },
        "file": "resources/catalog/Load_Iris_Dataset.xml"
      },
      {
        "name": "Logistic_Regression",
        "metadata": {
          "kind": "Workflow/standard",
          "commitMessage": "First commit",
          "contentType": "application/xml"
        },
        "file": "resources/catalog/Logistic_Regression.xml"
      },
      {
        "name": "Merge_Data",
        "metadata": {
          "kind": "Workflow/standard",
          "commitMessage": "First commit",
          "contentType": "application/xml"
        },
        "file": "resources/catalog/Merge_Data.xml"
      },
      {
        "name": "Predict_Model",
        "metadata": {
          "kind": "Workflow/standard",
          "commitMessage": "First commit",
          "contentType": "application/xml"
        },
        "file": "resources/catalog/Predict_Model.xml"
      },
      {
        "name": "Preview_Results",
        "metadata": {
          "kind": "Workflow/standard",
          "commitMessage": "First commit",
          "contentType": "application/xml"
        },
        "file": "resources/catalog/Preview_Results.xml"
      },
      {
        "name": "Scale_Data",
        "metadata": {
          "kind": "Workflow/standard",
          "commitMessage": "First commit",
          "contentType": "application/xml"
        },
        "file": "resources/catalog/Scale_Data.xml"
      },
      {
        "name": "Split_Data",
        "metadata": {
          "kind": "Workflow/standard",
          "commitMessage": "First commit",
          "contentType": "application/xml"
        },
        "file": "resources/catalog/Split_Data.xml"
      },
      {
        "name": "Summarize_Data",
        "metadata": {
          "kind": "Workflow/standard",
          "commitMessage": "First commit",
          "contentType": "application/xml"
        },
        "file": "resources/catalog/Summarize_Data.xml"
      },
      {
        "name": "Support_Vector_Machines",
        "metadata": {
          "kind": "Workflow/standard",
          "commitMessage": "First commit",
          "contentType": "application/xml"
        },
        "file": "resources/catalog/Support_Vector_Machines.xml"
      },
      {
        "name": "Support_Vector_Regression",
        "metadata": {
          "kind": "Workflow/standard",
          "commitMessage": "First commit",
          "contentType": "application/xml"
        },
        "file": "resources/catalog/Support_Vector_Regression.xml"
      },
      {
        "name": "Train_Model",
        "metadata": {
          "kind": "Workflow/standard",
          "commitMessage": "First commit",
          "contentType": "application/xml"
        },
        "file": "resources/catalog/Train_Model.xml"
      },
      {
        "name": "Time_Series_Feature_Extraction",
        "metadata": {
          "kind": "Workflow/standard",
          "commitMessage": "First commit",
          "contentType": "application/xml"
        },
        "file": "resources/catalog/Time_Series_Feature_Extraction.xml"
      },
      {
        "name": "Feature_Vector_Extractor",
        "metadata": {
          "kind": "Workflow/standard",
          "commitMessage": "First commit",
          "contentType": "application/xml"
        },
        "file": "resources/catalog/Feature_Vector_Extractor.xml"
      },
      {
        "name": "K_Means",
        "metadata": {
          "kind": "Workflow/standard",
          "commitMessage": "First commit",
          "contentType": "application/xml"
        },
        "file": "resources/catalog/K_Means.xml"
      },
      {
        "name": "Isolation_Forest",
        "metadata": {
          "kind": "Workflow/standard",
          "commitMessage": "First commit",
          "contentType": "application/xml"
        },
        "file": "resources/catalog/Isolation_Forest.xml"
      },
      {
        "name": "Log_Parser",
        "metadata": {
          "kind": "Workflow/standard",
          "commitMessage": "First commit",
          "contentType": "application/xml"
        },
        "file": "resources/catalog/Log_Parser.xml"
      },
      {
        "name": "Mean_Shift",
        "metadata": {
          "kind": "Workflow/standard",
          "commitMessage": "First commit",
          "contentType": "application/xml"
        },
        "file": "resources/catalog/Mean_Shift.xml"
      },
      {
        "name": "One_Class_SVM",
        "metadata": {
          "kind": "Workflow/standard",
          "commitMessage": "First commit",
          "contentType": "application/xml"
        },
        "file": "resources/catalog/One_Class_SVM.xml"
      },
      {
        "name": "Rename_Columns",
        "metadata": {
          "kind": "Workflow/standard",
          "commitMessage": "First commit",
          "contentType": "application/xml"
        },
        "file": "resources/catalog/Rename_Columns.xml"
      },
      {
        "name": "Query_Data",
        "metadata": {
          "kind": "Workflow/standard",
          "commitMessage": "First commit",
          "contentType": "application/xml"
        },
        "file": "resources/catalog/Query_Data.xml"
      },
      {
        "name": "TPOT_Classifier",
        "metadata": {
          "kind": "Workflow/standard",
          "commitMessage": "First commit",
          "contentType": "application/xml"
        },
        "file": "resources/catalog/TPOT_Classifier.xml"
      },
      {
        "name": "AutoSklearn_Classifier",
        "metadata": {
          "kind": "Workflow/standard",
          "commitMessage": "First commit",
          "contentType": "application/xml"
        },
        "file": "resources/catalog/AutoSklearn_Classifier.xml"
      },
      {
        "name": "AdaBoost",
        "metadata": {
          "kind": "Workflow/standard",
          "commitMessage": "First commit",
          "contentType": "application/xml"
        },
        "file": "resources/catalog/AdaBoost.xml"
      },
      {
        "name": "CatBoost",
        "metadata": {
          "kind": "Workflow/standard",
          "commitMessage": "First commit",
          "contentType": "application/xml"
        },
        "file": "resources/catalog/CatBoost.xml"
      },
      {
        "name": "Gradient_Boosting",
        "metadata": {
          "kind": "Workflow/standard",
          "commitMessage": "First commit",
          "contentType": "application/xml"
        },
        "file": "resources/catalog/Gradient_Boosting.xml"
      },     
      {
        "name": "Random_Forest",
        "metadata": {
          "kind": "Workflow/standard",
          "commitMessage": "First commit",
          "contentType": "application/xml"
        },
        "file": "resources/catalog/Random_Forest.xml"
      },    
      {
        "name": "XGBoost",
        "metadata": {
          "kind": "Workflow/standard",
          "commitMessage": "First commit",
          "contentType": "application/xml"
        },
        "file": "resources/catalog/XGBoost.xml"
      },        
      {
        "name": "AutoSklearn_Regressor",
        "metadata": {
          "kind": "Workflow/standard",
          "commitMessage": "First commit",
          "contentType": "application/xml"
        },
        "file": "resources/catalog/AutoSklearn_Regressor.xml"
      },
      {
        "name": "Model_Explainability",
        "metadata": {
          "kind": "Workflow/standard",
          "commitMessage": "First commit",
          "contentType": "application/xml"
        },
        "file": "resources/catalog/Model_Explainability.xml"
      },
      {
        "name": "TPOT_Regressor",
        "metadata": {
          "kind": "Workflow/standard",
          "commitMessage": "First commit",
          "contentType": "application/xml"
        },
        "file": "resources/catalog/TPOT_Regressor.xml"
      }
    ]
  }
}
