<?xml version="1.0" encoding="UTF-8" standalone="no"?>
<job xmlns="urn:proactive:jobdescriptor:3.12" xmlns:xsi="http://www.w3.org/2001/XMLSchema-instance" maxNumberOfExecution="2" name="Check_Tensorboard_Support" onTaskError="continueJobExecution" priority="normal" projectName="4. Tensorboard Workflows" xsi:schemaLocation="urn:proactive:jobdescriptor:3.12 http://www.activeeon.com/public_content/schemas/proactive/jobdescriptor/3.12/schedulerjob.xsd">
  <variables>
    <variable name="NATIVE_SCHEDULER" value=""/>
    <variable name="NATIVE_SCHEDULER_PARAMS" value=""/>
    <variable name="NODE_ACCESS_TOKEN" value=""/>
    <variable model="PA:LIST(docker,singularity)" name="CONTAINER_PLATFORM" value="docker"/>
    <variable model="PA:Boolean" name="TENSORBOARD_ENABLED" value="True"/>
    <variable model="PA:NOT_EMPTY_STRING" name="TENSORBOARD_INSTANCE_NAME" value="tensorboard-server-${PA_JOB_ID}"/>
    <variable model="PA:NOT_EMPTY_STRING" name="TENSORBOARD_HOST_LOG_PATH" value="/shared/$TENSORBOARD_INSTANCE_NAME"/>
    <variable model="PA:NOT_EMPTY_STRING" name="TENSORBOARD_CONTAINER_LOG_PATH" value="/tmp/$TENSORBOARD_INSTANCE_NAME"/>
    <variable model="PA:Boolean" name="TENSORBOARD_PROXYFIED" value="False"/>
  </variables>
  <description>
    <![CDATA[ This workflow checks if the user wants (or not) start the Tensorboard service. ]]>
  </description>
  <genericInformation>
<info name="bucketName" value="data-visualization"/>
<info name="workflow.icon" value="/automation-dashboard/styles/patterns/img/wf-icons/tensorboard.png"/>
<info name="Documentation" value="MLOS/MLOSUserGuide.html"/>
<info name="NS" value="$NATIVE_SCHEDULER"/>
<info name="NS_BATCH" value="$NATIVE_SCHEDULER_PARAMS"/>
<info name="NODE_ACCESS_TOKEN" value="$NODE_ACCESS_TOKEN"/>
<info name="group" value="public-objects"/>
</genericInformation>
  <taskFlow>
    <task fork="true" name="Check_Tensorboard_Support">
      <genericInformation>
        <info name="task.icon" value="/automation-dashboard/styles/patterns/img/wf-icons/controls_if.png"/>
      </genericInformation>
      <scriptExecutable>
        <script>
          <code language="groovy">
            <![CDATA[
println("Checking for Tensorboard support")
]]>
          </code>
        </script>
      </scriptExecutable>
      <controlFlow>
        <if continuation="Continuation" else="Nothing" target="Start_Tensorboard">
          <script>
            <code language="groovy">
              <![CDATA[
if ("true".equalsIgnoreCase(variables.get("TENSORBOARD_ENABLED"))) {
    branch = "if"
} else {
    branch = "else"
}
]]>
            </code>
          </script>
        </if>
      </controlFlow>
      <metadata>
        <positionTop>
            162.74307250976562
        </positionTop>
        <positionLeft>
            239.4617919921875
        </positionLeft>
      </metadata>
    </task>
    <task fork="true" name="Nothing">
      <scriptExecutable>
        <script>
          <code language="groovy">
            <![CDATA[
println("Tensorboard disabled")
]]>
          </code>
        </script>
      </scriptExecutable>
      <metadata>
        <positionTop>
            290.7465515136719
        </positionTop>
        <positionLeft>
            239.4617919921875
        </positionLeft>
      </metadata>
    </task>
    <task fork="true" name="Continuation">
      <forkEnvironment javaHome="/usr"/>
      <scriptExecutable>
        <script>
          <code language="groovy">
            <![CDATA[

]]>
          </code>
        </script>
      </scriptExecutable>
      <metadata>
        <positionTop>
            290.7465515136719
        </positionTop>
        <positionLeft>
            367.46527099609375
        </positionLeft>
      </metadata>
    </task>
    <task fork="true" name="Start_Tensorboard" onTaskError="cancelJob">
      <description>
        <![CDATA[ Start the Tensorboard server as a service. ]]>
      </description>
      <variables>
        <variable inherited="false" name="SERVICE_ID" value="Tensorboard"/>
        <variable inherited="false" name="INSTANCE_NAME" value="$TENSORBOARD_INSTANCE_NAME"/>
        <variable inherited="false" name="PROXYFIED" value="$TENSORBOARD_PROXYFIED"/>
        <variable inherited="false" name="MOUNT_LOG_PATH" value="$TENSORBOARD_HOST_LOG_PATH"/>
        <variable inherited="false" name="ENGINE" value="$CONTAINER_PLATFORM"/>
        <variable inherited="true" name="NATIVE_SCHEDULER" value=""/>
        <variable inherited="true" name="NATIVE_SCHEDULER_PARAMS" value=""/>
        <variable inherited="false" model="PA:Boolean" name="CONTAINER_ROOTLESS_ENABLED" value="False"/>
      </variables>
      <genericInformation>
        <info name="task.icon" value="/automation-dashboard/styles/patterns/img/wf-icons/tensorboard.png"/>
        <info name="task.documentation" value="PCA/PCAUserGuide.html"/>
      </genericInformation>
      <scriptExecutable>
        <script>
          <file language="groovy" url="${PA_CATALOG_REST_URL}/buckets/cloud-automation-scripts/resources/Service_Start/raw">
            <arguments>
              <argument value="NATIVE_SCHEDULER"/>
              <argument value="NATIVE_SCHEDULER_PARAMS"/>
              <argument value="ENGINE"/>
              <argument value="PROXYFIED"/>
              <argument value="MOUNT_LOG_PATH"/>
            </arguments>
          </file>
        </script>
      </scriptExecutable>
      <controlFlow block="none"/>
      <post>
        <script>
          <code language="groovy">
            <![CDATA[
variables.put("HOST_LOG_PATH", variables.get("TENSORBOARD_HOST_LOG_PATH"))
variables.put("CONTAINER_LOG_PATH", variables.get("TENSORBOARD_CONTAINER_LOG_PATH"))
variables.put("CONTAINER_ROOTLESS_ENABLED", variables.get("CONTAINER_ROOTLESS_ENABLED"))
]]>
          </code>
        </script>
      </post>
      <metadata>
        <positionTop>
            290.7465515136719
        </positionTop>
        <positionLeft>
            111.4757080078125
        </positionLeft>
      </metadata>
    </task>
  </taskFlow>
  <metadata>
    <visualization>
      <![CDATA[ <html>
    <head>
    <link rel="stylesheet" href="/studio/styles/studio-standalone.css">
        <style>
        #workflow-designer {
            left:0 !important;
            top:0 !important;
            width:2144px;
            height:2780px;
            }
        </style>
    </head>
    <body>
    <div id="workflow-visualization-view"><div id="workflow-visualization" style="position:relative;top:-276.484375px;left:-308.984375px"><div class="task ui-draggable _jsPlumb_endpoint_anchor_" id="jsPlumb_1_1405" style="top: 281.484px; left: 460.484px;"><a class="task-name" data-toggle="tooltip" data-placement="right" title="This task has no description"><img src="/automation-dashboard/styles/patterns/img/wf-icons/controls_if.png" width="20px">&nbsp;<span class="name">Check_Tensorboard_Support</span></a></div><div class="task ui-draggable _jsPlumb_endpoint_anchor_" id="jsPlumb_1_1408" style="top: 409.484px; left: 460.484px;"><a class="task-name" data-toggle="tooltip" data-placement="right" title="This task has no description"><img src="/studio/images/Groovy.png" width="20px">&nbsp;<span class="name">Nothing</span></a></div><div class="task ui-draggable _jsPlumb_endpoint_anchor_" id="jsPlumb_1_1411" style="top: 409.484px; left: 598.484px;"><a class="task-name" data-toggle="tooltip" data-placement="right" title="This task has no description"><img src="/studio/images/Groovy.png" width="20px">&nbsp;<span class="name">Continuation</span></a></div><div class="task ui-draggable _jsPlumb_endpoint_anchor_" id="jsPlumb_1_1414" style="top: 409.484px; left: 313.984px;"><a class="task-name" data-toggle="tooltip" data-placement="right" title="Start the Tensorboard server as a service."><img src="/automation-dashboard/styles/patterns/img/wf-icons/tensorboard.png" width="20px">&nbsp;<span class="name">Start_Tensorboard</span></a></div><svg style="position:absolute;left:303.5px;top:320.5px" width="167" height="89" pointer-events="none" position="absolute" version="1.1" xmlns="http://www.w3.org/1999/xhtml" class="_jsPlumb_connector"><path d="M 0 88 C -10 38 156 50 146 0 " transform="translate(10.5,0.5)" pointer-events="visibleStroke" version="1.1" xmlns="http://www.w3.org/1999/xhtml" fill="none" stroke="#00f" style="--darkreader-inline-fill:none; --darkreader-inline-stroke:#337dff;" data-darkreader-inline-fill="" data-darkreader-inline-stroke=""></path><path pointer-events="all" version="1.1" xmlns="http://www.w3.org/1999/xhtml" d="M19.166643999999998,60.59109050000001 L40.30967727708386,59.18676011005447 L32.04509598077688,55.100601033766225 L34.819187810850075,46.3083081292776 L19.166643999999998,60.59109050000001" class="" stroke="#00f" fill="#00f" transform="translate(10.5,0.5)" data-darkreader-inline-fill="" data-darkreader-inline-stroke="" style="--darkreader-inline-fill:#337dff; --darkreader-inline-stroke:#337dff;"></path><path pointer-events="all" version="1.1" xmlns="http://www.w3.org/1999/xhtml" d="M19.166643999999998,60.59109050000001 L40.30967727708386,59.18676011005447 L32.04509598077688,55.100601033766225 L34.819187810850075,46.3083081292776 L19.166643999999998,60.59109050000001" class="" stroke="#00f" fill="#00f" transform="translate(10.5,0.5)" data-darkreader-inline-fill="" data-darkreader-inline-stroke="" style="--darkreader-inline-fill:#337dff; --darkreader-inline-stroke:#337dff;"></path></svg><div class="_jsPlumb_overlay l1 component label" id="jsPlumb_1_1422" style="position: absolute; transform: translate(-50%, -50%); left: 386.5px; top: 364.5px;">if</div><svg style="position:absolute;left:444.98171321138256px;top:320.5px" width="15.518286788617468" height="89" pointer-events="none" position="absolute" version="1.1" xmlns="http://www.w3.org/1999/xhtml" class="_jsPlumb_connector "><path d="M 0 88 C -10 38 -10 50 0 0 " transform="translate(15.018286788617468,0.5)" pointer-events="visibleStroke" version="1.1" xmlns="http://www.w3.org/1999/xhtml" fill="none" stroke="#00f" style="--darkreader-inline-fill:none; --darkreader-inline-stroke:#337dff;" data-darkreader-inline-fill="" data-darkreader-inline-stroke=""></path><path pointer-events="all" version="1.1" xmlns="http://www.w3.org/1999/xhtml" d="M-4.427999999999998,66.303232 L-1.2615185838583702,45.35154005301801 L-7.026331880366543,52.546463795240896 L-15.018286788617468,47.94987193338456 L-4.427999999999998,66.303232" class="" stroke="#00f" fill="#00f" transform="translate(15.018286788617468,0.5)" data-darkreader-inline-fill="" data-darkreader-inline-stroke="" style="--darkreader-inline-fill:#337dff; --darkreader-inline-stroke:#337dff;"></path><path pointer-events="all" version="1.1" xmlns="http://www.w3.org/1999/xhtml" d="M-4.427999999999998,66.303232 L-1.2615185838583702,45.35154005301801 L-7.026331880366543,52.546463795240896 L-15.018286788617468,47.94987193338456 L-4.427999999999998,66.303232" class="" stroke="#00f" fill="#00f" transform="translate(15.018286788617468,0.5)" data-darkreader-inline-fill="" data-darkreader-inline-stroke="" style="--darkreader-inline-fill:#337dff; --darkreader-inline-stroke:#337dff;"></path></svg><div class="_jsPlumb_overlay l1 component label" id="jsPlumb_1_1426" style="position: absolute; transform: translate(-50%, -50%); left: 452px; top: 364.5px;">else</div><svg style="position:absolute;left:449.5px;top:320.5px" width="159" height="89" pointer-events="none" position="absolute" version="1.1" xmlns="http://www.w3.org/1999/xhtml" class="_jsPlumb_connector "><path d="M 138 88 C 148 38 -10 50 0 0 " transform="translate(10.5,0.5)" pointer-events="visibleStroke" version="1.1" xmlns="http://www.w3.org/1999/xhtml" fill="none" stroke="#00f" style="--darkreader-inline-fill:none; --darkreader-inline-stroke:#337dff;" data-darkreader-inline-fill="" data-darkreader-inline-stroke=""></path><path pointer-events="all" version="1.1" xmlns="http://www.w3.org/1999/xhtml" d="M120.038658,60.59109050000001 L104.67550542211094,45.997477415211826 L107.2728299284673,54.843601165684724 L98.92801608779567,58.76330548674452 L120.038658,60.59109050000001" class="" stroke="#00f" fill="#00f" transform="translate(10.5,0.5)" data-darkreader-inline-fill="" data-darkreader-inline-stroke="" style="--darkreader-inline-fill:#337dff; --darkreader-inline-stroke:#337dff;"></path><path pointer-events="all" version="1.1" xmlns="http://www.w3.org/1999/xhtml" d="M120.038658,60.59109050000001 L104.67550542211094,45.997477415211826 L107.2728299284673,54.843601165684724 L98.92801608779567,58.76330548674452 L120.038658,60.59109050000001" class="" stroke="#00f" fill="#00f" transform="translate(10.5,0.5)" data-darkreader-inline-fill="" data-darkreader-inline-stroke="" style="--darkreader-inline-fill:#337dff; --darkreader-inline-stroke:#337dff;"></path></svg><div class="_jsPlumb_overlay l1 component label" id="jsPlumb_1_1430" style="position: absolute; transform: translate(-50%, -50%); left: 528.5px; top: 364.5px;">continuation</div><div class="_jsPlumb_endpoint source-endpoint dependency-source-endpoint connected _jsPlumb_endpoint_anchor_ ui-draggable ui-droppable" style="position: absolute; height: 20px; width: 20px; left: 532.5px; top: 311px;"><svg style="position:absolute;left:0px;top:0px" width="20" height="20" pointer-events="all" position="absolute" version="1.1" xmlns="http://www.w3.org/1999/xhtml"><circle cx="10" cy="10" r="10" version="1.1" xmlns="http://www.w3.org/1999/xhtml" fill="#666" stroke="none" style="--darkreader-inline-fill:#a8a095; --darkreader-inline-stroke:none;" data-darkreader-inline-fill="" data-darkreader-inline-stroke=""></circle></svg></div><div class="_jsPlumb_endpoint source-endpoint if-source-endpoint _jsPlumb_endpoint_anchor_ ui-draggable ui-droppable _jsPlumb_endpoint_connected _jsPlumb_endpoint_full" style="position: absolute; height: 20px; width: 20px; left: 450px; top: 311px;"><svg style="position:absolute;left:0px;top:0px" width="20" height="20" pointer-events="all" position="absolute" version="1.1" xmlns="http://www.w3.org/1999/xhtml"><circle cx="10" cy="10" r="10" version="1.1" xmlns="http://www.w3.org/1999/xhtml" fill="#00f" stroke="none" style="--darkreader-inline-fill:#337dff; --darkreader-inline-stroke:none;" data-darkreader-inline-fill="" data-darkreader-inline-stroke=""></circle></svg></div><div class="_jsPlumb_endpoint source-endpoint dependency-source-endpoint connected _jsPlumb_endpoint_anchor_ ui-draggable ui-droppable" style="position: absolute; height: 20px; width: 20px; left: 500px; top: 439px;"><svg style="position:absolute;left:0px;top:0px" width="20" height="20" pointer-events="all" position="absolute" version="1.1" xmlns="http://www.w3.org/1999/xhtml"><circle cx="10" cy="10" r="10" version="1.1" xmlns="http://www.w3.org/1999/xhtml" fill="#666" stroke="none" style="--darkreader-inline-fill:#a8a095; --darkreader-inline-stroke:none;" data-darkreader-inline-fill="" data-darkreader-inline-stroke=""></circle></svg></div><div class="_jsPlumb_endpoint target-endpoint if-target-endpoint _jsPlumb_endpoint_anchor_ ui-draggable ui-droppable _jsPlumb_endpoint_connected _jsPlumb_endpoint_full" style="position: absolute; height: 20px; width: 20px; left: 450px; top: 399px;"><svg style="position:absolute;left:0px;top:0px" width="20" height="20" pointer-events="all" position="absolute" version="1.1" xmlns="http://www.w3.org/1999/xhtml"><circle cx="10" cy="10" r="10" version="1.1" xmlns="http://www.w3.org/1999/xhtml" fill="#00f" stroke="none" style="--darkreader-inline-fill:#337dff; --darkreader-inline-stroke:none;" data-darkreader-inline-fill="" data-darkreader-inline-stroke=""></circle></svg></div><div class="_jsPlumb_endpoint source-endpoint dependency-source-endpoint connected _jsPlumb_endpoint_anchor_ ui-draggable ui-droppable" style="position: absolute; height: 20px; width: 20px; left: 638px; top: 439px;"><svg style="position:absolute;left:0px;top:0px" width="20" height="20" pointer-events="all" position="absolute" version="1.1" xmlns="http://www.w3.org/1999/xhtml"><circle cx="10" cy="10" r="10" version="1.1" xmlns="http://www.w3.org/1999/xhtml" fill="#666" stroke="none" style="--darkreader-inline-fill:#a8a095; --darkreader-inline-stroke:none;" data-darkreader-inline-fill="" data-darkreader-inline-stroke=""></circle></svg></div><div class="_jsPlumb_endpoint target-endpoint if-target-endpoint _jsPlumb_endpoint_anchor_ ui-draggable ui-droppable _jsPlumb_endpoint_connected _jsPlumb_endpoint_full" style="position: absolute; height: 20px; width: 20px; left: 588px; top: 399px;"><svg style="position:absolute;left:0px;top:0px" width="20" height="20" pointer-events="all" position="absolute" version="1.1" xmlns="http://www.w3.org/1999/xhtml"><circle cx="10" cy="10" r="10" version="1.1" xmlns="http://www.w3.org/1999/xhtml" fill="#00f" stroke="none" style="--darkreader-inline-fill:#337dff; --darkreader-inline-stroke:none;" data-darkreader-inline-fill="" data-darkreader-inline-stroke=""></circle></svg></div><div class="_jsPlumb_endpoint source-endpoint dependency-source-endpoint connected _jsPlumb_endpoint_anchor_ ui-draggable ui-droppable" style="position: absolute; height: 20px; width: 20px; left: 362.5px; top: 439px;"><svg style="position:absolute;left:0px;top:0px" width="20" height="20" pointer-events="all" position="absolute" version="1.1" xmlns="http://www.w3.org/1999/xhtml"><circle cx="10" cy="10" r="10" version="1.1" xmlns="http://www.w3.org/1999/xhtml" fill="#666" stroke="none" style="--darkreader-inline-fill:#a8a095; --darkreader-inline-stroke:none;" data-darkreader-inline-fill="" data-darkreader-inline-stroke=""></circle></svg></div><div class="_jsPlumb_endpoint target-endpoint if-target-endpoint _jsPlumb_endpoint_anchor_ ui-draggable ui-droppable _jsPlumb_endpoint_connected _jsPlumb_endpoint_full" style="position: absolute; height: 20px; width: 20px; left: 304px; top: 399px;"><svg style="position:absolute;left:0px;top:0px" width="20" height="20" pointer-events="all" position="absolute" version="1.1" xmlns="http://www.w3.org/1999/xhtml"><circle cx="10" cy="10" r="10" version="1.1" xmlns="http://www.w3.org/1999/xhtml" fill="#00f" stroke="none" style="--darkreader-inline-fill:#337dff; --darkreader-inline-stroke:none;" data-darkreader-inline-fill="" data-darkreader-inline-stroke=""></circle></svg></div></div></div>
    </body>
</html>
 ]]>
    </visualization>
  </metadata>
</job>
