<?xml version="1.0" encoding="UTF-8"?>
<job
  xmlns:xsi="http://www.w3.org/2001/XMLSchema-instance"
  xmlns="urn:proactive:jobdescriptor:3.11" xsi:schemaLocation="urn:proactive:jobdescriptor:3.11 http://www.activeeon.com/public_content/schemas/proactive/jobdescriptor/3.11/schedulerjob.xsd"  name="Tensorboard_Service_Actions" projectName="2. Tensorboard" priority="normal" onTaskError="continueJobExecution"  maxNumberOfExecution="2" >
  <variables>
    <variable name="TENSORBOARD_INSTANCE_NAME" value="tensorboard-server" />
  </variables>
  <description>
    <![CDATA[ This workflow manages the life-cycle of Tensorboard PCA service. It allows to trigger the following actions: Finish_Tensorboard. ]]>
  </description>
  <genericInformation>
    <info name="bucketName" value="data-visualization"/>
    <info name="workflow.icon" value="/automation-dashboard/styles/patterns/img/wf-icons/tensorboard.png"/>
    <info name="Documentation" value="PCA/PCAUserGuide.html"/>
    <info name="group" value="public-objects"/>
  </genericInformation>
  <taskFlow>
    <task name="Tensorboard_Service_Action" onTaskError="cancelJob" >
      <variables>
        <variable inherited="false" name="INSTANCE_ID" value=""/>
        <variable inherited="false" name="INSTANCE_NAME" value="$TENSORBOARD_INSTANCE_NAME"/>
        <variable inherited="false" name="ACTION" value="Finish_Tensorboard" model="PA:LIST(Finish_Tensorboard)"/>
      </variables>
      <genericInformation>
        <info name="task.icon" value="/automation-dashboard/styles/patterns/img/wf-icons/tensorboard.png"/>
        <info name="task.documentation" value="PCA/PCAUserGuide.html"/>
      </genericInformation>
      <scriptExecutable>
        <script>
          <file url="${PA_CATALOG_REST_URL}/buckets/cloud-automation-scripts/resources/Service_Action/raw" language="groovy">
            <arguments>
              <argument value="INSTANCE_NAME"/>
            </arguments>
          </file>
        </script>
      </scriptExecutable>
      <controlFlow block="none"></controlFlow>
      <metadata>
        <positionTop>
            225.546875
        </positionTop>
        <positionLeft>
            437.8125
        </positionLeft>
      </metadata>
    </task>
  </taskFlow>
  <metadata>
    <visualization>
      <![CDATA[ <html><head><link rel="stylesheet" href="/studio/styles/studio-standalone.css"><style>
        #workflow-designer {
            left:0 !important;
            top:0 !important;
            width:2132px;
            height:2448px;
            }
        </style></head><body><div id="workflow-visualization-view"><div id="workflow-visualization" style="position:relative;top:-220.546875px;left:-432.8125px"><div class="task _jsPlumb_endpoint_anchor_ ui-draggable active-task" id="jsPlumb_1_124" style="top: 225.547px; left: 437.812px;"><a class="task-name"><img src="/automation-dashboard/styles/patterns/img/wf-icons/tensorboard.png" width="20px">&nbsp;<span class="name">Tensorboard_Service_Action</span></a></div><div class="_jsPlumb_endpoint source-endpoint dependency-source-endpoint connected _jsPlumb_endpoint_anchor_ ui-draggable ui-droppable" style="position: absolute; height: 20px; width: 20px; left: 509px; top: 256px;"><svg style="position:absolute;left:0px;top:0px" width="20" height="20" pointer-events="all" position="absolute" version="1.1"
      xmlns="http://www.w3.org/1999/xhtml"><circle cx="10" cy="10" r="10" version="1.1"
      xmlns="http://www.w3.org/1999/xhtml" fill="#666" stroke="none" style=""></circle></svg></div></div></div></body></html>
 ]]>
    </visualization>
  </metadata>
</job>
