<?xml version="1.0" encoding="UTF-8" standalone="no"?>
<job xmlns="urn:proactive:jobdescriptor:3.12" xmlns:xsi="http://www.w3.org/2001/XMLSchema-instance" maxNumberOfExecution="2" name="Tensorboard_Realtime_CIFAR10_Training" onTaskError="continueJobExecution" priority="normal" projectName="4. Tensorboard Workflows" xsi:schemaLocation="urn:proactive:jobdescriptor:3.12 http://www.activeeon.com/public_content/schemas/proactive/jobdescriptor/3.12/schedulerjob.xsd">
  <variables>
    <variable name="NATIVE_SCHEDULER" value=""/>
    <variable name="NATIVE_SCHEDULER_PARAMS" value=""/>
    <variable name="NODE_ACCESS_TOKEN" value=""/>
    <variable name="NODE_SOURCE_NAME" value=""/>
    <variable model="PA:LIST(no-container,docker,podman,singularity)" name="CONTAINER_PLATFORM" value="docker"/>
    <variable model="PA:Boolean" name="CONTAINER_GPU_ENABLED" value="True"/>
    <variable model="PA:Boolean" name="CONTAINER_ROOTLESS_ENABLED" value="False"/>
    <variable model="PA:LIST(,docker://activeeon/dlm3,docker://activeeon/cuda,docker://activeeon/cuda2,docker://activeeon/rapidsai,docker://activeeon/tensorflow:latest,docker://activeeon/tensorflow:latest-gpu)" name="CONTAINER_IMAGE" value=""/>
    <variable model="PA:NOT_EMPTY_STRING" name="TENSORBOARD_INSTANCE_NAME" value="tensorboard-server-${PA_JOB_ID}"/>
    <variable model="PA:NOT_EMPTY_STRING" name="TENSORBOARD_CONTAINER_LOG_PATH" value="/tmp/$TENSORBOARD_INSTANCE_NAME"/>
    <variable model="PA:NOT_EMPTY_STRING" name="TENSORBOARD_HOST_LOG_PATH" value="/shared/$TENSORBOARD_INSTANCE_NAME"/>
    <variable model="PA:Boolean" name="TENSORBOARD_PROXYFIED" value="False"/>
  </variables>
  <description>
    <![CDATA[ Show an example of real-time using Tensorboard for training a CNN using CIFAR10 database. ]]>
  </description>
  <genericInformation>
<info name="bucketName" value="data-visualization"/>
<info name="workflow.icon" value="/automation-dashboard/styles/patterns/img/wf-icons/tensorboard.png"/>
<info name="Documentation" value="PCA/PCAUserGuide.html"/>
<info name="NS" value="$NATIVE_SCHEDULER"/>
<info name="NS_BATCH" value="$NATIVE_SCHEDULER_PARAMS"/>
<info name="NODE_ACCESS_TOKEN" value="$NODE_ACCESS_TOKEN"/>
<info name="group" value="public-objects"/>
</genericInformation>
  <taskFlow>
    <task fork="true" name="Start_Tensorboard" onTaskError="cancelJob">
      <description>
        <![CDATA[ Start the Tensorboard server as a service. ]]>
      </description>
      <variables>
        <variable inherited="false" name="SERVICE_ID" value="Tensorboard"/>
        <variable inherited="false" name="INSTANCE_NAME" value="$TENSORBOARD_INSTANCE_NAME"/>
        <variable inherited="false" name="PROXYFIED" value="$TENSORBOARD_PROXYFIED"/>
        <variable inherited="false" name="ENGINE" value="$CONTAINER_PLATFORM"/>
        <variable inherited="false" name="MOUNT_LOG_PATH" value="$TENSORBOARD_HOST_LOG_PATH"/>
        <variable inherited="true" name="NATIVE_SCHEDULER" value=""/>
        <variable inherited="true" name="NATIVE_SCHEDULER_PARAMS" value=""/>
      </variables>
      <genericInformation>
        <info name="task.icon" value="/automation-dashboard/styles/patterns/img/wf-icons/tensorboard.png"/>
        <info name="task.documentation" value="PCA/PCAUserGuide.html"/>
      </genericInformation>
      <scriptExecutable>
        <script>
          <file language="groovy" url="${PA_CATALOG_REST_URL}/buckets/cloud-automation-scripts/resources/Service_Start/raw">
            <arguments>
              <argument value="NATIVE_SCHEDULER"/>
              <argument value="NATIVE_SCHEDULER_PARAMS"/>
              <argument value="ENGINE"/>
              <argument value="PROXYFIED"/>
              <argument value="MOUNT_LOG_PATH"/>
            </arguments>
          </file>
        </script>
      </scriptExecutable>
      <controlFlow block="none"/>
      <metadata>
        <positionTop>
            281.484375
        </positionTop>
        <positionLeft>
            456.25
        </positionLeft>
      </metadata>
    </task>
    <task fork="true" name="CIFAR10_Training">
      <description>
        <![CDATA[ Train a simple Tensorflow/Tensorboard script ]]>
      </description>
      <variables>
        <variable inherited="false" name="HOST_LOG_PATH" value="$TENSORBOARD_HOST_LOG_PATH"/>
        <variable inherited="false" name="CONTAINER_LOG_PATH" value="$TENSORBOARD_CONTAINER_LOG_PATH"/>
      </variables>
      <genericInformation>
        <info name="task.icon" value="/automation-dashboard/styles/patterns/img/wf-icons/keras.png"/>
        <info name="task.documentation" value="MLOS/MLOSUserGuide.html#_segnet"/>
      </genericInformation>
      <depends>
        <task ref="Start_Tensorboard"/>
      </depends>
      <selection>
        <script type="static">
          <file language="groovy" url="${PA_CATALOG_REST_URL}/buckets/scripts/resources/check_node_source_name/raw"/>
        </script>
      </selection>
      <forkEnvironment javaHome="/usr">
        <envScript>
          <script>
            <file language="groovy" url="${PA_CATALOG_REST_URL}/buckets/scripts/resources/fork_env_cuda_universal/raw"/>
          </script>
        </envScript>
      </forkEnvironment>
      <scriptExecutable>
        <script>
          <code language="cpython">
            <![CDATA[
# import the required libraries
import os
import keras
import numpy as np

from keras.datasets import cifar10
from keras.models import Sequential
from keras.layers import Dense, Flatten, Dropout, Activation
from keras.layers import Conv2D, MaxPooling2D
from keras.callbacks import TensorBoard

try:
    # https://github.com/tensorflow/tensorflow/issues/24828
    from tensorflow.compat.v1 import ConfigProto
    from tensorflow.compat.v1 import InteractiveSession
    config = ConfigProto()
    config.gpu_options.allow_growth = True
    session = InteractiveSession(config=config)
except:
    pass

# Check if a container platform is enabled
CONTAINER_ENABLED = False
if variables.get("CONTAINER_PLATFORM"):
    CONTAINER_ENABLED = True

# Define the log path for Tensorboard
if CONTAINER_ENABLED:
    LOG_PATH = variables.get("CONTAINER_LOG_PATH")
else:
    LOG_PATH = variables.get("HOST_LOG_PATH")

PA_JOB_ID = "job_ID_" + variables.get("PA_JOB_ID")
PATH = os.path.join(LOG_PATH, PA_JOB_ID)
os.mkdir(PATH)

# Define the number of classes
num_classes = 10

# Split the data into train and test sets
(x_train, y_train), (x_test, y_test) = cifar10.load_data()

# Preprocess data
x_train = x_train.astype('float32')
x_test = x_test.astype('float32')
x_train /= 255
x_test /= 255

# Convert class vectors to binary class matrices
y_train_cat = np.squeeze(keras.utils.to_categorical(y_train, num_classes))
y_test_cat = np.squeeze(keras.utils.to_categorical(y_test, num_classes))

#Define the model
model = Sequential()
model.add(Conv2D(32, (3, 3), padding='same',
                 input_shape=x_train.shape[1:]))
model.add(Activation('relu'))
model.add(Conv2D(32, (3, 3)))
model.add(Activation('relu'))
model.add(MaxPooling2D(pool_size=(2, 2)))
model.add(Dropout(0.25))

model.add(Conv2D(64, (3, 3), padding='same'))
model.add(Activation('relu'))
model.add(Conv2D(64, (3, 3)))
model.add(Activation('relu'))
model.add(MaxPooling2D(pool_size=(2, 2)))
model.add(Dropout(0.25))

model.add(Flatten())
model.add(Dense(512))
model.add(Activation('relu'))
model.add(Dropout(0.5))
model.add(Dense(num_classes))
model.add(Activation('softmax'))

model.summary()

# Compile the model
model.compile(loss='categorical_crossentropy',
             optimizer='adam',
             metrics=['accuracy'])

# Create a TensorBoard instance with the path to the logs directory
tensorboard = TensorBoard(log_dir=PATH)

#Train the model using tensorboard instance in the callbacks
model.fit(x_train, y_train_cat,
         epochs=3,
         validation_data=(x_test, y_test_cat),
         callbacks=[tensorboard])
]]>
          </code>
        </script>
      </scriptExecutable>
      <controlFlow block="none"/>
      <metadata>
        <positionTop>
            409.484375
        </positionTop>
        <positionLeft>
            456.25
        </positionLeft>
      </metadata>
    </task>
  </taskFlow>
  <metadata>
    <visualization>
      <![CDATA[ <html>
    <head>
    <link rel="stylesheet" href="/studio/styles/studio-standalone.css">
        <style>
        #workflow-designer {
            left:0 !important;
            top:0 !important;
            width:2114px;
            height:2720px;
            }
        </style>
    </head>
    <body>
    <div id="workflow-visualization-view"><div id="workflow-visualization" style="position:relative;top:-276.484375px;left:-451.25px"><div class="task _jsPlumb_endpoint_anchor_ ui-draggable" id="jsPlumb_1_106" style="top: 281.484px; left: 456.25px;"><a class="task-name" data-toggle="tooltip" data-placement="right" title="Start the Tensorboard server as a service."><img src="/automation-dashboard/styles/patterns/img/wf-icons/tensorboard.png" width="20px">&nbsp;<span class="name">Start_Tensorboard</span></a></div><div class="task ui-draggable _jsPlumb_endpoint_anchor_" id="jsPlumb_1_109" style="top: 409.484px; left: 456.25px;"><a class="task-name" data-toggle="tooltip" data-placement="right" title="Train a simple Tensorflow/Tensorboard script"><img src="/automation-dashboard/styles/patterns/img/wf-icons/keras.png" width="20px">&nbsp;<span class="name">CIFAR10_Training</span></a></div><svg style="position:absolute;left:499.48171321138256px;top:320.5px" width="15.518286788617468" height="89" pointer-events="none" position="absolute" version="1.1" xmlns="http://www.w3.org/1999/xhtml" class="_jsPlumb_connector"><path d="M 0 88 C -10 38 -10 50 0 0 " transform="translate(15.018286788617468,0.5)" pointer-events="visibleStroke" version="1.1" xmlns="http://www.w3.org/1999/xhtml" fill="none" stroke="#666" style=""></path><path pointer-events="all" version="1.1" xmlns="http://www.w3.org/1999/xhtml" d="M-4.427999999999998,66.303232 L-1.2615185838583702,45.35154005301801 L-7.026331880366543,52.546463795240896 L-15.018286788617468,47.94987193338456 L-4.427999999999998,66.303232" class="" stroke="#666" fill="#666" transform="translate(15.018286788617468,0.5)"></path><path pointer-events="all" version="1.1" xmlns="http://www.w3.org/1999/xhtml" d="M-4.427999999999998,66.303232 L-1.2615185838583702,45.35154005301801 L-7.026331880366543,52.546463795240896 L-15.018286788617468,47.94987193338456 L-4.427999999999998,66.303232" class="" stroke="#666" fill="#666" transform="translate(15.018286788617468,0.5)"></path></svg><div class="_jsPlumb_endpoint source-endpoint dependency-source-endpoint connected _jsPlumb_endpoint_anchor_ ui-draggable ui-droppable _jsPlumb_endpoint_connected" style="position: absolute; height: 20px; width: 20px; left: 504.5px; top: 311px;"><svg style="position:absolute;left:0px;top:0px" width="20" height="20" pointer-events="all" position="absolute" version="1.1" xmlns="http://www.w3.org/1999/xhtml"><circle cx="10" cy="10" r="10" version="1.1" xmlns="http://www.w3.org/1999/xhtml" fill="#666" stroke="none" style=""></circle></svg></div><div class="_jsPlumb_endpoint source-endpoint dependency-source-endpoint connected _jsPlumb_endpoint_anchor_ ui-draggable ui-droppable" style="position: absolute; height: 20px; width: 20px; left: 504.5px; top: 439px;"><svg style="position:absolute;left:0px;top:0px" width="20" height="20" pointer-events="all" position="absolute" version="1.1" xmlns="http://www.w3.org/1999/xhtml"><circle cx="10" cy="10" r="10" version="1.1" xmlns="http://www.w3.org/1999/xhtml" fill="#666" stroke="none" style=""></circle></svg></div><div class="_jsPlumb_endpoint target-endpoint dependency-target-endpoint _jsPlumb_endpoint_anchor_ ui-draggable ui-droppable _jsPlumb_endpoint_connected" style="position: absolute; height: 20px; width: 20px; left: 504.5px; top: 399px;"><svg style="position:absolute;left:0px;top:0px" width="20" height="20" pointer-events="all" position="absolute" version="1.1" xmlns="http://www.w3.org/1999/xhtml"><circle cx="10" cy="10" r="10" version="1.1" xmlns="http://www.w3.org/1999/xhtml" fill="#666" stroke="none" style=""></circle></svg></div></div></div>
    </body>
</html>
 ]]>
    </visualization>
  </metadata>
</job>
