<?xml version="1.0" encoding="UTF-8"?>
<job
        xmlns:xsi="http://www.w3.org/2001/XMLSchema-instance"
        xmlns="urn:proactive:jobdescriptor:3.11" xsi:schemaLocation="urn:proactive:jobdescriptor:3.11 http://www.activeeon.com/public_content/schemas/proactive/jobdescriptor/3.11/schedulerjob.xsd"  name="Visdom_Plots_Example" projectName="2. Visdom Workflows" priority="normal" onTaskError="continueJobExecution"  maxNumberOfExecution="2" >
  <variables>
    <variable name="DOCKER_ENABLED" value="True" model="PA:Boolean"/>
  </variables>
  <description>
    <![CDATA[ Shows an example of several types of plot using the Visdom server. ]]>
  </description>
  <genericInformation>
    <info name="bucketName" value="data-visualization"/>
    <info name="workflow.icon" value="/automation-dashboard/styles/patterns/img/wf-icons/visdom.png"/>
    <info name="Documentation" value="https://doc.activeeon.com/latest/MLOS/MLOSUserGuide.html#_visdom"/>
    <info name="group" value="public-objects"/>
  </genericInformation>
  <taskFlow>
    <task name="Start_Visdom_Service" onTaskError="cancelJob" >
      <description>
        <![CDATA[ Start the Visdom server as a service. ]]>
      </description>
      <variables>
        <variable name="SERVICE_ID" value="Visdom" inherited="false" />
        <variable name="INSTANCE_NAME" value="visdom-server-${PA_JOB_ID}" inherited="true" />
      </variables>
      <genericInformation>
        <info name="task.icon" value="/automation-dashboard/styles/patterns/img/wf-icons/visdom.png"/>
        <info name="task.documentation" value="https://doc.activeeon.com/latest/MLOS/MLOSUserGuide.html"/>
      </genericInformation>
      <scriptExecutable>
        <script>
          <file url="${PA_CATALOG_REST_URL}/buckets/cloud-automation-scripts/resources/Service_Start/raw" language="groovy"></file>
        </script>
      </scriptExecutable>
      <controlFlow block="none"></controlFlow>
    </task>
    <task name="Visdom_Plots" >
      <description>
        <![CDATA[ This task shows how to use Visdom for different plots ]]>
      </description>
      <variables>
        <variable name="DOCKER_ENABLED" value="True" inherited="true" model="PA:Boolean"/>
        <variable name="VISDOM_ENDPOINT" value="" inherited="false" />
      </variables>
      <genericInformation>
        <info name="task.icon" value="/automation-dashboard/styles/patterns/img/wf-icons/visdom.png"/>
        <info name="task.documentation" value="https://doc.activeeon.com/latest/MLOS/MLOSUserGuide.html#_visdom_client_example"/>
      </genericInformation>
      <depends>
        <task ref="Start_Visdom_Service"/>
      </depends>
      <forkEnvironment javaHome="/usr" >
        <envScript>
          <script>
            <code language="python">
              <![CDATA[
if str(variables.get("DOCKER_ENABLED")).lower() == 'true':
  #Be aware, that the prefix command is internally split by spaces. So paths with spaces won't work.
  # Prepare Docker parameters
  containerName = 'activeeon/dlm3'
  dockerRunCommand =  'docker run '
  dockerParameters = '--rm '
  # Prepare ProActive home volume
  paHomeHost = variables.get("PA_SCHEDULER_HOME")
  paHomeContainer = variables.get("PA_SCHEDULER_HOME")
  proActiveHomeVolume = '-v '+paHomeHost +':'+paHomeContainer+' '
  # Prepare working directory (For Dataspaces and serialized task file)
  workspaceHost = localspace
  workspaceContainer = localspace
  workspaceVolume = '-v '+localspace +':'+localspace+' '
  # Prepare container working directory
  containerWorkingDirectory = '-w '+workspaceContainer+' '
  # Save pre execution command into magic variable 'preJavaHomeCmd', which is picked up by the node
  preJavaHomeCmd = dockerRunCommand + dockerParameters + proActiveHomeVolume + workspaceVolume + containerWorkingDirectory + containerName
else:
  print("Fork environment disabled")
]]>
            </code>
          </script>
        </envScript>
      </forkEnvironment>
      <scriptExecutable>
        <script>
          <code language="cpython">
            <![CDATA[
import os
import math
import numpy as np
import urllib3

from io import BytesIO
from PIL import Image
from argparse import ArgumentParser
from visdom import Visdom
visdom_endpoint = variables.get("VISDOM_ENDPOINT") if variables.get("VISDOM_ENDPOINT") else results[0].__str__()
print("VISDOM_ENDPOINT = ",visdom_endpoint)

if visdom_endpoint is not None:
  visdom_endpoint = visdom_endpoint.replace("http://", "")
  print(visdom_endpoint)

(VISDOM_HOST, VISDOM_PORT) = visdom_endpoint.split(":")

print("Connecting to %s:%s" % (VISDOM_HOST, VISDOM_PORT))
vis = Visdom(server="http://"+VISDOM_HOST,port=int(VISDOM_PORT))
assert vis.check_connection()

# text plot
textwindow = vis.text('Hello World!')
#updatetextwindow = vis.text('Hello World! More text should be here')
#vis.text('And here it is', win=updatetextwindow, append=True)

# show ActiveEon logo
url_image = 'http://s3.eu-west-2.amazonaws.com/activeeon-public/images/logo.jpg'
http = urllib3.PoolManager()
r = http.request('GET', url_image)
image = np.asarray(Image.open(BytesIO(r.data))).astype(np.uint8)
vis_image = image.transpose((2, 0, 1)).astype(np.float64)
vis.image(vis_image,opts=dict(title='ActiveEon', caption='ActiveEon'))

# boxplot
X = np.random.rand(100, 2)
X[:, 1] += 2
vis.boxplot(X=X,opts=dict(legend=['Men', 'Women']))

# stemplot
Y = np.linspace(0, 2 * math.pi, 70)
X = np.column_stack((np.sin(Y), np.cos(Y)))
vis.stem(X=X,Y=Y,opts=dict(legend=['Sine', 'Cosine']))

# quiver plot
X = np.arange(0, 2.1, .2)
Y = np.arange(0, 2.1, .2)
X = np.broadcast_to(np.expand_dims(X, axis=1), (len(X), len(X)))
Y = np.broadcast_to(np.expand_dims(Y, axis=0), (len(Y), len(Y)))
U = np.multiply(np.cos(X), Y)
V = np.multiply(np.sin(X), Y)
vis.quiver(X=U,Y=V,opts=dict(normalize=0.9))

# pie chart
X = np.asarray([19, 26, 55])
vis.pie(X=X,opts=dict(legend=['Residential', 'Non-Residential', 'Utility']))

# mesh plot
x = [0, 0, 1, 1, 0, 0, 1, 1]
y = [0, 1, 1, 0, 0, 1, 1, 0]
z = [0, 0, 0, 0, 1, 1, 1, 1]
X = np.c_[x, y, z]
i = [7, 0, 0, 0, 4, 4, 6, 6, 4, 0, 3, 2]
j = [3, 4, 1, 2, 5, 6, 5, 2, 0, 1, 6, 3]
k = [0, 7, 2, 3, 6, 7, 1, 1, 5, 5, 7, 6]
Y = np.c_[i, j, k]
vis.mesh(X=X, Y=Y, opts=dict(opacity=0.5))

# contour
x = np.tile(np.arange(1, 101), (100, 1))
y = x.transpose()
X = np.exp((((x - 50) ** 2) + ((y - 50) ** 2)) / -(20.0 ** 2))
vis.contour(X=X, opts=dict(colormap='Viridis'))

# surface
vis.surf(X=X, opts=dict(colormap='Hot'))

# line plots
vis.line(Y=np.random.rand(10))
Y = np.linspace(-5, 5, 100)
vis.line(Y=np.column_stack((Y * Y, np.sqrt(Y + 5))),X=np.column_stack((Y, Y)),opts=dict(markers=False))

 # heatmap
vis.heatmap(X=np.outer(np.arange(1, 6), np.arange(1, 11)),
  opts=dict(
    columnnames=['a', 'b', 'c', 'd', 'e', 'f', 'g', 'h', 'i', 'j'],
    rownames=['y1', 'y2', 'y3', 'y4', 'y5'],
    colormap='Electric'
  )
)

# histogram
vis.histogram(X=np.random.rand(10000), opts=dict(numbins=20))

# bar plots
vis.bar(X=np.random.rand(20))
vis.bar(X=np.abs(np.random.rand(5, 3)),
  opts=dict(
    stacked=True,
    legend=['Facebook', 'Google', 'Twitter'],
    rownames=['2012', '2013', '2014', '2015', '2016']
  )
)
vis.bar(X=np.random.rand(20, 3),
  opts=dict(stacked=False,legend=['The Netherlands', 'France', 'United States'])
)

# scatter plots
Y = np.random.rand(100)
vis.scatter(X=np.random.rand(100, 2),Y=(Y[Y > 0] + 1.5).astype(int),
  opts=dict(
    legend=['Apples', 'Pears'],
    xtickmin=-5,
    xtickmax=5,
    xtickstep=0.5,
    ytickmin=-5,
    ytickmax=5,
    ytickstep=0.5,
    markersymbol='cross-thin-open'
  )
)
vis.scatter(X=np.random.rand(100, 3),Y=(Y + 1.5).astype(int),
  opts=dict(legend=['Men', 'Women'],markersize=5)
)

# image demo
#vis.image(
#    np.random.rand(3, 512, 256),
#    opts=dict(title='Random!', caption='How random.'),
#)

# grid of images
vis.images(np.random.randn(20, 3, 64, 64),
  opts=dict(title='Random images', caption='How random.')
)
]]>
          </code>
        </script>
      </scriptExecutable>
      <controlFlow block="none"></controlFlow>
    </task>
    <task name="Web_Validation"

          onTaskError="pauseJob" >
      <description>
        <![CDATA[ Task to pause the job and send a validation message to the notification service ]]>
      </description>
      <genericInformation>
        <info name="task.icon" value="/automation-dashboard/styles/patterns/img/wf-icons/web_validation.png"/>
      </genericInformation>
      <depends>
        <task ref="Visdom_Plots"/>
      </depends>
      <scriptExecutable>
        <script>
          <file url="${PA_CATALOG_REST_URL}/buckets/notification-tools/resources/Web_Validation_Script/raw" language="groovy">
            <arguments>
              <argument value="Please, validate to stop the Visdom service"/>
            </arguments>
          </file>
        </script>
      </scriptExecutable>
      <controlFlow block="none"></controlFlow>
    </task>
    <task name="Visdom_Service_Actions"

          onTaskError="cancelJob" >
      <description>
        <![CDATA[ This task manages the life-cycle of Visdom PCA service. It allows to trigger three possible actions: Pause_Visdom, Resume_Visdom and Finish_Visdom.
It requires the following variables:
INSTANCE_ID: if used alone or;
INSTANCE_NAME: if used within the same workflow as a Visdom_Service_Start task. In this case there is no need for an INSTANCE_ID.
ACTION: the action to execute on the Visdom service among the aforementioned actions. ]]>
      </description>
      <variables>
        <variable name="INSTANCE_NAME" value="visdom-server-${PA_JOB_ID}" inherited="false" />
        <variable name="ACTION" value="Finish_Visdom" inherited="false" model="PA:LIST(Pause_Visdom, Resume_Visdom, Finish_Visdom)"/>
        <variable name="INSTANCE_ID" value="" inherited="false" />
      </variables>
      <genericInformation>
        <info name="task.icon" value="/automation-dashboard/styles/patterns/img/wf-icons/visdom.png"/>
        <info name="task.documentation" value="https://doc.activeeon.com/latest/MLOS/MLOSUserGuide.html"/>
      </genericInformation>
      <depends>
        <task ref="Web_Validation"/>
      </depends>
      <scriptExecutable>
        <script>
          <file url="${PA_CATALOG_REST_URL}/buckets/cloud-automation-scripts/resources/Service_Action/raw" language="groovy"></file>
        </script>
      </scriptExecutable>
      <controlFlow block="none"></controlFlow>
    </task>
  </taskFlow>
  <metadata>
    <visualization>
      <![CDATA[ <html><head><link rel="stylesheet" href="/studio/styles/studio-standalone.css"><style>
        #workflow-designer {
            left:0 !important;
            top:0 !important;
            width:2854px;
            height:3692px;
            }
        </style></head><body><div id="workflow-visualization-view"><div id="workflow-visualization" style="position:relative;top:-320.5px;left:-616.75px"><div class="task _jsPlumb_endpoint_anchor_ ui-draggable" style="top: 325.5px; left: 621.75px;" id="jsPlumb_1_22"><a class="task-name"><img src="/automation-dashboard/styles/patterns/img/wf-icons/visdom.png" width="20px">&nbsp;<span class="name">Start_Visdom_Service</span></a></div><div class="task ui-draggable _jsPlumb_endpoint_anchor_ active-task" style="top: 453.5px; left: 621.75px;" id="jsPlumb_1_25"><a class="task-name"><img src="/automation-dashboard/styles/patterns/img/wf-icons/visdom.png" width="20px">&nbsp;<span class="name">Visdom_Plots</span></a></div><div class="task ui-draggable _jsPlumb_endpoint_anchor_" style="top: 581.5px; left: 621.75px;" id="jsPlumb_1_28"><a class="task-name"><img src="/automation-dashboard/styles/patterns/img/wf-icons/web_validation.png" width="20px">&nbsp;<span class="name">Web_Validation</span></a></div><div class="task ui-draggable _jsPlumb_endpoint_anchor_" style="top: 709.5px; left: 621.75px;" id="jsPlumb_1_31"><a class="task-name"><img src="/automation-dashboard/styles/patterns/img/wf-icons/visdom.png" width="20px">&nbsp;<span class="name">Visdom_Service_Actions</span></a></div><svg style="position:absolute;left:661.5px;top:365.5px" width="32" height="89" pointer-events="none" position="absolute" version="1.1"
      xmlns="http://www.w3.org/1999/xhtml" class="_jsPlumb_connector"><path d="M 0 88 C -10 38 21 50 11 0 " transform="translate(10.5,0.5)" pointer-events="visibleStroke" version="1.1"
      xmlns="http://www.w3.org/1999/xhtml" fill="none" stroke="#666" style=""></path><path pointer-events="all" version="1.1"
      xmlns="http://www.w3.org/1999/xhtml" d="M-1.8930240000000003,66.303232 L8.476136957551759,47.824040972349884 L0.539947820500627,52.5162581434697 L-5.310836898978539,45.39106915184926 L-1.8930240000000003,66.303232" class="" stroke="#666" fill="#666" transform="translate(10.5,0.5)"></path><path pointer-events="all" version="1.1"
      xmlns="http://www.w3.org/1999/xhtml" d="M-1.8930240000000003,66.303232 L8.476136957551759,47.824040972349884 L0.539947820500627,52.5162581434697 L-5.310836898978539,45.39106915184926 L-1.8930240000000003,66.303232" class="" stroke="#666" fill="#666" transform="translate(10.5,0.5)"></path></svg><svg style="position:absolute;left:656.9817132113825px;top:493.5px" width="15.518286788617468" height="89" pointer-events="none" position="absolute" version="1.1"
      xmlns="http://www.w3.org/1999/xhtml" class="_jsPlumb_connector "><path d="M 0 88 C -10 38 -10 50 0 0 " transform="translate(15.018286788617468,0.5)" pointer-events="visibleStroke" version="1.1"
      xmlns="http://www.w3.org/1999/xhtml" fill="none" stroke="#666" style=""></path><path pointer-events="all" version="1.1"
      xmlns="http://www.w3.org/1999/xhtml" d="M-4.427999999999998,66.303232 L-1.2615185838583702,45.35154005301801 L-7.026331880366543,52.546463795240896 L-15.018286788617468,47.94987193338456 L-4.427999999999998,66.303232" class="" stroke="#666" fill="#666" transform="translate(15.018286788617468,0.5)"></path><path pointer-events="all" version="1.1"
      xmlns="http://www.w3.org/1999/xhtml" d="M-4.427999999999998,66.303232 L-1.2615185838583702,45.35154005301801 L-7.026331880366543,52.546463795240896 L-15.018286788617468,47.94987193338456 L-4.427999999999998,66.303232" class="" stroke="#666" fill="#666" transform="translate(15.018286788617468,0.5)"></path></svg><svg style="position:absolute;left:661.5px;top:621.5px" width="37.5" height="89" pointer-events="none" position="absolute" version="1.1"
      xmlns="http://www.w3.org/1999/xhtml" class="_jsPlumb_connector "><path d="M 16.5 88 C 26.5 38 -10 50 0 0 " transform="translate(10.5,0.5)" pointer-events="visibleStroke" version="1.1"
      xmlns="http://www.w3.org/1999/xhtml" fill="none" stroke="#666" style=""></path><path pointer-events="all" version="1.1"
      xmlns="http://www.w3.org/1999/xhtml" d="M17.922576,66.303232 L19.885371730082234,45.204714684274435 L14.541569557866197,52.71762213373894 L6.29976186382118,48.585721126408245 L17.922576,66.303232" class="" stroke="#666" fill="#666" transform="translate(10.5,0.5)"></path><path pointer-events="all" version="1.1"
      xmlns="http://www.w3.org/1999/xhtml" d="M17.922576,66.303232 L19.885371730082234,45.204714684274435 L14.541569557866197,52.71762213373894 L6.29976186382118,48.585721126408245 L17.922576,66.303232" class="" stroke="#666" fill="#666" transform="translate(10.5,0.5)"></path></svg><div style="position: absolute; height: 20px; width: 20px; left: 673px; top: 356px;" class="_jsPlumb_endpoint source-endpoint dependency-source-endpoint connected _jsPlumb_endpoint_anchor_ ui-draggable ui-droppable _jsPlumb_endpoint_connected"><svg style="position:absolute;left:0px;top:0px" width="20" height="20" pointer-events="all" position="absolute" version="1.1"
      xmlns="http://www.w3.org/1999/xhtml"><circle cx="10" cy="10" r="10" version="1.1"
      xmlns="http://www.w3.org/1999/xhtml" fill="#666" stroke="none" style=""></circle></svg></div><div style="position: absolute; height: 20px; width: 20px; left: 662px; top: 484px;" class="_jsPlumb_endpoint source-endpoint dependency-source-endpoint connected _jsPlumb_endpoint_anchor_ ui-draggable ui-droppable _jsPlumb_endpoint_connected"><svg style="position:absolute;left:0px;top:0px" width="20" height="20" pointer-events="all" position="absolute" version="1.1"
      xmlns="http://www.w3.org/1999/xhtml"><circle cx="10" cy="10" r="10" version="1.1"
      xmlns="http://www.w3.org/1999/xhtml" fill="#666" stroke="none" style=""></circle></svg></div><div style="position: absolute; height: 20px; width: 20px; left: 662px; top: 444px;" class="_jsPlumb_endpoint target-endpoint dependency-target-endpoint _jsPlumb_endpoint_anchor_ ui-draggable ui-droppable _jsPlumb_endpoint_connected"><svg style="position:absolute;left:0px;top:0px" width="20" height="20" pointer-events="all" position="absolute" version="1.1"
      xmlns="http://www.w3.org/1999/xhtml"><circle cx="10" cy="10" r="10" version="1.1"
      xmlns="http://www.w3.org/1999/xhtml" fill="#666" stroke="none" style=""></circle></svg></div><div style="position: absolute; height: 20px; width: 20px; left: 662px; top: 612px;" class="_jsPlumb_endpoint source-endpoint dependency-source-endpoint connected _jsPlumb_endpoint_anchor_ ui-draggable ui-droppable _jsPlumb_endpoint_connected"><svg style="position:absolute;left:0px;top:0px" width="20" height="20" pointer-events="all" position="absolute" version="1.1"
      xmlns="http://www.w3.org/1999/xhtml"><circle cx="10" cy="10" r="10" version="1.1"
      xmlns="http://www.w3.org/1999/xhtml" fill="#666" stroke="none" style=""></circle></svg></div><div style="position: absolute; height: 20px; width: 20px; left: 662px; top: 572px;" class="_jsPlumb_endpoint target-endpoint dependency-target-endpoint _jsPlumb_endpoint_anchor_ ui-draggable ui-droppable _jsPlumb_endpoint_connected"><svg style="position:absolute;left:0px;top:0px" width="20" height="20" pointer-events="all" position="absolute" version="1.1"
      xmlns="http://www.w3.org/1999/xhtml"><circle cx="10" cy="10" r="10" version="1.1"
      xmlns="http://www.w3.org/1999/xhtml" fill="#666" stroke="none" style=""></circle></svg></div><div style="position: absolute; height: 20px; width: 20px; left: 678.5px; top: 740px;" class="_jsPlumb_endpoint source-endpoint dependency-source-endpoint connected _jsPlumb_endpoint_anchor_ ui-draggable ui-droppable"><svg style="position:absolute;left:0px;top:0px" width="20" height="20" pointer-events="all" position="absolute" version="1.1"
      xmlns="http://www.w3.org/1999/xhtml"><circle cx="10" cy="10" r="10" version="1.1"
      xmlns="http://www.w3.org/1999/xhtml" fill="#666" stroke="none" style=""></circle></svg></div><div style="position: absolute; height: 20px; width: 20px; left: 678.5px; top: 700px;" class="_jsPlumb_endpoint target-endpoint dependency-target-endpoint _jsPlumb_endpoint_anchor_ ui-draggable ui-droppable _jsPlumb_endpoint_connected"><svg style="position:absolute;left:0px;top:0px" width="20" height="20" pointer-events="all" position="absolute" version="1.1"
      xmlns="http://www.w3.org/1999/xhtml"><circle cx="10" cy="10" r="10" version="1.1"
      xmlns="http://www.w3.org/1999/xhtml" fill="#666" stroke="none" style=""></circle></svg></div></div></div></body></html>
 ]]>
    </visualization>
  </metadata>
</job>