<?xml version="1.0" encoding="UTF-8" standalone="no"?>
<job xmlns="urn:proactive:jobdescriptor:3.12" xmlns:xsi="http://www.w3.org/2001/XMLSchema-instance" maxNumberOfExecution="2" name="Visdom_Realtime_Digit_Classification" onTaskError="continueJobExecution" priority="normal" projectName="3. Visdom Workflows" xsi:schemaLocation="urn:proactive:jobdescriptor:3.12 http://www.activeeon.com/public_content/schemas/proactive/jobdescriptor/3.12/schedulerjob.xsd">
  <variables>
    <variable name="NATIVE_SCHEDULER" value=""/>
    <variable name="NATIVE_SCHEDULER_PARAMS" value=""/>
    <variable name="NODE_ACCESS_TOKEN" value=""/>
    <variable model="PA:LIST(no-container,docker,podman,singularity)" name="CONTAINER_PLATFORM" value="docker"/>
    <variable model="PA:Boolean" name="CONTAINER_GPU_ENABLED" value="True"/>
    <variable model="PA:LIST(,docker://activeeon/dlm3,docker://activeeon/cuda,docker://activeeon/cuda2,docker://activeeon/rapidsai,docker://activeeon/tensorflow:latest,docker://activeeon/tensorflow:latest-gpu)" name="CONTAINER_IMAGE" value=""/>
    <variable name="VISDOM_INSTANCE_NAME" value="visdom-server-${PA_JOB_ID}"/>
    <variable model="PA:Boolean" name="VISDOM_PROXYFIED" value="False"/>
    <variable model="PA:Boolean" name="VISDOM_ENABLE_LOGIN" value="False"/>
    <variable name="VISDOM_USERNAME" value=""/>
    <variable model="PA:HIDDEN" name="VISDOM_PASSWORD" value=""/>
  </variables>
  <description>
    <![CDATA[ Show an example of realtime plotting using the Visdom server for training a convolutional neural network (CNN) for MNIST digit classification. ]]>
  </description>
  <genericInformation>
<info name="bucketName" value="data-visualization"/>
<info name="workflow.icon" value="/automation-dashboard/styles/patterns/img/wf-icons/visdom.png"/>
<info name="Documentation" value="MLOS/MLOSUserGuide.html#_visdom"/>
<info name="NS" value="$NATIVE_SCHEDULER"/>
<info name="NS_BATCH" value="$NATIVE_SCHEDULER_PARAMS"/>
<info name="NODE_ACCESS_TOKEN" value="$NODE_ACCESS_TOKEN"/>
<info name="group" value="public-objects"/>
</genericInformation>
  <taskFlow>
    <task fork="true" name="Visdom_Train_CNN">
      <description>
        <![CDATA[ The simplest task, ran by a python engine. ]]>
      </description>
      <genericInformation>
        <info name="task.icon" value="/automation-dashboard/styles/patterns/img/wf-icons/visdom.png"/>
      </genericInformation>
      <depends>
        <task ref="Start_Visdom_Service"/>
      </depends>
      <forkEnvironment javaHome="/usr">
        <envScript>
          <script>
            <file language="groovy" url="${PA_CATALOG_REST_URL}/buckets/scripts/resources/fork_env_cuda_universal/raw"/>
          </script>
        </envScript>
      </forkEnvironment>
      <scriptExecutable>
        <script>
          <file language="cpython" url="${PA_CATALOG_REST_URL}/buckets/data-visualization-scripts/resources/Visdom_Train_CNN/raw"/>
        </script>
      </scriptExecutable>
      <controlFlow block="none"/>
      <metadata>
        <positionTop>
            281.484375
        </positionTop>
        <positionLeft>
            447.484375
        </positionLeft>
      </metadata>
    </task>
    <task fork="true" name="Wait_For_Web_Validation" onTaskError="pauseJob">
      <description>
        <![CDATA[ Task to pause the job and send a validation message to the notification service ]]>
      </description>
      <genericInformation>
        <info name="task.icon" value="/automation-dashboard/styles/patterns/img/wf-icons/visdom.png"/>
        <info name="task.documentation" value="MLOS/MLOSUserGuide.html"/>
      </genericInformation>
      <depends>
        <task ref="Visdom_Train_CNN"/>
      </depends>
      <scriptExecutable>
        <script>
          <file language="groovy" url="${PA_CATALOG_REST_URL}/buckets/notification-tools/resources/Web_Validation_Script/raw">
            <arguments>
              <argument value="Please, validate to stop the Visdom service"/>
            </arguments>
          </file>
        </script>
      </scriptExecutable>
      <metadata>
        <positionTop>
            409.484375
        </positionTop>
        <positionLeft>
            447.484375
        </positionLeft>
      </metadata>
    </task>
    <task fork="true" name="Visdom_Service_Actions" onTaskError="cancelJob">
      <description>
        <![CDATA[ This task manages the life-cycle of Visdom PCA service. It allows to trigger the following actions: Finish_Visdom.
It requires the following variables:
INSTANCE_ID: if used alone or;
INSTANCE_NAME: if used within the same workflow as a Visdom_Service_Start task. In this case there is no need for an INSTANCE_ID.
ACTION: the action to execute on the Visdom service among the aforementioned actions. ]]>
      </description>
      <variables>
        <variable inherited="false" name="INSTANCE_NAME" value="$VISDOM_INSTANCE_NAME"/>
        <variable inherited="false" model="PA:LIST(Finish_Visdom)" name="ACTION" value="Finish_Visdom"/>
        <variable inherited="false" name="INSTANCE_ID" value=""/>
      </variables>
      <genericInformation>
        <info name="task.icon" value="/automation-dashboard/styles/patterns/img/wf-icons/visdom.png"/>
        <info name="task.documentation" value="MLOS/MLOSUserGuide.html"/>
      </genericInformation>
      <depends>
        <task ref="Wait_For_Web_Validation"/>
      </depends>
      <scriptExecutable>
        <script>
          <file language="groovy" url="${PA_CATALOG_REST_URL}/buckets/cloud-automation-scripts/resources/Service_Action/raw">
            <arguments>
              <argument value="INSTANCE_NAME"/>
            </arguments>
          </file>
        </script>
      </scriptExecutable>
      <controlFlow block="none"/>
      <metadata>
        <positionTop>
            537.484375
        </positionTop>
        <positionLeft>
            447.484375
        </positionLeft>
      </metadata>
    </task>
    <task fork="true" name="Start_Visdom_Service" onTaskError="cancelJob">
      <description>
        <![CDATA[ Start the Visdom server as a service. ]]>
      </description>
      <variables>
        <variable inherited="false" name="SERVICE_ID" value="Visdom"/>
        <variable inherited="false" name="INSTANCE_NAME" value="$VISDOM_INSTANCE_NAME"/>
        <variable inherited="false" name="ENGINE" value="$CONTAINER_PLATFORM"/>
        <variable inherited="false" name="PROXYFIED" value="$VISDOM_PROXYFIED"/>
        <variable inherited="true" name="NATIVE_SCHEDULER" value=""/>
        <variable inherited="true" name="NATIVE_SCHEDULER_PARAMS" value=""/>
      </variables>
      <genericInformation>
        <info name="task.icon" value="/automation-dashboard/styles/patterns/img/wf-icons/visdom.png"/>
        <info name="task.documentation" value="MLOS/MLOSUserGuide.html"/>
      </genericInformation>
      <scriptExecutable>
        <script>
          <file language="groovy" url="${PA_CATALOG_REST_URL}/buckets/cloud-automation-scripts/resources/Service_Start/raw">
            <arguments>
              <argument value="NATIVE_SCHEDULER"/>
              <argument value="NATIVE_SCHEDULER_PARAMS"/>
              <argument value="ENGINE"/>
              <argument value="PROXYFIED"/>
              <argument value="VISDOM_ENABLE_LOGIN"/>
              <argument value="VISDOM_USERNAME"/>
              <argument value="VISDOM_PASSWORD"/>
            </arguments>
          </file>
        </script>
      </scriptExecutable>
      <controlFlow block="none"/>
      <post>
        <script>
          <code language="groovy">
            <![CDATA[
variables.put("ENDPOINT_VISDOM",variables.get("ENDPOINT_" + variables.get("INSTANCE_NAME")))
]]>
          </code>
        </script>
      </post>
      <metadata>
        <positionTop>
            153.484375
        </positionTop>
        <positionLeft>
            447.484375
        </positionLeft>
      </metadata>
    </task>
  </taskFlow>
  <metadata>
    <visualization>
      <![CDATA[ <html>
    <head>
    <link rel="stylesheet" href="/studio/styles/studio-standalone.css">
        <style>
        #workflow-designer {
            left:0 !important;
            top:0 !important;
            width:2114px;
            height:2720px;
            }
        </style>
    </head>
    <body>
    <div id="workflow-visualization-view"><div id="workflow-visualization" style="position:relative;top:-148.484375px;left:-442.484375px"><div class="task ui-draggable _jsPlumb_endpoint_anchor_" id="jsPlumb_1_152" style="top: 281.5px; left: 447.5px;"><a class="task-name" data-toggle="tooltip" data-placement="right" title="The simplest task, ran by a python engine."><img src="/automation-dashboard/styles/patterns/img/wf-icons/visdom.png" width="20px">&nbsp;<span class="name">Visdom_Train_CNN</span></a></div><div class="task ui-draggable _jsPlumb_endpoint_anchor_" id="jsPlumb_1_155" style="top: 409.5px; left: 447.5px;"><a class="task-name" data-toggle="tooltip" data-placement="right" title="Task to pause the job and send a validation message to the notification service"><img src="/automation-dashboard/styles/patterns/img/wf-icons/visdom.png" width="20px">&nbsp;<span class="name">Wait_For_Web_Validation</span></a></div><div class="task ui-draggable _jsPlumb_endpoint_anchor_" id="jsPlumb_1_158" style="top: 537.5px; left: 447.5px;"><a class="task-name" data-toggle="tooltip" data-placement="right" title="This task manages the life-cycle of Visdom PCA service. It allows to trigger three possible actions: Pause_Visdom, Resume_Visdom and Finish_Visdom.
It requires the following variables:
INSTANCE_ID: if used alone or;
INSTANCE_NAME: if used within the same workflow as a Visdom_Service_Start task. In this case there is no need for an INSTANCE_ID.
ACTION: the action to execute on the Visdom service among the aforementioned actions."><img src="/automation-dashboard/styles/patterns/img/wf-icons/visdom.png" width="20px">&nbsp;<span class="name">Visdom_Service_Actions</span></a></div><div class="task _jsPlumb_endpoint_anchor_ ui-draggable" id="jsPlumb_1_161" style="top: 153.5px; left: 447.5px;"><a class="task-name" data-toggle="tooltip" data-placement="right" title="Start the Visdom server as a service."><img src="/automation-dashboard/styles/patterns/img/wf-icons/visdom.png" width="20px">&nbsp;<span class="name">Start_Visdom_Service</span></a></div><svg style="position:absolute;left:498.5px;top:192.5px" width="26" height="89" pointer-events="none" position="absolute" version="1.1" xmlns="http://www.w3.org/1999/xhtml" class="_jsPlumb_connector"><path d="M 0 88 C -10 38 15 50 5 0 " transform="translate(10.5,0.5)" pointer-events="visibleStroke" version="1.1" xmlns="http://www.w3.org/1999/xhtml" fill="none" stroke="#666" style=""></path><path pointer-events="all" version="1.1" xmlns="http://www.w3.org/1999/xhtml" d="M-2.40953125,66.78168750000002 L6.41844882380946,47.518594087559144 L-1.1087489198275216,52.84224829573104 L-7.520990380459522,46.21781175738666 L-2.40953125,66.78168750000002" class="" stroke="#666" fill="#666" transform="translate(10.5,0.5)"></path><path pointer-events="all" version="1.1" xmlns="http://www.w3.org/1999/xhtml" d="M-2.40953125,66.78168750000002 L6.41844882380946,47.518594087559144 L-1.1087489198275216,52.84224829573104 L-7.520990380459522,46.21781175738666 L-2.40953125,66.78168750000002" class="" stroke="#666" fill="#666" transform="translate(10.5,0.5)"></path></svg><svg style="position:absolute;left:498.5px;top:320.5px" width="34" height="89" pointer-events="none" position="absolute" version="1.1" xmlns="http://www.w3.org/1999/xhtml" class="_jsPlumb_connector"><path d="M 13 88 C 23 38 -10 50 0 0 " transform="translate(10.5,0.5)" pointer-events="visibleStroke" version="1.1" xmlns="http://www.w3.org/1999/xhtml" fill="none" stroke="#666" style=""></path><path pointer-events="all" version="1.1" xmlns="http://www.w3.org/1999/xhtml" d="M14.721952,66.303232 L17.607310728060902,45.310978547585634 L11.939456689355112,52.582527942035654 L3.88660667009656,48.093473858230524 L14.721952,66.303232" class="" stroke="#666" fill="#666" transform="translate(10.5,0.5)"></path><path pointer-events="all" version="1.1" xmlns="http://www.w3.org/1999/xhtml" d="M14.721952,66.303232 L17.607310728060902,45.310978547585634 L11.939456689355112,52.582527942035654 L3.88660667009656,48.093473858230524 L14.721952,66.303232" class="" stroke="#666" fill="#666" transform="translate(10.5,0.5)"></path></svg><svg style="position:absolute;left:509.5px;top:448.5px" width="23" height="89" pointer-events="none" position="absolute" version="1.1" xmlns="http://www.w3.org/1999/xhtml" class="_jsPlumb_connector"><path d="M 0 88 C -10 38 12 50 2 0 " transform="translate(10.5,0.5)" pointer-events="visibleStroke" version="1.1" xmlns="http://www.w3.org/1999/xhtml" fill="none" stroke="#666" style=""></path><path pointer-events="all" version="1.1" xmlns="http://www.w3.org/1999/xhtml" d="M-2.6529999999999996,66.78168750000002 L5.422684726887218,47.19129913754225 L-1.8927913941925154,52.80234263424697 L-8.556660138865833,46.431090531734775 L-2.6529999999999996,66.78168750000002" class="" stroke="#666" fill="#666" transform="translate(10.5,0.5)"></path><path pointer-events="all" version="1.1" xmlns="http://www.w3.org/1999/xhtml" d="M-2.6529999999999996,66.78168750000002 L5.422684726887218,47.19129913754225 L-1.8927913941925154,52.80234263424697 L-8.556660138865833,46.431090531734775 L-2.6529999999999996,66.78168750000002" class="" stroke="#666" fill="#666" transform="translate(10.5,0.5)"></path></svg><div class="_jsPlumb_endpoint source-endpoint dependency-source-endpoint connected _jsPlumb_endpoint_anchor_ ui-draggable ui-droppable _jsPlumb_endpoint_connected" style="position: absolute; height: 20px; width: 20px; left: 499px; top: 311px;"><svg style="position:absolute;left:0px;top:0px" width="20" height="20" pointer-events="all" position="absolute" version="1.1" xmlns="http://www.w3.org/1999/xhtml"><circle cx="10" cy="10" r="10" version="1.1" xmlns="http://www.w3.org/1999/xhtml" fill="#666" stroke="none" style=""></circle></svg></div><div class="_jsPlumb_endpoint target-endpoint dependency-target-endpoint _jsPlumb_endpoint_anchor_ ui-draggable ui-droppable _jsPlumb_endpoint_connected" style="position: absolute; height: 20px; width: 20px; left: 499px; top: 271px;"><svg style="position:absolute;left:0px;top:0px" width="20" height="20" pointer-events="all" position="absolute" version="1.1" xmlns="http://www.w3.org/1999/xhtml"><circle cx="10" cy="10" r="10" version="1.1" xmlns="http://www.w3.org/1999/xhtml" fill="#666" stroke="none" style=""></circle></svg></div><div class="_jsPlumb_endpoint source-endpoint dependency-source-endpoint connected _jsPlumb_endpoint_anchor_ ui-draggable ui-droppable _jsPlumb_endpoint_connected" style="position: absolute; height: 20px; width: 20px; left: 512px; top: 439px;"><svg style="position:absolute;left:0px;top:0px" width="20" height="20" pointer-events="all" position="absolute" version="1.1" xmlns="http://www.w3.org/1999/xhtml"><circle cx="10" cy="10" r="10" version="1.1" xmlns="http://www.w3.org/1999/xhtml" fill="#666" stroke="none" style=""></circle></svg></div><div class="_jsPlumb_endpoint target-endpoint dependency-target-endpoint _jsPlumb_endpoint_anchor_ ui-draggable ui-droppable _jsPlumb_endpoint_connected" style="position: absolute; height: 20px; width: 20px; left: 512px; top: 399px;"><svg style="position:absolute;left:0px;top:0px" width="20" height="20" pointer-events="all" position="absolute" version="1.1" xmlns="http://www.w3.org/1999/xhtml"><circle cx="10" cy="10" r="10" version="1.1" xmlns="http://www.w3.org/1999/xhtml" fill="#666" stroke="none" style=""></circle></svg></div><div class="_jsPlumb_endpoint source-endpoint dependency-source-endpoint connected _jsPlumb_endpoint_anchor_ ui-draggable ui-droppable" style="position: absolute; height: 20px; width: 20px; left: 510px; top: 567px;"><svg style="position:absolute;left:0px;top:0px" width="20" height="20" pointer-events="all" position="absolute" version="1.1" xmlns="http://www.w3.org/1999/xhtml"><circle cx="10" cy="10" r="10" version="1.1" xmlns="http://www.w3.org/1999/xhtml" fill="#666" stroke="none" style=""></circle></svg></div><div class="_jsPlumb_endpoint target-endpoint dependency-target-endpoint _jsPlumb_endpoint_anchor_ ui-draggable ui-droppable _jsPlumb_endpoint_connected" style="position: absolute; height: 20px; width: 20px; left: 510px; top: 527px;"><svg style="position:absolute;left:0px;top:0px" width="20" height="20" pointer-events="all" position="absolute" version="1.1" xmlns="http://www.w3.org/1999/xhtml"><circle cx="10" cy="10" r="10" version="1.1" xmlns="http://www.w3.org/1999/xhtml" fill="#666" stroke="none" style=""></circle></svg></div><div class="_jsPlumb_endpoint source-endpoint dependency-source-endpoint connected _jsPlumb_endpoint_anchor_ ui-draggable ui-droppable _jsPlumb_endpoint_connected" style="position: absolute; height: 20px; width: 20px; left: 504px; top: 183px;"><svg style="position:absolute;left:0px;top:0px" width="20" height="20" pointer-events="all" position="absolute" version="1.1" xmlns="http://www.w3.org/1999/xhtml"><circle cx="10" cy="10" r="10" version="1.1" xmlns="http://www.w3.org/1999/xhtml" fill="#666" stroke="none" style=""></circle></svg></div></div></div>
    </body>
</html>
 ]]>
    </visualization>
  </metadata>
</job>
