<?xml version="1.0" encoding="UTF-8"?>
<job
  xmlns:xsi="http://www.w3.org/2001/XMLSchema-instance"
  xmlns="urn:proactive:jobdescriptor:3.11" xsi:schemaLocation="urn:proactive:jobdescriptor:3.11 http://www.activeeon.com/public_content/schemas/proactive/jobdescriptor/3.11/schedulerjob.xsd"  name="Spark_Pi" projectName="Basic Big Data" priority="normal" onTaskError="continueJobExecution"  maxNumberOfExecution="2" >
  <variables>
    <variable name="service_instance_id" value="1" model="PA:LONG"/>
  </variables>
  <description>
    <![CDATA[ A workflow to submit a Spark job from a docker container, to estimate Pi. This workflow requires a Spark installation. ]]>
  </description>
  <genericInformation>
    <info name="workflow.icon" value="/automation-dashboard/styles/patterns/img/wf-icons/spark.png"/>
    <info name="Documentation" value="https://ow2-proactive.github.io/proactive-examples/DockerSwarm/resources/doc/V1/activeeon-deploy-swarm-hdfs-spark.pdf"/>
  </genericInformation>
  <taskFlow>
    <task name="Submit_Spark_Pi" >
      <description>
        <![CDATA[ A workflow to submit a Spark job from a docker container, to estimate Pi. This workflow requires a Spark installation. ]]>
      </description>
      <genericInformation>
        <info name="task.icon" value="/automation-dashboard/styles/patterns/img/wf-icons/spark.png"/>
      </genericInformation>
      <scriptExecutable>
        <script>
          <code language="groovy">
            <![CDATA[
import org.ow2.proactive.pca.service.client.ApiClient
import org.ow2.proactive.pca.service.client.api.ServiceInstanceRestApi
import org.ow2.proactive.pca.service.client.model.ServiceInstanceData

// Retrieve variables
def scheduler_rest_url = variables.get("PA_SCHEDULER_REST_URL")
def service_instance_id = variables.get("service_instance_id") as Long

// Define other variables
def pca_url = scheduler_rest_url.replaceAll("/rest\\z", "/cloud-automation-service")

// Connect to APIs
def api_client = new ApiClient()
api_client.setBasePath(pca_url)
def service_instance_rest_api = new ServiceInstanceRestApi(api_client)

// Get the service instance variables
def service_instance_data = service_instance_rest_api.getServiceInstanceUsingGET(service_instance_id)
def service_instance_variables = service_instance_data.getVariables()
def network_name = service_instance_variables.get("network_name")
def instance_name = service_instance_variables.get("instance_name")

// Spark job submission
def spark_submit_command = "spark-submit --deploy-mode client --class org.apache.spark.examples.SparkPi --num-executors 1 --driver-memory 600m --executor-cores 2 --queue default --master spark://" + instance_name + "-spark-master:7077 \$SPARK_HOME/examples/jars/spark-examples*.jar 10"
cmd = ["docker", "run", "--rm", "--net", network_name, "activeeon/hdfs-spark:1.0", "/bin/sh", "-c", spark_submit_command]
cmd.execute().waitForProcessOutput(System.out, System.err)
]]>
          </code>
        </script>
      </scriptExecutable>
    </task>
  </taskFlow>
  <metadata>
    <visualization>
      <![CDATA[ <html><head><link rel="stylesheet" href="/studio/styles/studio-standalone.css"><style>
        #workflow-designer {
            left:0 !important;
            top:0 !important;
            width:1139px;
            height:566px;
            }
        </style></head><body><div id="workflow-visualization-view"><div id="workflow-visualization" style="position:relative;top:-333.9875030517578px;left:-490px"><div class="task _jsPlumb_endpoint_anchor_ ui-draggable" id="jsPlumb_1_868" style="top: 339px; left: 495px;"><a class="task-name"><img src="/automation-dashboard/styles/patterns/img/wf-icons/spark.png" width="20px">&nbsp;<span class="name">submit_spark_PI</span></a></div><div class="_jsPlumb_endpoint source-endpoint dependency-source-endpoint connected _jsPlumb_endpoint_anchor_ ui-draggable ui-droppable" style="position: absolute; height: 20px; width: 20px; left: 540px; top: 369px;"><svg style="position:absolute;left:0px;top:0px" width="20" height="20" pointer-events="all" position="absolute" version="1.1"
      xmlns="http://www.w3.org/1999/xhtml"><circle cx="10" cy="10" r="10" version="1.1"
      xmlns="http://www.w3.org/1999/xhtml" fill="#666" stroke="none" style=""></circle></svg></div></div></div></body></html>
 ]]>
    </visualization>
  </metadata>
</job>