<?xml version="1.0" encoding="UTF-8" standalone="no"?>
<job xmlns="urn:proactive:jobdescriptor:3.12" xmlns:xsi="http://www.w3.org/2001/XMLSchema-instance" maxNumberOfExecution="2" name="Finish_COCO_Annotator" onTaskError="continueJobExecution" priority="normal" projectName="Cloud Automation - Lifecycle" xsi:schemaLocation="urn:proactive:jobdescriptor:3.12 http://www.activeeon.com/public_content/schemas/proactive/jobdescriptor/3.12/schedulerjob.xsd">
  <description>
    <![CDATA[ Delete COCO Annotator instance. ]]>
  </description>
  <genericInformation>
<info name="bucketName" value="cloud-automation"/>
<info name="workflow.icon" value="/automation-dashboard/styles/patterns/img/wf-icons/coco-annotator.jpg"/>
<info name="pca.states" value="(RUNNING,FINISHED)(STOPPED,FINISHED)(ERROR,FINISHED)"/>
<info name="Documentation" value="https://github.com/jsbroks/coco-annotator"/>
<info name="pca.service.id" value="COCO_Annotator"/>
<info name="group" value="public-objects"/>
</genericInformation>
  <taskFlow>
    <task fork="true" name="Finish_COCO_Annotator">
      <description>
        <![CDATA[ Finish COCO Annotator instance and remove its docker container ]]>
      </description>
      <genericInformation>
        <info name="task.icon" value="/automation-dashboard/styles/patterns/img/wf-icons/coco-annotator.jpg"/>
        <info name="task.documentation" value="https://github.com/jsbroks/coco-annotator"/>
        <info name="NODE_ACCESS_TOKEN" value="$INSTANCE_NAME"/>
      </genericInformation>
      <depends>
        <task ref="Pre_Trigger_Action"/>
      </depends>
      <scriptExecutable>
        <script>
          <code language="bash">
            <![CDATA[
INSTANCE_NAME=$variables_INSTANCE_NAME
echo Stopping docker compose from: "$INSTANCE_NAME"
set +e
docker exec $INSTANCE_NAME docker-compose down
echo $INSTANCE_NAME > $INSTANCE_NAME"_status"

]]>
          </code>
        </script>
      </scriptExecutable>
      <post>
        <script>
          <file language="groovy" url="${PA_CATALOG_REST_URL}/buckets/cloud-automation-scripts/resources/Post_Trigger_Action/raw">
            <arguments>
              <argument value="FINISHED"/>
            </arguments>
          </file>
        </script>
      </post>
      <metadata>
        <positionTop>
            450.0390625
        </positionTop>
        <positionLeft>
            426.8359375
        </positionLeft>
      </metadata>
    </task>
    <task fork="true" name="Pre_Trigger_Action">
      <description>
        <![CDATA[ The simplest task, ran by a Groovy engine. ]]>
      </description>
      <scriptExecutable>
        <script>
          <file language="groovy" url="${PA_CATALOG_REST_URL}/buckets/cloud-automation-scripts/resources/Pre_Trigger_Action/raw">
            <arguments>
              <argument value="FINISH_LAUNCHED"/>
            </arguments>
          </file>
        </script>
      </scriptExecutable>
      <metadata>
        <positionTop>
            322.03125
        </positionTop>
        <positionLeft>
            426.8359375
        </positionLeft>
      </metadata>
    </task>
  </taskFlow>
  <metadata>
    <visualization>
      <![CDATA[ <html>
    <head>
    <link rel="stylesheet" href="/studio/styles/studio-standalone.css">
        <style>
        #workflow-designer {
            left:0 !important;
            top:0 !important;
            width:2646px;
            height:3501px;
            }
        </style>
    </head>
    <body>
    <div id="workflow-visualization-view"><div id="workflow-visualization" style="position:relative;top:-317.03125px;left:-421.8359375px"><div class="task ui-draggable _jsPlumb_endpoint_anchor_" id="jsPlumb_1_184" style="top: 450.039px; left: 426.836px;"><a class="task-name" data-toggle="tooltip" data-placement="right" title="Finish COCO Annotator instance and remove its docker container"><img src="/automation-dashboard/styles/patterns/img/wf-icons/coco-annotator.jpg" width="20px">&nbsp;<span class="name">Finish_COCO_Annotator</span></a></div><div class="task _jsPlumb_endpoint_anchor_ ui-draggable" id="jsPlumb_1_187" style="top: 322.031px; left: 426.836px;"><a class="task-name" data-toggle="tooltip" data-placement="right" title="The simplest task, ran by a Groovy engine."><img src="/studio/images/Groovy.png" width="20px">&nbsp;<span class="name">Pre_Trigger_Action</span></a></div><svg style="position:absolute;left:482px;top:362.5px" width="34.5" height="88" pointer-events="none" position="absolute" version="1.1" xmlns="http://www.w3.org/1999/xhtml" class="_jsPlumb_connector "><path d="M 13.5 87 C 23.5 37 -10 50 0 0 " transform="translate(10.5,0.5)" pointer-events="visibleStroke" version="1.1" xmlns="http://www.w3.org/1999/xhtml" fill="none" stroke="#666" style=""></path><path pointer-events="all" version="1.1" xmlns="http://www.w3.org/1999/xhtml" d="M15.179184,65.388768 L17.875760661393624,44.37143053044341 L12.273487770988128,51.69362545146454 L4.18061811285817,47.27712675945528 L15.179184,65.388768" class="" stroke="#666" fill="#666" transform="translate(10.5,0.5)"></path><path pointer-events="all" version="1.1" xmlns="http://www.w3.org/1999/xhtml" d="M15.179184,65.388768 L17.875760661393624,44.37143053044341 L12.273487770988128,51.69362545146454 L4.18061811285817,47.27712675945528 L15.179184,65.388768" class="" stroke="#666" fill="#666" transform="translate(10.5,0.5)"></path></svg><div class="_jsPlumb_endpoint source-endpoint dependency-source-endpoint connected _jsPlumb_endpoint_anchor_ ui-draggable ui-droppable" style="position: absolute; height: 20px; width: 20px; left: 496px; top: 480px;"><svg style="position:absolute;left:0px;top:0px" width="20" height="20" pointer-events="all" position="absolute" version="1.1" xmlns="http://www.w3.org/1999/xhtml"><circle cx="10" cy="10" r="10" version="1.1" xmlns="http://www.w3.org/1999/xhtml" fill="#666" stroke="none" style=""></circle></svg></div><div class="_jsPlumb_endpoint target-endpoint dependency-target-endpoint _jsPlumb_endpoint_anchor_ ui-draggable ui-droppable _jsPlumb_endpoint_connected" style="position: absolute; height: 20px; width: 20px; left: 496px; top: 440px;"><svg style="position:absolute;left:0px;top:0px" width="20" height="20" pointer-events="all" position="absolute" version="1.1" xmlns="http://www.w3.org/1999/xhtml"><circle cx="10" cy="10" r="10" version="1.1" xmlns="http://www.w3.org/1999/xhtml" fill="#666" stroke="none" style=""></circle></svg></div><div class="_jsPlumb_endpoint source-endpoint dependency-source-endpoint connected _jsPlumb_endpoint_anchor_ ui-draggable ui-droppable _jsPlumb_endpoint_connected" style="position: absolute; height: 20px; width: 20px; left: 482.5px; top: 353px;"><svg style="position:absolute;left:0px;top:0px" width="20" height="20" pointer-events="all" position="absolute" version="1.1" xmlns="http://www.w3.org/1999/xhtml"><circle cx="10" cy="10" r="10" version="1.1" xmlns="http://www.w3.org/1999/xhtml" fill="#666" stroke="none" style=""></circle></svg></div></div></div>
    </body>
</html>
 ]]>
    </visualization>
  </metadata>
</job>
