{
  "metadata": {
    "slug": "auto-ml-optimization",
    "name": "AutoML",
    "short_description": "Hyperparameter optimization algorithms for learning algorithms",
    "author": "ActiveEon's Team",
    "tags": ["AutoML", "HyperParameterOptimization", "TunningAlgorithms"],
    "version": "1.0"
  },
  "catalog" : {
    "bucket" : "auto-ml-optimization",
    "objects" : [
      {
        "name" : "Himmelblau_Function",
        "metadata" : {
        "kind": "Workflow/standard",
        "commitMessage": "First commit",
        "contentType": "application/xml"
        },
        "file" : "resources/catalog/Himmelblau_Function.xml"
      },
      {
        "name" : "Multi_Tuners_Auto_ML",
        "metadata" : {
        "kind": "Workflow/standard",
        "commitMessage": "First commit",
        "contentType": "application/xml"
        },
        "file" : "resources/catalog/Multi_Tuners_Auto_ML.xml"
      },
      {
        "name" : "Diabetics_Detection",
        "metadata" : {
        "kind": "Workflow/standard",
        "commitMessage": "First commit",
        "contentType": "application/xml"
        },
        "file" : "resources/catalog/Diabetics_Detection.xml"
      },
      {
        "name" : "CIFAR_10_Image_Classification",
        "metadata" : {
        "kind": "Workflow/standard",
        "commitMessage": "First commit",
        "contentType": "application/xml"
        },
        "file" : "resources/catalog/CIFAR_10_Image_Classification.xml"
      },
      {
        "name" : "Image_Object_Detection",
        "metadata" : {
        "kind": "Workflow/standard",
        "commitMessage": "First commit",
        "contentType": "application/xml"
        },
        "file" : "resources/catalog/Image_Object_Detection.xml"
      },
      {
        "name" : "Iris_Classification",
        "metadata" : {
        "kind": "Workflow/standard",
        "commitMessage": "First commit",
        "contentType": "application/xml"
        },
        "file" : "resources/catalog/Iris_Classification.xml"
      },
      {
        "name" : "Text_Generation",
        "metadata" : {
        "kind": "Workflow/standard",
        "commitMessage": "First commit",
        "contentType": "application/xml"
        },
        "file" : "resources/catalog/Text_Generation.xml"
      },
      {
        "name" : "CIFAR_100_Image_Classification",
        "metadata" : {
        "kind": "Workflow/standard",
        "commitMessage": "First commit",
        "contentType": "application/xml"
        },
        "file" : "resources/catalog/CIFAR_100_Image_Classification.xml"
      },
      {
        "name" : "Handwritten_Digit_Classification",
        "metadata" : {
        "kind": "Workflow/standard",
        "commitMessage": "First commit",
        "contentType": "application/xml"
        },
        "file" : "resources/catalog/Handwritten_Digit_Classification.xml"
      },
      {
        "name" : "Python_Task",
        "metadata" : {
        "kind": "Workflow/standard",
        "commitMessage": "First commit",
        "contentType": "application/xml"
        },
        "file" : "resources/catalog/Python_Task.xml"
      },
      {
        "name" : "Handwritten_Digit_Classification_Search_Space",
        "metadata" : {
          "kind": "Text",
          "commitMessage": "First commit",
          "contentType": "application/json"
        },
        "file" : "resources/catalog/Handwritten_Digit_Classification_Search_Space.json"
      }
    ]
  }
}
