{
	"metadata": {
		"slug": "hdfsorchestration",
		"name": "HDFS Orchestration",
		"short_description": "Use HDFS from ProActive",
		"author": "ActiveEon's Team",
		"tags": ["Building blocks", "HDFS", "Orchestration", "Big Data", "Analytics", "Hadoop"],
		"version": "1.0"
	},
	"catalog" : {
		"bucket" : "big-data",
		"objects" : [
			{
				"name" : "Write_Read_HDFS",
				"metadata" : {
					"kind": "Workflow/standard",
					"commitMessage": "First commit",
					"contentType": "application/xml"
				},
				"file" : "resources/catalog/write_read_hdfs.xml",
				"studio_template" : {
					"name" : "Write_Read_HDFS",
					"offsets_json_string": "{\"offsets\":{\"Submit_Write_Read_Persons_HDFS\":{\"top\":620.5,\"left\":986}},\"project\":\"Basic Big Data\",\"detailedView\":true}"
				}
			}
		]
	}
}
