<?xml version="1.0" encoding="UTF-8"?>
<job
  xmlns:xsi="http://www.w3.org/2001/XMLSchema-instance"
  xmlns="urn:proactive:jobdescriptor:3.11" xsi:schemaLocation="urn:proactive:jobdescriptor:3.11 http://www.activeeon.com/public_content/schemas/proactive/jobdescriptor/3.11/schedulerjob.xsd"  name="Finish_PCA_Template" projectName="Cloud Automation - Lifecycle" priority="normal" onTaskError="continueJobExecution"  maxNumberOfExecution="2" >
  <description>
    <![CDATA[ Finish PCA service instance and remove its docker container. ]]>
  </description>
  <genericInformation>
    <info name="bucketName" value="cloud-automation"/>
    <info name="workflow.icon" value="/automation-dashboard/styles/patterns/img/wf-icons/docker.png"/>
    <info name="pca.states" value="(RUNNING,FINISHED)(PAUSED,FINISHED)(ERROR,FINISHED)"/>
    <info name="Documentation" value="PCA/PCAUserGuide.html"/>
    <info name="pca.service.id" value="PCA_Template"/>
    <info name="group" value="public-objects"/>
  </genericInformation>
  <taskFlow>
    <task name="Finish_Service" >
      <description>
        <![CDATA[ Finish PCA service instance and remove its docker container ]]>
      </description>
      <genericInformation>
        <info name="task.icon" value="/automation-dashboard/styles/patterns/img/wf-icons/docker.png"/>
        <info name="Documentation" value="PCA/PCAUserGuide.html"/>
        <info name="NODE_ACCESS_TOKEN" value="$INSTANCE_NAME"/>
      </genericInformation>
      <pre>
        <script>
          <file language="groovy" url="${PA_CATALOG_REST_URL}/buckets/cloud-automation-scripts/resources/Pre_Trigger_Action/raw">
            <arguments>
              <argument value="FINISH_LAUNCHED"/>
            </arguments>
          </file>
        </script>
      </pre>
      <scriptExecutable>
        <script>
          <file language="bash" url="${PA_CATALOG_REST_URL}/buckets/cloud-automation-scripts/resources/Finish_Action/raw"/>
        </script>
      </scriptExecutable>
      <controlFlow block="none"></controlFlow>
      <post>
        <script>
          <file language="groovy" url="${PA_CATALOG_REST_URL}/buckets/cloud-automation-scripts/resources/Post_Trigger_Action/raw">
            <arguments>
              <argument value="FINISHED"/>
            </arguments>
          </file>
        </script>
      </post>
    </task>
  </taskFlow>
  <metadata>
    <visualization>
      <![CDATA[ <html><head><link rel="stylesheet" href="/studio/styles/studio-standalone.css"><style>
        #workflow-designer {
            left:0 !important;
            top:0 !important;
            width:1139px;
            height:566px;
            }
        </style></head><body><div id="workflow-visualization-view"><div id="workflow-visualization" style="position:relative;top:-333.9875030517578px;left:-496.75px"><div class="task _jsPlumb_endpoint_anchor_ ui-draggable" id="jsPlumb_1_409" style="top: 339px; left: 501.75px;"><a class="task-name"><img src="/automation-dashboard/styles/patterns/img/wf-icons/docker.png" width="20px">&nbsp;<span class="name">Finish_Service</span></a></div><div class="_jsPlumb_endpoint source-endpoint dependency-source-endpoint connected _jsPlumb_endpoint_anchor_ ui-draggable ui-droppable" style="position: absolute; height: 20px; width: 20px; left: 542.5px; top: 369px;"><svg style="position:absolute;left:0px;top:0px" width="20" height="20" pointer-events="all" position="absolute" version="1.1"
      xmlns="http://www.w3.org/1999/xhtml"><circle cx="10" cy="10" r="10" version="1.1"
      xmlns="http://www.w3.org/1999/xhtml" fill="#666" stroke="none" style=""></circle></svg></div></div></div></body></html>
 ]]>
    </visualization>
  </metadata>
</job>