<?xml version="1.0" encoding="UTF-8"?>
<job
  xmlns:xsi="http://www.w3.org/2001/XMLSchema-instance"
  xmlns="urn:proactive:jobdescriptor:3.11" xsi:schemaLocation="urn:proactive:jobdescriptor:3.11 http://www.activeeon.com/public_content/schemas/proactive/jobdescriptor/3.11/schedulerjob.xsd"  name="Resume_PCA_Template" projectName="Cloud Automation - Lifecycle" priority="normal" onTaskError="continueJobExecution"  maxNumberOfExecution="2" >
  <description>
    <![CDATA[ Resume PCA Service. ]]>
  </description>
  <genericInformation>
    <info name="bucketName" value="cloud-automation"/>
    <info name="workflow.icon" value="/automation-dashboard/styles/patterns/img/wf-icons/docker.png"/>
    <info name="pca.states" value="(PAUSED,RUNNING)"/>
    <info name="Documentation" value="https://doc.activeeon.com/latest/PCA/PCAUserGuide.html"/>
    <info name="pca.service.id" value="PCA_Template"/>
    <info name="group" value="public-objects"/>
  </genericInformation>
  <taskFlow>
    <task name="Resume_Service" 
    
    onTaskError="cancelJob" >
      <description>
        <![CDATA[ Resume PCA Service ]]>
      </description>
      <genericInformation>
        <info name="task.icon" value="/automation-dashboard/styles/patterns/img/wf-icons/docker.png"/>
        <info name="Documentation" value="https://doc.activeeon.com/latest/PCA/PCAUserGuide.html"/>
      </genericInformation>
      <pre>
        <script>
          <code language="groovy">
            <![CDATA[
/*********************************************************************************
* THIS PRESCRIPT INFORMS PLATFORM THAT PCA SERVICE IS BEING RESUMED              *
*********************************************************************************/

println("BEGIN " + variables.get("PA_TASK_NAME"))

// Acquire service instance id and instance name from synchro channel
def instanceId = variables.get("PCA_INSTANCE_ID") as long
def channel = "Service_Instance_" + instanceId
def instanceName = synchronizationapi.get(channel, "INSTANCE_NAME")
variables.put("INSTANCE_NAME", instanceName)

// Inform other platforms that service is running through Synchronization API
synchronizationapi.put(channel, "RUNNING", true)
synchronizationapi.put(channel, "RESUMED", true)
synchronizationapi.put(channel, "PAUSE_LAUNCHED", false)
]]>
          </code>
        </script>
      </pre>
      <scriptExecutable>
        <script>
          <code language="bash">
            <![CDATA[
INSTANCE_NAME=$variables_INSTANCE_NAME

if [ "$(docker ps -a | grep $INSTANCE_NAME)" ]; then
 RUNNING=$(docker inspect --format="{{ .State.Running }}" $INSTANCE_NAME 2> /dev/null)
 STOPPED=$(docker inspect --format="{{ .State.Status }}" $INSTANCE_NAME 2> /dev/null)
	if [ "$RUNNING" == "true" ]; then
   		echo docker container: "$INSTANCE_NAME" is running
        echo $INSTANCE_NAME > $INSTANCE_NAME"_status"
	elif [ "$STOPPED" == "exited" ]; then
		echo Starting docker container: "$INSTANCE_NAME"
        INSTANCE_STATUS=$(docker start $INSTANCE_NAME 2>&1)
        echo $INSTANCE_STATUS > $INSTANCE_NAME"_status"
	fi
else
    echo Error: No such container: "$INSTANCE_NAME" > $INSTANCE_NAME"_status"
fi
]]>
          </code>
        </script>
      </scriptExecutable>
      <controlFlow block="none"></controlFlow>
      <post>
        <script>
          <code language="groovy">
            <![CDATA[
/*********************************************************************************
* THIS POSTSCRIPT INFORMS PLATFORM THAT PCA SERVICE IS RESUMED                   *
*********************************************************************************/

import org.ow2.proactive.pca.service.client.ApiClient
import org.ow2.proactive.pca.service.client.api.ServiceInstanceRestApi
import org.ow2.proactive.pca.service.client.model.ServiceInstanceData

// Acquire service instance id
def instanceId = variables.get("PCA_INSTANCE_ID") as long
def instanceName = variables.get("INSTANCE_NAME")

def paSchedulerRestUrl = variables.get('PA_SCHEDULER_REST_URL')
def pcaUrl = paSchedulerRestUrl.replaceAll("/rest\\z", "/cloud-automation-service")

// Connect to Cloud Automation API
def apiClient = new ApiClient()
apiClient.setBasePath(pcaUrl)
def serviceInstanceRestApi = new ServiceInstanceRestApi(apiClient)

// Update service instance data : (status, endpoint)
def serviceInstanceData = serviceInstanceRestApi.getServiceInstanceUsingGET(instanceId)
def status = new File(instanceName+"_status").text.trim()
def currentStatus = (!status.equals(instanceName)) ? "ERROR" : "RUNNING"
serviceInstanceData.setInstanceStatus(currentStatus)
serviceInstanceData = serviceInstanceRestApi.updateServiceInstanceUsingPUT(instanceId, serviceInstanceData)

// Print warning or error messages and force job to exit with error if there are any.
if (!status.equals(instanceName)){
    println("[ERROR] Could not resume docker container: " + instanceName + ". Docker output: " + status)
    System.exit(1)
}

println("END " + variables.get("PA_TASK_NAME"))
]]>
          </code>
        </script>
      </post>
    </task>
    <task name="Loop_Over_Instance_Status" >
      <description>
        <![CDATA[ Loop over service instance status and fetch docker container logs.
It will run every minute. ]]>
      </description>
      <genericInformation>
        <info name="task.icon" value="/automation-dashboard/styles/patterns/img/wf-icons/docker.png"/>
        <info name="Documentation" value="https://doc.activeeon.com/latest/PCA/PCAUserGuide.html"/>
      </genericInformation>
      <depends>
        <task ref="Resume_Service"/>
      </depends>
      <scriptExecutable>
        <script>
          <code language="groovy">
            <![CDATA[
import org.ow2.proactive.pca.service.client.ApiClient
import org.ow2.proactive.pca.service.client.api.ServiceInstanceRestApi
import org.ow2.proactive.pca.service.client.model.ServiceInstanceData

def paSchedulerRestUrl = variables.get('PA_SCHEDULER_REST_URL')
def pcaUrl = paSchedulerRestUrl.replaceAll("/rest\\z", "/cloud-automation-service")
def instanceId = variables.get("PCA_INSTANCE_ID") as long
def instanceName = variables.get("INSTANCE_NAME")
def channel = "Service_Instance_" + instanceId

// Connect to Cloud Automation API
def serviceInstanceRestApi = new ServiceInstanceRestApi(new ApiClient().setBasePath(pcaUrl))

// If service instance is FINISHED or PAUSED then stop this loop and job and delete the sync channel
def currentStatus = serviceInstanceRestApi.getServiceInstanceUsingGET(instanceId).getInstanceStatus()
if (currentStatus.equals("FINISHED") || currentStatus.equals("PAUSED")){
    variables.put("IS_FINISHED",true)
    synchronizationapi.deleteChannel(channel)
} else {
    // Check if container has been stopped abnormally
    def isContainerRunning = ["docker", "inspect", "--format", "{{ .State.Running }}", "${instanceName}"].execute().getText().trim().toBoolean()
    if ((!isContainerRunning) && (!synchronizationapi.get(channel, "FINISH_LAUNCHED")) && (!synchronizationapi.get(channel, "PAUSE_LAUNCHED"))){
        currentStatus = 'ERROR'
        println("[ERROR] An internal error occured in docker container: " + instanceName)
        // Update docker container is not running
        def serviceInstanceData = serviceInstanceRestApi.getServiceInstanceUsingGET(instanceId)
        serviceInstanceData.setInstanceStatus(currentStatus)
        serviceInstanceRestApi.updateServiceInstanceUsingPUT(instanceId, serviceInstanceData)
        // Tell the CRON loop to stop
        variables.put("IS_FINISHED",true)
        // Exit with error
        System.exit(1)
    } else {
        // Fetch all logs or only new logs since last fetch time mark
        def lastTime=variables.get('LAST_TIME_MARKER')
        def fetchLogsCmd = lastTime ? ["docker", "logs", "--since", lastTime, instanceName] : ["docker", "logs", instanceName]
        fetchLogsCmd.execute().waitForProcessOutput(System.out, System.err)
    }
}
]]>
          </code>
        </script>
      </scriptExecutable>
      <controlFlow >
        <loop target="Loop_Over_Instance_Status">
          <script>
            <code language="groovy">
              <![CDATA[
// Check if loop task has ordered to finish the loop
def isFinished = variables.get('IS_FINISHED') as boolean
loop = isFinished ? false : '*/1 * * * *'

// Set a time marker to fetch logs since this marker.
variables.put("LAST_TIME_MARKER",new Date().format("yyyy-MM-dd'T'HH:mm:ssXXX"))
]]>
            </code>
          </script>
        </loop>
      </controlFlow>
    </task>
  </taskFlow>
  <metadata>
    <visualization>
      <![CDATA[ <html><head><link rel="stylesheet" href="/studio/styles/studio-standalone.css"><style>
        #workflow-designer {
            left:0 !important;
            top:0 !important;
            width:1139px;
            height:566px;
            }
        </style></head><body><div id="workflow-visualization-view"><div id="workflow-visualization" style="position:relative;top:-269.9875030517578px;left:-451px"><div class="task _jsPlumb_endpoint_anchor_ ui-draggable" id="jsPlumb_1_463" style="top: 275px; left: 456px;"><a class="task-name"><img src="/automation-dashboard/styles/patterns/img/wf-icons/docker.png" width="20px">&nbsp;<span class="name">Resume_Service</span></a></div><div class="task ui-draggable _jsPlumb_endpoint_anchor_" id="jsPlumb_1_466" style="top: 403px; left: 456px;"><a class="task-name"><img src="/automation-dashboard/styles/patterns/img/wf-icons/docker.png" width="20px">&nbsp;<span class="name">Loop_Over_Instance_Status</span></a></div><svg style="position:absolute;left:501px;top:314.5px" width="46.5" height="89" pointer-events="none" position="absolute" version="1.1"
      xmlns="http://www.w3.org/1999/xhtml" class="_jsPlumb_connector "><path d="M 25.5 88 C 35.5 38 -10 50 0 0 " transform="translate(10.5,0.5)" pointer-events="visibleStroke" version="1.1"
      xmlns="http://www.w3.org/1999/xhtml" fill="none" stroke="#666" style=""></path><path pointer-events="all" version="1.1"
      xmlns="http://www.w3.org/1999/xhtml" d="M26.054347875,65.8307285 L25.580625687682105,44.64640440671719 L21.13518089595607,52.72341007736741 L12.47330726504951,49.565571385761125 L26.054347875,65.8307285" class="" stroke="#666" fill="#666" transform="translate(10.5,0.5)"></path><path pointer-events="all" version="1.1"
      xmlns="http://www.w3.org/1999/xhtml" d="M26.054347875,65.8307285 L25.580625687682105,44.64640440671719 L21.13518089595607,52.72341007736741 L12.47330726504951,49.565571385761125 L26.054347875,65.8307285" class="" stroke="#666" fill="#666" transform="translate(10.5,0.5)"></path></svg><svg style="position:absolute;left:598.0266769263776px;top:352.5px" width="20.473323073622403" height="141" pointer-events="none" position="absolute" version="1.1"
      xmlns="http://www.w3.org/1999/xhtml" class="_jsPlumb_connector "><path d="M 0 40 C -10 90 -10 -50 0 0 " transform="translate(19.973323073622403,50.5)" pointer-events="visibleStroke" version="1.1"
      xmlns="http://www.w3.org/1999/xhtml" fill="none" stroke="#316b31" style=""></path><path pointer-events="all" version="1.1"
      xmlns="http://www.w3.org/1999/xhtml" d="M-2.4569999999999963,49.16001999999999 L-8.714346841294152,28.91537600442066 L-10.77778447022079,37.90104376767174 L-19.973323073622403,37.23616047464146 L-2.4569999999999963,49.16001999999999" class="" stroke="#316b31" fill="#316b31" transform="translate(19.973323073622403,50.5)"></path><path pointer-events="all" version="1.1"
      xmlns="http://www.w3.org/1999/xhtml" d="M-2.4569999999999963,49.16001999999999 L-8.714346841294152,28.91537600442066 L-10.77778447022079,37.90104376767174 L-19.973323073622403,37.23616047464146 L-2.4569999999999963,49.16001999999999" class="" stroke="#316b31" fill="#316b31" transform="translate(19.973323073622403,50.5)"></path></svg><div class="_jsPlumb_overlay l1 component label" id="jsPlumb_1_477" style="position: absolute; transform: translate(-50%, -50%); left: 610px; top: 422.5px;">loop</div><div class="_jsPlumb_endpoint source-endpoint dependency-source-endpoint connected _jsPlumb_endpoint_anchor_ ui-draggable ui-droppable _jsPlumb_endpoint_connected" style="position: absolute; height: 20px; width: 20px; left: 501.5px; top: 305px;"><svg style="position:absolute;left:0px;top:0px" width="20" height="20" pointer-events="all" position="absolute" version="1.1"
      xmlns="http://www.w3.org/1999/xhtml"><circle cx="10" cy="10" r="10" version="1.1"
      xmlns="http://www.w3.org/1999/xhtml" fill="#666" stroke="none" style=""></circle></svg></div><div class="_jsPlumb_endpoint source-endpoint dependency-source-endpoint connected _jsPlumb_endpoint_anchor_ ui-draggable ui-droppable" style="position: absolute; height: 20px; width: 20px; left: 527px; top: 433px;"><svg style="position:absolute;left:0px;top:0px" width="20" height="20" pointer-events="all" position="absolute" version="1.1"
      xmlns="http://www.w3.org/1999/xhtml"><circle cx="10" cy="10" r="10" version="1.1"
      xmlns="http://www.w3.org/1999/xhtml" fill="#666" stroke="none" style=""></circle></svg></div><div class="_jsPlumb_endpoint target-endpoint dependency-target-endpoint _jsPlumb_endpoint_anchor_ ui-draggable ui-droppable _jsPlumb_endpoint_connected" style="position: absolute; height: 20px; width: 20px; left: 527px; top: 393px;"><svg style="position:absolute;left:0px;top:0px" width="20" height="20" pointer-events="all" position="absolute" version="1.1"
      xmlns="http://www.w3.org/1999/xhtml"><circle cx="10" cy="10" r="10" version="1.1"
      xmlns="http://www.w3.org/1999/xhtml" fill="#666" stroke="none" style=""></circle></svg></div><div class="_jsPlumb_endpoint source-endpoint loop-source-endpoint _jsPlumb_endpoint_anchor_ ui-draggable ui-droppable _jsPlumb_endpoint_connected _jsPlumb_endpoint_full" style="position: absolute; height: 20px; width: 20px; left: 608px; top: 393px;"><svg style="position:absolute;left:0px;top:0px" width="20" height="20" pointer-events="all" position="absolute" version="1.1"
      xmlns="http://www.w3.org/1999/xhtml"><circle cx="10" cy="10" r="10" version="1.1"
      xmlns="http://www.w3.org/1999/xhtml" fill="#316b31" stroke="none" style=""></circle></svg></div><div class="_jsPlumb_endpoint target-endpoint loop-target-endpoint _jsPlumb_endpoint_anchor_ ui-draggable ui-droppable _jsPlumb_endpoint_connected _jsPlumb_endpoint_full" style="position: absolute; height: 20px; width: 20px; left: 608px; top: 433px;"><svg style="position:absolute;left:0px;top:0px" width="20" height="20" pointer-events="all" position="absolute" version="1.1"
      xmlns="http://www.w3.org/1999/xhtml"><circle cx="10" cy="10" r="10" version="1.1"
      xmlns="http://www.w3.org/1999/xhtml" fill="#316b31" stroke="none" style=""></circle></svg></div></div></div></body></html>
 ]]>
    </visualization>
  </metadata>
</job>