{
	"metadata": {
		"slug": "cloudautomation-spark",
		"name": "CloudAutomation Spark",
		"short_description": "Lifecycle management workflows for Spark",
		"author": "ActiveEon's Team",
		"tags": ["Cloud Automation", "Spark", "Big Data", "Analytics"],
		"version": "1.0"
	},
	"catalog" : {
		"bucket" : "cloud-automation",
		"objects" : [
			{
				"name" : "Spark",
				"metadata" : {
					"kind": "Workflow/pca",
					"commitMessage": "First commit",
					"contentType": "application/xml"
				},
				"file" : "resources/catalog/Spark.xml"
			},
			{
				"name" : "Spark_Delete",
				"metadata" : {
					"kind": "Workflow/pca",
					"commitMessage": "First commit",
					"contentType": "application/xml"
				},
				"file" : "resources/catalog/Spark_delete.xml"
			}
		]
	}
}
