{
	"metadata": {
		"slug": "databricks",
		"name": "Databricks",
		"short_description": "Azure Databricks services",
		"author": "ActiveEon's Team",
		"tags": ["Azure", "Databricks", "Cloud", "Spark", "DBFS"],
		"version": "1.0"
	},
	"catalog" : {
		"bucket" : "big-data",
		"objects" : [
			{
				"name" : "Azure_Databricks_Cluster_Create",
				"metadata" : {
					"kind" : "Workflow/standard",
					"commitMessage" : "First commit",
					"contentType" : "application/xml"
				},
				"file": "resources/catalog/Azure_Databricks_cluster_create.xml"
			},
			{
				"name" : "Azure_Databricks_Cluster_Delete",
				"metadata" : {
					"kind" : "Workflow/standard",
					"commitMessage" : "First commit",
					"contentType" : "application/xml"
				},
				"file": "resources/catalog/Azure_Databricks_cluster_delete.xml"
			},
			{
				"name" : "Azure_Databricks_DBFS_Put",
				"metadata" : {
					"kind" : "Workflow/standard",
					"commitMessage" : "First commit",
					"contentType" : "application/xml"
				},
				"file": "resources/catalog/Azure_Databricks_dbfs_put.xml"
			},
			{
				"name" : "Azure_Databricks_Spark_Job_Submit",
				"metadata" : {
					"kind" : "Workflow/standard",
					"commitMessage" : "First commit",
					"contentType" : "application/xml"
				},
				"file": "resources/catalog/Azure_Databricks_spark_job_submit.xml"
			}
		]
	}
}
