{
	"metadata": {
		"slug": "mlbasics",
		"name": "Basic Machine Learning",
		"short_description": "Example of basic machine learning workflows.",
		"author": "ActiveEon's Team",
		"tags": ["Samples", "Machine Learning", "Big Data", "Analytics"],
		"version": "1.0"
	},
	"test": {
		"scenarios": "resources/test/scenarios.json"
	},
	"catalog" : {
		"bucket" : "machine-learning-workflows",
		"objects" : [
			{
				"name" : "Diabetics_Detection_Using_K_Means",
				"metadata" : {
					"kind": "Workflow/standard",
					"commitMessage": "First commit",
					"contentType": "application/xml"
				},
				"file" : "resources/catalog/Diabetics_Detection_using_K_Means.xml"
			},
			{
				"name" : "House_Price_Prediction_Using_Linear_Regression",
				"metadata" : {
					"kind": "Workflow/standard",
					"commitMessage": "First commit",
					"contentType": "application/xml"
				},
				"file" : "resources/catalog/House_Price_Prediction_using_Linear_Regression.xml"
			},
			{
				"name" : "Iris_Flowers_Classification_Using_Logistic_Regression",
				"metadata" : {
					"kind": "Workflow/standard",
					"commitMessage": "First commit",
					"contentType": "application/xml"
				},
				"file" : "resources/catalog/Iris_Flowers_Classification_using_Logistic_Regression.xml"
			},
			{
				"name" : "Movies_Recommendation",
				"metadata" : {
					"kind": "Workflow/standard",
					"commitMessage": "First commit",
					"contentType": "application/xml"
				},
				"file" : "resources/catalog/Movies_Recommendation.xml"
			},
			{
				"name" : "Data_Fusion_And_Encoding",
				"metadata" : {
					"kind": "Workflow/standard",
					"commitMessage": "First commit",
					"contentType": "application/xml"
				},
				"file" : "resources/catalog/Data_Fusion_and_Encoding.xml"
			},
			{
				"name" : "Data_Anomaly_Detection",
				"metadata" : {
					"kind": "Workflow/standard",
					"commitMessage": "First commit",
					"contentType": "application/xml"
				},
				"file" : "resources/catalog/Data_Anomaly_Detection.xml"
			},
			{
				"name" : "Desjardins_DataCup_Feature_Engineering",
				"metadata" : {
					"kind": "Workflow/standard",
					"commitMessage": "First commit",
					"contentType": "application/xml"
				},
				"file" : "resources/catalog/Desjardins_DataCup_Feature_Engineering.xml"
			},
			{
				"name" : "Desjardins_DataCup_Model_Training",
				"metadata" : {
					"kind": "Workflow/standard",
					"commitMessage": "First commit",
					"contentType": "application/xml"
				},
				"file" : "resources/catalog/Desjardins_DataCup_Model_Training.xml"
			},
			{
				"name" : "Parallel_Classification_Model_Training",
				"metadata" : {
					"kind": "Workflow/standard",
					"commitMessage": "First commit",
					"contentType": "application/xml"
				},
				"file" : "resources/catalog/Parallel_Classification_Model_Training.xml"
			},
			{
				"name" : "Parallel_Regression_Model_Training",
				"metadata" : {
					"kind": "Workflow/standard",
					"commitMessage": "First commit",
					"contentType": "application/xml"
				},
				"file" : "resources/catalog/Parallel_Regression_Model_Training.xml"
			}
		]
	}
}
