{
	"metadata": {
		"slug": "scripts",
		"name": "Scripts",
		"short_description": "Any scripts",
		"author": "ActiveEon's Team",
		"tags": ["Scripts"],
		"version": "1.0"
	},
	"catalog" : {
		"bucket" : "scripts",
		"objects" : [
			{
				"name" : "kill_other_replicated_tasks",
				"metadata" : {
					"kind": "Script/post",
					"commitMessage": "First commit",
					"contentType": "text/x-groovy"
				},
				"file" : "resources/catalog/kill_other_replicated_tasks.groovy"
			},
			{
				"name" : "update_variables_from_file",
				"metadata" : {
					"kind": "Script/post",
					"commitMessage": "First commit",
					"contentType": "text/x-groovy"
				},
				"file" : "resources/catalog/update_variables_from_file.groovy"
			},
			{
				"name" : "propagate_error",
				"metadata" : {
					"kind": "Script/pre",
					"commitMessage": "First commit",
					"contentType": "text/x-groovy"
				},
				"file" : "resources/catalog/propagate_error.groovy"
			}
        ]
	}
}
