<?xml version="1.0" encoding="UTF-8"?>
<job
  xmlns:xsi="http://www.w3.org/2001/XMLSchema-instance"
  xmlns="urn:proactive:jobdescriptor:3.12" xsi:schemaLocation="urn:proactive:jobdescriptor:3.12 http://www.activeeon.com/public_content/schemas/proactive/jobdescriptor/3.12/schedulerjob.xsd"  name="Resume_Logstash" projectName="Cloud Automation - Lifecycle" priority="normal" onTaskError="continueJobExecution"  maxNumberOfExecution="2"  >
  <description>
    <![CDATA[ Resume Logstash instance. ]]>
  </description>
  <genericInformation>
    <info name="bucketName" value="cloud-automation"/>
    <info name="workflow.icon" value="/automation-dashboard/styles/patterns/img/wf-icons/logstash.png"/>
    <info name="pca.states" value="(PAUSED,RUNNING)"/>
    <info name="Documentation" value="PCA/PCAUserGuide.html"/>
    <info name="pca.service.id" value="Logstash"/>
    <info name="group" value="public-objects"/>
  </genericInformation>
  <taskFlow>
    <task name="Resume_Logstash" 
    
    
    
    
    fork="true">
      <description>
        <![CDATA[ Resume Logstash instance ]]>
      </description>
      <genericInformation>
        <info name="task.icon" value="/automation-dashboard/styles/patterns/img/wf-icons/logstash.png"/>
        <info name="Documentation" value="PCA/PCAUserGuide.html"/>
        <info name="NODE_ACCESS_TOKEN" value="$INSTANCE_NAME"/>
      </genericInformation>
      <pre>
        <script>
          <file url="${PA_CATALOG_REST_URL}/buckets/cloud-automation-scripts/resources/Pre_Trigger_Action/raw" language="groovy">
            <arguments>
              <argument value="RESUME_LAUNCHED"/>
            </arguments>
          </file>
        </script>
      </pre>
      <scriptExecutable>
        <script>
          <file url="${PA_CATALOG_REST_URL}/buckets/cloud-automation-scripts/resources/Resume_Action/raw" language="bash"></file>
        </script>
      </scriptExecutable>
      <post>
        <script>
          <file url="${PA_CATALOG_REST_URL}/buckets/cloud-automation-scripts/resources/Post_Trigger_Action/raw" language="groovy">
            <arguments>
              <argument value="RUNNING"/>
            </arguments>
          </file>
        </script>
      </post>
      <metadata>
        <positionTop>
            199
        </positionTop>
        <positionLeft>
            640.5
        </positionLeft>
      </metadata>
    </task>
  </taskFlow>
  <metadata>
    <visualization>
      <![CDATA[ <html><head><link rel="stylesheet" href="/studio/styles/studio-standalone.css"><style>
        #workflow-designer {
            left:0 !important;
            top:0 !important;
            width:2080px;
            height:2712px;
            }
        </style></head><body><div id="workflow-visualization-view"><div id="workflow-visualization" style="position:relative;top:-194px;left:-635.5px"><div class="task _jsPlumb_endpoint_anchor_ ui-draggable active-task" id="jsPlumb_1_529" style="top: 199px; left: 640.5px;"><a class="task-name"><img src="/automation-dashboard/styles/patterns/img/wf-icons/logstash.png" width="20px">&nbsp;<span class="name">Resume_Logstash</span></a></div><div class="task ui-draggable _jsPlumb_endpoint_anchor_" id="jsPlumb_1_532" style="top: 327px; left: 640.5px;"><a class="task-name"><img src="/automation-dashboard/styles/patterns/img/wf-icons/logstash.png" width="20px">&nbsp;<span class="name">Loop_Over_Instance_Status</span></a></div><svg style="position:absolute;left:689.5px;top:238.5px" width="42.5" height="89" pointer-events="none" position="absolute" version="1.1"
      xmlns="http://www.w3.org/1999/xhtml" class="_jsPlumb_connector"><path d="M 21.5 88 C 31.5 38 -10 50 0 0 " transform="translate(10.5,0.5)" pointer-events="visibleStroke" version="1.1"
      xmlns="http://www.w3.org/1999/xhtml" fill="none" stroke="#666" style=""></path><path pointer-events="all" version="1.1"
      xmlns="http://www.w3.org/1999/xhtml" d="M22.494896,66.303232 L23.16866373995708,45.12432652703957 L18.292495623246907,52.94883830079128 L9.814270040748365,49.32672690379266 L22.494896,66.303232" class="" stroke="#666" fill="#666" transform="translate(10.5,0.5)"></path><path pointer-events="all" version="1.1"
      xmlns="http://www.w3.org/1999/xhtml" d="M22.494896,66.303232 L23.16866373995708,45.12432652703957 L18.292495623246907,52.94883830079128 L9.814270040748365,49.32672690379266 L22.494896,66.303232" class="" stroke="#666" fill="#666" transform="translate(10.5,0.5)"></path></svg><svg style="position:absolute;left:782.0266769263776px;top:276.5px" width="20.473323073622403" height="141" pointer-events="none" position="absolute" version="1.1"
      xmlns="http://www.w3.org/1999/xhtml" class="_jsPlumb_connector "><path d="M 0 40 C -10 90 -10 -50 0 0 " transform="translate(19.973323073622403,50.5)" pointer-events="visibleStroke" version="1.1"
      xmlns="http://www.w3.org/1999/xhtml" fill="none" stroke="#316b31" style=""></path><path pointer-events="all" version="1.1"
      xmlns="http://www.w3.org/1999/xhtml" d="M-2.4569999999999963,49.16001999999999 L-8.714346841294152,28.91537600442066 L-10.77778447022079,37.90104376767174 L-19.973323073622403,37.23616047464146 L-2.4569999999999963,49.16001999999999" class="" stroke="#316b31" fill="#316b31" transform="translate(19.973323073622403,50.5)"></path><path pointer-events="all" version="1.1"
      xmlns="http://www.w3.org/1999/xhtml" d="M-2.4569999999999963,49.16001999999999 L-8.714346841294152,28.91537600442066 L-10.77778447022079,37.90104376767174 L-19.973323073622403,37.23616047464146 L-2.4569999999999963,49.16001999999999" class="" stroke="#316b31" fill="#316b31" transform="translate(19.973323073622403,50.5)"></path></svg><div class="_jsPlumb_overlay l1 component label" id="jsPlumb_1_543" style="position: absolute; transform: translate(-50%, -50%); left: 794px; top: 346.5px;">loop</div><div class="_jsPlumb_endpoint source-endpoint dependency-source-endpoint connected _jsPlumb_endpoint_anchor_ ui-draggable ui-droppable _jsPlumb_endpoint_connected" style="position: absolute; height: 20px; width: 20px; left: 690px; top: 229px;"><svg style="position:absolute;left:0px;top:0px" width="20" height="20" pointer-events="all" position="absolute" version="1.1"
      xmlns="http://www.w3.org/1999/xhtml"><circle cx="10" cy="10" r="10" version="1.1"
      xmlns="http://www.w3.org/1999/xhtml" fill="#666" stroke="none" style=""></circle></svg></div><div class="_jsPlumb_endpoint source-endpoint dependency-source-endpoint connected _jsPlumb_endpoint_anchor_ ui-draggable ui-droppable" style="position: absolute; height: 20px; width: 20px; left: 711.5px; top: 357px;"><svg style="position:absolute;left:0px;top:0px" width="20" height="20" pointer-events="all" position="absolute" version="1.1"
      xmlns="http://www.w3.org/1999/xhtml"><circle cx="10" cy="10" r="10" version="1.1"
      xmlns="http://www.w3.org/1999/xhtml" fill="#666" stroke="none" style=""></circle></svg></div><div class="_jsPlumb_endpoint target-endpoint dependency-target-endpoint _jsPlumb_endpoint_anchor_ ui-draggable ui-droppable _jsPlumb_endpoint_connected" style="position: absolute; height: 20px; width: 20px; left: 711.5px; top: 317px;"><svg style="position:absolute;left:0px;top:0px" width="20" height="20" pointer-events="all" position="absolute" version="1.1"
      xmlns="http://www.w3.org/1999/xhtml"><circle cx="10" cy="10" r="10" version="1.1"
      xmlns="http://www.w3.org/1999/xhtml" fill="#666" stroke="none" style=""></circle></svg></div><div class="_jsPlumb_endpoint source-endpoint loop-source-endpoint _jsPlumb_endpoint_anchor_ ui-draggable ui-droppable _jsPlumb_endpoint_connected _jsPlumb_endpoint_full" style="position: absolute; height: 20px; width: 20px; left: 792px; top: 317px;"><svg style="position:absolute;left:0px;top:0px" width="20" height="20" pointer-events="all" position="absolute" version="1.1"
      xmlns="http://www.w3.org/1999/xhtml"><circle cx="10" cy="10" r="10" version="1.1"
      xmlns="http://www.w3.org/1999/xhtml" fill="#316b31" stroke="none" style=""></circle></svg></div><div class="_jsPlumb_endpoint target-endpoint loop-target-endpoint _jsPlumb_endpoint_anchor_ ui-draggable ui-droppable _jsPlumb_endpoint_connected _jsPlumb_endpoint_full" style="position: absolute; height: 20px; width: 20px; left: 792px; top: 357px;"><svg style="position:absolute;left:0px;top:0px" width="20" height="20" pointer-events="all" position="absolute" version="1.1"
      xmlns="http://www.w3.org/1999/xhtml"><circle cx="10" cy="10" r="10" version="1.1"
      xmlns="http://www.w3.org/1999/xhtml" fill="#316b31" stroke="none" style=""></circle></svg></div></div></div></body></html>
 ]]>
    </visualization>
  </metadata>
</job>