<?xml version="1.0" encoding="UTF-8" standalone="no"?>
<job xmlns="urn:proactive:jobdescriptor:3.11" xmlns:xsi="http://www.w3.org/2001/XMLSchema-instance" maxNumberOfExecution="2" name="Stop_Logstash" onTaskError="continueJobExecution" priority="normal" projectName="Cloud Automation - Lifecycle" xsi:schemaLocation="urn:proactive:jobdescriptor:3.11 http://www.activeeon.com/public_content/schemas/proactive/jobdescriptor/3.11/schedulerjob.xsd">
  <variables>
    <variable name="logstash_instance_name" value="logstash-server-1"/>
  </variables>
  <description>
    <![CDATA[ Stop Logstash instance. ]]>
  </description>
  <genericInformation>
<info name="bucketName" value="cloud-automation"/>
<info name="workflow.icon" value="/automation-dashboard/styles/patterns/img/wf-icons/logstash.png"/>
<info name="pca.states" value="(RUNNING,STOPPED)"/>
<info name="Documentation" value="https://www.elastic.co/guide/en/logstash/current/index.html"/>
<info name="pca.service.id" value="Logstash"/>
<info name="group" value="public-objects"/>
</genericInformation>
  <taskFlow>
    <task name="Stop_Logstash">
      <description>
        <![CDATA[ Stop Logstash instance ]]>
      </description>
      <genericInformation>
        <info name="task.icon" value="/automation-dashboard/styles/patterns/img/wf-icons/logstash.png"/>
        <info name="task.documentation" value="https://www.elastic.co/guide/en/logstash/current/index.html"/>
      </genericInformation>
      <pre>
        <script>
          <code language="groovy">
            <![CDATA[
println("--- BEGIN PRE-SCRIPT Stop_Logstash  ---")

// Acquire service instance id
def service_instance_id = Long.valueOf(variables.get("PCA_INSTANCE_ID"))
println("service_instance_id (PCA_INSTANCE_ID): " + service_instance_id)

// Construct synchro channel name
channel = "Service_Instance_" + service_instance_id  
println("channel: " + channel)

//Acquire docker container to delete from synchro channel
def instance_name = synchronizationapi.get(channel, "INSTANCE_NAME")
variables.put("logstash_instance_name", instance_name)
println("*_instance_name: " + instance_name)

// Inform the Activation workflow that the delete is triggered
synchronizationapi.put(channel, "DELETE_LAUNCHED", true) 
println("DELETE_LAUNCHED = true")

println("--- END PRE-SCRIPT Stop_Logstash ---")
]]>
          </code>
        </script>
      </pre>
      <scriptExecutable>
        <script>
          <code language="bash">
            <![CDATA[
echo "--- BEGIN Stop_Logstash ---"

echo "*_instance name: $variables_logstash_instance_name"
docker stop $variables_logstash_instance_name

echo "--- BEGIN Stop_Logstash ---"
]]>
          </code>
        </script>
      </scriptExecutable>
    </task>
    <task name="Update_Deployment_Status">
      <genericInformation>
        <info name="task.icon" value="/automation-dashboard/styles/patterns/img/wf-icons/logstash.png"/>
        <info name="task.documentation" value="https://www.elastic.co/guide/en/logstash/current/index.html"/>
      </genericInformation>
      <depends>
        <task ref="Stop_Logstash"/>
      </depends>
      <scriptExecutable>
        <script>
          <code language="groovy">
            <![CDATA[
println("--- BEGIN Update_Deployment_Status ---")

import org.ow2.proactive.pca.service.client.ApiClient
import org.ow2.proactive.pca.service.client.api.ServiceInstanceRestApi
import org.ow2.proactive.pca.service.client.model.ServiceInstanceData

// PCA URL
def scheduler_rest_url = variables.get("PA_SCHEDULER_REST_URL")
def pca_url = scheduler_rest_url.replaceAll("/rest\\z", "/cloud-automation-service");

// Connect to APIs
def api_client = new ApiClient()
api_client.setBasePath(pca_url)
//api_client.setDebugging(true)
def service_instance_rest_api = new ServiceInstanceRestApi(api_client)

// Acquire service instance id
def service_instance_id = Long.valueOf(variables.get("PCA_INSTANCE_ID"))
println("service_instance_id (PCA_INSTANCE_ID): " + service_instance_id)

// Update service instance status
def service_instance_data = service_instance_rest_api.getServiceInstanceUsingGET(service_instance_id)
service_instance_data.setInstanceStatus("STOPPED")
service_instance_data = service_instance_rest_api.updateServiceInstanceUsingPUT(service_instance_id, service_instance_data)

println("--- END Update_Deployment_Status ---")
]]>
          </code>
        </script>
      </scriptExecutable>
    </task>
  </taskFlow>
  <metadata>
    <visualization>
      <![CDATA[ <html><head><link rel="stylesheet" href="/studio/styles/studio-standalone.css"><style>
        #workflow-designer {
            left:0 !important;
            top:0 !important;
            width:1139px;
            height:566px;
            }
        </style></head><body><div id="workflow-visualization-view"><div id="workflow-visualization" style="position:relative;top:-269.9875030517578px;left:-452.5px"><div class="task _jsPlumb_endpoint_anchor_ ui-draggable" id="jsPlumb_1_1320" style="top: 275px; left: 457.5px;"><a class="task-name"><img src="/automation-dashboard/styles/patterns/img/wf-icons/logstash.png" width="20px">&nbsp;<span class="name">Stop_Logstash</span></a></div><div class="task ui-draggable _jsPlumb_endpoint_anchor_" id="jsPlumb_1_1323" style="top: 403px; left: 457.5px;"><a class="task-name"><img src="/automation-dashboard/styles/patterns/img/wf-icons/logstash.png" width="20px">&nbsp;<span class="name">Update_Deployment_Status</span></a></div><svg style="position:absolute;left:498.5px;top:314.5px" width="50" height="89" pointer-events="none" position="absolute" version="1.1"
      xmlns="http://www.w3.org/1999/xhtml" class="_jsPlumb_connector "><path d="M 29 88 C 39 38 -10 50 0 0 " transform="translate(10.5,0.5)" pointer-events="visibleStroke" version="1.1"
      xmlns="http://www.w3.org/1999/xhtml" fill="none" stroke="#666" style=""></path><path pointer-events="all" version="1.1"
      xmlns="http://www.w3.org/1999/xhtml" d="M29.23930675,65.8307285 L27.91229114126974,44.68270188818144 L23.79594154197619,52.93228769453535 L15.01385033580508,50.12606709620525 L29.23930675,65.8307285" class="" stroke="#666" fill="#666" transform="translate(10.5,0.5)"></path><path pointer-events="all" version="1.1"
      xmlns="http://www.w3.org/1999/xhtml" d="M29.23930675,65.8307285 L27.91229114126974,44.68270188818144 L23.79594154197619,52.93228769453535 L15.01385033580508,50.12606709620525 L29.23930675,65.8307285" class="" stroke="#666" fill="#666" transform="translate(10.5,0.5)"></path></svg><div class="_jsPlumb_endpoint source-endpoint dependency-source-endpoint connected _jsPlumb_endpoint_anchor_ ui-draggable ui-droppable _jsPlumb_endpoint_connected" style="position: absolute; height: 20px; width: 20px; left: 499px; top: 305px;"><svg style="position:absolute;left:0px;top:0px" width="20" height="20" pointer-events="all" position="absolute" version="1.1"
      xmlns="http://www.w3.org/1999/xhtml"><circle cx="10" cy="10" r="10" version="1.1"
      xmlns="http://www.w3.org/1999/xhtml" fill="#666" stroke="none" style=""></circle></svg></div><div class="_jsPlumb_endpoint source-endpoint dependency-source-endpoint connected _jsPlumb_endpoint_anchor_ ui-draggable ui-droppable" style="position: absolute; height: 20px; width: 20px; left: 528px; top: 433px;"><svg style="position:absolute;left:0px;top:0px" width="20" height="20" pointer-events="all" position="absolute" version="1.1"
      xmlns="http://www.w3.org/1999/xhtml"><circle cx="10" cy="10" r="10" version="1.1"
      xmlns="http://www.w3.org/1999/xhtml" fill="#666" stroke="none" style=""></circle></svg></div><div class="_jsPlumb_endpoint target-endpoint dependency-target-endpoint _jsPlumb_endpoint_anchor_ ui-draggable ui-droppable _jsPlumb_endpoint_connected" style="position: absolute; height: 20px; width: 20px; left: 528px; top: 393px;"><svg style="position:absolute;left:0px;top:0px" width="20" height="20" pointer-events="all" position="absolute" version="1.1"
      xmlns="http://www.w3.org/1999/xhtml"><circle cx="10" cy="10" r="10" version="1.1"
      xmlns="http://www.w3.org/1999/xhtml" fill="#666" stroke="none" style=""></circle></svg></div></div></div></body></html>
 ]]>
    </visualization>
  </metadata>
</job>
