<?xml version="1.0" encoding="UTF-8" standalone="no"?>
<job xmlns="urn:proactive:jobdescriptor:3.11" xmlns:xsi="http://www.w3.org/2001/XMLSchema-instance" maxNumberOfExecution="2" name="AlexNet_18" onTaskError="continueJobExecution" priority="normal" projectName="2.1 Image Classification" xsi:schemaLocation="urn:proactive:jobdescriptor:3.11 http://www.activeeon.com/public_content/schemas/proactive/jobdescriptor/3.11/schedulerjob.xsd">
  <variables>
    <variable model="PA:Boolean" name="GPU_NODES_ONLY" value="False"/>
    <variable model="PA:Boolean" name="DOCKER_ENABLED" value="True"/>
  </variables>
  <description>
    <![CDATA[ AlexNet is the name of a Convolutional Neural Network (CNN), originally written with CUDA to run with GPU support, which competed in the ImageNet Large Scale Visual Recognition Challenge in 2012.
You can see more details in: http://pytorch.org/docs/master/torchvision/models.html ]]>
  </description>
  <genericInformation>
<info name="bucketName" value="deep-learning-dev"/>
<info name="workflow.icon" value="/automation-dashboard/styles/patterns/img/wf-icons/deep_learning.png"/>
<info name="Documentation" value="https://doc.activeeon.com/latest/MLOS/MLOSUserGuide.html#_alexnet"/>
<info name="group" value="public-objects"/>
</genericInformation>
  <taskFlow>
    <task name="AlexNet">
      <description>
        <![CDATA[ AlexNet is the name of a Convolutional Neural Network (CNN), originally written with CUDA to run with GPU support, which competed in the ImageNet Large Scale Visual Recognition Challenge in 2012.
You can see more details in: http://pytorch.org/docs/master/torchvision/models.html ]]>
      </description>
      <variables>
        <variable inherited="true" model="PA:Boolean" name="GPU_NODES_ONLY" value="False"/>
        <variable inherited="true" model="PA:Boolean" name="DOCKER_ENABLED" value="True"/>
        <variable inherited="true" model="PA:Boolean" name="USE_PRETRAINED_MODEL" value="True"/>
      </variables>
      <genericInformation>
        <info name="task.icon" value="/automation-dashboard/styles/patterns/img/wf-icons/deep_learning.png"/>
        <info name="task.documentation" value="https://doc.activeeon.com/latest/MLOS/MLOSUserGuide.html#_alexnet"/>
      </genericInformation>
      <selection>
        <script type="static">
          <code language="python">
            <![CDATA[
import os

GPU_NODES_ONLY = False
if variables.get("GPU_NODES_ONLY") is not None:
  if str(variables.get("GPU_NODES_ONLY")).lower() == 'true':
    GPU_NODES_ONLY = True

CUDA_ENABLED = False
CUDA_HOME = os.getenv('CUDA_HOME', None)
CUDA_HOME_DEFAULT = '/usr/local/cuda'
if CUDA_HOME is not None:
  if os.path.isdir(CUDA_HOME) == True:
    CUDA_ENABLED = True
else:
  if os.path.isdir(CUDA_HOME_DEFAULT) == True:
    CUDA_ENABLED = True

selected = ((GPU_NODES_ONLY == False) or (GPU_NODES_ONLY == True and CUDA_ENABLED == True))
]]>
          </code>
        </script>
      </selection>
      <forkEnvironment javaHome="/usr">
        <envScript>
          <script>
            <code language="python">
              <![CDATA[
if str(variables.get("DOCKER_ENABLED")).lower() == 'true':
  #Be aware, that the prefix command is internally split by spaces. So paths with spaces won't work.
  # Prepare Docker parameters 
  containerName = 'activeeon/dlm3' 
  dockerRunCommand =  'docker run ' 
  dockerParameters = '--rm ' 
  # Prepare ProActive home volume 
  paHomeHost = variables.get("PA_SCHEDULER_HOME") 
  paHomeContainer = variables.get("PA_SCHEDULER_HOME") 
  proActiveHomeVolume = '-v '+paHomeHost +':'+paHomeContainer+' ' 
  # Prepare working directory (For Dataspaces and serialized task file) 
  workspaceHost = localspace 
  workspaceContainer = localspace 
  workspaceVolume = '-v '+localspace +':'+localspace+' ' 
  # Prepare container working directory 
  containerWorkingDirectory = '-w '+workspaceContainer+' ' 
  # Save pre execution command into magic variable 'preJavaHomeCmd', which is picked up by the node 
  preJavaHomeCmd = dockerRunCommand + dockerParameters + proActiveHomeVolume + workspaceVolume + containerWorkingDirectory + containerName
else:
  print("Fork environment disabled")
]]>
            </code>
          </script>
        </envScript>
      </forkEnvironment>
      <scriptExecutable>
        <script>
          <code language="cpython">
            <![CDATA[
print("BEGIN AlexNet")

import json

USE_PRETRAINED_MODEL = 'true'
if 'variables' in locals():
  if variables.get("USE_PRETRAINED_MODEL") is not None:
    USE_PRETRAINED_MODEL = str(variables.get("USE_PRETRAINED_MODEL")).lower()

pretrained = False
if USE_PRETRAINED_MODEL == 'true':
  pretrained = True

# Define the CNN model
CNN_MODEL = """
cnn = models.alexnet(pretrained=""" + str(pretrained) + """)
num_ftrs = cnn.classifier[6].in_features
feature_model = list(cnn.classifier.children())
feature_model.pop()
feature_model.append(nn.Linear(num_ftrs, num_classes))
cnn.classifier = nn.Sequential(*feature_model) 
"""
print(CNN_MODEL)

# Data augmentation and normalization for training
# Just normalization for validation and test
CNN_TRANSFORM = """
data_transforms = {
    'train': transforms.Compose([
        transforms.RandomResizedCrop(224),
        transforms.RandomHorizontalFlip(),
        transforms.ToTensor(),
        transforms.Normalize([0.485, 0.456, 0.406], [0.229, 0.224, 0.225])
    ]),
    'val': transforms.Compose([
        transforms.Resize(256),
        transforms.CenterCrop(224),
        transforms.ToTensor(),
        transforms.Normalize([0.485, 0.456, 0.406], [0.229, 0.224, 0.225])
    ]),
    'test': transforms.Compose([
        transforms.Resize(256),
        transforms.CenterCrop(224),
        transforms.ToTensor(),
        transforms.Normalize([0.485, 0.456, 0.406], [0.229, 0.224, 0.225])
    ])
}
"""
print(CNN_TRANSFORM)

if 'variables' in locals():
  variables.put("CNN_MODEL", CNN_MODEL)
  variables.put("CNN_TRANSFORM", CNN_TRANSFORM)

print("END AlexNet")
]]>
          </code>
        </script>
      </scriptExecutable>
      <controlFlow block="none"/>
    </task>
  </taskFlow>
  <metadata>
    <visualization>
      <![CDATA[ <html><head><link rel="stylesheet" href="/studio/styles/studio-standalone.css"><style>
        #workflow-designer {
            left:0 !important;
            top:0 !important;
            width:1155px;
            height:680px;
            }
        </style></head><body><div style="position:relative;top:-420.5px;left:-954.5px"><div class="task _jsPlumb_endpoint_anchor_ ui-draggable active-task" id="jsPlumb_1_3274" style="top: 470.5px; left: 1054.5px;"><a class="task-name"><img src="/automation-dashboard/styles/patterns/img/wf-icons/deep_learning.png" width="20px">&nbsp;<span class="name">AlexNet</span></a></div><div class="_jsPlumb_endpoint source-endpoint dependency-source-endpoint connected _jsPlumb_endpoint_anchor_ ui-draggable ui-droppable" style="position: absolute; height: 20px; width: 20px; left: 1095px; top: 501px;"><svg style="position:absolute;left:0px;top:0px" width="20" height="20" pointer-events="all" position="absolute" version="1.1"
      xmlns="http://www.w3.org/1999/xhtml"><circle cx="10" cy="10" r="10" version="1.1"
      xmlns="http://www.w3.org/1999/xhtml" fill="#666" stroke="none" style=""></circle></svg></div></div></body></html>
 ]]>
    </visualization>
  </metadata>
</job>
