<?xml version="1.0" encoding="UTF-8"?>
<job
  xmlns:xsi="http://www.w3.org/2001/XMLSchema-instance"
  xmlns="urn:proactive:jobdescriptor:3.11" xsi:schemaLocation="urn:proactive:jobdescriptor:3.11 http://www.activeeon.com/public_content/schemas/proactive/jobdescriptor/3.11/schedulerjob.xsd"  name="GRU" projectName="3. Text Classification" priority="normal" onTaskError="continueJobExecution"  maxNumberOfExecution="2" >
  <variables>
    <variable name="NATIVE_SCHEDULER" value=""/>
    <variable name="NATIVE_SCHEDULER_PARAMS" value=""/>
    <variable name="NODE_SOURCE_NAME" value=""/>
    <variable name="NODE_ACCESS_TOKEN" value=""/>
    <variable model="PA:LIST(no-container,docker,podman,singularity)" name="CONTAINER_PLATFORM" value="docker"/>
    <variable model="PA:Boolean" name="CONTAINER_GPU_ENABLED" value="True"/>
    <variable model="PA:LIST(,docker://activeeon/dlm3,docker://activeeon/cuda,docker://activeeon/cuda2,docker://activeeon/rapidsai,docker://activeeon/tensorflow:latest,docker://activeeon/tensorflow:latest-gpu)" name="CONTAINER_IMAGE" value=""/>
  </variables>
  <description>
    <![CDATA[ Gated Recurrent Units (GRUs) are a gating mechanism in recurrent neural networks. You can see more details in: http://pytorch.org/docs/0.3.1/nn.html#torch.nn.GRU ]]>
  </description>
  <genericInformation>
    <info name="bucketName" value="deep-learning"/>
    <info name="workflow.icon" value="/automation-dashboard/styles/patterns/img/wf-icons/deep_text_classification.png"/>
    <info name="Documentation" value="MLOS/MLOSUserGuide.html#_gru"/>
    <info name="NS" value="$NATIVE_SCHEDULER"/>
    <info name="NS_BATCH" value="$NATIVE_SCHEDULER_PARAMS"/>
    <info name="NODE_ACCESS_TOKEN" value="$NODE_ACCESS_TOKEN"/>
    <info name="group" value="public-objects"/>
  </genericInformation>
  <taskFlow>
    <task name="GRU" >
      <description>
        <![CDATA[ Gated Recurrent Units (GRUs) are a gating mechanism in recurrent neural networks. You can see more details in: http://pytorch.org/docs/0.3.1/nn.html#torch.nn.GRU ]]>
      </description>
      <variables>
        <variable name="EMBEDDING_DIM" value="50" inherited="false" />
        <variable name="HIDDEN_DIM" value="40" inherited="false" />
        <variable name="DROPOUT" value="0.5" inherited="false" />
      </variables>
      <genericInformation>
        <info name="task.icon" value="/automation-dashboard/styles/patterns/img/wf-icons/deep_text_classification.png"/>
        <info name="task.documentation" value="MLOS/MLOSUserGuide.html#_gru"/>
      </genericInformation>
      <selection>
        <script type="static">
          <file language="groovy" url="${PA_CATALOG_REST_URL}/buckets/scripts/resources/check_node_source_name/raw"/>
        </script>
      </selection>
      <forkEnvironment javaHome="/usr" >
        <envScript>
          <script>
            <file language="groovy" url="${PA_CATALOG_REST_URL}/buckets/scripts/resources/fork_env_cuda_universal/raw"/>
          </script>
        </envScript>
      </forkEnvironment>
      <scriptExecutable>
        <script>
          <file url="${PA_CATALOG_REST_URL}/buckets/deep-learning-scripts/resources/GRU/raw" language="cpython"></file>
        </script>
      </scriptExecutable>
      <controlFlow block="none"></controlFlow>
      <metadata>
        <positionTop>
            306.984375
        </positionTop>
        <positionLeft>
            480.984375
        </positionLeft>
      </metadata>
    </task>
  </taskFlow>
  <metadata>
    <visualization>
      <![CDATA[ <html><head><link rel="stylesheet" href="/studio/styles/studio-standalone.css"><style>
        #workflow-designer {
            left:0 !important;
            top:0 !important;
            width:2144px;
            height:2712px;
            }
        </style></head><body><div id="workflow-visualization-view"><div id="workflow-visualization" style="position:relative;top:-301.984375px;left:-475.984375px"><div class="task _jsPlumb_endpoint_anchor_ ui-draggable" id="jsPlumb_1_171" style="top: 306.984px; left: 480.984px;"><a class="task-name"><img src="/automation-dashboard/styles/patterns/img/wf-icons/deep_text_classification.png" width="20px">&nbsp;<span class="name">GRU</span></a></div><div class="_jsPlumb_endpoint source-endpoint dependency-source-endpoint connected _jsPlumb_endpoint_anchor_ ui-draggable ui-droppable" style="position: absolute; height: 20px; width: 20px; left: 521px; top: 337px;"><svg style="position:absolute;left:0px;top:0px" width="20" height="20" pointer-events="all" position="absolute" version="1.1"
      xmlns="http://www.w3.org/1999/xhtml"><circle cx="10" cy="10" r="10" version="1.1"
      xmlns="http://www.w3.org/1999/xhtml" fill="#666" stroke="none" style=""></circle></svg></div></div></div></body></html>
 ]]>
    </visualization>
  </metadata>
</job>