<?xml version="1.0" encoding="UTF-8" standalone="no"?>
<job xmlns="urn:proactive:jobdescriptor:3.11" xmlns:xsi="http://www.w3.org/2001/XMLSchema-instance" maxNumberOfExecution="2" name="Import_Text_Dataset" onTaskError="continueJobExecution" priority="normal" projectName="1. Input and Output" xsi:schemaLocation="urn:proactive:jobdescriptor:3.11 http://www.activeeon.com/public_content/schemas/proactive/jobdescriptor/3.11/schedulerjob.xsd">
  <variables>
    <variable name="NATIVE_SCHEDULER" value=""/>
    <variable name="NATIVE_SCHEDULER_PARAMS" value=""/>
    <variable name="NODE_SOURCE_NAME" value=""/>
    <variable name="NODE_ACCESS_TOKEN" value=""/>
    <variable model="PA:LIST(no-container,docker,podman,singularity)" name="CONTAINER_PLATFORM" value="docker"/>
    <variable model="PA:Boolean" name="CONTAINER_GPU_ENABLED" value="True"/>
    <variable model="PA:LIST(,docker://activeeon/dlm3,docker://activeeon/cuda,docker://activeeon/cuda2,docker://activeeon/rapidsai,docker://activeeon/tensorflow:latest,docker://activeeon/tensorflow:latest-gpu)" name="CONTAINER_IMAGE" value=""/>
  </variables>
  <description>
    <![CDATA[ Load and return a text dataset. ]]>
  </description>
  <genericInformation>
<info name="bucketName" value="deep-learning"/>
<info name="workflow.icon" value="/automation-dashboard/styles/patterns/img/wf-icons/import_text.png"/>
<info name="Documentation" value="MLOS/MLOSUserGuide.html#_import_text_dataset"/>
<info name="NS" value="$NATIVE_SCHEDULER"/>
<info name="NS_BATCH" value="$NATIVE_SCHEDULER_PARAMS"/>
<info name="NODE_ACCESS_TOKEN" value="$NODE_ACCESS_TOKEN"/>
<info name="group" value="public-objects"/>
</genericInformation>
  <taskFlow>
    <task name="Import_Text_Dataset">
      <description>
        <![CDATA[ Load and return a text dataset. ]]>
      </description>
      <variables>
        <variable inherited="false" name="DATASET_URL" value="https://s3.eu-west-2.amazonaws.com/activeeon-public/datasets/IMDB.zip"/>
        <variable inherited="false" name="TRAIN_SPLIT" value="0.6"/>
        <variable inherited="false" name="TEST_SPLIT" value="0.3"/>
        <variable inherited="false" name="VAL_SPLIT" value="0.1"/>
        <variable inherited="false" model="PA:BOOLEAN" name="TOY_MODE" value="True"/>
        <variable inherited="false" model="PA:LIST(str.split,moses,spacy,revtok,subword)" name="TOKENIZER" value="str.split"/>
        <variable inherited="false" name="SENTENCE_SEPARATOR" value="\r"/>
        <variable inherited="false" name="CHARSET" value="utf-8"/>
        <variable inherited="false" model="PA:BOOLEAN" name="IS_LABELED_DATA" value="True"/>
      </variables>
      <genericInformation>
        <info name="task.icon" value="/automation-dashboard/styles/patterns/img/wf-icons/import_text.png"/>
        <info name="task.documentation" value="MLOS/MLOSUserGuide.html#_import_text_dataset"/>
      </genericInformation>
      <selection>
        <script type="static">
          <file language="groovy" url="${PA_CATALOG_REST_URL}/buckets/scripts/resources/check_node_source_name/raw"/>
        </script>
      </selection>
      <forkEnvironment javaHome="/usr">
        <envScript>
          <script>
            <file language="groovy" url="${PA_CATALOG_REST_URL}/buckets/scripts/resources/fork_env_cuda_universal/raw"/>
          </script>
        </envScript>
      </forkEnvironment>
      <scriptExecutable>
        <script>
          <file language="cpython" url="${PA_CATALOG_REST_URL}/buckets/deep-learning-scripts/resources/Import_Text_Dataset/raw"/>
        </script>
      </scriptExecutable>
      <controlFlow block="none"/>
      <outputFiles>
        <files accessMode="transferToGlobalSpace" includes="$DATASET_PATH/**"/>
      </outputFiles>
      <metadata>
        <positionTop>
            402.98828125
        </positionTop>
        <positionLeft>
            627.734375
        </positionLeft>
      </metadata>
    </task>
  </taskFlow>
  <metadata>
    <visualization>
      <![CDATA[ <html><head><link rel="stylesheet" href="/studio/styles/studio-standalone.css"><style>
        #workflow-designer {
            left:0 !important;
            top:0 !important;
            width:2646px;
            height:3493px;
            }
        </style></head><body><div id="workflow-visualization-view"><div id="workflow-visualization" style="position:relative;top:-397.98828125px;left:-622.734375px"><div class="task _jsPlumb_endpoint_anchor_ ui-draggable" id="jsPlumb_1_265" style="top: 402.988px; left: 627.735px;"><a class="task-name"><img src="/automation-dashboard/styles/patterns/img/wf-icons/import_text.png" width="20px">&nbsp;<span class="name">Import_Text_Dataset</span></a></div><div class="_jsPlumb_endpoint source-endpoint dependency-source-endpoint connected _jsPlumb_endpoint_anchor_ ui-draggable ui-droppable" style="position: absolute; height: 20px; width: 20px; left: 687.5px; top: 433px;"><svg style="position:absolute;left:0px;top:0px" width="20" height="20" pointer-events="all" position="absolute" version="1.1"
      xmlns="http://www.w3.org/1999/xhtml"><circle cx="10" cy="10" r="10" version="1.1"
      xmlns="http://www.w3.org/1999/xhtml" fill="#666" stroke="none" style=""></circle></svg></div></div></div></body></html>
 ]]>
    </visualization>
  </metadata>
</job>
