<?xml version="1.0" encoding="UTF-8"?>
<job
  xmlns:xsi="http://www.w3.org/2001/XMLSchema-instance"
  xmlns="urn:proactive:jobdescriptor:3.11" xsi:schemaLocation="urn:proactive:jobdescriptor:3.11 http://www.activeeon.com/public_content/schemas/proactive/jobdescriptor/3.11/schedulerjob.xsd"  name="Import_Model" projectName="1. Input and Output" priority="normal" onTaskError="continueJobExecution"  maxNumberOfExecution="2" >
  <variables>
    <variable name="GPU_NODES_ONLY" value="False" model="PA:Boolean"/>
    <variable name="DOCKER_ENABLED" value="True" model="PA:Boolean"/>
  </variables>
  <description>
    <![CDATA[ Import a trained model by a deep learning algorithm. ]]>
  </description>
  <genericInformation>
    <info name="bucketName" value="deep-learning-dev"/>
    <info name="workflow.icon" value="/automation-dashboard/styles/patterns/img/wf-icons/import_deep_model.png"/>
    <info name="Documentation" value="https://doc.activeeon.com/latest/MLOS/MLOSUserGuide.html#_import_model"/>
    <info name="group" value="public-objects"/>
  </genericInformation>
  <taskFlow>
    <task name="Import_Model" >
      <description>
        <![CDATA[ Import a trained model by a deep learning algorithm. ]]>
      </description>
      <variables>
        <variable name="GPU_NODES_ONLY" value="False" inherited="true" model="PA:Boolean"/>
        <variable name="DOCKER_ENABLED" value="True" inherited="true" model="PA:Boolean"/>
        <variable name="MODEL_URL" value="https://s3.eu-west-2.amazonaws.com/activeeon-public/models/yolo3_coco.zip" inherited="true" />
      </variables>
      <genericInformation>
        <info name="task.icon" value="/automation-dashboard/styles/patterns/img/wf-icons/import_deep_model.png"/>
        <info name="task.documentation" value="https://doc.activeeon.com/latest/MLOS/MLOSUserGuide.html#_import_model"/>
      </genericInformation>
      <selection>
        <script type="static">
          <code language="python">
            <![CDATA[
import os

GPU_NODES_ONLY = False
if variables.get("GPU_NODES_ONLY") is not None:
  if str(variables.get("GPU_NODES_ONLY")).lower() == 'true':
    GPU_NODES_ONLY = True

CUDA_ENABLED = False
CUDA_HOME = os.getenv('CUDA_HOME', None)
CUDA_HOME_DEFAULT = '/usr/local/cuda'
if CUDA_HOME is not None:
  if os.path.isdir(CUDA_HOME) == True:
    CUDA_ENABLED = True
else:
  if os.path.isdir(CUDA_HOME_DEFAULT) == True:
    CUDA_ENABLED = True

selected = ((GPU_NODES_ONLY == False) or (GPU_NODES_ONLY == True and CUDA_ENABLED == True))
]]>
          </code>
        </script>
      </selection>
      <forkEnvironment javaHome="/usr" >
        <envScript>
          <script>
            <code language="python">
              <![CDATA[
if str(variables.get("DOCKER_ENABLED")).lower() == 'true':
  #Be aware, that the prefix command is internally split by spaces. So paths with spaces won't work.
  # Prepare Docker parameters 
  containerName = 'activeeon/dlm3' 
  dockerRunCommand =  'docker run ' 
  dockerParameters = '--rm ' 
  # Prepare ProActive home volume 
  paHomeHost = variables.get("PA_SCHEDULER_HOME") 
  paHomeContainer = variables.get("PA_SCHEDULER_HOME") 
  proActiveHomeVolume = '-v '+paHomeHost +':'+paHomeContainer+' ' 
  # Prepare working directory (For Dataspaces and serialized task file) 
  workspaceHost = localspace 
  workspaceContainer = localspace 
  workspaceVolume = '-v '+localspace +':'+localspace+' ' 
  # Prepare container working directory 
  containerWorkingDirectory = '-w '+workspaceContainer+' ' 
  # Save pre execution command into magic variable 'preJavaHomeCmd', which is picked up by the node 
  preJavaHomeCmd = dockerRunCommand + dockerParameters + proActiveHomeVolume + workspaceVolume + containerWorkingDirectory + containerName
else:
  print("Fork environment disabled")
]]>
            </code>
          </script>
        </envScript>
      </forkEnvironment>
      <scriptExecutable>
        <script>
          <code language="cpython">
            <![CDATA[
print("BEGIN Import_Model")

import wget
import uuid
import shutil
import zipfile

from os.path import join, exists
from os import remove, listdir, makedirs

# Pre-trained models
# Text:  https://s3.eu-west-2.amazonaws.com/activeeon-public/models/basic_sentiment_analysis.zip
# Image: https://s3.eu-west-2.amazonaws.com/activeeon-public/models/model_resnet18.zip

# Load a trained model on ResNet-18 with two classes [ants, bees]
#MODEL_URL = 'https://s3.eu-west-2.amazonaws.com/activeeon-public/models/model_resnet18.zip' ##CLASSIFICATION MODEL

# Load a trained model on SegNet with five classes 
#MODEL_URL = 'https://s3.eu-west-2.amazonaws.com/activeeon-public/models/model_segnet.zip'##SEGMENTATION MODEL

# Load a trained model on SDD with twenty-one classes 
#MODEL_URL = 'https://s3.eu-west-2.amazonaws.com/activeeon-public/models/sdd_voc.zip'##OBJECT DETECTION (SSD MODEL ON PASCAL VOC DATASET)

# Load a trained model on SDD with twenty-one classes 
MODEL_URL = 'https://s3.eu-west-2.amazonaws.com/activeeon-public/models/yolo3_coco.zip'##OBJECT DETECTION (YOLO MODEL ON COCO DATASET)

if 'variables' in locals():
  MODEL_URL = variables.get("MODEL_URL")

print("MODEL_URL:   " + MODEL_URL)
assert MODEL_URL is not None

# Get an unique ID
ID = str(uuid.uuid4())

# Create an empty dir
MODEL_FOLDER = join('models', ID)
if exists(MODEL_FOLDER):
  shutil.rmtree(MODEL_FOLDER)
makedirs(MODEL_FOLDER)
print("MODEL_FOLDER: " + MODEL_FOLDER)

print("Downloading...")
filename = wget.download(MODEL_URL, MODEL_FOLDER)
print("FILENAME: " + filename)
print("OK")

print("Extracting...")
dataset_zip = zipfile.ZipFile(filename)
dataset_zip.extractall(MODEL_FOLDER)
dataset_zip.close()
remove(filename)
print("OK")

MODEL_PATH = None
LABELS_PATH = None
TEXT_PATH = None 
for file in listdir(MODEL_FOLDER):
  if file.endswith(".pt") or file.endswith(".pth") or file.endswith(".weights"):
    MODEL_PATH = join(MODEL_FOLDER, file)
  if file.endswith("label.pkl"):
    LABELS_PATH = join(MODEL_FOLDER, file)
  if file.endswith("text.pkl"):
    TEXT_PATH = join(MODEL_FOLDER, file)
  if file.endswith(".txt"):
    LABELS_PATH = join(MODEL_FOLDER, file)

assert MODEL_PATH is not None
#assert LABELS_PATH is not None
print(LABELS_PATH)
print("Model information: ")
print("MODEL_PATH:  " + MODEL_PATH)
if LABELS_PATH != None:
	print("LABELS_PATH: " + LABELS_PATH)
print("TEXT_PATH:   " + str(TEXT_PATH))

if 'variables' in locals():
  variables.put("MODEL_PATH", MODEL_PATH)
  variables.put("LABELS_PATH", LABELS_PATH)
  variables.put("TEXT_PATH", TEXT_PATH)
  variables.put("MODEL_FOLDER", MODEL_FOLDER)

print("END Import_Model")
]]>
          </code>
        </script>
      </scriptExecutable>
      <controlFlow block="none"></controlFlow>
      <outputFiles>
        <files  includes="$MODEL_FOLDER/**" accessMode="transferToGlobalSpace"/>
      </outputFiles>
    </task>
  </taskFlow>
  <metadata>
    <visualization>
      <![CDATA[ <html><head><link rel="stylesheet" href="/studio/styles/studio-standalone.css"><style>
        #workflow-designer {
            left:0 !important;
            top:0 !important;
            width:1139px;
            height:566px;
            }
        </style></head><body><div id="workflow-visualization-view"><div id="workflow-visualization" style="position:relative;top:-334.00001525878906px;left:-497.5px"><div class="task _jsPlumb_endpoint_anchor_ ui-draggable" id="jsPlumb_1_1851" style="top: 339px; left: 502.5px;"><a class="task-name"><img src="/automation-dashboard/styles/patterns/img/wf-icons/import_deep_model.png" width="20px">&nbsp;<span class="name">Import_Model</span></a></div><div class="_jsPlumb_endpoint source-endpoint dependency-source-endpoint connected _jsPlumb_endpoint_anchor_ ui-draggable ui-droppable" style="position: absolute; height: 20px; width: 20px; left: 542px; top: 369px;"><svg style="position:absolute;left:0px;top:0px" width="20" height="20" pointer-events="all" position="absolute" version="1.1"
      xmlns="http://www.w3.org/1999/xhtml"><circle cx="10" cy="10" r="10" version="1.1"
      xmlns="http://www.w3.org/1999/xhtml" fill="#666" stroke="none" style=""></circle></svg></div></div></div></body></html>
 ]]>
    </visualization>
  </metadata>
</job>