<?xml version="1.0" encoding="UTF-8"?>
<job
  xmlns:xsi="http://www.w3.org/2001/XMLSchema-instance"
  xmlns="urn:proactive:jobdescriptor:3.11" xsi:schemaLocation="urn:proactive:jobdescriptor:3.11 http://www.activeeon.com/public_content/schemas/proactive/jobdescriptor/3.11/schedulerjob.xsd"  name="LSTM" projectName="3. Text Classification" priority="normal" onTaskError="continueJobExecution"  maxNumberOfExecution="2" >
  <variables>
    <variable name="GPU_NODES_ONLY" value="False" model="PA:Boolean"/>
    <variable name="DOCKER_ENABLED" value="True" model="PA:Boolean"/>
  </variables>
  <description>
    <![CDATA[ Long short-term memory (LSTM) units (or blocks) are a building unit for layers of a recurrent neural network (RNN).
http://pytorch.org/docs/0.3.1/nn.html#torch.nn.LSTM ]]>
  </description>
  <genericInformation>
    <info name="bucketName" value="deep-learning"/>
    <info name="workflow.icon" value="/automation-dashboard/styles/patterns/img/wf-icons/deep_text_classification.png"/>
    <info name="Documentation" value="https://doc.activeeon.com/latest/MLOS/MLOSUserGuide.html#_lstm"/>
    <info name="group" value="public-objects"/>
  </genericInformation>
  <taskFlow>
    <task name="LSTM" >
      <description>
        <![CDATA[ Long short-term memory (LSTM) units (or blocks) are a building unit for layers of a recurrent neural network (RNN). ]]>
      </description>
      <variables>
        <variable name="EMBEDDING_DIM" value="50" inherited="false" />
        <variable name="HIDDEN_DIM" value="40" inherited="false" />
        <variable name="BATCH_SIZE" value="2" inherited="false" />
        <variable name="DROPOUT" value="0.5" inherited="false" />
        <variable name="GPU_NODES_ONLY" value="False" inherited="true" model="PA:Boolean"/>
        <variable name="DOCKER_ENABLED" value="True" inherited="true" model="PA:Boolean"/>
      </variables>
      <genericInformation>
        <info name="task.icon" value="/automation-dashboard/styles/patterns/img/wf-icons/deep_text_classification.png"/>
        <info name="task.documentation" value="https://doc.activeeon.com/latest/MLOS/MLOSUserGuide.html#_lstm"/>
      </genericInformation>
      <selection>
        <script type="static">
          <code language="python">
            <![CDATA[
import os

GPU_NODES_ONLY = False
if variables.get("GPU_NODES_ONLY") is not None:
  if str(variables.get("GPU_NODES_ONLY")).lower() == 'true':
    GPU_NODES_ONLY = True

CUDA_ENABLED = False
CUDA_HOME = os.getenv('CUDA_HOME', None)
CUDA_HOME_DEFAULT = '/usr/local/cuda'
if CUDA_HOME is not None:
  if os.path.isdir(CUDA_HOME) == True:
    CUDA_ENABLED = True
else:
  if os.path.isdir(CUDA_HOME_DEFAULT) == True:
    CUDA_ENABLED = True

selected = ((GPU_NODES_ONLY == False) or (GPU_NODES_ONLY == True and CUDA_ENABLED == True))
]]>
          </code>
        </script>
      </selection>
      <forkEnvironment javaHome="/usr" >
        <envScript>
          <script>
            <code language="python">
              <![CDATA[
if str(variables.get("DOCKER_ENABLED")).lower() == 'true':
  #Be aware, that the prefix command is internally split by spaces. So paths with spaces won't work.
  # Prepare Docker parameters 
  containerName = 'activeeon/dlm3' 
  dockerRunCommand =  'docker run ' 
  dockerParameters = '--rm ' 
  # Prepare ProActive home volume 
  paHomeHost = variables.get("PA_SCHEDULER_HOME") 
  paHomeContainer = variables.get("PA_SCHEDULER_HOME") 
  proActiveHomeVolume = '-v '+paHomeHost +':'+paHomeContainer+' ' 
  # Prepare working directory (For Dataspaces and serialized task file) 
  workspaceHost = localspace 
  workspaceContainer = localspace 
  workspaceVolume = '-v '+localspace +':'+localspace+' ' 
  # Prepare container working directory 
  containerWorkingDirectory = '-w '+workspaceContainer+' ' 
  # Save pre execution command into magic variable 'preJavaHomeCmd', which is picked up by the node 
  preJavaHomeCmd = dockerRunCommand + dockerParameters + proActiveHomeVolume + workspaceVolume + containerWorkingDirectory + containerName
else:
  print("Fork environment disabled")
]]>
            </code>
          </script>
        </envScript>
      </forkEnvironment>
      <scriptExecutable>
        <script>
          <code language="cpython">
            <![CDATA[
print("BEGIN Create a LSTM model")
import torch
from torch.autograd import Variable
import torch.nn as nn
import torch.nn.functional as F

BATCH_SIZE=2
HIDDEN_DIM=50
EMBEDDING_DIM=50
DROPOUT=0.5

if 'variables' in locals():  
  if variables.get("BATCH_SIZE") is not None:
    BATCH_SIZE = variables.get("BATCH_SIZE")
  else:
    print("BATCH_SIZE not defined by the user. Using the default value:"+BATCH_SIZE)
  if variables.get("HIDDEN_DIM") is not None:
    HIDDEN_DIM = variables.get("HIDDEN_DIM")
  else:
    print("HIDDEN_DIM not defined by the user. Using the default value:"+HIDDEN_DIM)
  if variables.get("EMBEDDING_DIM") is not None:
    EMBEDDING_DIM = variables.get("EMBEDDING_DIM")
  else:
    print("EMBEDDING_DIM not defined by the user. Using the default value:"+EMBEDDING_DIM)
  if variables.get("DROPOUT") is not None:
    DROPOUT = variables.get("DROPOUT")
  else:
    print("DROPOUT not defined by the user. Using the default value:"+DROPOUT)


MODEL_TYPE = 'LSTM'
MODEL_CLASS = """
class LSTM(nn.Module):

    def __init__(self, embedding_dim, hidden_dim, vocab_size, label_size, use_gpu, batch_size, dropout=0.5):
        super(LSTM, self).__init__()
        self.hidden_dim = hidden_dim
        self.use_gpu = use_gpu
        self.batch_size = batch_size
        self.dropout = dropout
        self.embeddings = nn.Embedding(vocab_size, embedding_dim)
        self.LSTM = nn.LSTM(input_size=embedding_dim, hidden_size=hidden_dim)
        self.hidden2label = nn.Linear(hidden_dim, label_size)
        self.hidden = self.init_hidden()

    def init_hidden(self):
        # first is the hidden h
        # second is the cell c
        if self.use_gpu:
            return (Variable(torch.zeros(1, self.batch_size, self.hidden_dim).cuda()),
                    Variable(torch.zeros(1, self.batch_size, self.hidden_dim).cuda()))
        else:
            return (Variable(torch.zeros(1, self.batch_size, self.hidden_dim)),
                    Variable(torch.zeros(1, self.batch_size, self.hidden_dim)))
    def forward(self, sentence):
        x = self.embeddings(sentence).view(len(sentence), self.batch_size, -1)
        lstm_out, self.hidden = self.LSTM(x, self.hidden)
        y = self.hidden2label(lstm_out[-1])
        log_probs = F.log_softmax(y)
        return log_probs"""
    
MODEL_DEF = """
MODEL = LSTM(embedding_dim="""+str(EMBEDDING_DIM)+""", hidden_dim="""+str(HIDDEN_DIM)+""", vocab_size=len(text_field.vocab), label_size=len(label_field.vocab)-1,use_gpu=USE_GPU, batch_size=BATCH_SIZE)
"""
print(MODEL_DEF)

# Forward model
try:
    variables.put("MODEL_CLASS", MODEL_CLASS)
    variables.put("MODEL_DEF", MODEL_DEF)
    variables.put("BATCH_SIZE", BATCH_SIZE)
    variables.put("HIDDEN_DIM", HIDDEN_DIM)
    variables.put("EMBEDDING_DIM", EMBEDDING_DIM)
    variables.put("DROPOUT", DROPOUT)
except NameError as err:
    print("{0}".format(err))
    print("Warning: this script is running outside from ProActive.")
    pass

print("END LSTM model built")
]]>
          </code>
        </script>
      </scriptExecutable>
      <controlFlow block="none"/>
    </task>
  </taskFlow>
  <metadata>
    <visualization>
      <![CDATA[ <html><head><link rel="stylesheet" href="/studio/styles/studio-standalone.css"><style>
        #workflow-designer {
            left:0 !important;
            top:0 !important;
            width:1139px;
            height:566px;
            }
        </style></head><body><div id="workflow-visualization-view"><div id="workflow-visualization" style="position:relative;top:-333.9875030517578px;left:-497.5px"><div class="task _jsPlumb_endpoint_anchor_ ui-draggable" id="jsPlumb_1_1863" style="top: 339px; left: 502.5px;"><a class="task-name"><img src="/automation-dashboard/styles/patterns/img/wf-icons/deep_text_classification.png" width="20px">&nbsp;<span class="name">LSTM</span></a></div><div class="_jsPlumb_endpoint source-endpoint dependency-source-endpoint connected _jsPlumb_endpoint_anchor_ ui-draggable ui-droppable" style="position: absolute; height: 20px; width: 20px; left: 542px; top: 369px;"><svg style="position:absolute;left:0px;top:0px" width="20" height="20" pointer-events="all" position="absolute" version="1.1"
      xmlns="http://www.w3.org/1999/xhtml"><circle cx="10" cy="10" r="10" version="1.1"
      xmlns="http://www.w3.org/1999/xhtml" fill="#666" stroke="none" style=""></circle></svg></div></div></div></body></html>
 ]]>
    </visualization>
  </metadata>
</job>