<?xml version="1.0" encoding="UTF-8" standalone="no"?>
<job xmlns="urn:proactive:jobdescriptor:3.12" xmlns:xsi="http://www.w3.org/2001/XMLSchema-instance" maxNumberOfExecution="2" name="Model_Explainability" onTaskError="continueJobExecution" priority="normal" projectName="6. DL Explainability" xsi:schemaLocation="urn:proactive:jobdescriptor:3.12 http://www.activeeon.com/public_content/schemas/proactive/jobdescriptor/3.12/schedulerjob.xsd">
  <variables>
    <variable name="NATIVE_SCHEDULER" value=""/>
    <variable name="NATIVE_SCHEDULER_PARAMS" value=""/>
    <variable name="NODE_SOURCE_NAME" value=""/>
    <variable name="NODE_ACCESS_TOKEN" value=""/>
    <variable model="PA:LIST(no-container,docker,podman,singularity)" name="CONTAINER_PLATFORM" value="docker"/>
    <variable model="PA:Boolean" name="CONTAINER_GPU_ENABLED" value="True"/>
    <variable model="PA:LIST(,docker://activeeon/dlm3,docker://activeeon/cuda,docker://activeeon/cuda2,docker://activeeon/rapidsai,docker://activeeon/tensorflow:latest,docker://activeeon/tensorflow:latest-gpu)" name="CONTAINER_IMAGE" value=""/>
  </variables>
  <description>
    <![CDATA[ Explain a Deep learning Model using GradientExplainer. ]]>
  </description>
  <genericInformation>
<info name="bucketName" value="deep-learning"/>
<info name="workflow.icon" value="/automation-dashboard/styles/patterns/img/wf-icons/deep_model-explainability.png"/>
<info name="Documentation" value="MLOS/MLOSUserGuide.html#_model_explainability_2"/>
<info name="NS" value="$NATIVE_SCHEDULER"/>
<info name="NS_BATCH" value="$NATIVE_SCHEDULER_PARAMS"/>
<info name="NODE_ACCESS_TOKEN" value="$NODE_ACCESS_TOKEN"/>
<info name="group" value="public-objects"/>
</genericInformation>
  <taskFlow>
    <task fork="true" name="Model_Explainability" preciousResult="true">
      <description>
        <![CDATA[ Explain a Deep learning Model using GradientExplainer. ]]>
      </description>
      <variables>
        <variable inherited="false" name="IMG_SAMPLES" value="2"/>
        <variable inherited="false" name="IMG_LIST" value="1, 4, 6, 12"/>
        <variable inherited="false" name="FEATURE_LAYER" value="features[7]"/>
        <variable inherited="false" name="RANKED_OUTPUTS" value="4"/>
      </variables>
      <genericInformation>
        <info name="task.icon" value="/automation-dashboard/styles/patterns/img/wf-icons/deep_model-explainability.png"/>
        <info name="task.documentation" value="MLOS/MLOSUserGuide.html#_predict_image_classification_model"/>
      </genericInformation>
      <inputFiles>
        <files accessMode="transferFromGlobalSpace" includes="$DATASET_PATH/**"/>
        <files accessMode="transferFromGlobalSpace" includes="$MODEL_FOLDER/**"/>
      </inputFiles>
      <selection>
        <script type="static">
          <file language="groovy" url="${PA_CATALOG_REST_URL}/buckets/scripts/resources/check_node_source_name/raw"/>
        </script>
      </selection>
      <forkEnvironment javaHome="/usr">
        <envScript>
          <script>
            <file language="groovy" url="${PA_CATALOG_REST_URL}/buckets/scripts/resources/fork_env_cuda_universal/raw"/>
          </script>
        </envScript>
      </forkEnvironment>
      <scriptExecutable>
        <script>
          <file language="cpython" url="${PA_CATALOG_REST_URL}/buckets/deep-learning-scripts/resources/Model_Explainability/raw"/>
        </script>
      </scriptExecutable>
      <controlFlow block="none"/>
      <metadata>
        <positionTop>
            291.984375
        </positionTop>
        <positionLeft>
            449.25
        </positionLeft>
      </metadata>
    </task>
  </taskFlow>
  <metadata>
    <visualization>
      <![CDATA[ <html>
    <head>
    <link rel="stylesheet" href="/studio/styles/studio-standalone.css">
        <style>
        #workflow-designer {
            left:0 !important;
            top:0 !important;
            width:2864px;
            height:3500px;
            }
        </style>
    </head>
    <body>
    <div id="workflow-visualization-view"><div id="workflow-visualization" style="position:relative;top:-286.984375px;left:-444.25px"><div class="task _jsPlumb_endpoint_anchor_ ui-draggable active-task" id="jsPlumb_1_97" style="top: 291.984px; left: 449.25px;"><a class="task-name" data-toggle="tooltip" data-placement="right" title="Explain a Deep learning Model using GradientExplainer."><img src="/automation-dashboard/styles/patterns/img/wf-icons/deep_model-explainability.png" width="20px">&nbsp;<span class="name">Model_Explainability</span></a></div><div class="_jsPlumb_endpoint source-endpoint dependency-source-endpoint connected _jsPlumb_endpoint_anchor_ ui-draggable ui-droppable" style="position: absolute; height: 20px; width: 20px; left: 502px; top: 322px;"><svg style="position:absolute;left:0px;top:0px" width="20" height="20" pointer-events="all" position="absolute" version="1.1" xmlns="http://www.w3.org/1999/xhtml"><circle cx="10" cy="10" r="10" version="1.1" xmlns="http://www.w3.org/1999/xhtml" fill="#666" stroke="none" style=""></circle></svg></div></div></div>
    </body>
</html>
 ]]>
    </visualization>
  </metadata>
</job>
