<?xml version="1.0" encoding="UTF-8"?>
<job
  xmlns:xsi="http://www.w3.org/2001/XMLSchema-instance"
  xmlns="urn:proactive:jobdescriptor:3.11" xsi:schemaLocation="urn:proactive:jobdescriptor:3.11 http://www.activeeon.com/public_content/schemas/proactive/jobdescriptor/3.11/schedulerjob.xsd"  name="SegNet" projectName="2.2 Image Segmentation" priority="normal" onTaskError="continueJobExecution"  maxNumberOfExecution="2" >
  <variables>
    <variable name="DOCKER_ENABLED" value="True" model="PA:Boolean"/>
    <variable name="GPU_NODES_ONLY" value="False" model="PA:Boolean"/>
  </variables>
  <description>
    <![CDATA[ SegNet is a deep convolutional encoder-decoder architecture for robust semantic pixel-wise labelling.
You can see more details in: http://mi.eng.cam.ac.uk/projects/segnet/ ]]>
  </description>
  <genericInformation>
    <info name="bucketName" value="deep-learning-dev"/>
    <info name="workflow.icon" value="/automation-dashboard/styles/patterns/img/wf-icons/deep_segmentation.png"/>
    <info name="Documentation" value="htt https://doc.activeeon.com/latest/MLOS/MLOSUserGuide.html#_segnet"/>
    <info name="group" value="public-objects"/>
  </genericInformation>
  <taskFlow>
    <task name="SegNet" >
      <description>
        <![CDATA[ SegNet is a deep convolutional encoder-decoder architecture for robust semantic pixel-wise labelling.
You can see more details in: http://mi.eng.cam.ac.uk/projects/segnet/ ]]>
      </description>
      <variables>
        <variable name="GPU_NODES_ONLY" value="False" inherited="true" model="PA:Boolean"/>
        <variable name="DOCKER_ENABLED" value="True" inherited="true" model="PA:Boolean"/>
        <variable name="IMG_SIZE" value="(64, 64)" inherited="true" />
        <variable name="NUM_CLASSES" value="3" inherited="true" />
      </variables>
      <genericInformation>
        <info name="task.icon" value="/automation-dashboard/styles/patterns/img/wf-icons/deep_segmentation.png"/>
        <info name="task.documentation" value="https://doc.activeeon.com/latest/MLOS/MLOSUserGuide.html#_segnet"/>
      </genericInformation>
      <selection>
        <script type="static">
          <code language="python">
            <![CDATA[
import os

GPU_NODES_ONLY = False
if variables.get("GPU_NODES_ONLY") is not None:
  if str(variables.get("GPU_NODES_ONLY")).lower() == 'true':
    GPU_NODES_ONLY = True

CUDA_ENABLED = False
CUDA_HOME = os.getenv('CUDA_HOME', None)
CUDA_HOME_DEFAULT = '/usr/local/cuda'
if CUDA_HOME is not None:
  if os.path.isdir(CUDA_HOME) == True:
    CUDA_ENABLED = True
else:
  if os.path.isdir(CUDA_HOME_DEFAULT) == True:
    CUDA_ENABLED = True

selected = ((GPU_NODES_ONLY == False) or (GPU_NODES_ONLY == True and CUDA_ENABLED == True))
]]>
          </code>
        </script>
      </selection>
      <forkEnvironment javaHome="/usr" >
        <envScript>
          <script>
            <code language="python">
              <![CDATA[
if str(variables.get("DOCKER_ENABLED")).lower() == 'true':
  #Be aware, that the prefix command is internally split by spaces. So paths with spaces won't work.
  # Prepare Docker parameters 
  containerName = 'activeeon/dlm3' 
  dockerRunCommand =  'docker run ' 
  dockerParameters = '--rm ' 
  # Prepare ProActive home volume 
  paHomeHost = variables.get("PA_SCHEDULER_HOME") 
  paHomeContainer = variables.get("PA_SCHEDULER_HOME") 
  proActiveHomeVolume = '-v '+paHomeHost +':'+paHomeContainer+' ' 
  # Prepare working directory (For Dataspaces and serialized task file) 
  workspaceHost = localspace 
  workspaceContainer = localspace 
  workspaceVolume = '-v '+localspace +':'+localspace+' ' 
  # Prepare container working directory 
  containerWorkingDirectory = '-w '+workspaceContainer+' ' 
  # Save pre execution command into magic variable 'preJavaHomeCmd', which is picked up by the node 
  preJavaHomeCmd = dockerRunCommand + dockerParameters + proActiveHomeVolume + workspaceVolume + containerWorkingDirectory + containerName
else:
  print("Fork environment disabled")
]]>
            </code>
          </script>
        </envScript>
      </forkEnvironment>
      <scriptExecutable>
        <script>
          <code language="cpython">
            <![CDATA[
print("BEGIN SegNet")

import json
from ast import literal_eval as make_tuple

IMG_SIZE = variables.get("IMG_SIZE")
NUM_CLASSES = int(str(variables.get("NUM_CLASSES")))
 
IMG_SIZE = make_tuple(IMG_SIZE)

if NUM_CLASSES == 2:
    NUM_CLASSES = NUM_CLASSES - 1       
else:
    NUM_CLASSES = NUM_CLASSES + 2   

# Define the NET model
NET_MODEL = """

class SegNetEnc(nn.Module):

    def __init__(self, in_channels, out_channels, num_layers):
        super().__init__()

        layers = [
            nn.UpsamplingBilinear2d(scale_factor=2),
            nn.Conv2d(in_channels, in_channels // 2, 3, padding=1),
            nn.BatchNorm2d(in_channels // 2),
            nn.ReLU(inplace=True),
        ]
        layers += [
            nn.Conv2d(in_channels // 2, in_channels // 2, 3, padding=1),
            nn.BatchNorm2d(in_channels // 2),
            nn.ReLU(inplace=True),
        ] * num_layers
        layers += [
            nn.Conv2d(in_channels // 2, out_channels, 3, padding=1),
            nn.BatchNorm2d(out_channels),
            nn.ReLU(inplace=True),
        ]
        self.encode = nn.Sequential(*layers)

    def forward(self, x):
        return self.encode(x)


class SegNet(nn.Module):

    def __init__(self, num_classes):
        super().__init__()

        # should be vgg16bn but at the moment we have no pretrained bn models
        decoders = list(models.vgg16(pretrained=True).features.children())

        self.dec1 = nn.Sequential(*decoders[:5])
        self.dec2 = nn.Sequential(*decoders[5:10])
        self.dec3 = nn.Sequential(*decoders[10:17])
        self.dec4 = nn.Sequential(*decoders[17:24])
        self.dec5 = nn.Sequential(*decoders[24:])

        # gives better results
        for m in self.modules():
            if isinstance(m, nn.Conv2d):
                m.requires_grad = False

        self.enc5 = SegNetEnc(512, 512, 1)
        self.enc4 = SegNetEnc(1024, 256, 1)
        self.enc3 = SegNetEnc(512, 128, 1)
        self.enc2 = SegNetEnc(256, 64, 0)
        self.enc1 = nn.Sequential(
            nn.UpsamplingBilinear2d(scale_factor=2),
            nn.Conv2d(128, 64, 3, padding=1),
            nn.BatchNorm2d(64),
            nn.ReLU(inplace=True),
        )
        self.final = nn.Conv2d(64, num_classes, 3, padding=1)

    def forward(self, x):
        dec1 = self.dec1(x)
        dec2 = self.dec2(dec1)
        dec3 = self.dec3(dec2)
        dec4 = self.dec4(dec3)
        dec5 = self.dec5(dec4)
        enc5 = self.enc5(dec5)
        enc4 = self.enc4(torch.cat([dec4, enc5], 1))
        enc3 = self.enc3(torch.cat([dec3, enc4], 1))
        enc2 = self.enc2(torch.cat([dec2, enc3], 1))
        enc1 = self.enc1(torch.cat([dec1, enc2], 1))

        return F.upsample_bilinear(self.final(enc1), x.size()[2:])
        
        
METHOD_NAME = 'SegNet'        
Net = SegNet    
assert Net is not None, f'model {MODEL_NAME} not available'
model = Net(NUM_CLASSES)
        
"""
print(NET_MODEL)

# Data augmentation and normalization for training
# Just normalization for validation and test
NET_TRANSFORM = """
import numpy as np

def colormap(n):
    cmap=np.zeros([n, 3]).astype(np.uint8)

    for i in np.arange(n):
        r, g, b = np.zeros(3)

        for j in np.arange(8):
            r = r + (1<<(7-j))*((i&(1<<(3*j))) >> (3*j))
            g = g + (1<<(7-j))*((i&(1<<(3*j+1))) >> (3*j+1))
            b = b + (1<<(7-j))*((i&(1<<(3*j+2))) >> (3*j+2))

        cmap[i,:] = np.array([r, g, b])

    return cmap

class Relabel:

    def __init__(self, olabel, nlabel):
        self.olabel = olabel
        self.nlabel = nlabel

    def __call__(self, tensor):
        assert isinstance(tensor, torch.LongTensor), 'tensor needs to be LongTensor'
        tensor[tensor == self.olabel] = self.nlabel
        return tensor


class ToLabel:

    def __call__(self, image):
        return torch.from_numpy(np.array(image)).long().unsqueeze(0)


class Colorize:

    def __init__(self, n=22):
        self.cmap = colormap(256)
        self.cmap[n] = self.cmap[-1]
        self.cmap = torch.from_numpy(self.cmap[:n])

    def __call__(self, gray_image):
        size = gray_image.size()
        color_image = torch.ByteTensor(3, size[1], size[2]).fill_(0)

        for label in range(1, len(self.cmap)):
            mask = gray_image[0] == label

            color_image[0][mask] = self.cmap[label][0]
            color_image[1][mask] = self.cmap[label][1]
            color_image[2][mask] = self.cmap[label][2]

        return color_image
       
if NUM_CLASSES == 1:
    input_transform = Compose([Resize(IMG_SIZE),ToTensor()])
    target_transform = Compose([Resize(IMG_SIZE),ToTensor()])
else:
    color_transform = Colorize()
    image_transform = ToPILImage()
    input_transform = Compose([
            Resize(IMG_SIZE),   
            ToTensor(),
            Normalize([.485, .456, .406], [.229, .224, .225]),
    ])
    target_transform = Compose([
            Resize(IMG_SIZE),     
            ToLabel(),
            Relabel(255, 21),
    ])
    
"""
print(NET_TRANSFORM)

#CRITERION FUNCTION
NET_CRITERION = """
class CrossEntropyLoss2d(nn.Module):

    def __init__(self, weight=None):
        super().__init__()

        self.loss = nn.NLLLoss(weight)
        
    def forward(self, outputs, targets):
        return self.loss(F.log_softmax(outputs), targets)

class BinaryCrossEntropyLoss2d(nn.Module):

    def __init__(self, weight=None):
        super().__init__()
        
        #self.loss = nn.BCELoss(weight)
        self.loss = nn.BCEWithLogitsLoss(weight)

    def forward(self, outputs, targets):
        #return self.loss(nn.Sigmoid(outputs), targets)
        return self.loss(outputs, targets)
        
"""
print(NET_CRITERION)


if 'variables' in locals():
  variables.put("NET_MODEL", NET_MODEL)
  variables.put("NET_TRANSFORM", NET_TRANSFORM)
  variables.put("NET_CRITERION", NET_CRITERION)
  variables.put("IMG_SIZE", IMG_SIZE)
  variables.put("NUM_CLASSES", NUM_CLASSES)

print("END SegNet")
]]>
          </code>
        </script>
      </scriptExecutable>
      <controlFlow block="none"></controlFlow>
    </task>
  </taskFlow>
  <metadata>
    <visualization>
      <![CDATA[ <html><head><link rel="stylesheet" href="/studio/styles/studio-standalone.css"><style>
        #workflow-designer {
            left:0 !important;
            top:0 !important;
            width:1139px;
            height:566px;
            }
        </style></head><body><div id="workflow-visualization-view"><div id="workflow-visualization" style="position:relative;top:-333.9875030517578px;left:-497.5px"><div class="task _jsPlumb_endpoint_anchor_ ui-draggable" id="jsPlumb_1_1905" style="top: 339px; left: 502.5px;"><a class="task-name"><img src="/automation-dashboard/styles/patterns/img/wf-icons/deep_segmentation.png" width="20px">&nbsp;<span class="name">SegNet</span></a></div><div class="_jsPlumb_endpoint source-endpoint dependency-source-endpoint connected _jsPlumb_endpoint_anchor_ ui-draggable ui-droppable" style="position: absolute; height: 20px; width: 20px; left: 542px; top: 369px;"><svg style="position:absolute;left:0px;top:0px" width="20" height="20" pointer-events="all" position="absolute" version="1.1"
      xmlns="http://www.w3.org/1999/xhtml"><circle cx="10" cy="10" r="10" version="1.1"
      xmlns="http://www.w3.org/1999/xhtml" fill="#666" stroke="none" style=""></circle></svg></div></div></div></body></html>
 ]]>
    </visualization>
  </metadata>
</job>