<?xml version="1.0" encoding="UTF-8" standalone="no"?>
<job xmlns="urn:proactive:jobdescriptor:3.11" xmlns:xsi="http://www.w3.org/2001/XMLSchema-instance" maxNumberOfExecution="2" name="YOLO" onTaskError="continueJobExecution" priority="normal" projectName="2.3. Image Object Detection" xsi:schemaLocation="urn:proactive:jobdescriptor:3.11 http://www.activeeon.com/public_content/schemas/proactive/jobdescriptor/3.11/schedulerjob.xsd">
  <variables>
    <variable name="NATIVE_SCHEDULER" value=""/>
    <variable name="NATIVE_SCHEDULER_PARAMS" value=""/>
    <variable name="NODE_SOURCE_NAME" value=""/>
    <variable name="NODE_ACCESS_TOKEN" value=""/>
    <variable model="PA:LIST(no-container,docker,podman,singularity)" name="CONTAINER_PLATFORM" value="docker"/>
    <variable model="PA:Boolean" name="CONTAINER_GPU_ENABLED" value="True"/>
    <variable model="PA:LIST(,docker://activeeon/dlm3,docker://activeeon/cuda,docker://activeeon/cuda2,docker://activeeon/rapidsai,docker://activeeon/tensorflow:latest,docker://activeeon/tensorflow:latest-gpu)" name="CONTAINER_IMAGE" value=""/>
  </variables>
  <description>
    <![CDATA[ You Only Look Once (YOLO) is a  single neural network to predict bounding boxes and class probabilities.
You can see more details in: https://pjreddie.com/media/files/papers/YOLOv3.pdf
https://github.com/eriklindernoren/PyTorch-YOLOv3 ]]>
  </description>
  <genericInformation>
<info name="bucketName" value="deep-learning"/>
<info name="workflow.icon" value="/automation-dashboard/styles/patterns/img/wf-icons/deep_detection.png"/>
<info name="Documentation" value="MLOS/MLOSUserGuide.html#_yolo"/>
<info name="NS" value="$NATIVE_SCHEDULER"/>
<info name="NS_BATCH" value="$NATIVE_SCHEDULER_PARAMS"/>
<info name="NODE_ACCESS_TOKEN" value="$NODE_ACCESS_TOKEN"/>
<info name="group" value="public-objects"/>
</genericInformation>
  <taskFlow>
    <task name="YOLO">
      <description>
        <![CDATA[ You Only Look Once (YOLO) is a  single neural network to predict bounding boxes and class probabilities.
You can see more details in: https://pjreddie.com/media/files/papers/YOLOv3.pdf
https://github.com/eriklindernoren/PyTorch-YOLOv3 ]]>
      </description>
      <variables>
        <variable inherited="false" name="LEARNING_RATE" value="0.001"/>
        <variable inherited="false" name="MOMENTUM" value="0.9"/>
        <variable inherited="false" name="WEIGHT_DECAY" value="0.0005"/>
        <variable inherited="false" name="IMG_SIZE" value="(416, 416)"/>
        <variable inherited="false" name="NUM_CLASSES" value="81"/>
        <variable inherited="false" name="CONF_THRESHOLD" value="0.5"/>
        <variable inherited="false" name="NMS_THRESHOLD" value="0.45"/>
        <variable inherited="false" name="LABEL_PATH" value="https://s3.eu-west-2.amazonaws.com/activeeon-public/datasets/coco.names"/>
        <variable inherited="false" name="USE_PRETRAINED_MODEL" value="True"/>
      </variables>
      <genericInformation>
        <info name="task.icon" value="/automation-dashboard/styles/patterns/img/wf-icons/deep_detection.png"/>
        <info name="task.documentation" value="MLOS/MLOSUserGuide.html#_yolo"/>
      </genericInformation>
      <selection>
        <script type="static">
          <file language="groovy" url="${PA_CATALOG_REST_URL}/buckets/scripts/resources/check_node_source_name/raw"/>
        </script>
      </selection>
      <forkEnvironment javaHome="/usr">
        <envScript>
          <script>
            <file language="groovy" url="${PA_CATALOG_REST_URL}/buckets/scripts/resources/fork_env_cuda_universal/raw"/>
          </script>
        </envScript>
      </forkEnvironment>
      <scriptExecutable>
        <script>
          <file language="cpython" url="${PA_CATALOG_REST_URL}/buckets/deep-learning-scripts/resources/YOLO/raw"/>
        </script>
      </scriptExecutable>
      <controlFlow block="none"/>
      <metadata>
        <positionTop>
            402.98828125
        </positionTop>
        <positionLeft>
            648.984375
        </positionLeft>
      </metadata>
    </task>
  </taskFlow>
  <metadata>
    <visualization>
      <![CDATA[ <html><head><link rel="stylesheet" href="/studio/styles/studio-standalone.css"><style>
        #workflow-designer {
            left:0 !important;
            top:0 !important;
            width:2646px;
            height:3493px;
            }
        </style></head><body><div id="workflow-visualization-view"><div id="workflow-visualization" style="position:relative;top:-397.98828125px;left:-643.984375px"><div class="task _jsPlumb_endpoint_anchor_ ui-draggable" id="jsPlumb_1_295" style="top: 402.988px; left: 648.985px;"><a class="task-name"><img src="/automation-dashboard/styles/patterns/img/wf-icons/deep_detection.png" width="20px">&nbsp;<span class="name">YOLO</span></a></div><div class="_jsPlumb_endpoint source-endpoint dependency-source-endpoint connected _jsPlumb_endpoint_anchor_ ui-draggable ui-droppable" style="position: absolute; height: 20px; width: 20px; left: 689px; top: 433px;"><svg style="position:absolute;left:0px;top:0px" width="20" height="20" pointer-events="all" position="absolute" version="1.1"
      xmlns="http://www.w3.org/1999/xhtml"><circle cx="10" cy="10" r="10" version="1.1"
      xmlns="http://www.w3.org/1999/xhtml" fill="#666" stroke="none" style=""></circle></svg></div></div></div></body></html>
 ]]>
    </visualization>
  </metadata>
</job>
