{
	"metadata": {
		"slug": "sparkorchestration",
		"name": "Spark Orchestration",
		"short_description": "Orchestrate Spark jobs from ProActive",
		"author": "ActiveEon's Team",
		"tags": ["Building blocks", "Spark", "Orchestration", "Big Data", "Analytics"],
		"version": "1.0"
	},
	"catalog" : {
		"bucket" : "big-data",
		"objects" : [
			{
				"name" : "Spark_Pi",
				"metadata" : {
					"kind": "Workflow/standard",
					"commitMessage": "First commit",
					"contentType": "application/xml"
				},
				"file" : "resources/catalog/spark_pi.xml",
				"studio_template" : {
					"name" : "Spark_Pi",
					"offsets_json_string": "{\"offsets\":{\"Submit_Spark_Pi\":{\"top\":620.5,\"left\":986}},\"project\":\"Basic Big Data\",\"detailedView\":true}"
				}
			}
		]
	}
}
