<?xml version="1.0" encoding="UTF-8"?>
<job
  xmlns:xsi="http://www.w3.org/2001/XMLSchema-instance"
  xmlns="urn:proactive:jobdescriptor:3.11" xsi:schemaLocation="urn:proactive:jobdescriptor:3.11 http://www.activeeon.com/public_content/schemas/proactive/jobdescriptor/3.11/schedulerjob.xsd"  name="Incremental_Monte_Carlo_VaR_Each_Portfolio_Asset" projectName="Risk Valuation Workflows" priority="normal" onTaskError="continueJobExecution"  maxNumberOfExecution="2" >
  <variables>
    <variable name="nbMC" value="10000" />
    <variable name="nbTimeSteps" value="255" />
    <variable name="horizon" value="1" />
    <variable name="confidenceRate" value="0.99" />
    <variable name="nbBins" value="50" />
    <variable name="assets_params_file_path_from_dataspace" value="assets.txt" />
    <variable name="assets_correlations_file_path_from_dataspace" value="assets_correlations.txt" />
    <variable name="nbTasksPerVaR" value="4" />
    <variable name="width_chart" value="1000" />
    <variable name="height_chart" value="500" />
  </variables>
  <description>
    <![CDATA[ Estimates the incremental VaR (iVaR) for each asset of the portfolio. iVaR quantifies the risk a position (or sub-portfolio) is adding to a portfolio. For instance, the iVaR related to an asset Y, is the difference between the portfolio VaR with and without Y. ]]>
  </description>
  <genericInformation>
    <info name="bucketName" value="finance"/>
    <info name="workflow.icon" value="/automation-dashboard/styles/patterns/img/wf-icons/quantlib.png"/>
    <info name="Documentation" value="https://ow2-proactive.github.io/proactive-examples/Finance/resources/doc/V1/risk-valuation-proactive.pdf"/>
    <info name="group" value="public-objects"/>
  </genericInformation>
  <taskFlow>
    <task name="start_VaR" >
      <depends>
        <task ref="split_MC_simulations"/>
      </depends>
      <scriptExecutable>
        <script>
          <code language="groovy">
            <![CDATA[
println "Start_VaR ..."
println "... Start_VaR"
]]>
          </code>
        </script>
      </scriptExecutable>
      <controlFlow >
        <replicate>
          <script>
            <code language="groovy">
              <![CDATA[
runs=variables.get("nbAssets")
]]>
            </code>
          </script>
        </replicate>
      </controlFlow>
      <metadata>
        <positionTop>
            409
        </positionTop>
        <positionLeft>
            913.5
        </positionLeft>
      </metadata>
    </task>
    <task name="init_VaR" >
      <depends>
        <task ref="start_VaR"/>
      </depends>
      <inputFiles>
        <files  includes="$assets_params_file_path_from_dataspace" accessMode="transferFromGlobalSpace"/>
      </inputFiles>
      <scriptExecutable>
        <script>
          <code language="groovy">
            <![CDATA[
println "Init_VaR ..."

// Remove an asset from the porfolio to estimate the current VaR
def VaR_id = variables.get("PA_TASK_REPLICATION")
def nbAssets = variables.get("nbAssets").toInteger()

// Retrieve assets_params__file content
def assets_params_file_path_from_dataspace = variables.get("assets_params_file_path_from_dataspace")
def assets_params_file_content = new File(assets_params_file_path_from_dataspace).text

def lines_array = assets_params_file_content.split("\n")
def updated_assets_params_file_content = ""
String currentLine = ""

(0..nbAssets-1).each {
      currentLine =  lines_array[it]

     // Do not consider this asset, so set its weight to 0
     if (it == VaR_id)
     {
		def params_array = currentLine.split(",")
        params_array[params_array.length-1] = "0"
        currentLine = Arrays.asList(params_array) + ""
        currentLine = currentLine.replaceAll("\\s+","")
        currentLine = currentLine.substring(1, currentLine.length()-2)
     }
     updated_assets_params_file_content += currentLine + "\n"
}

// Write the updated file
def updated_assets_params_file_name = VaR_id + "_" + assets_params_file_path_from_dataspace
variables["updated_assets_params_file_name"] = updated_assets_params_file_name
new File(updated_assets_params_file_name).text = updated_assets_params_file_content

// Write the VaR_id for the prng seed
variables["VaR_id"] = VaR_id

println "... Init_VaR"
]]>
          </code>
        </script>
      </scriptExecutable>
      <controlFlow  block="start">
        <replicate>
          <script>
            <code language="groovy">
              <![CDATA[
runs=variables.get("nbTasksPerVaR")
]]>
            </code>
          </script>
        </replicate>
      </controlFlow>
      <outputFiles>
        <files  includes="$updated_assets_params_file_name" accessMode="transferToGlobalSpace"/>
      </outputFiles>
      <metadata>
        <positionTop>
            537
        </positionTop>
        <positionLeft>
            913.5
        </positionLeft>
      </metadata>
    </task>
    <task name="simulate_ptf_PnLs" >
      <genericInformation>
        <info name="task.icon" value="/automation-dashboard/styles/patterns/img/wf-icons/quantlib.png"/>
      </genericInformation>
      <depends>
        <task ref="init_VaR"/>
      </depends>
      <inputFiles>
        <files  includes="ptfPnLSimulations" accessMode="transferFromGlobalSpace"/>
        <files  includes="$updated_assets_params_file_name" accessMode="transferFromGlobalSpace"/>
        <files  includes="$assets_correlations_file_path_from_dataspace" accessMode="transferFromGlobalSpace"/>
      </inputFiles>
      <scriptExecutable>
        <script>
          <code language="groovy">
            <![CDATA[
println "simulate_ptf_PnLs ..."

// Retrieve variables
def VaR_id = variables.get("VaR_id").toInteger()
def task_id = variables.get("PA_TASK_REPLICATION")
def nbMC_per_task = variables.get("nbMC_per_task")
def nbTimeSteps = variables.get("nbTimeSteps")
def horizon = variables.get("horizon")
def nbAssets = variables.get("nbAssets")
def updated_assets_params_file_name = variables.get("updated_assets_params_file_name")
def assets_correlations_file_path_from_dataspace = variables.get("assets_correlations_file_path_from_dataspace")

// Set executable permission
def executable_file_path = new File(localspace, "ptfPnLSimulations").absolutePath
["chmod","+x", executable_file_path].execute().waitForProcessOutput(System.out, System.err)

// Build the command and specify the VaR_id to generate different seeds for each VaR
def cmd = ['/bin/sh', '-c', "docker run --rm -v " + new File('.').absolutePath + ":/defaultglobal activeeon/quantlib:1.19 /bin/bash -c 'cd defaultglobal; ./ptfPnLSimulations " + nbMC_per_task + " " + nbTimeSteps + " " + horizon + " " + nbAssets + " " + updated_assets_params_file_name + " " +  assets_correlations_file_path_from_dataspace + " " + VaR_id + "'"]
println cmd

// Execute the command
def sout = new StringBuilder()
cmd.execute().waitForProcessOutput(sout, System.err)

// Store ptf PnLs at horizon
def file_name = "outputs_" + VaR_id + "_" + task_id + ".txt"
new File(localspace, file_name).text = sout
result = file_name

println "... simulate_ptf_PnLs"
]]>
          </code>
        </script>
      </scriptExecutable>
      <outputFiles>
        <files  includes="outputs_${VaR_id}_${PA_TASK_REPLICATION}.txt" accessMode="transferToGlobalSpace"/>
      </outputFiles>
      <metadata>
        <positionTop>
            665
        </positionTop>
        <positionLeft>
            913.5
        </positionLeft>
      </metadata>
    </task>
    <task name="process_VaR" >
      <depends>
        <task ref="simulate_ptf_PnLs"/>
      </depends>
      <inputFiles>
        <files  includes="DualAxisChart.jar" accessMode="transferFromGlobalSpace"/>
        <files  includes="jcommon-1.0.6.jar" accessMode="transferFromGlobalSpace"/>
        <files  includes="jfreechart-1.0.2.jar" accessMode="transferFromGlobalSpace"/>
        <files  includes="outputs_${VaR_id}_*.txt" accessMode="transferFromGlobalSpace"/>
      </inputFiles>
      <forkEnvironment >
        <additionalClasspath>
          <pathElement path="DualAxisChart.jar"/>
          <pathElement path="jcommon-1.0.6.jar"/>
          <pathElement path="jfreechart-1.0.2.jar"/>
        </additionalClasspath>
      </forkEnvironment>
      <scriptExecutable>
        <script>
          <code language="groovy">
            <![CDATA[
import DualAxisChart;

println "process_VaR ..."

// Retrieve variables
def VaR_id = variables.get("VaR_id")
def nbMC = variables.get("nbMC").toInteger()
def horizon = variables.get("horizon").toInteger()
def confidenceRate = variables.get("confidenceRate").toDouble()
def nbBins = variables.get("nbBins").toInteger()
def width_chart = variables.get("width_chart").toInteger()
def height_chart = variables.get("height_chart").toInteger()

// Estimate the varIndex
def VaRIndex = (int)((1 - confidenceRate) * nbMC);

// Retrieve ptf PnLs at horizon from all tasks
def ptfHorizonPnLs = new double[nbMC]
def MCid = 0

results.each { result ->
	println "For VaR_id: " + VaR_id + " " + result.value()
	new File(result.value()).text.split(" ").each{ ptfHorizonPnL ->
		ptfHorizonPnLs[MCid] = (double) ptfHorizonPnL.toDouble()
		MCid++;
	}
}
println "nb MC simus retrived from tasks: " + MCid

// Compute VaR
Arrays.sort(ptfHorizonPnLs)
def VaR = ptfHorizonPnLs[VaRIndex]

def resultStr = "portfolio VaR (without asset" + VaR_id + ") " + confidenceRate*100 + "% at horizon " + horizon + " = " + VaR
println resultStr
def chart_file_name = "VaR_" + VaR_id + ".png"
DualAxisChart.writeChart(resultStr, ptfHorizonPnLs, nbBins, VaR, chart_file_name, width_chart, height_chart)

// Store the VaR
variables["VaR_" + VaR_id] = VaR

println "... process_VaR"
]]>
          </code>
        </script>
      </scriptExecutable>
      <controlFlow block="end"></controlFlow>
      <outputFiles>
        <files  includes="VaR_${VaR_id}.png" accessMode="transferToGlobalSpace"/>
      </outputFiles>
      <metadata>
        <positionTop>
            793
        </positionTop>
        <positionLeft>
            913.5
        </positionLeft>
      </metadata>
    </task>
    <task name="process_iVaRs" 
    
    
    preciousResult="true" >
      <depends>
        <task ref="process_VaR"/>
        <task ref="process_VaR2"/>
      </depends>
      <inputFiles>
        <files  includes="VaR*.png" accessMode="transferFromGlobalSpace"/>
      </inputFiles>
      <scriptExecutable>
        <script>
          <code language="groovy">
            <![CDATA[
println "process_iVaRs ..."

import javax.imageio.ImageIO;
import java.awt.image.BufferedImage;

// https://link.springer.com/chapter/10.1007%2F978-3-0348-8291-0_34
// IVaR = VaR (with the asset Y) - VaR (without the asset Y)
println "IVaR_assetY = VaR (with the assetY) - VaR (without the assetY)"

// Retrieve variables
def nbAssets = variables.get("nbAssets").toInteger()
def VaR = variables.get("VaR").toDouble()
def width_chart = variables.get("width_chart").toInteger()
def height_chart = variables.get("height_chart").toInteger()

// Compute iVaRs and build the global png file
def charts_file_name = "VaRs.png"
def bufferedImage = new BufferedImage( width_chart * (nbAssets + 1), height_chart, BufferedImage.TYPE_INT_RGB);
def graphics = bufferedImage.getGraphics()
def x = 0, y = 0

// Read the chart file
def bi = ImageIO.read(new File("VaR.png"));

// Add it to the graphics
graphics.drawImage(bi, x, y, null);

(0..nbAssets-1).each { assetId ->

  // Estimate the iVaR
  def VaR_without_asset = variables.get("VaR_" + assetId).toDouble()
  def iVaR = VaR - VaR_without_asset
  println "iVaR_asset" +  assetId + " = " + iVaR

  // Retrieve the chart file names
  def chart_file_name = "VaR_" + assetId + ".png"
  println chart_file_name + " exists? " + new File(chart_file_name).exists()

  // Read the chart file
  bi = ImageIO.read(new File(chart_file_name));

  // Add it to the graphics
  x += width_chart;
  graphics.drawImage(bi, x, y, null);
}
ImageIO.write(bufferedImage, "png", new File(charts_file_name));

// Expose the resulting chart image
def charts_file = new File(charts_file_name)
result = charts_file.getBytes()
resultMetadata.put("file.name", charts_file_name)
resultMetadata.put("content.type", "image/png")

println "... process_iVaRs"
]]>
          </code>
        </script>
      </scriptExecutable>
      <metadata>
        <positionTop>
            921
        </positionTop>
        <positionLeft>
            977.5
        </positionLeft>
      </metadata>
    </task>
    <task name="start_MC_VaR" >
      <depends>
        <task ref="split_MC_simulations"/>
      </depends>
      <scriptExecutable>
        <script>
          <code language="groovy">
            <![CDATA[
println "Start_MC_VaR ..."
println "... Start_MC_VaR"
]]>
          </code>
        </script>
      </scriptExecutable>
      <controlFlow >
        <replicate>
          <script>
            <code language="groovy">
              <![CDATA[
runs=variables.get("nbTasksPerVaR")
]]>
            </code>
          </script>
        </replicate>
      </controlFlow>
      <metadata>
        <positionTop>
            409
        </positionTop>
        <positionLeft>
            1041.5
        </positionLeft>
      </metadata>
    </task>
    <task name="simulate_ptf_PnLs2" >
      <genericInformation>
        <info name="task.icon" value="/automation-dashboard/styles/patterns/img/wf-icons/quantlib.png"/>
      </genericInformation>
      <depends>
        <task ref="start_MC_VaR"/>
      </depends>
      <inputFiles>
        <files  includes="ptfPnLSimulations" accessMode="transferFromGlobalSpace"/>
        <files  includes="$assets_params_file_path_from_dataspace" accessMode="transferFromGlobalSpace"/>
        <files  includes="$assets_correlations_file_path_from_dataspace" accessMode="transferFromGlobalSpace"/>
      </inputFiles>
      <scriptExecutable>
        <script>
          <code language="groovy">
            <![CDATA[
println "simulate_ptf_PnLs2 ..."

// Retrieve variables
def task_id = variables.get("PA_TASK_REPLICATION")
def nbMC_per_task = variables.get("nbMC_per_task")
def nbTimeSteps = variables.get("nbTimeSteps")
def horizon = variables.get("horizon")
def nbAssets = variables.get("nbAssets")
def assets_params_file_path_from_dataspace = variables.get("assets_params_file_path_from_dataspace")
def assets_correlations_file_path_from_dataspace = variables.get("assets_correlations_file_path_from_dataspace")

// Set executable permission
def executable_file_path = new File(localspace, "ptfPnLSimulations").absolutePath
["chmod","+x", executable_file_path].execute().waitForProcessOutput(System.out, System.err)

// Build the command
def cmd = ['/bin/sh', '-c', "docker run --rm -v " + new File('.').absolutePath + ":/defaultglobal activeeon/quantlib:1.19 /bin/bash -c 'cd defaultglobal; ./ptfPnLSimulations " + nbMC_per_task + " " + nbTimeSteps + " " + horizon + " " + nbAssets + " " + assets_params_file_path_from_dataspace + " " +  assets_correlations_file_path_from_dataspace + " " + task_id + "'"]
println cmd

// Execute the command
def sout = new StringBuilder()
cmd.execute().waitForProcessOutput(sout, System.err)

// Store ptf PnLs at horizon
def file_name = "outputs_" + task_id + ".txt"
new File(localspace, file_name).text = sout
result = file_name

println "... simulate_ptf_PnLs2"
]]>
          </code>
        </script>
      </scriptExecutable>
      <outputFiles>
        <files  includes="outputs_${PA_TASK_REPLICATION}.txt" accessMode="transferToGlobalSpace"/>
      </outputFiles>
      <metadata>
        <positionTop>
            537
        </positionTop>
        <positionLeft>
            1041.5
        </positionLeft>
      </metadata>
    </task>
    <task name="process_VaR2" >
      <depends>
        <task ref="simulate_ptf_PnLs2"/>
      </depends>
      <inputFiles>
        <files  includes="DualAxisChart.jar" accessMode="transferFromGlobalSpace"/>
        <files  includes="jcommon-1.0.6.jar" accessMode="transferFromGlobalSpace"/>
        <files  includes="jfreechart-1.0.2.jar" accessMode="transferFromGlobalSpace"/>
        <files  includes="outputs_*.txt" accessMode="transferFromGlobalSpace"/>
      </inputFiles>
      <forkEnvironment >
        <additionalClasspath>
          <pathElement path="DualAxisChart.jar"/>
          <pathElement path="jcommon-1.0.6.jar"/>
          <pathElement path="jfreechart-1.0.2.jar"/>
        </additionalClasspath>
      </forkEnvironment>
      <scriptExecutable>
        <script>
          <code language="groovy">
            <![CDATA[
import DualAxisChart;

println "process_VaR ..."

// Retrieve variables
def nbMC = variables.get("nbMC").toInteger()
def horizon = variables.get("horizon").toInteger()
def confidenceRate = variables.get("confidenceRate").toDouble()
def nbBins = variables.get("nbBins").toInteger()
def width_chart = variables.get("width_chart").toInteger()
def height_chart = variables.get("height_chart").toInteger()

// Estimate the varIndex
def VaRIndex = (int)((1 - confidenceRate) * nbMC);

// Retrieve ptf PnLs at horizon from all tasks
def ptfHorizonPnLs = new double[nbMC]
def MCid = 0

results.each { result ->
	new File(result.value()).text.split(" ").each{ ptfHorizonPnL ->
		ptfHorizonPnLs[MCid] = (double) ptfHorizonPnL.toDouble()
		MCid++;
	}
}
println "nb MC simus retrived from tasks: " + MCid

// Compute VaR
Arrays.sort(ptfHorizonPnLs)
def VaR = ptfHorizonPnLs[VaRIndex]

def resultStr = "portfolio VaR " + confidenceRate*100 + "% at horizon " + horizon + " = " + VaR
println resultStr
def chart_file_name = "VaR.png"
DualAxisChart.writeChart(resultStr, ptfHorizonPnLs, nbBins, VaR, chart_file_name, width_chart, height_chart)

// Store the VaR
variables["VaR"] = VaR

println "... process_VaR"
]]>
          </code>
        </script>
      </scriptExecutable>
      <outputFiles>
        <files  includes="VaR.png" accessMode="transferToGlobalSpace"/>
      </outputFiles>
      <metadata>
        <positionTop>
            665
        </positionTop>
        <positionLeft>
            1041.5
        </positionLeft>
      </metadata>
    </task>
    <task name="split_MC_simulations" >
      <description>
        <![CDATA[ The simplest task, ran by a groovy engine. ]]>
      </description>
      <inputFiles>
        <files  includes="$assets_params_file_path_from_dataspace" accessMode="transferFromGlobalSpace"/>
      </inputFiles>
      <scriptExecutable>
        <script>
          <code language="groovy">
            <![CDATA[
println "Split_MC_simulations ..."

// Retrieve variables
def nbMC = variables.get("nbMC").toInteger()
def nbTasksPerVaR = variables.get("nbTasksPerVaR").toInteger()
def assets_params_file_path_from_dataspace = variables.get("assets_params_file_path_from_dataspace")

// Estimate nbMC per task
def nbMC_per_task = (int)(nbMC / nbTasksPerVaR)
if (nbMC % nbTasksPerVaR != 0)
	throw new Exception("nbMC % nbTasksPerVaR != 0")
variables["nbMC_per_task"] = nbMC_per_task

// Estimate the number of assets
variables["nbAssets"] = new File(localspace, assets_params_file_path_from_dataspace).text.split(System.getProperty("line.separator")).length

println "... Split_MC_simulations"
]]>
          </code>
        </script>
      </scriptExecutable>
      <metadata>
        <positionTop>
            281
        </positionTop>
        <positionLeft>
            977.5
        </positionLeft>
      </metadata>
    </task>
  </taskFlow>
  <metadata>
    <visualization>
      <![CDATA[ <html><head><link rel="stylesheet" href="/studio/styles/studio-standalone.css"><style>
        #workflow-designer {
            left:0 !important;
            top:0 !important;
            width:2830px;
            height:3584px;
            }
        </style></head><body><div id="workflow-visualization-view"><div id="workflow-visualization" style="position:relative;top:-276px;left:-908.5px"><div class="task ui-draggable _jsPlumb_endpoint_anchor_" id="jsPlumb_1_1" style="top: 409px; left: 913.5px;"><a class="task-name"><img src="/studio/images/Groovy.png" width="20px">&nbsp;<span class="name">start_VaR</span></a></div><div class="task block-start ui-draggable _jsPlumb_endpoint_anchor_" id="jsPlumb_1_4" style="top: 537px; left: 913.5px;"><a class="task-name"><img src="/studio/images/Groovy.png" width="20px">&nbsp;<span class="name">init_VaR</span></a></div><div class="task ui-draggable _jsPlumb_endpoint_anchor_" id="jsPlumb_1_7" style="top: 665px; left: 913.5px;"><a class="task-name"><img src="/automation-dashboard/styles/patterns/img/wf-icons/quantlib.png" width="20px">&nbsp;<span class="name">simulate_ptf_PnLs</span></a></div><div class="task block-end ui-draggable _jsPlumb_endpoint_anchor_" id="jsPlumb_1_10" style="top: 793px; left: 913.5px;"><a class="task-name"><img src="/studio/images/Groovy.png" width="20px">&nbsp;<span class="name">process_VaR</span></a></div><div class="task ui-draggable _jsPlumb_endpoint_anchor_ active-task" id="jsPlumb_1_13" style="top: 921px; left: 977.5px;"><a class="task-name"><img src="images/Groovy.png" width="20px">&nbsp;<span class="name">process_iVaRs</span></a></div><div class="task ui-draggable _jsPlumb_endpoint_anchor_" id="jsPlumb_1_16" style="top: 409px; left: 1041.5px;"><a class="task-name"><img src="/studio/images/Groovy.png" width="20px">&nbsp;<span class="name">start_MC_VaR</span></a></div><div class="task ui-draggable _jsPlumb_endpoint_anchor_" id="jsPlumb_1_19" style="top: 537px; left: 1041.5px;"><a class="task-name"><img src="/automation-dashboard/styles/patterns/img/wf-icons/quantlib.png" width="20px">&nbsp;<span class="name">simulate_ptf_PnLs2</span></a></div><div class="task ui-draggable _jsPlumb_endpoint_anchor_" id="jsPlumb_1_22" style="top: 665px; left: 1041.5px;"><a class="task-name"><img src="/studio/images/Groovy.png" width="20px">&nbsp;<span class="name">process_VaR2</span></a></div><div class="task _jsPlumb_endpoint_anchor_ ui-draggable" id="jsPlumb_1_25" style="top: 281px; left: 977.5px;"><a class="task-name"><img src="/studio/images/Groovy.png" width="20px">&nbsp;<span class="name">split_MC_simulations</span></a></div><svg style="position:absolute;left:953.5px;top:320.5px" width="99.5" height="89" pointer-events="none" position="absolute" version="1.1"
      xmlns="http://www.w3.org/1999/xhtml" class="_jsPlumb_connector "><path d="M 0 88 C -10 38 88.5 50 78.5 0 " transform="translate(10.5,0.5)" pointer-events="visibleStroke" version="1.1"
      xmlns="http://www.w3.org/1999/xhtml" fill="none" stroke="#666" style=""></path><path pointer-events="all" version="1.1"
      xmlns="http://www.w3.org/1999/xhtml" d="M6.439610124999997,63.115491500000005 L26.252461730131817,55.602109353920554 L17.155171370258625,54.10567756190387 L17.24264779203568,44.88654810866193 L6.439610124999997,63.115491500000005" class="" stroke="#666" fill="#666" transform="translate(10.5,0.5)"></path><path pointer-events="all" version="1.1"
      xmlns="http://www.w3.org/1999/xhtml" d="M6.439610124999997,63.115491500000005 L26.252461730131817,55.602109353920554 L17.155171370258625,54.10567756190387 L17.24264779203568,44.88654810866193 L6.439610124999997,63.115491500000005" class="" stroke="#666" fill="#666" transform="translate(10.5,0.5)"></path></svg><svg style="position:absolute;left:979.4657867477086px;top:438.5px" width="15.034213252291345" height="99" pointer-events="none" position="absolute" version="1.1"
      xmlns="http://www.w3.org/1999/xhtml" class="_jsPlumb_connector "><path d="M 0 88 C -10 88 -10 -10 0 0 " transform="translate(14.534213252291345,10.5)" pointer-events="visibleStroke" version="1.1"
      xmlns="http://www.w3.org/1999/xhtml" fill="none" stroke="#e5db3d" style=""></path><path pointer-events="all" version="1.1"
      xmlns="http://www.w3.org/1999/xhtml" d="M-4.889249999999999,77.41936575 L-0.6632823303137547,56.65542592021898 L-6.785898453911784,63.54843482802241 L-14.534213252291345,58.55207437413076 L-4.889249999999999,77.41936575" class="" stroke="rgba(229,219,61,0.5)" fill="rgba(229,219,61,0.5)" transform="translate(14.534213252291345,10.5)"></path><path pointer-events="all" version="1.1"
      xmlns="http://www.w3.org/1999/xhtml" d="M-4.889249999999999,77.41936575 L-0.6632823303137547,56.65542592021898 L-6.785898453911784,63.54843482802241 L-14.534213252291345,58.55207437413076 L-4.889249999999999,77.41936575" class="" stroke="rgba(229,219,61,0.5)" fill="rgba(229,219,61,0.5)" transform="translate(14.534213252291345,10.5)"></path></svg><div class="_jsPlumb_overlay l1 component label" id="jsPlumb_1_36" style="position: absolute; transform: translate(-50%, -50%); left: 986px; top: 488.75px;">replicate</div><svg style="position:absolute;left:948.9817132113825px;top:448.5px" width="15.518286788617468" height="89" pointer-events="none" position="absolute" version="1.1"
      xmlns="http://www.w3.org/1999/xhtml" class="_jsPlumb_connector"><path d="M 0 88 C -10 38 -10 50 0 0 " transform="translate(15.018286788617468,0.5)" pointer-events="visibleStroke" version="1.1"
      xmlns="http://www.w3.org/1999/xhtml" fill="none" stroke="#666" style=""></path><path pointer-events="all" version="1.1"
      xmlns="http://www.w3.org/1999/xhtml" d="M-4.427999999999998,66.303232 L-1.2615185838583702,45.35154005301801 L-7.026331880366543,52.546463795240896 L-15.018286788617468,47.94987193338456 L-4.427999999999998,66.303232" class="" stroke="#666" fill="#666" transform="translate(15.018286788617468,0.5)"></path><path pointer-events="all" version="1.1"
      xmlns="http://www.w3.org/1999/xhtml" d="M-4.427999999999998,66.303232 L-1.2615185838583702,45.35154005301801 L-7.026331880366543,52.546463795240896 L-15.018286788617468,47.94987193338456 L-4.427999999999998,66.303232" class="" stroke="#666" fill="#666" transform="translate(15.018286788617468,0.5)"></path></svg><svg style="position:absolute;left:983.5px;top:566.5px" width="34.60000000000002" height="99" pointer-events="none" position="absolute" version="1.1"
      xmlns="http://www.w3.org/1999/xhtml" class="_jsPlumb_connector "><path d="M 13.600000000000023 88 C 23.600000000000023 88 -10 -10 0 0 " transform="translate(10.5,10.5)" pointer-events="visibleStroke" version="1.1"
      xmlns="http://www.w3.org/1999/xhtml" fill="none" stroke="#e5db3d" style=""></path><path pointer-events="all" version="1.1"
      xmlns="http://www.w3.org/1999/xhtml" d="M15.00436890000002,77.41936575 L18.41967572322765,56.5067934715065 L12.5697449071523,63.63268355255125 L4.632993525778902,58.94141746435422 L15.00436890000002,77.41936575" class="" stroke="rgba(229,219,61,0.5)" fill="rgba(229,219,61,0.5)" transform="translate(10.5,10.5)"></path><path pointer-events="all" version="1.1"
      xmlns="http://www.w3.org/1999/xhtml" d="M15.00436890000002,77.41936575 L18.41967572322765,56.5067934715065 L12.5697449071523,63.63268355255125 L4.632993525778902,58.94141746435422 L15.00436890000002,77.41936575" class="" stroke="rgba(229,219,61,0.5)" fill="rgba(229,219,61,0.5)" transform="translate(10.5,10.5)"></path></svg><div class="_jsPlumb_overlay l1 component label" id="jsPlumb_1_45" style="position: absolute; transform: translate(-50%, -50%); left: 1000.3px; top: 616.75px;">replicate</div><svg style="position:absolute;left:953.5px;top:576.5px" width="29.5" height="89" pointer-events="none" position="absolute" version="1.1"
      xmlns="http://www.w3.org/1999/xhtml" class="_jsPlumb_connector "><path d="M 8.5 88 C 18.5 38 -10 50 0 0 " transform="translate(10.5,0.5)" pointer-events="visibleStroke" version="1.1"
      xmlns="http://www.w3.org/1999/xhtml" fill="none" stroke="#666" style=""></path><path pointer-events="all" version="1.1"
      xmlns="http://www.w3.org/1999/xhtml" d="M10.606864,66.303232 L14.693748863203671,45.511469878551104 L8.617409821369794,52.44530747750635 L0.8358243407100243,47.500924057181315 L10.606864,66.303232" class="" stroke="#666" fill="#666" transform="translate(10.5,0.5)"></path><path pointer-events="all" version="1.1"
      xmlns="http://www.w3.org/1999/xhtml" d="M10.606864,66.303232 L14.693748863203671,45.511469878551104 L8.617409821369794,52.44530747750635 L0.8358243407100243,47.500924057181315 L10.606864,66.303232" class="" stroke="#666" fill="#666" transform="translate(10.5,0.5)"></path></svg><svg style="position:absolute;left:953.5px;top:704.5px" width="29.5" height="89" pointer-events="none" position="absolute" version="1.1"
      xmlns="http://www.w3.org/1999/xhtml" class="_jsPlumb_connector"><path d="M 0 88 C -10 38 18.5 50 8.5 0 " transform="translate(10.5,0.5)" pointer-events="visibleStroke" version="1.1"
      xmlns="http://www.w3.org/1999/xhtml" fill="none" stroke="#666" style=""></path><path pointer-events="all" version="1.1"
      xmlns="http://www.w3.org/1999/xhtml" d="M-2.1068640000000003,66.303232 L7.664175659289976,47.500924057181315 L-0.11740982136979405,52.44530747750635 L-6.1937488632036715,45.511469878551104 L-2.1068640000000003,66.303232" class="" stroke="#666" fill="#666" transform="translate(10.5,0.5)"></path><path pointer-events="all" version="1.1"
      xmlns="http://www.w3.org/1999/xhtml" d="M-2.1068640000000003,66.303232 L7.664175659289976,47.500924057181315 L-0.11740982136979405,52.44530747750635 L-6.1937488632036715,45.511469878551104 L-2.1068640000000003,66.303232" class="" stroke="#666" fill="#666" transform="translate(10.5,0.5)"></path></svg><svg style="position:absolute;left:953.5px;top:832.5px" width="85.5" height="89" pointer-events="none" position="absolute" version="1.1"
      xmlns="http://www.w3.org/1999/xhtml" class="_jsPlumb_connector "><path d="M 64.5 88 C 74.5 38 -10 50 0 0 " transform="translate(10.5,0.5)" pointer-events="visibleStroke" version="1.1"
      xmlns="http://www.w3.org/1999/xhtml" fill="none" stroke="#666" style=""></path><path pointer-events="all" version="1.1"
      xmlns="http://www.w3.org/1999/xhtml" d="M60.047979,63.554236 L51.12993752496166,44.332671645101726 L50.29126425659072,53.513991111764454 L41.08969263672611,54.089386388511 L60.047979,63.554236" class="" stroke="#666" fill="#666" transform="translate(10.5,0.5)"></path><path pointer-events="all" version="1.1"
      xmlns="http://www.w3.org/1999/xhtml" d="M60.047979,63.554236 L51.12993752496166,44.332671645101726 L50.29126425659072,53.513991111764454 L41.08969263672611,54.089386388511 L60.047979,63.554236" class="" stroke="#666" fill="#666" transform="translate(10.5,0.5)"></path></svg><svg style="position:absolute;left:1018px;top:704.5px" width="84.5" height="217" pointer-events="none" position="absolute" version="1.1"
      xmlns="http://www.w3.org/1999/xhtml" class="_jsPlumb_connector "><path d="M 0 216 C -10 166 73.5 50 63.5 0 " transform="translate(10.5,0.5)" pointer-events="visibleStroke" version="1.1"
      xmlns="http://www.w3.org/1999/xhtml" fill="none" stroke="#666" style=""></path><path pointer-events="all" version="1.1"
      xmlns="http://www.w3.org/1999/xhtml" d="M7.4887953750000005,167.0637915 L20.838216362615647,150.60800348193757 L12.221914864448243,153.8881480660494 L7.662572928665059,145.87488399248932 L7.4887953750000005,167.0637915" class="" stroke="#666" fill="#666" transform="translate(10.5,0.5)"></path><path pointer-events="all" version="1.1"
      xmlns="http://www.w3.org/1999/xhtml" d="M7.4887953750000005,167.0637915 L20.838216362615647,150.60800348193757 L12.221914864448243,153.8881480660494 L7.662572928665059,145.87488399248932 L7.4887953750000005,167.0637915" class="" stroke="#666" fill="#666" transform="translate(10.5,0.5)"></path></svg><svg style="position:absolute;left:1032px;top:320.5px" width="70.5" height="89" pointer-events="none" position="absolute" version="1.1"
      xmlns="http://www.w3.org/1999/xhtml" class="_jsPlumb_connector "><path d="M 49.5 88 C 59.5 38 -10 50 0 0 " transform="translate(10.5,0.5)" pointer-events="visibleStroke" version="1.1"
      xmlns="http://www.w3.org/1999/xhtml" fill="none" stroke="#666" style=""></path><path pointer-events="all" version="1.1"
      xmlns="http://www.w3.org/1999/xhtml" d="M47.232000000000006,64.44800000000001 L41.055671160390844,44.17849181492033 L38.95631207744238,53.1558350433394 L29.763506203730234,52.45417973747795 L47.232000000000006,64.44800000000001" class="" stroke="#666" fill="#666" transform="translate(10.5,0.5)"></path><path pointer-events="all" version="1.1"
      xmlns="http://www.w3.org/1999/xhtml" d="M47.232000000000006,64.44800000000001 L41.055671160390844,44.17849181492033 L38.95631207744238,53.1558350433394 L29.763506203730234,52.45417973747795 L47.232000000000006,64.44800000000001" class="" stroke="#666" fill="#666" transform="translate(10.5,0.5)"></path></svg><svg style="position:absolute;left:1111.5px;top:438.5px" width="38.59999999999991" height="99" pointer-events="none" position="absolute" version="1.1"
      xmlns="http://www.w3.org/1999/xhtml" class="_jsPlumb_connector"><path d="M 17.59999999999991 88 C 27.59999999999991 88 -10 -10 0 0 " transform="translate(10.5,10.5)" pointer-events="visibleStroke" version="1.1"
      xmlns="http://www.w3.org/1999/xhtml" fill="none" stroke="#e5db3d" style=""></path><path pointer-events="all" version="1.1"
      xmlns="http://www.w3.org/1999/xhtml" d="M18.48416719999992,76.942366 L21.021634786561727,55.90522602691554 L15.474927126224928,63.26960204466213 L7.34887083122385,58.91446610069053 L18.48416719999992,76.942366" class="" stroke="rgba(229,219,61,0.5)" fill="rgba(229,219,61,0.5)" transform="translate(10.5,10.5)"></path><path pointer-events="all" version="1.1"
      xmlns="http://www.w3.org/1999/xhtml" d="M18.48416719999992,76.942366 L21.021634786561727,55.90522602691554 L15.474927126224928,63.26960204466213 L7.34887083122385,58.91446610069053 L18.48416719999992,76.942366" class="" stroke="rgba(229,219,61,0.5)" fill="rgba(229,219,61,0.5)" transform="translate(10.5,10.5)"></path></svg><div class="_jsPlumb_overlay l1 component label" id="jsPlumb_1_64" style="position: absolute; transform: translate(-50%, -50%); left: 1130.3px; top: 488.75px;">replicate</div><svg style="position:absolute;left:1081.5px;top:448.5px" width="32" height="89" pointer-events="none" position="absolute" version="1.1"
      xmlns="http://www.w3.org/1999/xhtml" class="_jsPlumb_connector "><path d="M 11 88 C 21 38 -10 50 0 0 " transform="translate(10.5,0.5)" pointer-events="visibleStroke" version="1.1"
      xmlns="http://www.w3.org/1999/xhtml" fill="none" stroke="#666" style=""></path><path pointer-events="all" version="1.1"
      xmlns="http://www.w3.org/1999/xhtml" d="M12.893024,66.303232 L16.31083689897854,45.39106915184926 L10.460052179499373,52.5162581434697 L2.523863042448242,47.824040972349884 L12.893024,66.303232" class="" stroke="#666" fill="#666" transform="translate(10.5,0.5)"></path><path pointer-events="all" version="1.1"
      xmlns="http://www.w3.org/1999/xhtml" d="M12.893024,66.303232 L16.31083689897854,45.39106915184926 L10.460052179499373,52.5162581434697 L2.523863042448242,47.824040972349884 L12.893024,66.303232" class="" stroke="#666" fill="#666" transform="translate(10.5,0.5)"></path></svg><svg style="position:absolute;left:1081.5px;top:576.5px" width="32" height="89" pointer-events="none" position="absolute" version="1.1"
      xmlns="http://www.w3.org/1999/xhtml" class="_jsPlumb_connector "><path d="M 0 88 C -10 38 21 50 11 0 " transform="translate(10.5,0.5)" pointer-events="visibleStroke" version="1.1"
      xmlns="http://www.w3.org/1999/xhtml" fill="none" stroke="#666" style=""></path><path pointer-events="all" version="1.1"
      xmlns="http://www.w3.org/1999/xhtml" d="M-1.8930240000000003,66.303232 L8.476136957551759,47.824040972349884 L0.539947820500627,52.5162581434697 L-5.310836898978539,45.39106915184926 L-1.8930240000000003,66.303232" class="" stroke="#666" fill="#666" transform="translate(10.5,0.5)"></path><path pointer-events="all" version="1.1"
      xmlns="http://www.w3.org/1999/xhtml" d="M-1.8930240000000003,66.303232 L8.476136957551759,47.824040972349884 L0.539947820500627,52.5162581434697 L-5.310836898978539,45.39106915184926 L-1.8930240000000003,66.303232" class="" stroke="#666" fill="#666" transform="translate(10.5,0.5)"></path></svg><div class="_jsPlumb_endpoint source-endpoint dependency-source-endpoint connected _jsPlumb_endpoint_anchor_ ui-draggable ui-droppable _jsPlumb_endpoint_connected" style="position: absolute; height: 20px; width: 20px; left: 954px; top: 439px;"><svg style="position:absolute;left:0px;top:0px" width="20" height="20" pointer-events="all" position="absolute" version="1.1"
      xmlns="http://www.w3.org/1999/xhtml"><circle cx="10" cy="10" r="10" version="1.1"
      xmlns="http://www.w3.org/1999/xhtml" fill="#666" stroke="none" style=""></circle></svg></div><div class="_jsPlumb_endpoint target-endpoint dependency-target-endpoint _jsPlumb_endpoint_anchor_ ui-draggable ui-droppable _jsPlumb_endpoint_connected" style="position: absolute; height: 20px; width: 20px; left: 954px; top: 399px;"><svg style="position:absolute;left:0px;top:0px" width="20" height="20" pointer-events="all" position="absolute" version="1.1"
      xmlns="http://www.w3.org/1999/xhtml"><circle cx="10" cy="10" r="10" version="1.1"
      xmlns="http://www.w3.org/1999/xhtml" fill="#666" stroke="none" style=""></circle></svg></div><div class="_jsPlumb_endpoint source-endpoint replicate-source-endpoint _jsPlumb_endpoint_anchor_ ui-draggable ui-droppable _jsPlumb_endpoint_connected _jsPlumb_endpoint_full" style="position: absolute; height: 20px; width: 20px; left: 984px; top: 439px;"><svg style="position:absolute;left:0px;top:0px" width="20" height="20" pointer-events="all" position="absolute" version="1.1"
      xmlns="http://www.w3.org/1999/xhtml"><circle cx="10" cy="10" r="10" version="1.1"
      xmlns="http://www.w3.org/1999/xhtml" fill="#e5db3d" stroke="none" style=""></circle></svg></div><div class="_jsPlumb_endpoint source-endpoint dependency-source-endpoint connected _jsPlumb_endpoint_anchor_ ui-draggable ui-droppable _jsPlumb_endpoint_connected" style="position: absolute; height: 20px; width: 20px; left: 954px; top: 567px;"><svg style="position:absolute;left:0px;top:0px" width="20" height="20" pointer-events="all" position="absolute" version="1.1"
      xmlns="http://www.w3.org/1999/xhtml"><circle cx="10" cy="10" r="10" version="1.1"
      xmlns="http://www.w3.org/1999/xhtml" fill="#666" stroke="none" style=""></circle></svg></div><div class="_jsPlumb_endpoint target-endpoint replicate-target-endpoint _jsPlumb_endpoint_anchor_ ui-draggable ui-droppable _jsPlumb_endpoint_connected _jsPlumb_endpoint_full" style="position: absolute; height: 20px; width: 20px; left: 984px; top: 527px;"><svg style="position:absolute;left:0px;top:0px" width="20" height="20" pointer-events="all" position="absolute" version="1.1"
      xmlns="http://www.w3.org/1999/xhtml"><circle cx="10" cy="10" r="10" version="1.1"
      xmlns="http://www.w3.org/1999/xhtml" fill="#e5db3d" stroke="none" style=""></circle></svg></div><div class="_jsPlumb_endpoint target-endpoint dependency-target-endpoint _jsPlumb_endpoint_anchor_ ui-draggable ui-droppable _jsPlumb_endpoint_connected" style="position: absolute; height: 20px; width: 20px; left: 954px; top: 527px;"><svg style="position:absolute;left:0px;top:0px" width="20" height="20" pointer-events="all" position="absolute" version="1.1"
      xmlns="http://www.w3.org/1999/xhtml"><circle cx="10" cy="10" r="10" version="1.1"
      xmlns="http://www.w3.org/1999/xhtml" fill="#666" stroke="none" style=""></circle></svg></div><div class="_jsPlumb_endpoint source-endpoint replicate-source-endpoint _jsPlumb_endpoint_anchor_ ui-draggable ui-droppable _jsPlumb_endpoint_connected _jsPlumb_endpoint_full" style="position: absolute; height: 20px; width: 20px; left: 984px; top: 567px;"><svg style="position:absolute;left:0px;top:0px" width="20" height="20" pointer-events="all" position="absolute" version="1.1"
      xmlns="http://www.w3.org/1999/xhtml"><circle cx="10" cy="10" r="10" version="1.1"
      xmlns="http://www.w3.org/1999/xhtml" fill="#e5db3d" stroke="none" style=""></circle></svg></div><div class="_jsPlumb_endpoint source-endpoint dependency-source-endpoint connected _jsPlumb_endpoint_anchor_ ui-draggable ui-droppable _jsPlumb_endpoint_connected" style="position: absolute; height: 20px; width: 20px; left: 962.5px; top: 695px;"><svg style="position:absolute;left:0px;top:0px" width="20" height="20" pointer-events="all" position="absolute" version="1.1"
      xmlns="http://www.w3.org/1999/xhtml"><circle cx="10" cy="10" r="10" version="1.1"
      xmlns="http://www.w3.org/1999/xhtml" fill="#666" stroke="none" style=""></circle></svg></div><div class="_jsPlumb_endpoint target-endpoint replicate-target-endpoint _jsPlumb_endpoint_anchor_ ui-draggable ui-droppable _jsPlumb_endpoint_connected _jsPlumb_endpoint_full" style="position: absolute; height: 20px; width: 20px; left: 997.6px; top: 655px;"><svg style="position:absolute;left:0px;top:0px" width="20" height="20" pointer-events="all" position="absolute" version="1.1"
      xmlns="http://www.w3.org/1999/xhtml"><circle cx="10" cy="10" r="10" version="1.1"
      xmlns="http://www.w3.org/1999/xhtml" fill="#e5db3d" stroke="none" style=""></circle></svg></div><div class="_jsPlumb_endpoint target-endpoint dependency-target-endpoint _jsPlumb_endpoint_anchor_ ui-draggable ui-droppable _jsPlumb_endpoint_connected" style="position: absolute; height: 20px; width: 20px; left: 962.5px; top: 655px;"><svg style="position:absolute;left:0px;top:0px" width="20" height="20" pointer-events="all" position="absolute" version="1.1"
      xmlns="http://www.w3.org/1999/xhtml"><circle cx="10" cy="10" r="10" version="1.1"
      xmlns="http://www.w3.org/1999/xhtml" fill="#666" stroke="none" style=""></circle></svg></div><div class="_jsPlumb_endpoint source-endpoint dependency-source-endpoint connected _jsPlumb_endpoint_anchor_ ui-draggable ui-droppable _jsPlumb_endpoint_connected" style="position: absolute; height: 20px; width: 20px; left: 954px; top: 823px;"><svg style="position:absolute;left:0px;top:0px" width="20" height="20" pointer-events="all" position="absolute" version="1.1"
      xmlns="http://www.w3.org/1999/xhtml"><circle cx="10" cy="10" r="10" version="1.1"
      xmlns="http://www.w3.org/1999/xhtml" fill="#666" stroke="none" style=""></circle></svg></div><div class="_jsPlumb_endpoint target-endpoint dependency-target-endpoint _jsPlumb_endpoint_anchor_ ui-draggable ui-droppable _jsPlumb_endpoint_connected" style="position: absolute; height: 20px; width: 20px; left: 954px; top: 783px;"><svg style="position:absolute;left:0px;top:0px" width="20" height="20" pointer-events="all" position="absolute" version="1.1"
      xmlns="http://www.w3.org/1999/xhtml"><circle cx="10" cy="10" r="10" version="1.1"
      xmlns="http://www.w3.org/1999/xhtml" fill="#666" stroke="none" style=""></circle></svg></div><div class="_jsPlumb_endpoint source-endpoint dependency-source-endpoint connected _jsPlumb_endpoint_anchor_ ui-draggable ui-droppable" style="position: absolute; height: 20px; width: 20px; left: 1018.5px; top: 951px;"><svg style="position:absolute;left:0px;top:0px" width="20" height="20" pointer-events="all" position="absolute" version="1.1"
      xmlns="http://www.w3.org/1999/xhtml"><circle cx="10" cy="10" r="10" version="1.1"
      xmlns="http://www.w3.org/1999/xhtml" fill="#666" stroke="none" style=""></circle></svg></div><div class="_jsPlumb_endpoint target-endpoint dependency-target-endpoint _jsPlumb_endpoint_anchor_ ui-draggable ui-droppable _jsPlumb_endpoint_connected" style="position: absolute; height: 20px; width: 20px; left: 1018.5px; top: 911px;"><svg style="position:absolute;left:0px;top:0px" width="20" height="20" pointer-events="all" position="absolute" version="1.1"
      xmlns="http://www.w3.org/1999/xhtml"><circle cx="10" cy="10" r="10" version="1.1"
      xmlns="http://www.w3.org/1999/xhtml" fill="#666" stroke="none" style=""></circle></svg></div><div class="_jsPlumb_endpoint source-endpoint dependency-source-endpoint connected _jsPlumb_endpoint_anchor_ ui-draggable ui-droppable _jsPlumb_endpoint_connected" style="position: absolute; height: 20px; width: 20px; left: 1082px; top: 439px;"><svg style="position:absolute;left:0px;top:0px" width="20" height="20" pointer-events="all" position="absolute" version="1.1"
      xmlns="http://www.w3.org/1999/xhtml"><circle cx="10" cy="10" r="10" version="1.1"
      xmlns="http://www.w3.org/1999/xhtml" fill="#666" stroke="none" style=""></circle></svg></div><div class="_jsPlumb_endpoint target-endpoint dependency-target-endpoint _jsPlumb_endpoint_anchor_ ui-draggable ui-droppable _jsPlumb_endpoint_connected" style="position: absolute; height: 20px; width: 20px; left: 1082px; top: 399px;"><svg style="position:absolute;left:0px;top:0px" width="20" height="20" pointer-events="all" position="absolute" version="1.1"
      xmlns="http://www.w3.org/1999/xhtml"><circle cx="10" cy="10" r="10" version="1.1"
      xmlns="http://www.w3.org/1999/xhtml" fill="#666" stroke="none" style=""></circle></svg></div><div class="_jsPlumb_endpoint source-endpoint replicate-source-endpoint _jsPlumb_endpoint_anchor_ ui-draggable ui-droppable _jsPlumb_endpoint_connected _jsPlumb_endpoint_full" style="position: absolute; height: 20px; width: 20px; left: 1112px; top: 439px;"><svg style="position:absolute;left:0px;top:0px" width="20" height="20" pointer-events="all" position="absolute" version="1.1"
      xmlns="http://www.w3.org/1999/xhtml"><circle cx="10" cy="10" r="10" version="1.1"
      xmlns="http://www.w3.org/1999/xhtml" fill="#e5db3d" stroke="none" style=""></circle></svg></div><div class="_jsPlumb_endpoint source-endpoint dependency-source-endpoint connected _jsPlumb_endpoint_anchor_ ui-draggable ui-droppable _jsPlumb_endpoint_connected" style="position: absolute; height: 20px; width: 20px; left: 1093px; top: 567px;"><svg style="position:absolute;left:0px;top:0px" width="20" height="20" pointer-events="all" position="absolute" version="1.1"
      xmlns="http://www.w3.org/1999/xhtml"><circle cx="10" cy="10" r="10" version="1.1"
      xmlns="http://www.w3.org/1999/xhtml" fill="#666" stroke="none" style=""></circle></svg></div><div class="_jsPlumb_endpoint target-endpoint replicate-target-endpoint _jsPlumb_endpoint_anchor_ ui-draggable ui-droppable _jsPlumb_endpoint_connected _jsPlumb_endpoint_full" style="position: absolute; height: 20px; width: 20px; left: 1129.6px; top: 527px;"><svg style="position:absolute;left:0px;top:0px" width="20" height="20" pointer-events="all" position="absolute" version="1.1"
      xmlns="http://www.w3.org/1999/xhtml"><circle cx="10" cy="10" r="10" version="1.1"
      xmlns="http://www.w3.org/1999/xhtml" fill="#e5db3d" stroke="none" style=""></circle></svg></div><div class="_jsPlumb_endpoint target-endpoint dependency-target-endpoint _jsPlumb_endpoint_anchor_ ui-draggable ui-droppable _jsPlumb_endpoint_connected" style="position: absolute; height: 20px; width: 20px; left: 1093px; top: 527px;"><svg style="position:absolute;left:0px;top:0px" width="20" height="20" pointer-events="all" position="absolute" version="1.1"
      xmlns="http://www.w3.org/1999/xhtml"><circle cx="10" cy="10" r="10" version="1.1"
      xmlns="http://www.w3.org/1999/xhtml" fill="#666" stroke="none" style=""></circle></svg></div><div class="_jsPlumb_endpoint source-endpoint dependency-source-endpoint connected _jsPlumb_endpoint_anchor_ ui-draggable ui-droppable _jsPlumb_endpoint_connected" style="position: absolute; height: 20px; width: 20px; left: 1082px; top: 695px;"><svg style="position:absolute;left:0px;top:0px" width="20" height="20" pointer-events="all" position="absolute" version="1.1"
      xmlns="http://www.w3.org/1999/xhtml"><circle cx="10" cy="10" r="10" version="1.1"
      xmlns="http://www.w3.org/1999/xhtml" fill="#666" stroke="none" style=""></circle></svg></div><div class="_jsPlumb_endpoint target-endpoint dependency-target-endpoint _jsPlumb_endpoint_anchor_ ui-draggable ui-droppable _jsPlumb_endpoint_connected" style="position: absolute; height: 20px; width: 20px; left: 1082px; top: 655px;"><svg style="position:absolute;left:0px;top:0px" width="20" height="20" pointer-events="all" position="absolute" version="1.1"
      xmlns="http://www.w3.org/1999/xhtml"><circle cx="10" cy="10" r="10" version="1.1"
      xmlns="http://www.w3.org/1999/xhtml" fill="#666" stroke="none" style=""></circle></svg></div><div class="_jsPlumb_endpoint source-endpoint dependency-source-endpoint connected _jsPlumb_endpoint_anchor_ ui-draggable ui-droppable _jsPlumb_endpoint_connected" style="position: absolute; height: 20px; width: 20px; left: 1032.5px; top: 311px;"><svg style="position:absolute;left:0px;top:0px" width="20" height="20" pointer-events="all" position="absolute" version="1.1"
      xmlns="http://www.w3.org/1999/xhtml"><circle cx="10" cy="10" r="10" version="1.1"
      xmlns="http://www.w3.org/1999/xhtml" fill="#666" stroke="none" style=""></circle></svg></div></div></div></body></html>
 ]]>
    </visualization>
  </metadata>
</job>