<?xml version="1.0" encoding="UTF-8"?>
<job
  xmlns:xsi="http://www.w3.org/2001/XMLSchema-instance"
  xmlns="urn:proactive:jobdescriptor:3.11" xsi:schemaLocation="urn:proactive:jobdescriptor:3.11 http://www.activeeon.com/public_content/schemas/proactive/jobdescriptor/3.11/schedulerjob.xsd"  name="QuantLib" projectName="Basic Finance" priority="normal" onTaskError="continueJobExecution"  maxNumberOfExecution="2" >
  <description>
    <![CDATA[ Example of using QuanLib. Here we simulate the stock price paths (GBM) of a given portfolio. Use your own C++ QuantLib binary file and execute it from a docker container for a highly portable workflow. ]]>
  </description>
  <genericInformation>
    <info name="workflow.icon" value="/automation-dashboard/styles/patterns/img/wf-icons/quantlib.png"/>
    <info name="Documentation" value="http://quantlib.org/index.shtml"/>
  </genericInformation>
  <taskFlow>
    <task name="quantLib" >
      <description>
        <![CDATA[ Example of using QuanLib. Here we simulate the stock price paths (GBM) of a given portfolio. Use your own C++ QuantLib binary file and execute it from a docker container for a highly portable workflow. ]]>
      </description>
      <genericInformation>
        <info name="task.icon" value="/automation-dashboard/styles/patterns/img/wf-icons/quantlib.png"/>
        <info name="task.documentation" value="http://quantlib.org/index.shtml"/>
      </genericInformation>
      <inputFiles>
        <files  includes="ptfPnLSimulations" accessMode="transferFromGlobalSpace"/>
        <files  includes="assets.txt" accessMode="transferFromGlobalSpace"/>
        <files  includes="assets_correlations.txt" accessMode="transferFromGlobalSpace"/>
      </inputFiles>
      <scriptExecutable>
        <script>
          <code language="groovy">
            <![CDATA[
println "quantLib ..."

// Retrieve variables
def nbMC_task = 10000
def nbTimeSteps = 255
def horizon = 1
def nbAssets = 3
def assets_params_file_path_from_dataspace = "assets.txt"
def assets_correlations_file_path_from_dataspace = "assets_correlations.txt"

// Set executable permission
def executable_file_path = new File(localspace, "ptfPnLSimulations").absolutePath
["chmod","+x", executable_file_path].execute().waitForProcessOutput(System.out, System.err)

// Build the command to simulate your ptf PnLs at horizon
def cmd = ['/bin/sh', '-c', "docker run --rm -v " + new File('.').absolutePath + ":/defaultglobal activeeon/quantlib:1.19 /bin/bash -c 'cd defaultglobal; ./ptfPnLSimulations " + nbMC_task + " " + nbTimeSteps + " " + horizon + " " + nbAssets + " " + assets_params_file_path_from_dataspace + " " +  assets_correlations_file_path_from_dataspace + " 0'"]
println cmd
println "Portfolio PnL simulated with params:"
println "nbMC_task " + nbMC_task
println "nbTimeSteps " + nbTimeSteps
println "horizon " + horizon
println "nbAssets " + nbAssets
println "assets (GBM params file " + assets_params_file_path_from_dataspace + ")\nstartPrice,mu,sigma,weight\n" + new File(localspace, assets_params_file_path_from_dataspace).text
println "assets correlations (" + assets_correlations_file_path_from_dataspace + ")\n" + new File(localspace, assets_correlations_file_path_from_dataspace).text
println "=>"


// Execute the command
def sout = new StringBuilder()
cmd.execute().waitForProcessOutput(System.out, System.err)

println "... quantLib"
]]>
          </code>
        </script>
      </scriptExecutable>
    </task>
  </taskFlow>
  <metadata>
    <visualization>
      <![CDATA[ <html><head><link rel="stylesheet" href="/studio/styles/studio-standalone.css"><style>
        #workflow-designer {
            left:0 !important;
            top:0 !important;
            width:1139px;
            height:566px;
            }
        </style></head><body><div id="workflow-visualization-view"><div id="workflow-visualization" style="position:relative;top:-333.9875030517578px;left:-497.5px"><div class="task _jsPlumb_endpoint_anchor_ ui-draggable" id="jsPlumb_1_4075" style="top: 339px; left: 502.5px;"><a class="task-name"><img src="/automation-dashboard/styles/patterns/img/wf-icons/quantlib.png" width="20px">&nbsp;<span class="name">quantLib</span></a></div><div class="_jsPlumb_endpoint source-endpoint dependency-source-endpoint connected _jsPlumb_endpoint_anchor_ ui-draggable ui-droppable" style="position: absolute; height: 20px; width: 20px; left: 542px; top: 369px;"><svg style="position:absolute;left:0px;top:0px" width="20" height="20" pointer-events="all" position="absolute" version="1.1"
      xmlns="http://www.w3.org/1999/xhtml"><circle cx="10" cy="10" r="10" version="1.1"
      xmlns="http://www.w3.org/1999/xhtml" fill="#666" stroke="none" style=""></circle></svg></div></div></div></body></html>
 ]]>
    </visualization>
  </metadata>
</job>