{
	"metadata": {
		"slug": "MongoDB",
		"name": "MongoDB Service",
		"short_description": "Lifecycle management workflow of MongoDB Server for Cloud Automation",
		"author": "ActiveEon's Team",
		"tags": ["Cloud Automation", "MongoDB", "Database", "NoSQL"],
		"version": "1.0"
	},
	"catalog" : {
		"bucket" : "cloud-automation",
		"objects" : [
			{
				"name" : "MongoDB",
				"metadata" : {
					"kind": "Workflow/pca",
					"commitMessage": "First commit",
					"contentType": "application/xml"
				},
				"file" : "resources/catalog/MongoDB.xml"
			},
			{
				"name" : "Resume_MongoDB",
				"metadata" : {
					"kind": "Workflow/pca",
					"commitMessage": "First commit",
					"contentType": "application/xml"
				},
				"file" : "resources/catalog/Resume_MongoDB.xml"
			},
			{
				"name" : "Pause_MongoDB",
				"metadata" : {
					"kind": "Workflow/pca",
					"commitMessage": "First commit",
					"contentType": "application/xml"
				},
				"file" : "resources/catalog/Pause_MongoDB.xml"
			},
			{
				"name" : "Finish_MongoDB",
				"metadata" : {
					"kind": "Workflow/pca",
					"commitMessage": "First commit",
					"contentType": "application/xml"
				},
				"file" : "resources/catalog/Finish_MongoDB.xml"
			}
		]
	}
}
