{
	"metadata": {
		"slug": "big-data",
		"name": "Big Data",
		"short_description": "Basic big data tasks",
		"author": "ActiveEon's Team",
		"tags": ["Big Data", "Data Streaming", "Kafka", "Zookeeper"],
		"version": "1.0"
	},
	"catalog" : {
		"bucket" : "big-data",
		"objects" : [
			{
				"name" : "Zookeeper_Start_Or_Bind_Service",
				"metadata" : {
					"kind": "Workflow/standard",
					"commitMessage": "First commit",
					"contentType": "application/xml"
				},
				"file" : "resources/catalog/Zookeeper_Start_Or_Bind_Service.xml"
			},
			{
				"name" : "Zookeeper_Terminate_Service",
				"metadata" : {
					"kind": "Workflow/standard",
					"commitMessage": "First commit",
					"contentType": "application/xml"
				},
				"file" : "resources/catalog/Zookeeper_Terminate_Service.xml"
			},			
			{
				"name" : "Kafka_Start_Or_Bind_Service",
				"metadata" : {
					"kind": "Workflow/standard",
					"commitMessage": "First commit",
					"contentType": "application/xml"
				},
				"file" : "resources/catalog/Kafka_Start_Or_Bind_Service.xml"
			},
			{
				"name" : "Kafka_Create_Topic",
				"metadata" : {
					"kind": "Workflow/standard",
					"commitMessage": "First commit",
					"contentType": "application/xml"
				},
				"file" : "resources/catalog/Kafka_Create_Topic.xml"
			},
			{
				"name" : "Kafka_Write_Message_To_Topic",
				"metadata" : {
					"kind": "Workflow/standard",
					"commitMessage": "First commit",
					"contentType": "application/xml"
				},
				"file" : "resources/catalog/Kafka_Write_Message_To_Topic.xml"
			},
			{
				"name" : "Kafka_Read_From_Topic",
				"metadata" : {
					"kind": "Workflow/standard",
					"commitMessage": "First commit",
					"contentType": "application/xml"
				},
				"file" : "resources/catalog/Kafka_Read_From_Topic.xml"
			},
			{
				"name" : "Kafka_Terminate_Service",
				"metadata" : {
					"kind": "Workflow/standard",
					"commitMessage": "First commit",
					"contentType": "application/xml"
				},
				"file" : "resources/catalog/Kafka_Terminate_Service.xml"
			}
		]
	}
}
