{
	"metadata": {
		"slug": "jobanalysis",
		"name": "Job Analysis",
		"short_description": "Analyze job distribution and efficiency in a simple Gantt Chart",
		"author": "ActiveEon's Team",
		"tags": ["Monitoring", "Analysis"],
		"version": "1.0"
	},
	"catalog" : {
		"bucket" : "analysis-tools",
		"objects" : [
			{
				"name" : "Gantt_Chart",
				"metadata" : {
					"kind": "Workflow/standard",
					"commitMessage": "First commit",
					"contentType": "application/xml"
				},
				"file" : "resources/catalog/Gantt_chart.xml"
			}
		]
	}
}
