<?xml version="1.0" encoding="UTF-8" standalone="no"?>
<job xmlns="urn:proactive:jobdescriptor:3.12" xmlns:xsi="http://www.w3.org/2001/XMLSchema-instance" maxNumberOfExecution="2" name="Container_Platform_Selection" onTaskError="continueJobExecution" priority="normal" projectName="2. Advanced Workflows" xsi:schemaLocation="urn:proactive:jobdescriptor:3.12 http://www.activeeon.com/public_content/schemas/proactive/jobdescriptor/3.12/schedulerjob.xsd">
  <variables>
    <variable name="NATIVE_SCHEDULER" value=""/>
    <variable name="NATIVE_SCHEDULER_PARAMS" value=""/>
    <variable model="" name="NODE_ACCESS_TOKEN" value=""/>
    <variable model="PA:LIST(no-container,docker,podman,singularity)" name="CONTAINER_PLATFORM" value="docker"/>
    <variable name="CONTAINER_IMAGE" value="docker://python:3.7"/>
    <variable model="PA:Boolean" name="CONTAINER_GPU_ENABLED" value="False"/>
    <variable model="PA:Boolean" name="CONTAINER_ROOTLESS_ENABLED" value="False"/>
  </variables>
  <description>
    <![CDATA[ A workflow that executes in multiple container platforms. ]]>
  </description>
  <genericInformation>
<info name="bucketName" value="basic-examples"/>
<info name="workflow.icon" value="/automation-dashboard/styles/patterns/img/wf-icons/container.jpg"/>
<info name="NS" value="$NATIVE_SCHEDULER"/>
<info name="NS_BATCH" value="$NATIVE_SCHEDULER_PARAMS"/>
<info name="NODE_ACCESS_TOKEN" value="$NODE_ACCESS_TOKEN"/>
<info name="group" value="public-objects"/>
</genericInformation>
  <taskFlow>
    <task fork="true" name="python_script">
      <description>
        <![CDATA[ The simplest task, ran by a bash engine. ]]>
      </description>
      <genericInformation>
        <info name="task.icon" value="/automation-dashboard/styles/patterns/img/wf-icons/container.jpg"/>
      </genericInformation>
      <forkEnvironment javaHome="/usr">
        <envScript>
          <script>
            <file language="groovy" url="${PA_CATALOG_REST_URL}/buckets/scripts/resources/fork_env_cuda_universal/raw"/>
          </script>
        </envScript>
      </forkEnvironment>
      <pre>
        <script>
          <code language="bash">
            <![CDATA[
pip install py4j
]]>
          </code>
        </script>
      </pre>
      <scriptExecutable>
        <script>
          <code language="cpython">
            <![CDATA[
#import os
import socket
import platform
print('-------------------------------------------------------------')
print('Interpreter')
print('platform.python_version:    ', platform.python_version())
print('platform.python_compiler:   ', platform.python_compiler())
print('platform.python_build:      ', platform.python_build())
print()
print('Platform')
print('platform.platform(Normal):  ', platform.platform())
print('platform.platform(Aliased): ', platform.platform(aliased=True))
print('platform.platform(Terse):   ', platform.platform(terse=True))
print()
print('Operating System and Hardware Info')
print('platform.uname:             ', platform.uname())
print('platform.system:            ', platform.system())
print('platform.node:              ', platform.node())
print('platform.release:           ', platform.release())
print('platform.version:           ', platform.version())
print('platform.machine:           ', platform.machine())
print('platform.processor:         ', platform.processor())
print()
print('Executable Architecture')
print('platform.architecture:      ', platform.architecture())
#print()
#print('OS')
#print('os.uname:                   ', os.uname())
#print('os.getcwd:                  ', os.getcwd())
print()
print('Network')
print('socket.gethostname:         ', socket.gethostname())
print('socket.gethostbyname        ', socket.gethostbyname(socket.gethostname()))
print('-------------------------------------------------------------')
]]>
          </code>
        </script>
      </scriptExecutable>
      <metadata>
        <positionTop>
            145.86807250976562
        </positionTop>
        <positionLeft>
            197.951416015625
        </positionLeft>
      </metadata>
    </task>
  </taskFlow>
  <metadata>
    <visualization>
      <![CDATA[ <html>
    <head>
    <link rel="stylesheet" href="/studio/styles/studio-standalone.css">
        <style>
        #workflow-designer {
            left:0 !important;
            top:0 !important;
            width:2351px;
            height:3072px;
            }
        </style>
    </head>
    <body>
    <div id="workflow-visualization-view"><div id="workflow-visualization" style="position:relative;top:-140.86807250976562px;left:-192.951416015625px"><div class="task _jsPlumb_endpoint_anchor_ ui-draggable" id="jsPlumb_1_4" style="top: 145.868px; left: 197.965px; z-index: 24;"><a class="task-name" data-toggle="tooltip" data-placement="right" title="The simplest task, ran by a bash engine."><img src="/automation-dashboard/styles/patterns/img/wf-icons/container.jpg" width="20px">&nbsp;<span class="name">python_script</span></a></div><div class="_jsPlumb_endpoint source-endpoint dependency-source-endpoint connected _jsPlumb_endpoint_anchor_ ui-draggable ui-droppable" style="position: absolute; height: 20px; width: 20px; left: 237.965px; top: 175.868px;"><svg style="position:absolute;left:0px;top:0px" width="20" height="20" pointer-events="all" position="absolute" version="1.1" xmlns="http://www.w3.org/1999/xhtml"><circle cx="10" cy="10" r="10" version="1.1" xmlns="http://www.w3.org/1999/xhtml" fill="#666" stroke="none" style=""></circle></svg></div></div></div>
    </body>
</html>
 ]]>
    </visualization>
  </metadata>
</job>
