<?xml version="1.0" encoding="UTF-8"?>
<job
  xmlns:xsi="http://www.w3.org/2001/XMLSchema-instance"
  xmlns="urn:proactive:jobdescriptor:3.11" xsi:schemaLocation="urn:proactive:jobdescriptor:3.11 http://www.activeeon.com/public_content/schemas/proactive/jobdescriptor/3.11/schedulerjob.xsd"  name="Native_Task_Windows"  priority="normal" onTaskError="continueJobExecution"  maxNumberOfExecution="2" >
  <description>
    <![CDATA[ Here a native command will be executed, with an argument. ]]>
  </description>
  <genericInformation>
    <info name="workflow.icon" value="/automation-dashboard/styles/patterns/img/wf-icons/native_task_windows.png"/>
  </genericInformation>
  <taskFlow>
    <task name="Windows" >
      <description>
        <![CDATA[ Here a native command will be executed, with an argument. ]]>
      </description>
      <genericInformation>
        <info name="task.icon" value="/automation-dashboard/styles/patterns/img/wf-icons/native_task_windows.png"/>
      </genericInformation>
      <nativeExecutable>
        <staticCommand value="ping.exe">
          <arguments>
            <argument value="127.0.0.1"/>
          </arguments>
        </staticCommand>
      </nativeExecutable>
    </task>
  </taskFlow>
  <metadata>
    <visualization>
      <![CDATA[ <html><head><link rel="stylesheet" href="/studio/styles/studio-standalone.css"><style>
        #workflow-designer {
            left:0 !important;
            top:0 !important;
            width:1139px;
            height:614px;
            }
        </style></head><body><div id="workflow-visualization-view"><div id="workflow-visualization" style="position:relative;top:-358.4875030517578px;left:-497.5px"><div class="task _jsPlumb_endpoint_anchor_ ui-draggable" id="jsPlumb_1_4" style="top: 363.5px; left: 502.5px;"><a class="task-name"><img src="/automation-dashboard/styles/patterns/img/wf-icons/native_task_windows.png" width="20px">&nbsp;<span class="name">Windows</span></a></div><div class="_jsPlumb_endpoint source-endpoint dependency-source-endpoint connected _jsPlumb_endpoint_anchor_ ui-draggable ui-droppable" style="position: absolute; height: 20px; width: 20px; left: 542px; top: 393px;"><svg style="position:absolute;left:0px;top:0px" width="20" height="20" pointer-events="all" position="absolute" version="1.1"
      xmlns="http://www.w3.org/1999/xhtml"><circle cx="10" cy="10" r="10" version="1.1"
      xmlns="http://www.w3.org/1999/xhtml" fill="#666" stroke="none" style=""></circle></svg></div></div></div></body></html>
 ]]>
    </visualization>
  </metadata>
</job>
