<?xml version="1.0" encoding="UTF-8"?>
<job
  xmlns:xsi="http://www.w3.org/2001/XMLSchema-instance"
  xmlns="urn:proactive:jobdescriptor:3.11" xsi:schemaLocation="urn:proactive:jobdescriptor:3.11 http://www.activeeon.com/public_content/schemas/proactive/jobdescriptor/3.11/schedulerjob.xsd"  name="Selection_Scripts" projectName="1. Basic Workflows" priority="normal" onTaskError="continueJobExecution"  maxNumberOfExecution="2" >
  <description>
    <![CDATA[ A selection script allows you to programmatically select a node to execute a given task. The script will be executed on nodes and should set the variable 'selected' to true to mark it as eligible for the task execution. ]]>
  </description>
  <genericInformation>
    <info name="workflow.icon" value="/automation-dashboard/styles/patterns/img/wf-icons/selection_scripts.png"/>
  </genericInformation>
  <taskFlow>
    <task name="run_only_on_linux" >
      <genericInformation>
        <info name="task.icon" value="/automation-dashboard/styles/patterns/img/wf-icons/selection_scripts.png"/>
      </genericInformation>
      <selection>
        <script>
          <code language="groovy">
            <![CDATA[
import org.ow2.proactive.scripting.helper.selection.SelectionUtils

                        selected = SelectionUtils.checkOSName("linux")
]]>
          </code>
        </script>
      </selection>
      <nativeExecutable>
        <staticCommand value="uname">
          <arguments>
            <argument value="-a"/>
          </arguments>
        </staticCommand>
      </nativeExecutable>
    </task>
    <task name="run_only_on_windows" >
      <genericInformation>
        <info name="task.icon" value="/automation-dashboard/styles/patterns/img/wf-icons/selection_scripts.png"/>
      </genericInformation>
      <selection>
        <script>
          <code language="groovy">
            <![CDATA[
import org.ow2.proactive.scripting.helper.selection.SelectionUtils

                        selected = SelectionUtils.checkOSName("windows")
]]>
          </code>
        </script>
      </selection>
      <nativeExecutable>
        <staticCommand value="cmd.exe">
          <arguments>
            <argument value="/c"/>
            <argument value="ver"/>
          </arguments>
        </staticCommand>
      </nativeExecutable>
    </task>
    <task name="run_only_on_mac" >
      <genericInformation>
        <info name="task.icon" value="/automation-dashboard/styles/patterns/img/wf-icons/selection_scripts.png"/>
      </genericInformation>
      <selection>
        <script>
          <code language="groovy">
            <![CDATA[
import org.ow2.proactive.scripting.helper.selection.SelectionUtils

                        selected = SelectionUtils.checkOSName("mac")
]]>
          </code>
        </script>
      </selection>
      <nativeExecutable>
        <staticCommand value="sw_vers"></staticCommand>
      </nativeExecutable>
    </task>
  </taskFlow>
  <metadata>
    <visualization>
      <![CDATA[ <html><head><link rel="stylesheet" href="/studio/styles/studio-standalone.css"><style>
        #workflow-designer {
            left:0 !important;
            top:0 !important;
            width:1139px;
            height:566px;
            }
        </style></head><body><div id="workflow-visualization-view"><div id="workflow-visualization" style="position:relative;top:-333.9875030517578px;left:-325px"><div class="task _jsPlumb_endpoint_anchor_ ui-draggable" id="jsPlumb_1_34" style="top: 339px; left: 330px;"><a class="task-name"><img src="/automation-dashboard/styles/patterns/img/wf-icons/selection_scripts.png" width="20px">&nbsp;<span class="name">run_only_on_linux</span></a></div><div class="task _jsPlumb_endpoint_anchor_ ui-draggable" id="jsPlumb_1_37" style="top: 339px; left: 493px;"><a class="task-name"><img src="/automation-dashboard/styles/patterns/img/wf-icons/selection_scripts.png" width="20px">&nbsp;<span class="name">run_only_on_windows</span></a></div><div class="task _jsPlumb_endpoint_anchor_ ui-draggable" id="jsPlumb_1_40" style="top: 339px; left: 655px;"><a class="task-name"><img src="/automation-dashboard/styles/patterns/img/wf-icons/selection_scripts.png" width="20px">&nbsp;<span class="name">run_only_on_mac</span></a></div><div class="_jsPlumb_endpoint source-endpoint dependency-source-endpoint connected _jsPlumb_endpoint_anchor_ ui-draggable ui-droppable" style="position: absolute; height: 20px; width: 20px; left: 378px; top: 369px;"><svg style="position:absolute;left:0px;top:0px" width="20" height="20" pointer-events="all" position="absolute" version="1.1"
      xmlns="http://www.w3.org/1999/xhtml"><circle cx="10" cy="10" r="10" version="1.1"
      xmlns="http://www.w3.org/1999/xhtml" fill="#666" stroke="none" style=""></circle></svg></div><div class="_jsPlumb_endpoint source-endpoint dependency-source-endpoint connected _jsPlumb_endpoint_anchor_ ui-draggable ui-droppable" style="position: absolute; height: 20px; width: 20px; left: 550px; top: 369px;"><svg style="position:absolute;left:0px;top:0px" width="20" height="20" pointer-events="all" position="absolute" version="1.1"
      xmlns="http://www.w3.org/1999/xhtml"><circle cx="10" cy="10" r="10" version="1.1"
      xmlns="http://www.w3.org/1999/xhtml" fill="#666" stroke="none" style=""></circle></svg></div><div class="_jsPlumb_endpoint source-endpoint dependency-source-endpoint connected _jsPlumb_endpoint_anchor_ ui-draggable ui-droppable" style="position: absolute; height: 20px; width: 20px; left: 702px; top: 369px;"><svg style="position:absolute;left:0px;top:0px" width="20" height="20" pointer-events="all" position="absolute" version="1.1"
      xmlns="http://www.w3.org/1999/xhtml"><circle cx="10" cy="10" r="10" version="1.1"
      xmlns="http://www.w3.org/1999/xhtml" fill="#666" stroke="none" style=""></circle></svg></div></div></div></body></html>
 ]]>
    </visualization>
  </metadata>
</job>