<?xml version="1.0" encoding="UTF-8"?>
<job
  xmlns:xsi="http://www.w3.org/2001/XMLSchema-instance"
  xmlns="urn:proactive:jobdescriptor:3.11" xsi:schemaLocation="urn:proactive:jobdescriptor:3.11 http://www.activeeon.com/public_content/schemas/proactive/jobdescriptor/3.11/schedulerjob.xsd"  name="Azure_Databricks_DBFS_Put" projectName="Azure Big Data" priority="normal" onTaskError="continueJobExecution"  maxNumberOfExecution="2" >
  <variables>
    <variable name="domain" value="westeurope.azuredatabricks.net" />
    <variable name="token" value="my_databricks_workspace_token" />
    <variable name="jar_path_from_dataspace" value="my_jar_to_put_to_the_dbfs" />
  </variables>
  <description>
    <![CDATA[ Creates a new Spark job with the provided settings and runs it now. ]]>
  </description>
  <genericInformation>
    <info name="workflow.icon" value="/automation-dashboard/styles/patterns/img/wf-icons/databricks.png"/>
    <info name="Documentation" value="https://docs.azuredatabricks.net/api/latest/index.html"/>
  </genericInformation>
  <taskFlow>
    <task name="Azure_Databricks_DBFS_Put" >
      <genericInformation>
        <info name="task.documentation" value="https://docs.azuredatabricks.net/api/latest/index.html"/>
        <info name="task.icon" value="/automation-dashboard/styles/patterns/img/wf-icons/databricks.png"/>
      </genericInformation>
      <inputFiles>
        <files  includes="$jar_path_from_dataspace" accessMode="transferFromGlobalSpace"/>
      </inputFiles>
      <scriptExecutable>
        <script>
          <code language="groovy">
            <![CDATA[
import groovy.json.JsonBuilder
import org.apache.http.entity.StringEntity
import org.apache.http.client.methods.HttpPost
import org.apache.http.entity.mime.MultipartEntityBuilder
import org.apache.http.impl.client.HttpClientBuilder
import org.apache.http.entity.mime.content.FileBody
import org.apache.http.entity.mime.content.StringBody
import org.apache.http.entity.ContentType


// Retrieve variables
def domain = variables.get("domain")
def token = variables.get("token")
def jar_path_from_dataspace = variables.get("jar_path_from_dataspace")


// Build the command
def put_query = "https://" + domain + "/api/2.0/dbfs/put"
def put_post = new HttpPost(put_query)
put_post.addHeader("Authorization", "Bearer " +  token)

def builder = MultipartEntityBuilder.create()
builder.addPart("contents", new FileBody(new File(localspace, jar_path_from_dataspace)))
builder.addPart("path", new StringBody("dbfs:/" + jar_path_from_dataspace))

put_post.setEntity(builder.build())
println "DBFS/PUT REQUEST=> " + put_post.getRequestLine()

// Execute the command
def put_response = HttpClientBuilder.create().build().execute(put_post)
println "DBFS/PUT RESPONSE=> " + put_response
]]>
          </code>
        </script>
      </scriptExecutable>
    </task>
  </taskFlow>
  <metadata>
    <visualization>
      <![CDATA[ <html><head><link rel="stylesheet" href="/studio/styles/studio-standalone.css"><style>
        #workflow-designer {
            left:0 !important;
            top:0 !important;
            width:1139px;
            height:566px;
            }
        </style></head><body><div id="workflow-visualization-view"><div id="workflow-visualization" style="position:relative;top:-333.9875030517578px;left:-454px"><div class="task _jsPlumb_endpoint_anchor_ ui-draggable" id="jsPlumb_1_1181" style="top: 339px; left: 459px;"><a class="task-name"><img src="/automation-dashboard/styles/patterns/img/wf-icons/databricks.png" width="20px">&nbsp;<span class="name">Azure_Databricks_dbfs_put</span></a></div><div class="_jsPlumb_endpoint source-endpoint dependency-source-endpoint connected _jsPlumb_endpoint_anchor_ ui-draggable ui-droppable" style="position: absolute; height: 20px; width: 20px; left: 528px; top: 369px;"><svg style="position:absolute;left:0px;top:0px" width="20" height="20" pointer-events="all" position="absolute" version="1.1"
      xmlns="http://www.w3.org/1999/xhtml"><circle cx="10" cy="10" r="10" version="1.1"
      xmlns="http://www.w3.org/1999/xhtml" fill="#666" stroke="none" style=""></circle></svg></div></div></div></body></html>
 ]]>
    </visualization>
  </metadata>
</job>