<?xml version="1.0" encoding="UTF-8"?>
<job
  xmlns:xsi="http://www.w3.org/2001/XMLSchema-instance"
  xmlns="urn:proactive:jobdescriptor:3.11" xsi:schemaLocation="urn:proactive:jobdescriptor:3.11 http://www.activeeon.com/public_content/schemas/proactive/jobdescriptor/3.11/schedulerjob.xsd"  name="Azure_Databricks_Cluster_Create" projectName="Azure Big Data" priority="normal" onTaskError="continueJobExecution"  maxNumberOfExecution="2" >
  <variables>
    <variable name="domain" value="westeurope.azuredatabricks.net" />
    <variable name="token" value="my_databricks_workspace_token" />
    <variable name="cluster_name" value="my_databricks_spark_cluster" />
    <variable name="spark_version" value="3.4.x-scala2.11" />
    <variable name="node_type_id" value="Standard_D3_v2" />
    <variable name="spark_speculation" value="false" model="PA:Boolean"/>
    <variable name="num_workers" value="2" model="PA:Integer"/>
  </variables>
  <description>
    <![CDATA[ Creates a new Spark cluster. ]]>
  </description>
  <genericInformation>
    <info name="workflow.icon" value="/automation-dashboard/styles/patterns/img/wf-icons/databricks.png"/>
    <info name="Documentation" value="https://docs.azuredatabricks.net/api/latest/index.html"/>
  </genericInformation>
  <taskFlow>
    <task name="Azure_Databricks_Cluster_Create" >
      <genericInformation>
        <info name="task.documentation" value="https://docs.azuredatabricks.net/api/latest/index.html"/>
        <info name="task.icon" value="/automation-dashboard/styles/patterns/img/wf-icons/databricks.png"/>
      </genericInformation>
      <scriptExecutable>
        <script>
          <code language="groovy">
            <![CDATA[
import groovy.json.JsonBuilder
import org.apache.http.entity.StringEntity

// Retrieve variables
def domain = variables.get("domain")
def token = variables.get("token")
def cluster_name = variables.get("cluster_name")
def spark_version = variables.get("spark_version")
def node_type_id = variables.get("node_type_id")
def spark_speculation = variables.get("spark_speculation")
def num_workers = variables.get("num_workers")

// Build the command params
def json = new JsonBuilder([cluster_name: cluster_name, spark_version: spark_version, node_type_id: node_type_id, num_workers: num_workers, spark_conf: ["spark.speculation": spark_speculation] ])
println json.toString()

// Build the command
def query = "https://" + domain + "/api/2.0/clusters/create"
def post = new org.apache.http.client.methods.HttpPost(query)
post.addHeader("Content-Type", "application/json")
post.addHeader("Authorization", "Bearer " +  token)
post.setEntity(new StringEntity(json.toString()));

// Execute the command
def response = org.apache.http.impl.client.HttpClientBuilder.create().build().execute(post)
println response
]]>
          </code>
        </script>
      </scriptExecutable>
    </task>
  </taskFlow>
  <metadata>
    <visualization>
      <![CDATA[ <html><head><link rel="stylesheet" href="/studio/styles/studio-standalone.css"><style>
        #workflow-designer {
            left:0 !important;
            top:0 !important;
            width:1139px;
            height:566px;
            }
        </style></head><body><div id="workflow-visualization-view"><div id="workflow-visualization" style="position:relative;top:-333.9875030517578px;left:-436px"><div class="task _jsPlumb_endpoint_anchor_ ui-draggable" id="jsPlumb_1_1169" style="top: 339px; left: 441px;"><a class="task-name"><img src="/automation-dashboard/styles/patterns/img/wf-icons/databricks.png" width="20px">&nbsp;<span class="name">Azure_Databricks_cluster_create</span></a></div><div class="_jsPlumb_endpoint source-endpoint dependency-source-endpoint connected _jsPlumb_endpoint_anchor_ ui-draggable ui-droppable" style="position: absolute; height: 20px; width: 20px; left: 522px; top: 369px;"><svg style="position:absolute;left:0px;top:0px" width="20" height="20" pointer-events="all" position="absolute" version="1.1"
      xmlns="http://www.w3.org/1999/xhtml"><circle cx="10" cy="10" r="10" version="1.1"
      xmlns="http://www.w3.org/1999/xhtml" fill="#666" stroke="none" style=""></circle></svg></div></div></div></body></html>
 ]]>
    </visualization>
  </metadata>
</job>