{
	"metadata": {
		"slug": "cloudautomation-reserve_nodes",
		"name": "CloudAutomation Reserve nodes",
		"short_description": "Manage nodes",
		"author": "ActiveEon's Team",
		"tags": ["Nodes", "Reserve", "Free"],
		"version": "1.0"
	},
	"dataspace" : {
		"target" : "global",
		"files" : ["resources/dataspace/replicated_sleeps.xml"]
	},
	"catalog" : {
		"bucket" : "cloud-automation",
		"objects" : [
			{
				"name" : "Reserve_Nodes",
				"metadata" : {
					"kind" : "Workflow/pca",
					"commitMessage" : "First commit",
					"contentType" : "application/xml"
				},
				"file": "resources/catalog/reserve_nodes.xml"
			},
			{
				"name" : "Free_Nodes",
				"metadata" : {
					"kind" : "Workflow/pca",
					"commitMessage" : "First commit",
					"contentType" : "application/xml"
				},
				"file": "resources/catalog/free_nodes.xml"
			}
		]
	}
}
