{
	"metadata": {
		"slug": "deeplearningworkflows",
		"name": "Deep Learning Workflows",
		"short_description": "Example of deep learning workflows.",
		"author": "ActiveEon's Team",
		"tags": ["Deep Learning", "Cognitive Services", "Machine Learning", "Artificial Intelligence"],
		"version": "1.0"
	},
	"catalog" : {
		"bucket" : "deep-learning-workflows",
		"objects" : [
			{
				"name" : "Emotion_Detection_In_Bing_Images",
				"metadata" : {
					"kind": "Workflow/standard",
					"commitMessage": "first version",
					"contentType": "application/xml"
				},
				"file" : "resources/catalog/Emotion_Detection_In_Bing_Images.xml"
			},
			{
				"name" : "Sentiment_Analysis_In_Bing_News",
				"metadata" : {
					"kind": "Workflow/standard",
					"commitMessage": "first version",
					"contentType": "application/xml"
				},
				"file" : "resources/catalog/Sentiment_Analysis_In_Bing_News.xml"
			},
			{
				"name" : "IMDB_Sentiment_Analysis",
				"metadata" : {
					"kind": "Workflow/standard",
					"commitMessage": "first version",
					"contentType": "application/xml"
				},
				"file" : "resources/catalog/IMDB_Sentiment_Analysis.xml"
			},
			{
				"name" : "Custom_Sentiment_Analysis_In_Bing_News",
				"metadata" : {
					"kind": "Workflow/standard",
					"commitMessage": "first version",
					"contentType": "application/xml"
				},
				"file" : "resources/catalog/Custom_Sentiment_Analysis_In_Bing_News.xml"
			},
			{
				"name" : "Image_Classification",
				"metadata" : {
					"kind": "Workflow/standard",
					"commitMessage": "first version",
					"contentType": "application/xml"
				},
				"file" : "resources/catalog/Image_Classification.xml"
			},
			{
				"name" : "Language_Detection",
				"metadata" : {
					"kind": "Workflow/standard",
					"commitMessage": "first version",
					"contentType": "application/xml"
				},
				"file" : "resources/catalog/Language_Detection.xml"
			},
			{
				"name" : "CNTK_ConvNet",
				"metadata" : {
					"kind": "Workflow/standard",
					"commitMessage": "first version",
					"contentType": "application/xml"
				},
				"file" : "resources/catalog/CNTK_ConvNet.xml"
			},
			{
				"name" : "CNTK_SimpleNet",
				"metadata" : {
					"kind": "Workflow/standard",
					"commitMessage": "first version",
					"contentType": "application/xml"
				},
				"file" : "resources/catalog/CNTK_SimpleNet.xml"
			},
			{
				"name" : "GAN_Generate_Fake_MNIST_Images",
				"metadata" : {
					"kind": "Workflow/standard",
					"commitMessage": "first version",
					"contentType": "application/xml"
				},
				"file" : "resources/catalog/GAN_Generate_Fake_MNIST_Images.xml"
			},
			{
				"name" : "DCGAN_Generate_Fake_MNIST_Images",
				"metadata" : {
					"kind": "Workflow/standard",
					"commitMessage": "first version",
					"contentType": "application/xml"
				},
				"file" : "resources/catalog/DCGAN_Generate_Fake_MNIST_Images.xml"
			},
			{
				"name" : "Fake_Celebritiy_Faces_Generation",
				"metadata" : {
					"kind": "Workflow/standard",
					"commitMessage": "first version",
					"contentType": "application/xml"
				},
				"file" : "resources/catalog/Fake_Celebritiy_Faces_Generation.xml"
			},
			{
				"name" : "Image_Segmentation",
				"metadata" : {
					"kind": "Workflow/standard",
					"commitMessage": "first version",
					"contentType": "application/xml"
				},
				"file" : "resources/catalog/Image_Segmentation.xml"
			},
			{
				"name" : "Train_Image_Classification",
				"metadata" : {
					"kind": "Workflow/standard",
					"commitMessage": "first version",
					"contentType": "application/xml"
				},
				"file" : "resources/catalog/Train_Image_Classification.xml"
			},
			{
				"name" : "Train_Image_Segmentation",
				"metadata" : {
					"kind": "Workflow/standard",
					"commitMessage": "first version",
					"contentType": "application/xml"
				},
				"file" : "resources/catalog/Train_Image_Segmentation.xml"
			},
			{
				"name" : "Train_Image_Object_Detection",
				"metadata" : {
					"kind": "Workflow/standard",
					"commitMessage": "first version",
					"contentType": "application/xml"
				},
				"file" : "resources/catalog/Train_Image_Object_Detection.xml"
			},
			{
				"name" : "Deep_Model_Explainability",
				"metadata" : {
					"kind": "Workflow/standard",
					"commitMessage": "first version",
					"contentType": "application/xml"
				},
				"file" : "resources/catalog/Deep_Model_Explainability.xml"
			},
			{
				"name" : "Image_Object_Detection",
				"metadata" : {
					"kind": "Workflow/standard",
					"commitMessage": "first version",
					"contentType": "application/xml"
				},
				"file" : "resources/catalog/Image_Object_Detection.xml"
			},
			{
				"name" : "Search_Train_Image_Classification",
				"metadata" : {
					"kind": "Workflow/standard",
					"commitMessage": "first version",
					"contentType": "application/xml"
				},
				"file" : "resources/catalog/Search_Train_Image_Classification.xml"
			},
			{
				"name" : "Search_Classify_Images",
				"metadata" : {
					"kind": "Workflow/standard",
					"commitMessage": "first version",
					"contentType": "application/xml"
				},
				"file" : "resources/catalog/Search_Classify_Images.xml"
			},
			{
				"name" : "Horovod_Job",
				"metadata" : {
					"kind": "Workflow/standard",
					"commitMessage": "First commit",
					"contentType": "application/xml"
				},
				"file" : "resources/catalog/Horovod_Job.xml"
			},
			{
				"name" : "Horovod_Job_Slurm",
				"metadata" : {
					"kind": "Workflow/standard",
					"commitMessage": "First commit",
					"contentType": "application/xml"
				},
				"file" : "resources/catalog/Horovod_Job_Slurm.xml"
			},
			{
				"name" : "Horovod_Job_Docker",
				"metadata" : {
					"kind": "Workflow/standard",
					"commitMessage": "First commit",
					"contentType": "application/xml"
				},
				"file" : "resources/catalog/Horovod_Job_Docker.xml"
			},
			{
				"name" : "TensorFlow_Task",
				"metadata" : {
					"kind": "Workflow/standard",
					"commitMessage": "First commit",
					"contentType": "application/xml"
				},
				"file" : "resources/catalog/TensorFlow_Task.xml"
			}, 
			{
				"name" : "Keras_Task",
				"metadata" : {
					"kind": "Workflow/standard",
					"commitMessage": "First commit",
					"contentType": "application/xml"
				},
				"file" : "resources/catalog/Keras_Task.xml"
			}, 
			{
				"name" : "PyTorch_Task",
				"metadata" : {
					"kind": "Workflow/standard",
					"commitMessage": "First commit",
					"contentType": "application/xml"
				},
				"file" : "resources/catalog/PyTorch_Task.xml"
			}
		]
	}
}
