{
	"metadata": {
		"slug": "deeplearningworkflows",
		"name": "Deep Learning Workflows",
		"short_description": "Deep Learning Workflows",
		"author": "ActiveEon's Team",
		"tags": ["Deep Learning", "Cognitive Services", "Machine Learning", "Artificial Intelligence"],
		"version": "1.0"
	},
	"test": {
		"scenarios": "resources/test/scenarios.json"
	},
	"catalog" : {
		"bucket" : "deep-learning-workflows",
		"objects" : [
			{
				"name" : "Emotion_Detection_In_Bing_Images",
				"metadata" : {
					"kind": "Workflow/standard",
					"commitMessage": "first version",
					"contentType": "application/xml"
				},
				"file" : "resources/catalog/Emotion_Detection_In_Bing_Images.xml"
			},
			{
				"name" : "Sentiment_Analysis_In_Bing_News",
				"metadata" : {
					"kind": "Workflow/standard",
					"commitMessage": "first version",
					"contentType": "application/xml"
				},
				"file" : "resources/catalog/Sentiment_Analysis_In_Bing_News.xml"
			},
			{
				"name" : "IMDB_Sentiment_Analysis",
				"metadata" : {
					"kind": "Workflow/standard",
					"commitMessage": "first version",
					"contentType": "application/xml"
				},
				"file" : "resources/catalog/IMDB_Sentiment_Analysis.xml"
			},
			{
				"name" : "Custom_Sentiment_Analysis_In_Bing_News",
				"metadata" : {
					"kind": "Workflow/standard",
					"commitMessage": "first version",
					"contentType": "application/xml"
				},
				"file" : "resources/catalog/Custom_Sentiment_Analysis_In_Bing_News.xml"
			},
			{
				"name" : "Image_Classification",
				"metadata" : {
					"kind": "Workflow/standard",
					"commitMessage": "first version",
					"contentType": "application/xml"
				},
				"file" : "resources/catalog/Image_Classification.xml"
			},
			{
				"name" : "Language_Detection",
				"metadata" : {
					"kind": "Workflow/standard",
					"commitMessage": "first version",
					"contentType": "application/xml"
				},
				"file" : "resources/catalog/Language_Detection.xml"
			},
			{
				"name" : "CNTK_ConvNet",
				"metadata" : {
					"kind": "Workflow/standard",
					"commitMessage": "first version",
					"contentType": "application/xml"
				},
				"file" : "resources/catalog/CNTK_ConvNet.xml"
			},
			{
				"name" : "CNTK_SimpleNet",
				"metadata" : {
					"kind": "Workflow/standard",
					"commitMessage": "first version",
					"contentType": "application/xml"
				},
				"file" : "resources/catalog/CNTK_SimpleNet.xml"
			},
			{
				"name" : "GAN_Generate_Fake_MNIST_Images",
				"metadata" : {
					"kind": "Workflow/standard",
					"commitMessage": "first version",
					"contentType": "application/xml"
				},
				"file" : "resources/catalog/GAN_Generate_Fake_MNIST_Images.xml"
			},
			{
				"name" : "DCGAN_Generate_Fake_MNIST_Images",
				"metadata" : {
					"kind": "Workflow/standard",
					"commitMessage": "first version",
					"contentType": "application/xml"
				},
				"file" : "resources/catalog/DCGAN_Generate_Fake_MNIST_Images.xml"
			},
			{
				"name" : "Fake_Celebritiy_Faces_Generation",
				"metadata" : {
					"kind": "Workflow/standard",
					"commitMessage": "first version",
					"contentType": "application/xml"
				},
				"file" : "resources/catalog/Fake_Celebritiy_Faces_Generation.xml"
			},
			{
				"name" : "Image_Segmentation",
				"metadata" : {
					"kind": "Workflow/standard",
					"commitMessage": "first version",
					"contentType": "application/xml"
				},
				"file" : "resources/catalog/Image_Segmentation.xml"
			},
			{
				"name" : "Image_Object_Detection",
				"metadata" : {
					"kind": "Workflow/standard",
					"commitMessage": "first version",
					"contentType": "application/xml"
				},
				"file" : "resources/catalog/Image_Object_Detection.xml"
			}
		]
	}
}
