{
	"metadata": {
		"slug": "loganalysis",
		"name": "Log Analysis",
		"short_description": "Log analysis and anomaly detection on logs with Docker",
		"author": "ActiveEon's Team",
		"tags": ["Samples", "Machine Learning", "Log Analysis", "Big Data", "Analytics", "Anomaly Detection", "Intrusion Detection"],
		"version": "1.0"
	},
	"test": {
		"scenarios": "resources/test/scenarios.json"
	},
	"catalog" : {
		"bucket" : "machine-learning-workflows",
		"objects" : [
			{
				"name" : "Anomaly_Detection_In_HDFS_Blocks",
				"metadata" : {
					"kind": "Workflow/standard",
					"commitMessage": "First commit",
					"contentType": "application/xml"
				},
				"file" : "resources/catalog/Anomaly_Detection_In_HDFS_Blocks.xml"
			},
			{
				"name" : "Anomaly_Detection_In_HDFS_Nodes",
				"metadata" : {
					"kind": "Workflow/standard",
					"commitMessage": "First commit",
					"contentType": "application/xml"
				},
				"file" : "resources/catalog/Anomaly_Detection_In_HDFS_Nodes.xml"
			},
			{
				"name" : "Anomaly_Detection_In_Apache_Logs",
				"metadata" : {
					"kind": "Workflow/standard",
					"commitMessage": "First commit",
					"contentType": "application/xml"
				},
				"file" : "resources/catalog/Anomaly_Detection_In_Apache_Logs.xml"
			},
			{
				"name" : "Unsupervised_Anomaly_Detection",
				"metadata" : {
					"kind": "Workflow/standard",
					"commitMessage": "First commit",
					"contentType": "application/xml"
				},
				"file" : "resources/catalog/Unsupervised_Anomaly_Detection.xml"
			}
		]
	}
}
