<?xml version="1.0" encoding="UTF-8"?>
<job
  xmlns:xsi="http://www.w3.org/2001/XMLSchema-instance"
  xmlns="urn:proactive:jobdescriptor:3.11" xsi:schemaLocation="urn:proactive:jobdescriptor:3.11 http://www.activeeon.com/public_content/schemas/proactive/jobdescriptor/3.11/schedulerjob.xsd"  name="DCGAN_Generate_Fake_MNIST_Images" projectName="2. Microsoft Cognitive Toolkit" priority="normal" onTaskError="continueJobExecution"  maxNumberOfExecution="2" >
  <variables>
    <variable name="DOCKER_ENABLED" value="True" model="PA:Boolean"/>
    <variable name="GPU_NODES_ONLY" value="False" model="PA:Boolean"/>
    <variable name="GPU_CUDA_PATH" value="/usr/local/cuda" />
  </variables>
  <description>
    <![CDATA[ Deep Convolutional GAN generating fake MNIST images ]]>
  </description>
  <genericInformation>
    <info name="bucketName" value="deep-learning-workflows"/>
    <info name="workflow.icon" value="/automation-dashboard/styles/patterns/img/wf-icons/cntk.png"/>
    <info name="Documentation" value="https://www.cntk.ai/pythondocs/gettingstarted.html"/>
    <info name="group" value="public-objects"/>
  </genericInformation>
  <taskFlow>
    <task name="Import_MNIST_Dataset" >
      <description>
        <![CDATA[ Import the MNIST dataset ]]>
      </description>
      <variables>
        <variable name="DOCKER_ENABLED" value="True" inherited="true" model="PA:Boolean"/>
        <variable name="GPU_NODES_ONLY" value="False" inherited="true" model="PA:Boolean"/>
      </variables>
      <genericInformation>
        <info name="PYTHON_COMMAND" value="/root/anaconda3/envs/cntk-py35/bin/python"/>
        <info name="task.icon" value="/automation-dashboard/styles/patterns/img/wf-icons/cntk.png"/>
      </genericInformation>
      <selection>
        <script type="static">
          <code language="python">
            <![CDATA[
#%% node_selection (python)
# job/task variables:
# GPU_NODES_ONLY: False (default)
import os

GPU_NODES_ONLY = False
if variables.get("GPU_NODES_ONLY") is not None:
  if str(variables.get("GPU_NODES_ONLY")).lower() == 'true':
    GPU_NODES_ONLY = True

CUDA_ENABLED = False
CUDA_HOME = os.getenv('CUDA_HOME', None)
CUDA_HOME_DEFAULT = '/usr/local/cuda'
if CUDA_HOME is not None:
  if os.path.isdir(CUDA_HOME) == True:
    CUDA_ENABLED = True
else:
  if os.path.isdir(CUDA_HOME_DEFAULT) == True:
    CUDA_ENABLED = True

selected = ((GPU_NODES_ONLY == False) or (GPU_NODES_ONLY == True and CUDA_ENABLED == True))
]]>
          </code>
        </script>
      </selection>
      <forkEnvironment javaHome="/usr" >
        <envScript>
          <script>
            <code language="python">
              <![CDATA[
#%% CNTK (CPU + GPU fork env)
# Job variables:
# DOCKER_ENABLED: True (default)
import os

DOCKER_ENABLED = True
if variables.get("DOCKER_ENABLED") is not None:
  if str(variables.get("DOCKER_ENABLED")).lower() == 'false':
    DOCKER_ENABLED = False

DOCKER_GPU_ENABLED = False
DOCKER_NVIDIA_PATH = '/usr/bin/nvidia-docker'
if os.path.exists(DOCKER_NVIDIA_PATH):
  DOCKER_GPU_ENABLED = True

CUDA_ENABLED = False
CUDA_HOME = os.getenv('CUDA_HOME', None)
CUDA_HOME_DEFAULT = '/usr/local/cuda'
if CUDA_HOME is not None:
  if os.path.isdir(CUDA_HOME) == True:
    CUDA_ENABLED = True
else:
  if os.path.isdir(CUDA_HOME_DEFAULT) == True:
    CUDA_ENABLED = True

DOCKER_RUN_CMD   = 'docker run '
#DOCKER_CONTAINER = 'microsoft/cntk:2.4-cpu-python3.5' # default
DOCKER_CONTAINER = 'activeeon/cntk:2.4-cpu-python3.5'  # added oracle-java 1.8.0_161 + py4j
if DOCKER_GPU_ENABLED and CUDA_ENABLED:
  DOCKER_RUN_CMD   = 'nvidia-docker run '
  #DOCKER_CONTAINER = 'microsoft/cntk' # default
  DOCKER_CONTAINER = 'activeeon/cntk'  # added oracle-java 1.8.0_161 + py4j

print('Fork environment info...')
print('DOCKER_ENABLED:     ' + str(DOCKER_ENABLED))
print('DOCKER_CONTAINER:   ' + DOCKER_CONTAINER)
print('DOCKER_GPU_ENABLED: ' + str(DOCKER_GPU_ENABLED))
print('DOCKER_RUN_CMD:     ' + DOCKER_RUN_CMD)

if DOCKER_ENABLED == True:
  # Prepare Docker parameters 
  containerName = DOCKER_CONTAINER
  dockerRunCommand =  DOCKER_RUN_CMD
  dockerParameters = '--rm ' 
  # Prepare ProActive home volume 
  paHomeHost = variables.get("PA_SCHEDULER_HOME") 
  paHomeContainer = variables.get("PA_SCHEDULER_HOME") 
  proActiveHomeVolume = '-v '+paHomeHost +':'+paHomeContainer+' ' 
  # Prepare working directory (For Dataspaces and serialized task file) 
  workspaceHost = localspace 
  workspaceContainer = localspace 
  workspaceVolume = '-v '+localspace +':'+localspace+' ' 
  # Prepare container working directory 
  containerWorkingDirectory = '-w '+workspaceContainer+' ' 
  # Save pre execution command into magic variable 'preJavaHomeCmd', which is picked up by the node 
  preJavaHomeCmd = dockerRunCommand + dockerParameters + proActiveHomeVolume + workspaceVolume + containerWorkingDirectory + containerName
  
  print('DOCKER_FULL_CMD:    ' + preJavaHomeCmd)
else:
  print("Fork environment disabled")
]]>
            </code>
          </script>
        </envScript>
      </forkEnvironment>
      <scriptExecutable>
        <script>
          <code language="cpython">
            <![CDATA[
# Import the relevant modules to be used later
import gzip
import numpy as np
import os
import shutil
import struct
import sys
import cntk as C
import pandas as pd

try: 
    from urllib.request import urlretrieve 
except ImportError: 
    from urllib import urlretrieve

# Functions to load MNIST images and unpack into train and test set.
# - loadData reads a image and formats it into a 28x28 long array
# - loadLabels reads the corresponding label data, one for each image
# - load packs the downloaded image and label data into a combined format to be read later by 
#   the CNTK text reader 

def loadData(src, cimg):
    print ('Downloading ' + src)
    gzfname, h = urlretrieve(src, './delete.me')
    print ('Done.')
    try:
        with gzip.open(gzfname) as gz:
            n = struct.unpack('I', gz.read(4))
            # Read magic number.
            if n[0] != 0x3080000:
                raise Exception('Invalid file: unexpected magic number.')
            # Read number of entries.
            n = struct.unpack('>I', gz.read(4))[0]
            if n != cimg:
                raise Exception('Invalid file: expected {0} entries.'.format(cimg))
            crow = struct.unpack('>I', gz.read(4))[0]
            ccol = struct.unpack('>I', gz.read(4))[0]
            if crow != 28 or ccol != 28:
                raise Exception('Invalid file: expected 28 rows/cols per image.')
            # Read data.
            res = np.fromstring(gz.read(cimg * crow * ccol), dtype = np.uint8)
    finally:
        os.remove(gzfname)
    return res.reshape((cimg, crow * ccol))

def loadLabels(src, cimg):
    print ('Downloading ' + src)
    gzfname, h = urlretrieve(src, './delete.me')
    print ('Done.')
    try:
        with gzip.open(gzfname) as gz:
            n = struct.unpack('I', gz.read(4))
            # Read magic number.
            if n[0] != 0x1080000:
                raise Exception('Invalid file: unexpected magic number.')
            # Read number of entries.
            n = struct.unpack('>I', gz.read(4))
            if n[0] != cimg:
                raise Exception('Invalid file: expected {0} rows.'.format(cimg))
            # Read labels.
            res = np.fromstring(gz.read(cimg), dtype = np.uint8)
    finally:
        os.remove(gzfname)
    return res.reshape((cimg, 1))

def try_download(dataSrc, labelsSrc, cimg):
    data = loadData(dataSrc, cimg)
    labels = loadLabels(labelsSrc, cimg)
    return np.hstack((data, labels))
    
# URLs for the train image and label data
url_train_image = 'http://yann.lecun.com/exdb/mnist/train-images-idx3-ubyte.gz'
url_train_labels = 'http://yann.lecun.com/exdb/mnist/train-labels-idx1-ubyte.gz'
num_train_samples = 60000

print("Downloading train data")
train = try_download(url_train_image, url_train_labels, num_train_samples)

# URLs for the test image and label data
url_test_image = 'http://yann.lecun.com/exdb/mnist/t10k-images-idx3-ubyte.gz'
url_test_labels = 'http://yann.lecun.com/exdb/mnist/t10k-labels-idx1-ubyte.gz'
num_test_samples = 10000

print("Downloading test data")
test = try_download(url_test_image, url_test_labels, num_test_samples)


# Save the data files into a format compatible with CNTK text reader
def savetxt(filename, ndarray):
    dir = os.path.dirname(filename)

    if not os.path.exists(dir):
        os.makedirs(dir)

    if not os.path.isfile(filename):
        print("Saving", filename )
        with open(filename, 'w') as f:
            labels = list(map(' '.join, np.eye(10, dtype=np.uint).astype(str)))
            for row in ndarray:
                row_str = row.astype(str)
                label_str = labels[row[-1]]
                feature_str = ' '.join(row_str[:-1])
                f.write('|labels {} |features {}\n'.format(label_str, feature_str))
    else:
        print("File already exists", filename)

# Save the train and test files (prefer our default path for the data)
data_dir = os.path.join("..", "Examples", "Image", "DataSets", "MNIST")
if not os.path.exists(data_dir):
    data_dir = os.path.join("data", "MNIST")

print ('Writing train text file...')
savetxt(os.path.join(data_dir, "Train-28x28_cntk_text.txt"), train)

print ('Writing test text file...')
savetxt(os.path.join(data_dir, "Test-28x28_cntk_text.txt"), test)

print('Done')


isFast = True 

# Ensure the training data is generated and available for this tutorial
# We search in two locations in the toolkit for the cached MNIST data set.

data_found = False

for data_dir in [os.path.join("..", "Examples", "Image", "DataSets", "MNIST"),
                 os.path.join("data", "MNIST")]:
    train_file = os.path.join(data_dir, "Train-28x28_cntk_text.txt")
    if os.path.isfile(train_file):
        data_found = True
        break
        
if not data_found:
    raise ValueError("Please generate the data by completing CNTK 103 Part A")
    
print("Data directory is {0}".format(data_dir))

try:
  variables.put("DATA_PATH", data_dir )
  variables.put("train_file",train_file)
except NameError as err:
  print("{0}".format(err))
  print("Warning: this script is running outside from ProActive.")
  pass
]]>
          </code>
        </script>
      </scriptExecutable>
      <outputFiles>
        <files  includes="$DATA_PATH/**" accessMode="transferToGlobalSpace"/>
      </outputFiles>
      <metadata>
        <positionTop>
            166.765625
        </positionTop>
        <positionLeft>
            232.921875
        </positionLeft>
      </metadata>
    </task>
    <task name="DCGAN" >
      <description>
        <![CDATA[ Deep Convolutional Generative Adversarial Networks are a class of CNN and one of the first approaches that made GANs stable and usable for learning features from images in unsupervised learning. ]]>
      </description>
      <variables>
        <variable name="DOCKER_ENABLED" value="True" inherited="true" model="PA:Boolean"/>
        <variable name="GPU_NODES_ONLY" value="False" inherited="true" model="PA:Boolean"/>
      </variables>
      <genericInformation>
        <info name="PYTHON_COMMAND" value="/root/anaconda3/envs/cntk-py35/bin/python"/>
        <info name="task.icon" value="/automation-dashboard/styles/patterns/img/wf-icons/cntk.png"/>
      </genericInformation>
      <selection>
        <script type="static">
          <code language="python">
            <![CDATA[
#%% node_selection (python)
# job/task variables:
# GPU_NODES_ONLY: False (default)
import os

GPU_NODES_ONLY = False
if variables.get("GPU_NODES_ONLY") is not None:
  if str(variables.get("GPU_NODES_ONLY")).lower() == 'true':
    GPU_NODES_ONLY = True

CUDA_ENABLED = False
CUDA_HOME = os.getenv('CUDA_HOME', None)
CUDA_HOME_DEFAULT = '/usr/local/cuda'
if CUDA_HOME is not None:
  if os.path.isdir(CUDA_HOME) == True:
    CUDA_ENABLED = True
else:
  if os.path.isdir(CUDA_HOME_DEFAULT) == True:
    CUDA_ENABLED = True

selected = ((GPU_NODES_ONLY == False) or (GPU_NODES_ONLY == True and CUDA_ENABLED == True))
]]>
          </code>
        </script>
      </selection>
      <forkEnvironment javaHome="/usr" >
        <envScript>
          <script>
            <code language="python">
              <![CDATA[
#%% CNTK (CPU + GPU fork env)
# Job variables:
# DOCKER_ENABLED: True (default)
import os

DOCKER_ENABLED = True
if variables.get("DOCKER_ENABLED") is not None:
  if str(variables.get("DOCKER_ENABLED")).lower() == 'false':
    DOCKER_ENABLED = False

DOCKER_GPU_ENABLED = False
DOCKER_NVIDIA_PATH = '/usr/bin/nvidia-docker'
if os.path.exists(DOCKER_NVIDIA_PATH):
  DOCKER_GPU_ENABLED = True

CUDA_ENABLED = False
CUDA_HOME = os.getenv('CUDA_HOME', None)
CUDA_HOME_DEFAULT = '/usr/local/cuda'
if CUDA_HOME is not None:
  if os.path.isdir(CUDA_HOME) == True:
    CUDA_ENABLED = True
else:
  if os.path.isdir(CUDA_HOME_DEFAULT) == True:
    CUDA_ENABLED = True

DOCKER_RUN_CMD   = 'docker run '
#DOCKER_CONTAINER = 'microsoft/cntk:2.4-cpu-python3.5' # default
DOCKER_CONTAINER = 'activeeon/cntk:2.4-cpu-python3.5'  # added oracle-java 1.8.0_161 + py4j
if DOCKER_GPU_ENABLED and CUDA_ENABLED:
  DOCKER_RUN_CMD   = 'nvidia-docker run '
  #DOCKER_CONTAINER = 'microsoft/cntk' # default
  DOCKER_CONTAINER = 'activeeon/cntk'  # added oracle-java 1.8.0_161 + py4j

print('Fork environment info...')
print('DOCKER_ENABLED:     ' + str(DOCKER_ENABLED))
print('DOCKER_CONTAINER:   ' + DOCKER_CONTAINER)
print('DOCKER_GPU_ENABLED: ' + str(DOCKER_GPU_ENABLED))
print('DOCKER_RUN_CMD:     ' + DOCKER_RUN_CMD)

if DOCKER_ENABLED == True:
  # Prepare Docker parameters 
  containerName = DOCKER_CONTAINER
  dockerRunCommand =  DOCKER_RUN_CMD
  dockerParameters = '--rm ' 
  # Prepare ProActive home volume 
  paHomeHost = variables.get("PA_SCHEDULER_HOME") 
  paHomeContainer = variables.get("PA_SCHEDULER_HOME") 
  proActiveHomeVolume = '-v '+paHomeHost +':'+paHomeContainer+' ' 
  # Prepare working directory (For Dataspaces and serialized task file) 
  workspaceHost = localspace 
  workspaceContainer = localspace 
  workspaceVolume = '-v '+localspace +':'+localspace+' ' 
  # Prepare container working directory 
  containerWorkingDirectory = '-w '+workspaceContainer+' ' 
  # Save pre execution command into magic variable 'preJavaHomeCmd', which is picked up by the node 
  preJavaHomeCmd = dockerRunCommand + dockerParameters + proActiveHomeVolume + workspaceVolume + containerWorkingDirectory + containerName
  
  print('DOCKER_FULL_CMD:    ' + preJavaHomeCmd)
else:
  print("Fork environment disabled")
]]>
            </code>
          </script>
        </envScript>
      </forkEnvironment>
      <scriptExecutable>
        <script>
          <code language="cpython">
            <![CDATA[
# architectural parameters

MODEL_CLASS = """

# architectural parameters
img_h, img_w = 28, 28
kernel_h, kernel_w = 5, 5 
stride_h, stride_w = 2, 2

# Input / Output parameter of Generator and Discriminator
g_input_dim = 100
g_output_dim = d_input_dim = img_h * img_w

# We expect the kernel shapes to be square in this tutorial and
# the strides to be of the same length along each data dimension
if kernel_h == kernel_w:
    gkernel = dkernel = kernel_h
else:
    raise ValueError('This tutorial needs square shaped kernel') 
            
if stride_h == stride_w:
    gstride = dstride = stride_h
else:
    raise ValueError('This tutorial needs same stride in all dims')


# Helper functions
def bn_with_relu(x, activation=C.relu):
    h = C.layers.BatchNormalization(map_rank=1)(x)
    return C.relu(h)

# We use param-relu function to use a leak=0.2 since CNTK implementation 
# of Leaky ReLU is fixed to 0.01
def bn_with_leaky_relu(x, leak=0.2):
    h = C.layers.BatchNormalization(map_rank=1)(x)
    r = C.param_relu(C.constant((np.ones(h.shape)*leak).astype(np.float32)), h)
    return r
    
def convolutional_generator(z):
    with C.layers.default_options(init=C.normal(scale=0.02)):
        print('Generator input shape: ', z.shape)

        s_h2, s_w2 = img_h//2, img_w//2 #Input shape (14,14)
        s_h4, s_w4 = img_h//4, img_w//4 # Input shape (7,7)
        gfc_dim = 1024
        gf_dim = 64

        h0 = C.layers.Dense(gfc_dim, activation=None)(z)
        h0 = bn_with_relu(h0)
        print('h0 shape', h0.shape)

        h1 = C.layers.Dense([gf_dim * 2, s_h4,  s_w4], activation=None)(h0)
        h1 = bn_with_relu(h1)
        print('h1 shape', h1.shape)

        h2 = C.layers.ConvolutionTranspose2D(gkernel,
                                  num_filters=gf_dim*2,
                                  strides=gstride,
                                  pad=True,
                                  output_shape=(s_h2, s_w2),
                                  activation=None)(h1)
        h2 = bn_with_relu(h2)
        print('h2 shape', h2.shape)

        h3 = C.layers.ConvolutionTranspose2D(gkernel,
                                  num_filters=1,
                                  strides=gstride,
                                  pad=True,
                                  output_shape=(img_h, img_w),
                                  activation=C.sigmoid)(h2)
        print('h3 shape :', h3.shape)

        return C.reshape(h3, img_h * img_w)
def convolutional_discriminator(x):
    with C.layers.default_options(init=C.normal(scale=0.02)):

        dfc_dim = 1024
        df_dim = 64

        print('Discriminator convolution input shape', x.shape)
        x = C.reshape(x, (1, img_h, img_w))

        h0 = C.layers.Convolution2D(dkernel, 1, strides=dstride)(x)
        h0 = bn_with_leaky_relu(h0, leak=0.2)
        print('h0 shape :', h0.shape)

        h1 = C.layers.Convolution2D(dkernel, df_dim, strides=dstride)(h0)
        h1 = bn_with_leaky_relu(h1, leak=0.2)
        print('h1 shape :', h1.shape)

        h2 = C.layers.Dense(dfc_dim, activation=None)(h1)
        h2 = bn_with_leaky_relu(h2, leak=0.2)
        print('h2 shape :', h2.shape)

        h3 = C.layers.Dense(1, activation=C.sigmoid)(h2)
        print('h3 shape :', h3.shape)

        return h3"""
        
try:
  variables.put("MODEL_CLASS", MODEL_CLASS )
except NameError as err:
  print("{0}".format(err))
  print("Warning: this script is running outside from ProActive.")
  pass
]]>
          </code>
        </script>
      </scriptExecutable>
      <outputFiles>
        <files  includes="$DATA_PATH/**" accessMode="transferToGlobalSpace"/>
      </outputFiles>
      <metadata>
        <positionTop>
            172.765625
        </positionTop>
        <positionLeft>
            434.921875
        </positionLeft>
      </metadata>
    </task>
    <task name="Train_Model" >
      <description>
        <![CDATA[ Train the GAN model. ]]>
      </description>
      <variables>
        <variable name="DOCKER_ENABLED" value="True" inherited="true" model="PA:Boolean"/>
        <variable name="GPU_NODES_ONLY" value="False" inherited="true" model="PA:Boolean"/>
        <variable name="IS_FAST" value="True" inherited="false" model="PA:Boolean"/>
      </variables>
      <genericInformation>
        <info name="PYTHON_COMMAND" value="/root/anaconda3/envs/cntk-py35/bin/python"/>
        <info name="task.icon" value="/automation-dashboard/styles/patterns/img/wf-icons/cntk.png"/>
      </genericInformation>
      <depends>
        <task ref="Import_MNIST_Dataset"/>
        <task ref="DCGAN"/>
      </depends>
      <inputFiles>
        <files  includes="$DATA_PATH/**" accessMode="transferFromGlobalSpace"/>
      </inputFiles>
      <selection>
        <script type="static">
          <code language="python">
            <![CDATA[
#%% node_selection (python)
# job/task variables:
# GPU_NODES_ONLY: False (default)
import os

GPU_NODES_ONLY = False
if variables.get("GPU_NODES_ONLY") is not None:
  if str(variables.get("GPU_NODES_ONLY")).lower() == 'true':
    GPU_NODES_ONLY = True

CUDA_ENABLED = False
CUDA_HOME = os.getenv('CUDA_HOME', None)
CUDA_HOME_DEFAULT = '/usr/local/cuda'
if CUDA_HOME is not None:
  if os.path.isdir(CUDA_HOME) == True:
    CUDA_ENABLED = True
else:
  if os.path.isdir(CUDA_HOME_DEFAULT) == True:
    CUDA_ENABLED = True

selected = ((GPU_NODES_ONLY == False) or (GPU_NODES_ONLY == True and CUDA_ENABLED == True))
]]>
          </code>
        </script>
      </selection>
      <forkEnvironment javaHome="/usr" >
        <envScript>
          <script>
            <code language="python">
              <![CDATA[
#%% CNTK (CPU + GPU fork env)
# Job variables:
# DOCKER_ENABLED: True (default)
import os

DOCKER_ENABLED = True
if variables.get("DOCKER_ENABLED") is not None:
  if str(variables.get("DOCKER_ENABLED")).lower() == 'false':
    DOCKER_ENABLED = False

DOCKER_GPU_ENABLED = False
DOCKER_NVIDIA_PATH = '/usr/bin/nvidia-docker'
if os.path.exists(DOCKER_NVIDIA_PATH):
  DOCKER_GPU_ENABLED = True

CUDA_ENABLED = False
CUDA_HOME = os.getenv('CUDA_HOME', None)
CUDA_HOME_DEFAULT = '/usr/local/cuda'
if CUDA_HOME is not None:
  if os.path.isdir(CUDA_HOME) == True:
    CUDA_ENABLED = True
else:
  if os.path.isdir(CUDA_HOME_DEFAULT) == True:
    CUDA_ENABLED = True

DOCKER_RUN_CMD   = 'docker run '
#DOCKER_CONTAINER = 'microsoft/cntk:2.4-cpu-python3.5' # default
DOCKER_CONTAINER = 'activeeon/cntk:2.4-cpu-python3.5'  # added oracle-java 1.8.0_161 + py4j
if DOCKER_GPU_ENABLED and CUDA_ENABLED:
  DOCKER_RUN_CMD   = 'nvidia-docker run '
  #DOCKER_CONTAINER = 'microsoft/cntk' # default
  DOCKER_CONTAINER = 'activeeon/cntk'  # added oracle-java 1.8.0_161 + py4j

print('Fork environment info...')
print('DOCKER_ENABLED:     ' + str(DOCKER_ENABLED))
print('DOCKER_CONTAINER:   ' + DOCKER_CONTAINER)
print('DOCKER_GPU_ENABLED: ' + str(DOCKER_GPU_ENABLED))
print('DOCKER_RUN_CMD:     ' + DOCKER_RUN_CMD)

if DOCKER_ENABLED == True:
  # Prepare Docker parameters 
  containerName = DOCKER_CONTAINER
  dockerRunCommand =  DOCKER_RUN_CMD
  dockerParameters = '--rm ' 
  # Prepare ProActive home volume 
  paHomeHost = variables.get("PA_SCHEDULER_HOME") 
  paHomeContainer = variables.get("PA_SCHEDULER_HOME") 
  proActiveHomeVolume = '-v '+paHomeHost +':'+paHomeContainer+' ' 
  # Prepare working directory (For Dataspaces and serialized task file) 
  workspaceHost = localspace 
  workspaceContainer = localspace 
  workspaceVolume = '-v '+localspace +':'+localspace+' ' 
  # Prepare container working directory 
  containerWorkingDirectory = '-w '+workspaceContainer+' ' 
  # Save pre execution command into magic variable 'preJavaHomeCmd', which is picked up by the node 
  preJavaHomeCmd = dockerRunCommand + dockerParameters + proActiveHomeVolume + workspaceVolume + containerWorkingDirectory + containerName
  
  print('DOCKER_FULL_CMD:    ' + preJavaHomeCmd)
else:
  print("Fork environment disabled")
]]>
            </code>
          </script>
        </envScript>
      </forkEnvironment>
      <scriptExecutable>
        <script>
          <code language="cpython">
            <![CDATA[
import gzip
import numpy as np
import os
import shutil
import struct
import sys
import cntk as C
import pandas as pd
import uuid

DATA_PATH = variables.get("DATA_PATH")
MODEL_CLASS = variables.get("MODEL_CLASS")
train_file = variables.get("train_file")
isFast = variables.get("IS_FAST")
exec(MODEL_CLASS)

# training config
minibatch_size = 128
num_minibatches = 100 if isFast else 10000
lr = 0.0002
momentum = 0.5 #equivalent to beta1

def create_reader(path, is_training, input_dim, label_dim):
    deserializer = C.io.CTFDeserializer(
        filename = path,
        streams = C.io.StreamDefs(
            labels_unused = C.io.StreamDef(field = 'labels', shape = label_dim, is_sparse = False),
            features = C.io.StreamDef(field = 'features', shape = input_dim, is_sparse = False
            )
        )
    )
    return C.io.MinibatchSource(
        deserializers = deserializer,
        randomize = is_training,
        max_sweeps = C.io.INFINITELY_REPEAT if is_training else 1
    )
    
    
np.random.seed(123)
def noise_sample(num_samples):
    return np.random.uniform(
        low = -1.0,
        high = 1.0,
        size = [num_samples, g_input_dim]        
    ).astype(np.float32)

def build_graph(noise_shape, image_shape, generator, discriminator):
    input_dynamic_axes = [C.Axis.default_batch_axis()]
    Z = C.input_variable(noise_shape, dynamic_axes=input_dynamic_axes)
    X_real = C.input_variable(image_shape, dynamic_axes=input_dynamic_axes)
    X_real_scaled = X_real / 255.0

    # Create the model function for the generator and discriminator models
    X_fake = generator(Z)
    D_real = discriminator(X_real_scaled)
    D_fake = D_real.clone(
        method = 'share',
        substitutions = {X_real_scaled.output: X_fake.output}
    )

    # Create loss functions and configure optimazation algorithms
    G_loss = 1.0 - C.log(D_fake)
    D_loss = -(C.log(D_real) + C.log(1.0 - D_fake))

    G_learner = C.adam(
        parameters = X_fake.parameters,
        lr = C.learning_parameter_schedule_per_sample(lr),
        momentum = C.momentum_schedule(momentum)
    )
    D_learner = C.adam(
        parameters = D_real.parameters,
        lr = C.learning_parameter_schedule_per_sample(lr),
        momentum = C.momentum_schedule(momentum)
    )

    # Instantiate the trainers
    G_trainer = C.Trainer(X_fake,
                        (G_loss, None),
                        G_learner)
    D_trainer = C.Trainer(D_real,
                        (D_loss, None),
                        D_learner)

    return X_real, X_fake, Z, G_trainer, D_trainer
    
def train(reader_train, generator, discriminator):
    X_real, X_fake, Z, G_trainer, D_trainer = \
        build_graph(g_input_dim, d_input_dim, generator, discriminator)

    # print out loss for each model for upto 25 times
    print_frequency_mbsize = num_minibatches // 25
   
    print("First row is Generator loss, second row is Discriminator loss")
    pp_G = C.logging.ProgressPrinter(print_frequency_mbsize)
    pp_D = C.logging.ProgressPrinter(print_frequency_mbsize)

    k = 2

    input_map = {X_real: reader_train.streams.features}
    for train_step in range(num_minibatches):

        # train the discriminator model for k steps
        for gen_train_step in range(k):
            Z_data = noise_sample(minibatch_size)
            X_data = reader_train.next_minibatch(minibatch_size, input_map)
            if X_data[X_real].num_samples == Z_data.shape[0]:
                batch_inputs = {X_real: X_data[X_real].data, Z: Z_data}
                D_trainer.train_minibatch(batch_inputs)

        # train the generator model for a single step
        Z_data = noise_sample(minibatch_size)
        batch_inputs = {Z: Z_data}

        G_trainer.train_minibatch(batch_inputs)
        G_trainer.train_minibatch(batch_inputs)

        pp_G.update_with_trainer(G_trainer)
        pp_D.update_with_trainer(D_trainer)

        G_trainer_loss = G_trainer.previous_minibatch_loss_average

    return Z, X_fake, G_trainer_loss

reader_train = create_reader(train_file, True, d_input_dim, label_dim=10)

# G_input, G_output, G_trainer_loss = train(reader_train, dense_generator, dense_discriminator)
G_input, G_output, G_trainer_loss = train(reader_train,
                                          convolutional_generator,
                                          convolutional_discriminator)

# Print the generator loss 
print("Training loss of the generator is: {0:.2f}".format(G_trainer_loss))

folder_id = str(uuid.uuid4())
CNTK_MODELS = 'CNTK_MODELS/'+ folder_id
if os.path.exists(CNTK_MODELS):
    shutil.rmtree(CNTK_MODELS)
os.makedirs(CNTK_MODELS)

#save the model
MODEL_PATH = os.path.join(CNTK_MODELS, "output.model")
G_output.save(MODEL_PATH)

try:
  variables.put("MODEL_PATH", MODEL_PATH)
except NameError as err:
  print("{0}".format(err))
  print("Warning: this script is running outside from ProActive.")
  pass
]]>
          </code>
        </script>
      </scriptExecutable>
      <outputFiles>
        <files  includes="$IMAGES_FOLDER**" accessMode="transferToGlobalSpace"/>
        <files  includes="$MODEL_PATH" accessMode="transferToGlobalSpace"/>
      </outputFiles>
      <metadata>
        <positionTop>
            294.765625
        </positionTop>
        <positionLeft>
            296.921875
        </positionLeft>
      </metadata>
    </task>
    <task name="Export_Results" >
      <description>
        <![CDATA[ Preview the generated images ]]>
      </description>
      <variables>
        <variable name="OUTPUT_FILE" value="HTML" inherited="false" />
        <variable name="GPU_NODES_ONLY" value="False" inherited="true" model="PA:Boolean"/>
        <variable name="GPU_CUDA_PATH" value="/usr/local/cuda" inherited="true" />
        <variable name="DOCKER_ENABLED" value="True" inherited="true" model="PA:Boolean"/>
      </variables>
      <genericInformation>
        <info name="task.icon" value="/automation-dashboard/styles/patterns/img/wf-icons/export_results.png"/>
      </genericInformation>
      <depends>
        <task ref="Generate_Fake_Images"/>
      </depends>
      <inputFiles>
        <files  includes="$IMAGES_FOLDER**" accessMode="transferFromGlobalSpace"/>
      </inputFiles>
      <selection>
        <script type="static">
          <code language="javascript">
            <![CDATA[
selected = ((variables.get("GPU_NODES_ONLY").equalsIgnoreCase("false")) || (variables.get("GPU_NODES_ONLY").equalsIgnoreCase("true") && org.ow2.proactive.scripting.helper.selection.SelectionUtils.checkFileExist(variables.get("GPU_CUDA_PATH"))));
]]>
          </code>
        </script>
      </selection>
      <forkEnvironment javaHome="/usr" >
        <envScript>
          <script>
            <code language="python">
              <![CDATA[
if str(variables.get("DOCKER_ENABLED")).lower() == 'true':
  #Be aware, that the prefix command is internally split by spaces. So paths with spaces won't work.
  # Prepare Docker parameters 
  containerName = 'activeeon/dlm3' 
  dockerRunCommand =  'docker run ' 
  dockerParameters = '--rm ' 
  # Prepare ProActive home volume 
  paHomeHost = variables.get("PA_SCHEDULER_HOME") 
  paHomeContainer = variables.get("PA_SCHEDULER_HOME") 
  proActiveHomeVolume = '-v '+paHomeHost +':'+paHomeContainer+' ' 
  # Prepare working directory (For Dataspaces and serialized task file) 
  workspaceHost = localspace 
  workspaceContainer = localspace 
  workspaceVolume = '-v '+localspace +':'+localspace+' ' 
  # Prepare container working directory 
  containerWorkingDirectory = '-w '+workspaceContainer+' ' 
  # Save pre execution command into magic variable 'preJavaHomeCmd', which is picked up by the node 
  preJavaHomeCmd = dockerRunCommand + dockerParameters + proActiveHomeVolume + workspaceVolume + containerWorkingDirectory + containerName
else:
  print("Fork environment disabled")
]]>
            </code>
          </script>
        </envScript>
      </forkEnvironment>
      <scriptExecutable>
        <script>
          <code language="cpython">
            <![CDATA[
print("BEGIN Export_Results")

import base64
import os.path
import pandas as pd
import numpy as np

from pandas.io.json import json_normalize
from PIL import Image
from io import BytesIO

PREDICT_DATA = variables.get("PREDICT_DATA_JSON")
IMAGES_FOLDER = variables.get("IMAGES_FOLDER")
OUTPUT_FILE = variables.get("OUTPUT_FILE")
   
if OUTPUT_FILE != None: 
  prediction_result = pd.read_json(PREDICT_DATA, orient='split')      
 
def get_thumbnail(path):
  i = Image.open(path)
  i.thumbnail((150, 150), Image.LANCZOS)
  return i

def image_base64(im):
  if isinstance(im, str):
    im = get_thumbnail(im)
  with BytesIO() as buffer:
    im.save(buffer, 'jpeg')
    return base64.b64encode(buffer.getvalue()).decode()

def image_formatter(im):
  return f'<img src="data:image/jpeg;base64,{image_base64(im)}" height="150" width="150">'
    
df = pd.DataFrame(prediction_result)

result = ''
with pd.option_context('display.max_colwidth', -1):
  #result = df.to_html(escape=False)
  result = df.to_html(escape=False, formatters=dict(Image=image_formatter))

css_style="""
table {
  border: 1px solid #999999;
  text-align: center;
  border-collapse: collapse;
  width: 100%; 
}
td {
  border: 1px solid #999999;         
  padding: 3px 2px;
  font-size: 13px;
  border-bottom: 1px solid #999999;
  #border-bottom: 1px solid #FF8C00;  
  border-bottom: 1px solid #0B6FA4;   
}
th {
  font-size: 17px;
  font-weight: bold;
  color: #FFFFFF;
  text-align: center;
  background: #0B6FA4;
  #background: #E7702A;       
  #border-left: 2px solid #999999
  border-bottom: 1px solid #FF8C00;            
}
"""
result = """
            
            
            <!DOCTYPE html>
            <html>
              <head>
                <meta charset="UTF-8">
                  <meta name="description" content="Face API">
                    <style>{0}</style>
                  </head>
                  <body>{1}</body></html>
""".format(css_style, result)

if OUTPUT_FILE == 'HTML':
  result = result.encode('utf-8')
  resultMetadata.put("file.extension", ".html")
  resultMetadata.put("file.name", "result.html")
  resultMetadata.put("content.type", "text/html")
elif OUTPUT_FILE == 'CSV':
  #result = prediction_result.to_csv()
  result = df.to_csv()    
  resultMetadata.put("file.extension", ".csv")
  resultMetadata.put("file.name", "result.csv")
  resultMetadata.put("content.type", "text/csv")    
else:
  print('It is not possible to export the data')

print("END Export_Results")
]]>
                </code>
              </script>
            </scriptExecutable>
            <controlFlow block="none"></controlFlow>
            <metadata>
              <positionTop>
            550.765625
        </positionTop>
              <positionLeft>
            296.921875
        </positionLeft>
            </metadata>
          </task>
          <task name="Generate_Fake_Images" >
            <description>
              <![CDATA[ Create fake images simply by feeding random noise into the generator and displaying the outputs. ]]>
            </description>
            <variables>
              <variable name="DOCKER_ENABLED" value="True" inherited="true" model="PA:Boolean"/>
              <variable name="GPU_NODES_ONLY" value="False" inherited="true" model="PA:Boolean"/>
              <variable name="NUM_IMAGES" value="40" inherited="false" model="PA:Integer"/>
              <variable name="INPUT_DIM" value="100" inherited="false" model="PA:Integer"/>
            </variables>
            <genericInformation>
              <info name="PYTHON_COMMAND" value="/root/anaconda3/envs/cntk-py35/bin/python"/>
              <info name="task.icon" value="/automation-dashboard/styles/patterns/img/wf-icons/cntk.png"/>
            </genericInformation>
            <depends>
              <task ref="Train_Model"/>
            </depends>
            <inputFiles>
              <files  includes="$MODEL_PATH" accessMode="transferFromGlobalSpace"/>
            </inputFiles>
            <selection>
              <script type="static">
                <code language="python">
                  <![CDATA[
#%% node_selection (python)
# job/task variables:
# GPU_NODES_ONLY: False (default)
import os

GPU_NODES_ONLY = False
if variables.get("GPU_NODES_ONLY") is not None:
  if str(variables.get("GPU_NODES_ONLY")).lower() == 'true':
    GPU_NODES_ONLY = True

CUDA_ENABLED = False
CUDA_HOME = os.getenv('CUDA_HOME', None)
CUDA_HOME_DEFAULT = '/usr/local/cuda'
if CUDA_HOME is not None:
  if os.path.isdir(CUDA_HOME) == True:
    CUDA_ENABLED = True
else:
  if os.path.isdir(CUDA_HOME_DEFAULT) == True:
    CUDA_ENABLED = True

selected = ((GPU_NODES_ONLY == False) or (GPU_NODES_ONLY == True and CUDA_ENABLED == True))
]]>
                </code>
              </script>
            </selection>
            <forkEnvironment javaHome="/usr" >
              <envScript>
                <script>
                  <code language="python">
                    <![CDATA[
#%% CNTK (CPU + GPU fork env)
# Job variables:
# DOCKER_ENABLED: True (default)
import os

DOCKER_ENABLED = True
if variables.get("DOCKER_ENABLED") is not None:
  if str(variables.get("DOCKER_ENABLED")).lower() == 'false':
    DOCKER_ENABLED = False

DOCKER_GPU_ENABLED = False
DOCKER_NVIDIA_PATH = '/usr/bin/nvidia-docker'
if os.path.exists(DOCKER_NVIDIA_PATH):
  DOCKER_GPU_ENABLED = True

CUDA_ENABLED = False
CUDA_HOME = os.getenv('CUDA_HOME', None)
CUDA_HOME_DEFAULT = '/usr/local/cuda'
if CUDA_HOME is not None:
  if os.path.isdir(CUDA_HOME) == True:
    CUDA_ENABLED = True
else:
  if os.path.isdir(CUDA_HOME_DEFAULT) == True:
    CUDA_ENABLED = True

DOCKER_RUN_CMD   = 'docker run '
#DOCKER_CONTAINER = 'microsoft/cntk:2.4-cpu-python3.5' # default
DOCKER_CONTAINER = 'activeeon/cntk:2.4-cpu-python3.5'  # added oracle-java 1.8.0_161 + py4j
if DOCKER_GPU_ENABLED and CUDA_ENABLED:
  DOCKER_RUN_CMD   = 'nvidia-docker run '
  #DOCKER_CONTAINER = 'microsoft/cntk' # default
  DOCKER_CONTAINER = 'activeeon/cntk'  # added oracle-java 1.8.0_161 + py4j

print('Fork environment info...')
print('DOCKER_ENABLED:     ' + str(DOCKER_ENABLED))
print('DOCKER_CONTAINER:   ' + DOCKER_CONTAINER)
print('DOCKER_GPU_ENABLED: ' + str(DOCKER_GPU_ENABLED))
print('DOCKER_RUN_CMD:     ' + DOCKER_RUN_CMD)

if DOCKER_ENABLED == True:
  # Prepare Docker parameters 
  containerName = DOCKER_CONTAINER
  dockerRunCommand =  DOCKER_RUN_CMD
  dockerParameters = '--rm ' 
  # Prepare ProActive home volume 
  paHomeHost = variables.get("PA_SCHEDULER_HOME") 
  paHomeContainer = variables.get("PA_SCHEDULER_HOME") 
  proActiveHomeVolume = '-v '+paHomeHost +':'+paHomeContainer+' ' 
  # Prepare working directory (For Dataspaces and serialized task file) 
  workspaceHost = localspace 
  workspaceContainer = localspace 
  workspaceVolume = '-v '+localspace +':'+localspace+' ' 
  # Prepare container working directory 
  containerWorkingDirectory = '-w '+workspaceContainer+' ' 
  # Save pre execution command into magic variable 'preJavaHomeCmd', which is picked up by the node 
  preJavaHomeCmd = dockerRunCommand + dockerParameters + proActiveHomeVolume + workspaceVolume + containerWorkingDirectory + containerName
  
  print('DOCKER_FULL_CMD:    ' + preJavaHomeCmd)
else:
  print("Fork environment disabled")
]]>
                  </code>
                </script>
              </envScript>
            </forkEnvironment>
            <scriptExecutable>
              <script>
                <code language="cpython">
                  <![CDATA[
import pandas as pd
import scipy.misc
from PIL import Image
import cv2
import cntk as C
import numpy as np
import os
from cntk.ops.functions import load_model
import uuid
  
g_input_dim = int(variables.get("INPUT_DIM"))
  
MODEL_PATH = variables.get("MODEL_PATH")

NUM_IMAGES = int(variables. get("NUM_IMAGES"))
  
G_output = load_model(MODEL_PATH)

#G_output = C.Function.load(OUTPUT_PATH)

#G_input = load_model(INPUT_PATH)
#input_dynamic_axes = [C.Axis.default_batch_axis()]
#G_input = C.input_variable(100, dynamic_axes=input_dynamic_axes)

# Print the generator loss 

def noise_sample(num_samples):
    return np.random.uniform(
        low = -1.0,
        high = 1.0,
        size = [num_samples, g_input_dim]        
    ).astype(np.float32)
    
noise = noise_sample(NUM_IMAGES)
images = G_output.eval({G_output.arguments[0]: noise})


IMAGES_FOLDER = 'Generated_Images/'
if os.path.exists(IMAGES_FOLDER):
    shutil.rmtree(IMAGES_FOLDER)
os.makedirs(IMAGES_FOLDER)

def plot_images(images):
    i = 0
    img_frame = []
    for image in images:
        i = i + 1
        image = image.reshape(28, 28)
        image = np.array(image * 255, dtype = np.uint8)
        img_directory = IMAGES_FOLDER+str(i)+'.jpeg'
        img_frame.append(img_directory)
        cv2.imwrite(img_directory,image)
        image = cv2.imread(img_directory,0)
        cv2.imwrite(img_directory,image) 
    return img_frame

img_frame = plot_images(images)
df_test_image = pd.DataFrame(img_frame)
df_test_image.columns = ['Image']

try:
  variables.put("PREDICT_DATA_JSON", df_test_image.to_json(orient='split'))
  variables.put('IMAGES_FOLDER', IMAGES_FOLDER)
except NameError as err:
  print("{0}".format(err))
  print("Warning: this script is running outside from ProActive.")
  pass
]]>
                </code>
              </script>
            </scriptExecutable>
            <outputFiles>
              <files  includes="$IMAGES_FOLDER**" accessMode="transferToGlobalSpace"/>
            </outputFiles>
            <metadata>
              <positionTop>
            422.765625
        </positionTop>
              <positionLeft>
            296.921875
        </positionLeft>
            </metadata>
          </task>
        </taskFlow>
        <metadata>
          <visualization>
            <![CDATA[ <html><head><link rel="stylesheet" href="/studio/styles/studio-standalone.css"><style>
        #workflow-designer {
            left:0 !important;
            top:0 !important;
            width:2854px;
            height:3372px;
            }
        </style></head><body><div id="workflow-visualization-view"><div id="workflow-visualization" style="position:relative;top:-161.765625px;left:-227.921875px"><div class="task _jsPlumb_endpoint_anchor_ ui-draggable" id="jsPlumb_1_218" style="top: 166.766px; left: 232.922px;"><a class="task-name"><img src="/automation-dashboard/styles/patterns/img/wf-icons/cntk.png" width="20px">&nbsp;<span class="name">Import_MNIST_Dataset</span></a></div><div class="task _jsPlumb_endpoint_anchor_ ui-draggable" id="jsPlumb_1_221" style="top: 172.766px; left: 434.922px;"><a class="task-name"><img src="/automation-dashboard/styles/patterns/img/wf-icons/cntk.png" width="20px">&nbsp;<span class="name">DCGAN</span></a></div><div class="task ui-draggable _jsPlumb_endpoint_anchor_" id="jsPlumb_1_224" style="top: 294.766px; left: 296.922px;"><a class="task-name"><img src="/automation-dashboard/styles/patterns/img/wf-icons/cntk.png" width="20px">&nbsp;<span class="name">Train_Model</span></a></div><div class="task ui-draggable _jsPlumb_endpoint_anchor_" id="jsPlumb_1_227" style="top: 550.766px; left: 296.922px;"><a class="task-name"><img src="/automation-dashboard/styles/patterns/img/wf-icons/export_results.png" width="20px">&nbsp;<span class="name">Export_Results</span></a></div><div class="task ui-draggable _jsPlumb_endpoint_anchor_" id="jsPlumb_1_230" style="top: 422.766px; left: 296.922px;"><a class="task-name"><img src="/automation-dashboard/styles/patterns/img/wf-icons/cntk.png" width="20px">&nbsp;<span class="name">Generate_Fake_Images</span></a></div><svg style="position:absolute;left:292.5px;top:206.5px" width="65" height="89" pointer-events="none" position="absolute" version="1.1"
            xmlns="http://www.w3.org/1999/xhtml" class="_jsPlumb_connector "><path d="M 44 88 C 54 38 -10 50 0 0 " transform="translate(10.5,0.5)" pointer-events="visibleStroke" version="1.1"
            xmlns="http://www.w3.org/1999/xhtml" fill="none" stroke="#666" style=""></path><path pointer-events="all" version="1.1"
            xmlns="http://www.w3.org/1999/xhtml" d="M42.5058515,64.9032055 L37.54752513004034,44.30187060128621 L34.91729425353529,53.13826610716299 L25.78258573720334,51.89042784775093 L42.5058515,64.9032055" class="" stroke="#666" fill="#666" transform="translate(10.5,0.5)"></path><path pointer-events="all" version="1.1"
            xmlns="http://www.w3.org/1999/xhtml" d="M42.5058515,64.9032055 L37.54752513004034,44.30187060128621 L34.91729425353529,53.13826610716299 L25.78258573720334,51.89042784775093 L42.5058515,64.9032055" class="" stroke="#666" fill="#666" transform="translate(10.5,0.5)"></path></svg><svg style="position:absolute;left:336.5px;top:212.5px" width="159" height="83" pointer-events="none" position="absolute" version="1.1"
            xmlns="http://www.w3.org/1999/xhtml" class="_jsPlumb_connector "><path d="M 0 82 C -10 32 148 50 138 0 " transform="translate(10.5,0.5)" pointer-events="visibleStroke" version="1.1"
            xmlns="http://www.w3.org/1999/xhtml" fill="none" stroke="#666" style=""></path><path pointer-events="all" version="1.1"
            xmlns="http://www.w3.org/1999/xhtml" d="M17.961342,55.495067 L39.12354733983007,54.417539666301366 L30.923078784966485,50.204189991672685 L33.832670331502754,41.455802881334876 L17.961342,55.495067" class="" stroke="#666" fill="#666" transform="translate(10.5,0.5)"></path><path pointer-events="all" version="1.1"
            xmlns="http://www.w3.org/1999/xhtml" d="M17.961342,55.495067 L39.12354733983007,54.417539666301366 L30.923078784966485,50.204189991672685 L33.832670331502754,41.455802881334876 L17.961342,55.495067" class="" stroke="#666" fill="#666" transform="translate(10.5,0.5)"></path></svg><svg style="position:absolute;left:338px;top:462.5px" width="41" height="89" pointer-events="none" position="absolute" version="1.1"
            xmlns="http://www.w3.org/1999/xhtml" class="_jsPlumb_connector "><path d="M 0 88 C -10 38 30 50 20 0 " transform="translate(10.5,0.5)" pointer-events="visibleStroke" version="1.1"
            xmlns="http://www.w3.org/1999/xhtml" fill="none" stroke="#666" style=""></path><path pointer-events="all" version="1.1"
            xmlns="http://www.w3.org/1999/xhtml" d="M-1.123200000000001,66.303232 L11.248676095216847,49.100421709684 L2.837267479309019,52.87510117902064 L-2.1794547257625076,45.13995423037498 L-1.123200000000001,66.303232" class="" stroke="#666" fill="#666" transform="translate(10.5,0.5)"></path><path pointer-events="all" version="1.1"
            xmlns="http://www.w3.org/1999/xhtml" d="M-1.123200000000001,66.303232 L11.248676095216847,49.100421709684 L2.837267479309019,52.87510117902064 L-2.1794547257625076,45.13995423037498 L-1.123200000000001,66.303232" class="" stroke="#666" fill="#666" transform="translate(10.5,0.5)"></path></svg><svg style="position:absolute;left:336.5px;top:334.5px" width="42.5" height="89" pointer-events="none" position="absolute" version="1.1"
            xmlns="http://www.w3.org/1999/xhtml" class="_jsPlumb_connector "><path d="M 21.5 88 C 31.5 38 -10 50 0 0 " transform="translate(10.5,0.5)" pointer-events="visibleStroke" version="1.1"
            xmlns="http://www.w3.org/1999/xhtml" fill="none" stroke="#666" style=""></path><path pointer-events="all" version="1.1"
            xmlns="http://www.w3.org/1999/xhtml" d="M22.494896,66.303232 L23.16866373995708,45.12432652703957 L18.292495623246907,52.94883830079128 L9.814270040748365,49.32672690379266 L22.494896,66.303232" class="" stroke="#666" fill="#666" transform="translate(10.5,0.5)"></path><path pointer-events="all" version="1.1"
            xmlns="http://www.w3.org/1999/xhtml" d="M22.494896,66.303232 L23.16866373995708,45.12432652703957 L18.292495623246907,52.94883830079128 L9.814270040748365,49.32672690379266 L22.494896,66.303232" class="" stroke="#666" fill="#666" transform="translate(10.5,0.5)"></path></svg><div class="_jsPlumb_endpoint source-endpoint dependency-source-endpoint connected _jsPlumb_endpoint_anchor_ ui-draggable ui-droppable _jsPlumb_endpoint_connected" style="position: absolute; height: 20px; width: 20px; left: 293px; top: 197px;"><svg style="position:absolute;left:0px;top:0px" width="20" height="20" pointer-events="all" position="absolute" version="1.1"
            xmlns="http://www.w3.org/1999/xhtml"><circle cx="10" cy="10" r="10" version="1.1"
            xmlns="http://www.w3.org/1999/xhtml" fill="#666" stroke="none" style=""></circle></svg></div><div class="_jsPlumb_endpoint source-endpoint dependency-source-endpoint connected _jsPlumb_endpoint_anchor_ ui-draggable ui-droppable _jsPlumb_endpoint_connected" style="position: absolute; height: 20px; width: 20px; left: 475px; top: 203px;"><svg style="position:absolute;left:0px;top:0px" width="20" height="20" pointer-events="all" position="absolute" version="1.1"
            xmlns="http://www.w3.org/1999/xhtml"><circle cx="10" cy="10" r="10" version="1.1"
            xmlns="http://www.w3.org/1999/xhtml" fill="#666" stroke="none" style=""></circle></svg></div><div class="_jsPlumb_endpoint source-endpoint dependency-source-endpoint connected _jsPlumb_endpoint_anchor_ ui-draggable ui-droppable _jsPlumb_endpoint_connected" style="position: absolute; height: 20px; width: 20px; left: 337px; top: 325px;"><svg style="position:absolute;left:0px;top:0px" width="20" height="20" pointer-events="all" position="absolute" version="1.1"
            xmlns="http://www.w3.org/1999/xhtml"><circle cx="10" cy="10" r="10" version="1.1"
            xmlns="http://www.w3.org/1999/xhtml" fill="#666" stroke="none" style=""></circle></svg></div><div class="_jsPlumb_endpoint target-endpoint dependency-target-endpoint _jsPlumb_endpoint_anchor_ ui-draggable ui-droppable _jsPlumb_endpoint_connected" style="position: absolute; height: 20px; width: 20px; left: 337px; top: 285px;"><svg style="position:absolute;left:0px;top:0px" width="20" height="20" pointer-events="all" position="absolute" version="1.1"
            xmlns="http://www.w3.org/1999/xhtml"><circle cx="10" cy="10" r="10" version="1.1"
            xmlns="http://www.w3.org/1999/xhtml" fill="#666" stroke="none" style=""></circle></svg></div><div class="_jsPlumb_endpoint source-endpoint dependency-source-endpoint connected _jsPlumb_endpoint_anchor_ ui-draggable ui-droppable" style="position: absolute; height: 20px; width: 20px; left: 338.5px; top: 581px;"><svg style="position:absolute;left:0px;top:0px" width="20" height="20" pointer-events="all" position="absolute" version="1.1"
            xmlns="http://www.w3.org/1999/xhtml"><circle cx="10" cy="10" r="10" version="1.1"
            xmlns="http://www.w3.org/1999/xhtml" fill="#666" stroke="none" style=""></circle></svg></div><div class="_jsPlumb_endpoint target-endpoint dependency-target-endpoint _jsPlumb_endpoint_anchor_ ui-draggable ui-droppable _jsPlumb_endpoint_connected" style="position: absolute; height: 20px; width: 20px; left: 338.5px; top: 541px;"><svg style="position:absolute;left:0px;top:0px" width="20" height="20" pointer-events="all" position="absolute" version="1.1"
            xmlns="http://www.w3.org/1999/xhtml"><circle cx="10" cy="10" r="10" version="1.1"
            xmlns="http://www.w3.org/1999/xhtml" fill="#666" stroke="none" style=""></circle></svg></div><div class="_jsPlumb_endpoint source-endpoint dependency-source-endpoint connected _jsPlumb_endpoint_anchor_ ui-draggable ui-droppable _jsPlumb_endpoint_connected" style="position: absolute; height: 20px; width: 20px; left: 358.5px; top: 453px;"><svg style="position:absolute;left:0px;top:0px" width="20" height="20" pointer-events="all" position="absolute" version="1.1"
            xmlns="http://www.w3.org/1999/xhtml"><circle cx="10" cy="10" r="10" version="1.1"
            xmlns="http://www.w3.org/1999/xhtml" fill="#666" stroke="none" style=""></circle></svg></div><div class="_jsPlumb_endpoint target-endpoint dependency-target-endpoint _jsPlumb_endpoint_anchor_ ui-draggable ui-droppable _jsPlumb_endpoint_connected" style="position: absolute; height: 20px; width: 20px; left: 358.5px; top: 413px;"><svg style="position:absolute;left:0px;top:0px" width="20" height="20" pointer-events="all" position="absolute" version="1.1"
            xmlns="http://www.w3.org/1999/xhtml"><circle cx="10" cy="10" r="10" version="1.1"
            xmlns="http://www.w3.org/1999/xhtml" fill="#666" stroke="none" style=""></circle></svg></div></div></div></body></html>
 ]]>
          </visualization>
        </metadata>
      </job>