<?xml version="1.0" encoding="UTF-8" standalone="no"?>
<job xmlns="urn:proactive:jobdescriptor:3.12" xmlns:xsi="http://www.w3.org/2001/XMLSchema-instance" maxNumberOfExecution="2" name="GAN_Generate_Fake_MNIST_Images" onTaskError="continueJobExecution" priority="normal" projectName="2. Microsoft Cognitive Toolkit" xsi:schemaLocation="urn:proactive:jobdescriptor:3.12 http://www.activeeon.com/public_content/schemas/proactive/jobdescriptor/3.12/schedulerjob.xsd">
  <variables>
    <variable name="NATIVE_SCHEDULER" value=""/>
    <variable name="NATIVE_SCHEDULER_PARAMS" value=""/>
    <variable name="NODE_ACCESS_TOKEN" value=""/>
    <variable model="PA:LIST(no-container,docker,podman,singularity)" name="CONTAINER_PLATFORM" value="docker"/>
    <variable model="PA:LIST(,docker://activeeon/dlm3,docker://activeeon/cuda,docker://activeeon/cuda2,docker://activeeon/rapidsai,docker://activeeon/tensorflow:latest,docker://activeeon/tensorflow:latest-gpu,docker://activeeon/cntk:2.4-cpu-python3.5,docker://activeeon/cntk)" name="CONTAINER_IMAGE" value="docker://activeeon/cntk:2.4-cpu-python3.5"/>
    <variable model="PA:Boolean" name="CONTAINER_GPU_ENABLED" value="False"/>
    <variable model="PA:Boolean" name="CONTAINER_ROOTLESS_ENABLED" value="False"/>
    <variable name="PYTHON_COMMAND" value="/root/anaconda3/envs/cntk-py35/bin/python"/>
  </variables>
  <description>
    <![CDATA[ GAN Generate Fake MNIST Images workflow generates fake MNIST images. ]]>
  </description>
  <genericInformation>
<info name="bucketName" value="deep-learning-workflows"/>
<info name="workflow.icon" value="/automation-dashboard/styles/patterns/img/wf-icons/cntk.png"/>
<info name="Documentation" value="MLOS/MLOSUserGuide.html#_microsoft_cognitive_toolkit"/>
<info name="NS" value="$NATIVE_SCHEDULER"/>
<info name="NS_BATCH" value="$NATIVE_SCHEDULER_PARAMS"/>
<info name="NODE_ACCESS_TOKEN" value="$NODE_ACCESS_TOKEN"/>
<info name="group" value="public-objects"/>
</genericInformation>
  <taskFlow>
    <task fork="true" name="Import_MNIST_Dataset">
      <description>
        <![CDATA[ Import the MNIST dataset ]]>
      </description>
      <genericInformation>
        <info name="PYTHON_COMMAND" value="$PYTHON_COMMAND"/>
        <info name="task.icon" value="/automation-dashboard/styles/patterns/img/wf-icons/cntk.png"/>
      </genericInformation>
      <forkEnvironment javaHome="/usr">
        <envScript>
          <script>
            <file language="groovy" url="${PA_CATALOG_REST_URL}/buckets/scripts/resources/fork_env_cuda_universal/raw"/>
          </script>
        </envScript>
      </forkEnvironment>
      <scriptExecutable>
        <script>
          <code language="cpython">
            <![CDATA[
# Import the relevant modules to be used later
import gzip
import numpy as np
import os
import shutil
import struct
import sys
import cntk as C
import pandas as pd

try: 
    from urllib.request import urlretrieve 
except ImportError: 
    from urllib import urlretrieve

# Functions to load MNIST images and unpack into train and test set.
# - loadData reads a image and formats it into a 28x28 long array
# - loadLabels reads the corresponding label data, one for each image
# - load packs the downloaded image and label data into a combined format to be read later by 
#   the CNTK text reader 

def loadData(src, cimg):
    print ('Downloading ' + src)
    gzfname, h = urlretrieve(src, './delete.me')
    print ('Done.')
    try:
        with gzip.open(gzfname) as gz:
            n = struct.unpack('I', gz.read(4))
            # Read magic number.
            if n[0] != 0x3080000:
                raise Exception('Invalid file: unexpected magic number.')
            # Read number of entries.
            n = struct.unpack('>I', gz.read(4))[0]
            if n != cimg:
                raise Exception('Invalid file: expected {0} entries.'.format(cimg))
            crow = struct.unpack('>I', gz.read(4))[0]
            ccol = struct.unpack('>I', gz.read(4))[0]
            if crow != 28 or ccol != 28:
                raise Exception('Invalid file: expected 28 rows/cols per image.')
            # Read data.
            res = np.fromstring(gz.read(cimg * crow * ccol), dtype = np.uint8)
    finally:
        os.remove(gzfname)
    return res.reshape((cimg, crow * ccol))

def loadLabels(src, cimg):
    print ('Downloading ' + src)
    gzfname, h = urlretrieve(src, './delete.me')
    print ('Done.')
    try:
        with gzip.open(gzfname) as gz:
            n = struct.unpack('I', gz.read(4))
            # Read magic number.
            if n[0] != 0x1080000:
                raise Exception('Invalid file: unexpected magic number.')
            # Read number of entries.
            n = struct.unpack('>I', gz.read(4))
            if n[0] != cimg:
                raise Exception('Invalid file: expected {0} rows.'.format(cimg))
            # Read labels.
            res = np.fromstring(gz.read(cimg), dtype = np.uint8)
    finally:
        os.remove(gzfname)
    return res.reshape((cimg, 1))

def try_download(dataSrc, labelsSrc, cimg):
    data = loadData(dataSrc, cimg)
    labels = loadLabels(labelsSrc, cimg)
    return np.hstack((data, labels))
    
# URLs for the train image and label data
url_train_image = 'http://yann.lecun.com/exdb/mnist/train-images-idx3-ubyte.gz'
url_train_labels = 'http://yann.lecun.com/exdb/mnist/train-labels-idx1-ubyte.gz'
num_train_samples = 60000

print("Downloading train data")
train = try_download(url_train_image, url_train_labels, num_train_samples)

# URLs for the test image and label data
url_test_image = 'http://yann.lecun.com/exdb/mnist/t10k-images-idx3-ubyte.gz'
url_test_labels = 'http://yann.lecun.com/exdb/mnist/t10k-labels-idx1-ubyte.gz'
num_test_samples = 10000

print("Downloading test data")
test = try_download(url_test_image, url_test_labels, num_test_samples)


# Save the data files into a format compatible with CNTK text reader
def savetxt(filename, ndarray):
    dir = os.path.dirname(filename)

    if not os.path.exists(dir):
        os.makedirs(dir)

    if not os.path.isfile(filename):
        print("Saving", filename )
        with open(filename, 'w') as f:
            labels = list(map(' '.join, np.eye(10, dtype=np.uint).astype(str)))
            for row in ndarray:
                row_str = row.astype(str)
                label_str = labels[row[-1]]
                feature_str = ' '.join(row_str[:-1])
                f.write('|labels {} |features {}\n'.format(label_str, feature_str))
    else:
        print("File already exists", filename)

# Save the train and test files (prefer our default path for the data)
data_dir = os.path.join("..", "Examples", "Image", "DataSets", "MNIST")
if not os.path.exists(data_dir):
    data_dir = os.path.join("data", "MNIST")

print ('Writing train text file...')
savetxt(os.path.join(data_dir, "Train-28x28_cntk_text.txt"), train)

print ('Writing test text file...')
savetxt(os.path.join(data_dir, "Test-28x28_cntk_text.txt"), test)

print('Done')


isFast = True 

# Ensure the training data is generated and available for this tutorial
# We search in two locations in the toolkit for the cached MNIST data set.

data_found = False

for data_dir in [os.path.join("..", "Examples", "Image", "DataSets", "MNIST"),
                 os.path.join("data", "MNIST")]:
    train_file = os.path.join(data_dir, "Train-28x28_cntk_text.txt")
    if os.path.isfile(train_file):
        data_found = True
        break
        
if not data_found:
    raise ValueError("Please generate the data by completing CNTK 103 Part A")
    
print("Data directory is {0}".format(data_dir))

try:
  variables.put("DATA_PATH", data_dir )
  variables.put("train_file",train_file)
except NameError as err:
  print("{0}".format(err))
  print("Warning: this script is running outside from ProActive.")
  pass
]]>
          </code>
        </script>
      </scriptExecutable>
      <outputFiles>
        <files accessMode="transferToGlobalSpace" includes="$DATA_PATH/**"/>
      </outputFiles>
      <metadata>
        <positionTop>
            234.47265625
        </positionTop>
        <positionLeft>
            233.33984375
        </positionLeft>
      </metadata>
    </task>
    <task fork="true" name="GAN">
      <description>
        <![CDATA[ GANs are a class of artificial intelligence algorithms used in unsupervised machine learning, implemented by a system of two neural networks contesting with each other in a zero-sum game framework. 
A GAN network is composed of two sub-networks, one called the Generator and the other Discriminator. 
https://www.cntk.ai/pythondocs/gettingstarted.html ]]>
      </description>
      <genericInformation>
        <info name="PYTHON_COMMAND" value="$PYTHON_COMMAND"/>
        <info name="task.icon" value="/automation-dashboard/styles/patterns/img/wf-icons/cntk.png"/>
      </genericInformation>
      <forkEnvironment javaHome="/usr">
        <envScript>
          <script>
            <file language="groovy" url="${PA_CATALOG_REST_URL}/buckets/scripts/resources/fork_env_cuda_universal/raw"/>
          </script>
        </envScript>
      </forkEnvironment>
      <scriptExecutable>
        <script>
          <code language="cpython">
            <![CDATA[
# architectural parameters

MODEL_CLASS = """

g_input_dim = 100
g_hidden_dim = 128
g_output_dim = d_input_dim = 784
d_hidden_dim = 128
d_output_dim = 1


def generator(z):
    with C.layers.default_options(init = C.xavier()):
        h1 = C.layers.Dense(g_hidden_dim, activation = C.relu)(z)
        return C.layers.Dense(g_output_dim, activation = C.tanh)(h1)
        
def discriminator(x):
    with C.layers.default_options(init = C.xavier()):
        h1 = C.layers.Dense(d_hidden_dim, activation = C.relu)(x)
        return C.layers.Dense(d_output_dim, activation = C.sigmoid)(h1)"""
        
try:
  variables.put("MODEL_CLASS", MODEL_CLASS )
except NameError as err:
  print("{0}".format(err))
  print("Warning: this script is running outside from ProActive.")
  pass
]]>
          </code>
        </script>
      </scriptExecutable>
      <outputFiles>
        <files accessMode="transferToGlobalSpace" includes="$DATA_PATH/**"/>
      </outputFiles>
      <metadata>
        <positionTop>
            234.47265625
        </positionTop>
        <positionLeft>
            361.34765625
        </positionLeft>
      </metadata>
    </task>
    <task fork="true" name="Train_Model">
      <description>
        <![CDATA[ Train the GAN model. ]]>
      </description>
      <variables>
        <variable inherited="false" model="PA:Boolean" name="IS_FAST" value="True"/>
      </variables>
      <genericInformation>
        <info name="PYTHON_COMMAND" value="$PYTHON_COMMAND"/>
        <info name="task.icon" value="/automation-dashboard/styles/patterns/img/wf-icons/cntk.png"/>
      </genericInformation>
      <depends>
        <task ref="Import_MNIST_Dataset"/>
        <task ref="GAN"/>
      </depends>
      <inputFiles>
        <files accessMode="transferFromGlobalSpace" includes="$DATA_PATH/**"/>
      </inputFiles>
      <forkEnvironment javaHome="/usr">
        <envScript>
          <script>
            <file language="groovy" url="${PA_CATALOG_REST_URL}/buckets/scripts/resources/fork_env_cuda_universal/raw"/>
          </script>
        </envScript>
      </forkEnvironment>
      <scriptExecutable>
        <script>
          <code language="cpython">
            <![CDATA[
import gzip
import numpy as np
import os
import shutil
import struct
import sys
import cntk as C
import pandas as pd
import uuid

g_input_dim = 100

DATA_PATH = variables.get("DATA_PATH")
MODEL_CLASS = variables.get("MODEL_CLASS")
train_file = variables.get("train_file")
isFast = variables.get("IS_FAST")
exec(MODEL_CLASS)

#isFast = True
# training config
minibatch_size = 1024
num_minibatches = 300 if isFast else 40000
lr = 0.00005

def create_reader(path, is_training, input_dim, label_dim):
    deserializer = C.io.CTFDeserializer(
        filename = path,
        streams = C.io.StreamDefs(
            labels_unused = C.io.StreamDef(field = 'labels', shape = label_dim, is_sparse = False),
            features = C.io.StreamDef(field = 'features', shape = input_dim, is_sparse = False
            )
        )
    )
    return C.io.MinibatchSource(
        deserializers = deserializer,
        randomize = is_training,
        max_sweeps = C.io.INFINITELY_REPEAT if is_training else 1
    )
    
    
np.random.seed(123)
def noise_sample(num_samples):
    return np.random.uniform(
        low = -1.0,
        high = 1.0,
        size = [num_samples, g_input_dim]        
    ).astype(np.float32)

def build_graph(noise_shape, image_shape,
                G_progress_printer, D_progress_printer):
    input_dynamic_axes = [C.Axis.default_batch_axis()]
    Z = C.input_variable(noise_shape, dynamic_axes=input_dynamic_axes)
    X_real = C.input_variable(image_shape, dynamic_axes=input_dynamic_axes)
    X_real_scaled = 2*(X_real / 255.0) - 1.0

    # Create the model function for the generator and discriminator models
    X_fake = generator(Z)
    D_real = discriminator(X_real_scaled)
    D_fake = D_real.clone(
        method = 'share',
        substitutions = {X_real_scaled.output: X_fake.output}
    )

    # Create loss functions and configure optimazation algorithms
    G_loss = 1.0 - C.log(D_fake)
    D_loss = -(C.log(D_real) + C.log(1.0 - D_fake))

    G_learner = C.fsadagrad(
        parameters = X_fake.parameters,
        lr = C.learning_rate_schedule(lr, C.UnitType.sample),
        momentum = C.momentum_as_time_constant_schedule(700)
    )
    D_learner = C.fsadagrad(
        parameters = D_real.parameters,
        lr = C.learning_rate_schedule(lr, C.UnitType.sample),
        momentum = C.momentum_as_time_constant_schedule(700)
    )

    # Instantiate the trainers
    G_trainer = C.Trainer(
        X_fake,
        (G_loss, None),
        G_learner,
        G_progress_printer
    )
    D_trainer = C.Trainer(
        D_real,
        (D_loss, None),
        D_learner,
        D_progress_printer
    )

    return X_real, X_fake, Z, G_trainer, D_trainer
    
def train(reader_train):
    k = 2
    
    # print out loss for each model for upto 50 times
    print_frequency_mbsize = num_minibatches // 50
    pp_G = C.logging.ProgressPrinter(print_frequency_mbsize)
    pp_D = C.logging.ProgressPrinter(print_frequency_mbsize * k)

    X_real, X_fake, Z, G_trainer, D_trainer = \
        build_graph(g_input_dim, d_input_dim, pp_G, pp_D)
    
    input_map = {X_real: reader_train.streams.features}
    for train_step in range(num_minibatches):

        # train the discriminator model for k steps
        for gen_train_step in range(k):
            Z_data = noise_sample(minibatch_size)
            X_data = reader_train.next_minibatch(minibatch_size, input_map)
            if X_data[X_real].num_samples == Z_data.shape[0]:
                batch_inputs = {X_real: X_data[X_real].data, 
                                Z: Z_data}
                D_trainer.train_minibatch(batch_inputs)

        # train the generator model for a single step
        Z_data = noise_sample(minibatch_size)
        batch_inputs = {Z: Z_data}
        G_trainer.train_minibatch(batch_inputs)

        G_trainer_loss = G_trainer.previous_minibatch_loss_average

    return Z, X_fake, G_trainer_loss
    
reader_train = create_reader(train_file, True, d_input_dim, label_dim=10)

G_input, G_output, G_trainer_loss = train(reader_train)


folder_id = str(uuid.uuid4())
CNTK_MODELS = 'CNTK_MODELS/'+ folder_id
if os.path.exists(CNTK_MODELS):
    shutil.rmtree(CNTK_MODELS)
os.makedirs(CNTK_MODELS)

#save the model
MODEL_PATH = os.path.join(CNTK_MODELS, "output.model")
G_output.save(MODEL_PATH)

try:
  variables.put("MODEL_PATH", MODEL_PATH)
except NameError as err:
  print("{0}".format(err))
  print("Warning: this script is running outside from ProActive.")
  pass
]]>
          </code>
        </script>
      </scriptExecutable>
      <outputFiles>
        <files accessMode="transferToGlobalSpace" includes="$IMAGES_FOLDER**"/>
        <files accessMode="transferToGlobalSpace" includes="$MODEL_PATH"/>
      </outputFiles>
      <metadata>
        <positionTop>
            301.6796875
        </positionTop>
        <positionLeft>
            294.86328125
        </positionLeft>
      </metadata>
    </task>
    <task fork="true" name="Export_Results" preciousResult="true">
      <description>
        <![CDATA[ Preview the generated images ]]>
      </description>
      <variables>
        <variable inherited="false" name="OUTPUT_FILE" value="HTML"/>
      </variables>
      <genericInformation>
        <info name="task.icon" value="/automation-dashboard/styles/patterns/img/wf-icons/export_results.png"/>
      </genericInformation>
      <depends>
        <task ref="Generate_Fake_Images"/>
      </depends>
      <inputFiles>
        <files accessMode="transferFromGlobalSpace" includes="$IMAGES_FOLDER**"/>
      </inputFiles>
      <forkEnvironment javaHome="/usr">
        <envScript>
          <script>
            <file language="groovy" url="${PA_CATALOG_REST_URL}/buckets/scripts/resources/fork_env_cuda_universal/raw"/>
          </script>
        </envScript>
      </forkEnvironment>
      <scriptExecutable>
        <script>
          <code language="cpython">
            <![CDATA[
print("BEGIN Export_Results")

import base64
import os.path
import pandas as pd
import numpy as np

from pandas.io.json import json_normalize
from PIL import Image
from io import BytesIO

PREDICT_DATA = variables.get("PREDICT_DATA_JSON")
IMAGES_FOLDER = variables.get("IMAGES_FOLDER")
OUTPUT_FILE = variables.get("OUTPUT_FILE")
   
if OUTPUT_FILE != None: 
  prediction_result = pd.read_json(PREDICT_DATA, orient='split')      
 
def get_thumbnail(path):
  i = Image.open(path)
  i.thumbnail((150, 150), Image.LANCZOS)
  return i

def image_base64(im):
  if isinstance(im, str):
    im = get_thumbnail(im)
  with BytesIO() as buffer:
    im.save(buffer, 'jpeg')
    return base64.b64encode(buffer.getvalue()).decode()

def image_formatter(im):
  return f'<img src="data:image/jpeg;base64,{image_base64(im)}" height="150" width="150">'
    
df = pd.DataFrame(prediction_result)

result = ''
with pd.option_context('display.max_colwidth', -1):
  #result = df.to_html(escape=False)
  result = df.to_html(escape=False, formatters=dict(Image=image_formatter))

css_style="""
table {
  border: 1px solid #999999;
  text-align: center;
  border-collapse: collapse;
  width: 100%; 
}
td {
  border: 1px solid #999999;         
  padding: 3px 2px;
  font-size: 13px;
  border-bottom: 1px solid #999999;
  #border-bottom: 1px solid #FF8C00;  
  border-bottom: 1px solid #0B6FA4;   
}
th {
  font-size: 17px;
  font-weight: bold;
  color: #FFFFFF;
  text-align: center;
  background: #0B6FA4;
  #background: #E7702A;       
  #border-left: 2px solid #999999
  border-bottom: 1px solid #FF8C00;            
}
"""
result = """
            <!DOCTYPE html>
            <html>
              <head>
                <meta charset="UTF-8">
                  <meta name="description" content="Face API">
                    <style>{0}</style>
                  </head>
                  <body>{1}</body></html>
""".format(css_style, result)
print(result)

if OUTPUT_FILE == 'HTML':
  result = result.encode('utf-8')
  resultMetadata.put("file.extension", ".html")
  resultMetadata.put("file.name", "result.html")
  resultMetadata.put("content.type", "text/html")
elif OUTPUT_FILE == 'CSV':
  #result = prediction_result.to_csv()
  result = df.to_csv()    
  resultMetadata.put("file.extension", ".csv")
  resultMetadata.put("file.name", "result.csv")
  resultMetadata.put("content.type", "text/csv")    
else:
  print('It is not possible to export the data')

print("END Export_Results")
]]>
          </code>
        </script>
      </scriptExecutable>
      <controlFlow block="none"/>
      <metadata>
        <positionTop>
            617.4609375
        </positionTop>
        <positionLeft>
            297.34375
        </positionLeft>
      </metadata>
    </task>
    <task fork="true" name="Generate_Fake_Images">
      <description>
        <![CDATA[ Create fake images simply by feeding random noise into the generator and displaying the outputs. ]]>
      </description>
      <variables>
        <variable inherited="false" model="PA:Integer" name="NUM_IMAGES" value="40"/>
        <variable inherited="false" model="PA:Integer" name="INPUT_DIM" value="100"/>
      </variables>
      <genericInformation>
        <info name="PYTHON_COMMAND" value="$PYTHON_COMMAND"/>
        <info name="task.icon" value="/automation-dashboard/styles/patterns/img/wf-icons/cntk.png"/>
      </genericInformation>
      <depends>
        <task ref="Train_Model"/>
      </depends>
      <inputFiles>
        <files accessMode="transferFromGlobalSpace" includes="$MODEL_PATH"/>
      </inputFiles>
      <forkEnvironment javaHome="/usr">
        <envScript>
          <script>
            <file language="groovy" url="${PA_CATALOG_REST_URL}/buckets/scripts/resources/fork_env_cuda_universal/raw"/>
          </script>
        </envScript>
      </forkEnvironment>
      <scriptExecutable>
        <script>
          <code language="cpython">
            <![CDATA[
import pandas as pd
import scipy.misc
from PIL import Image
import cv2
import cntk as C
import numpy as np
import os
from cntk.ops.functions import load_model
  
g_input_dim = int(variables.get("INPUT_DIM"))
  
MODEL_PATH = variables.get("MODEL_PATH")

NUM_IMAGES = int(variables. get("NUM_IMAGES"))
  
G_output = load_model(MODEL_PATH)

#G_output = C.Function.load(OUTPUT_PATH)

#G_input = load_model(INPUT_PATH)
#input_dynamic_axes = [C.Axis.default_batch_axis()]
#G_input = C.input_variable(100, dynamic_axes=input_dynamic_axes)

# Print the generator loss 

def noise_sample(num_samples):
    return np.random.uniform(
        low = -1.0,
        high = 1.0,
        size = [num_samples, g_input_dim]        
    ).astype(np.float32)
    
noise = noise_sample(NUM_IMAGES)
images = G_output.eval({G_output.arguments[0]: noise})


IMAGES_FOLDER = 'Generated_Images/'
if os.path.exists(IMAGES_FOLDER):
    shutil.rmtree(IMAGES_FOLDER)
os.makedirs(IMAGES_FOLDER)

def plot_images(images):
    i = 0
    img_frame = []
    for image in images:
        i = i + 1
        image = image.reshape(28, 28)
        image = np.array(image * 255, dtype = np.uint8)
        img_directory = IMAGES_FOLDER+str(i)+'.jpeg'
        img_frame.append(img_directory)
        cv2.imwrite(img_directory,image)
        image = cv2.imread(img_directory,0)
        cv2.imwrite(img_directory,image) 
    return img_frame

img_frame = plot_images(images)
df_test_image = pd.DataFrame(img_frame)
df_test_image.columns = ['Image']

try:
  variables.put("PREDICT_DATA_JSON", df_test_image.to_json(orient='split'))
  variables.put('IMAGES_FOLDER', IMAGES_FOLDER)
except NameError as err:
  print("{0}".format(err))
  print("Warning: this script is running outside from ProActive.")
  pass
]]>
          </code>
        </script>
      </scriptExecutable>
      <outputFiles>
        <files accessMode="transferToGlobalSpace" includes="$IMAGES_FOLDER**"/>
      </outputFiles>
      <metadata>
        <positionTop>
            490.46875
        </positionTop>
        <positionLeft>
            297.34375
        </positionLeft>
      </metadata>
    </task>
  </taskFlow>
  <metadata>
    <visualization>
      <![CDATA[ <html>
    <head>
    <link rel="stylesheet" href="/studio/styles/studio-standalone.css">
        <style>
        #workflow-designer {
            left:0 !important;
            top:0 !important;
            width:2645px;
            height:3500px;
            }
        </style>
    </head>
    <body>
    <div id="workflow-visualization-view"><div id="workflow-visualization" style="position:relative;top:-168.671875px;left:-225.859375px"><div class="task _jsPlumb_endpoint_anchor_ ui-draggable" id="jsPlumb_1_107" style="top: 173.672px; left: 230.859px;"><a class="task-name" data-toggle="tooltip" data-placement="right" title="Import the MNIST dataset"><img src="/automation-dashboard/styles/patterns/img/wf-icons/cntk.png" width="20px">&nbsp;<span class="name">Import_MNIST_Dataset</span></a></div><div class="task _jsPlumb_endpoint_anchor_ ui-draggable" id="jsPlumb_1_110" style="top: 173.672px; left: 358.848px;"><a class="task-name" data-toggle="tooltip" data-placement="right" title="GANs are a class of artificial intelligence algorithms used in unsupervised machine learning, implemented by a system of two neural networks contesting with each other in a zero-sum game framework. 
A GAN network is composed of two sub-networks, one called the Generator and the other Discriminator. 
https://www.cntk.ai/pythondocs/gettingstarted.html"><img src="/automation-dashboard/styles/patterns/img/wf-icons/cntk.png" width="20px">&nbsp;<span class="name">GAN</span></a></div><div class="task ui-draggable _jsPlumb_endpoint_anchor_" id="jsPlumb_1_113" style="top: 301.68px; left: 294.863px;"><a class="task-name" data-toggle="tooltip" data-placement="right" title="Train the GAN model."><img src="/automation-dashboard/styles/patterns/img/wf-icons/cntk.png" width="20px">&nbsp;<span class="name">Train_Model</span></a></div><div class="task ui-draggable _jsPlumb_endpoint_anchor_" id="jsPlumb_1_116" style="top: 557.676px; left: 294.863px;"><a class="task-name" data-toggle="tooltip" data-placement="right" title="Preview the generated images"><img src="/automation-dashboard/styles/patterns/img/wf-icons/export_results.png" width="20px">&nbsp;<span class="name">Export_Results</span></a></div><div class="task ui-draggable _jsPlumb_endpoint_anchor_" id="jsPlumb_1_119" style="top: 429.668px; left: 294.863px;"><a class="task-name" data-toggle="tooltip" data-placement="right" title="Create fake images simply by feeding random noise into the generator and displaying the outputs."><img src="/automation-dashboard/styles/patterns/img/wf-icons/cntk.png" width="20px">&nbsp;<span class="name">Generate_Fake_Images</span></a></div><svg style="position:absolute;left:297.5px;top:213.5px" width="58" height="88" pointer-events="none" position="absolute" version="1.1" xmlns="http://www.w3.org/1999/xhtml" class="_jsPlumb_connector "><path d="M 37 87 C 47 37 -10 50 0 0 " transform="translate(10.5,0.5)" pointer-events="visibleStroke" version="1.1" xmlns="http://www.w3.org/1999/xhtml" fill="none" stroke="#666" style=""></path><path pointer-events="all" version="1.1" xmlns="http://www.w3.org/1999/xhtml" d="M36.363006,64.458666 L32.917818536921146,43.55099555721168 L29.651192652438006,52.17243136169487 L20.631583898616018,50.262808904773664 L36.363006,64.458666" class="" stroke="#666" fill="#666" transform="translate(10.5,0.5)"></path><path pointer-events="all" version="1.1" xmlns="http://www.w3.org/1999/xhtml" d="M36.363006,64.458666 L32.917818536921146,43.55099555721168 L29.651192652438006,52.17243136169487 L20.631583898616018,50.262808904773664 L36.363006,64.458666" class="" stroke="#666" fill="#666" transform="translate(10.5,0.5)"></path></svg><svg style="position:absolute;left:334.5px;top:213.5px" width="85" height="88" pointer-events="none" position="absolute" version="1.1" xmlns="http://www.w3.org/1999/xhtml" class="_jsPlumb_connector "><path d="M 0 87 C -10 37 74 50 64 0 " transform="translate(10.5,0.5)" pointer-events="visibleStroke" version="1.1" xmlns="http://www.w3.org/1999/xhtml" fill="none" stroke="#666" style=""></path><path pointer-events="all" version="1.1" xmlns="http://www.w3.org/1999/xhtml" d="M4.081406499999998,63.10721925000001 L22.997223792007773,53.55777653456474 L13.793173661802937,53.02349084256429 L12.913495384572059,43.8460093727618 L4.081406499999998,63.10721925000001" class="" stroke="#666" fill="#666" transform="translate(10.5,0.5)"></path><path pointer-events="all" version="1.1" xmlns="http://www.w3.org/1999/xhtml" d="M4.081406499999998,63.10721925000001 L22.997223792007773,53.55777653456474 L13.793173661802937,53.02349084256429 L12.913495384572059,43.8460093727618 L4.081406499999998,63.10721925000001" class="" stroke="#666" fill="#666" transform="translate(10.5,0.5)"></path></svg><svg style="position:absolute;left:340px;top:469.5px" width="43.5" height="89" pointer-events="none" position="absolute" version="1.1" xmlns="http://www.w3.org/1999/xhtml" class="_jsPlumb_connector "><path d="M 0 88 C -10 38 32.5 50 22.5 0 " transform="translate(10.5,0.5)" pointer-events="visibleStroke" version="1.1" xmlns="http://www.w3.org/1999/xhtml" fill="none" stroke="#666" style=""></path><path pointer-events="all" version="1.1" xmlns="http://www.w3.org/1999/xhtml" d="M-0.9093600000000013,66.303232 L11.972916442627813,49.479232664059786 L3.4520775701862974,52.999929315276646 L-1.3303862420955355,45.11779509387349 L-0.9093600000000013,66.303232" class="" stroke="#666" fill="#666" transform="translate(10.5,0.5)"></path><path pointer-events="all" version="1.1" xmlns="http://www.w3.org/1999/xhtml" d="M-0.9093600000000013,66.303232 L11.972916442627813,49.479232664059786 L3.4520775701862974,52.999929315276646 L-1.3303862420955355,45.11779509387349 L-0.9093600000000013,66.303232" class="" stroke="#666" fill="#666" transform="translate(10.5,0.5)"></path></svg><svg style="position:absolute;left:334.5px;top:340.5px" width="49" height="90" pointer-events="none" position="absolute" version="1.1" xmlns="http://www.w3.org/1999/xhtml" class="_jsPlumb_connector "><path d="M 28 89 C 38 39 -10 50 0 0 " transform="translate(10.5,0.5)" pointer-events="visibleStroke" version="1.1" xmlns="http://www.w3.org/1999/xhtml" fill="none" stroke="#666" style=""></path><path pointer-events="all" version="1.1" xmlns="http://www.w3.org/1999/xhtml" d="M28.3293185,66.74071675 L27.340942135401832,45.574160295018864 L23.093087064196798,53.75680823404433 L14.357033619446156,50.81039173082207 L28.3293185,66.74071675" class="" stroke="#666" fill="#666" transform="translate(10.5,0.5)"></path><path pointer-events="all" version="1.1" xmlns="http://www.w3.org/1999/xhtml" d="M28.3293185,66.74071675 L27.340942135401832,45.574160295018864 L23.093087064196798,53.75680823404433 L14.357033619446156,50.81039173082207 L28.3293185,66.74071675" class="" stroke="#666" fill="#666" transform="translate(10.5,0.5)"></path></svg><div class="_jsPlumb_endpoint source-endpoint dependency-source-endpoint connected _jsPlumb_endpoint_anchor_ ui-draggable ui-droppable _jsPlumb_endpoint_connected" style="position: absolute; height: 20px; width: 20px; left: 298px; top: 204px;"><svg style="position:absolute;left:0px;top:0px" width="20" height="20" pointer-events="all" position="absolute" version="1.1" xmlns="http://www.w3.org/1999/xhtml"><circle cx="10" cy="10" r="10" version="1.1" xmlns="http://www.w3.org/1999/xhtml" fill="#666" stroke="none" style=""></circle></svg></div><div class="_jsPlumb_endpoint source-endpoint dependency-source-endpoint connected _jsPlumb_endpoint_anchor_ ui-draggable ui-droppable _jsPlumb_endpoint_connected" style="position: absolute; height: 20px; width: 20px; left: 399px; top: 204px;"><svg style="position:absolute;left:0px;top:0px" width="20" height="20" pointer-events="all" position="absolute" version="1.1" xmlns="http://www.w3.org/1999/xhtml"><circle cx="10" cy="10" r="10" version="1.1" xmlns="http://www.w3.org/1999/xhtml" fill="#666" stroke="none" style=""></circle></svg></div><div class="_jsPlumb_endpoint source-endpoint dependency-source-endpoint connected _jsPlumb_endpoint_anchor_ ui-draggable ui-droppable _jsPlumb_endpoint_connected" style="position: absolute; height: 20px; width: 20px; left: 335px; top: 331px;"><svg style="position:absolute;left:0px;top:0px" width="20" height="20" pointer-events="all" position="absolute" version="1.1" xmlns="http://www.w3.org/1999/xhtml"><circle cx="10" cy="10" r="10" version="1.1" xmlns="http://www.w3.org/1999/xhtml" fill="#666" stroke="none" style=""></circle></svg></div><div class="_jsPlumb_endpoint target-endpoint dependency-target-endpoint _jsPlumb_endpoint_anchor_ ui-draggable ui-droppable _jsPlumb_endpoint_connected" style="position: absolute; height: 20px; width: 20px; left: 335px; top: 291px;"><svg style="position:absolute;left:0px;top:0px" width="20" height="20" pointer-events="all" position="absolute" version="1.1" xmlns="http://www.w3.org/1999/xhtml"><circle cx="10" cy="10" r="10" version="1.1" xmlns="http://www.w3.org/1999/xhtml" fill="#666" stroke="none" style=""></circle></svg></div><div class="_jsPlumb_endpoint source-endpoint dependency-source-endpoint connected _jsPlumb_endpoint_anchor_ ui-draggable ui-droppable" style="position: absolute; height: 20px; width: 20px; left: 340.5px; top: 588px;"><svg style="position:absolute;left:0px;top:0px" width="20" height="20" pointer-events="all" position="absolute" version="1.1" xmlns="http://www.w3.org/1999/xhtml"><circle cx="10" cy="10" r="10" version="1.1" xmlns="http://www.w3.org/1999/xhtml" fill="#666" stroke="none" style=""></circle></svg></div><div class="_jsPlumb_endpoint target-endpoint dependency-target-endpoint _jsPlumb_endpoint_anchor_ ui-draggable ui-droppable _jsPlumb_endpoint_connected" style="position: absolute; height: 20px; width: 20px; left: 340.5px; top: 548px;"><svg style="position:absolute;left:0px;top:0px" width="20" height="20" pointer-events="all" position="absolute" version="1.1" xmlns="http://www.w3.org/1999/xhtml"><circle cx="10" cy="10" r="10" version="1.1" xmlns="http://www.w3.org/1999/xhtml" fill="#666" stroke="none" style=""></circle></svg></div><div class="_jsPlumb_endpoint source-endpoint dependency-source-endpoint connected _jsPlumb_endpoint_anchor_ ui-draggable ui-droppable _jsPlumb_endpoint_connected" style="position: absolute; height: 20px; width: 20px; left: 363px; top: 460px;"><svg style="position:absolute;left:0px;top:0px" width="20" height="20" pointer-events="all" position="absolute" version="1.1" xmlns="http://www.w3.org/1999/xhtml"><circle cx="10" cy="10" r="10" version="1.1" xmlns="http://www.w3.org/1999/xhtml" fill="#666" stroke="none" style=""></circle></svg></div><div class="_jsPlumb_endpoint target-endpoint dependency-target-endpoint _jsPlumb_endpoint_anchor_ ui-draggable ui-droppable _jsPlumb_endpoint_connected" style="position: absolute; height: 20px; width: 20px; left: 363px; top: 420px;"><svg style="position:absolute;left:0px;top:0px" width="20" height="20" pointer-events="all" position="absolute" version="1.1" xmlns="http://www.w3.org/1999/xhtml"><circle cx="10" cy="10" r="10" version="1.1" xmlns="http://www.w3.org/1999/xhtml" fill="#666" stroke="none" style=""></circle></svg></div></div></div>
    </body>
</html>
 ]]>
    </visualization>
  </metadata>
</job>
