<?xml version="1.0" encoding="UTF-8" standalone="no"?>
<job xmlns="urn:proactive:jobdescriptor:3.12" xmlns:xsi="http://www.w3.org/2001/XMLSchema-instance" maxNumberOfExecution="2" name="Image_Object_Detection" onTaskError="continueJobExecution" priority="normal" projectName="5. Prediction Pytorch Workflows" xsi:schemaLocation="urn:proactive:jobdescriptor:3.12 http://www.activeeon.com/public_content/schemas/proactive/jobdescriptor/3.12/schedulerjob.xsd">
  <variables>
    <variable name="NATIVE_SCHEDULER" value=""/>
    <variable name="NATIVE_SCHEDULER_PARAMS" value=""/>
    <variable name="NODE_ACCESS_TOKEN" value=""/>
    <variable model="PA:LIST(no-container,docker,podman,singularity)" name="CONTAINER_PLATFORM" value="docker"/>
    <variable model="PA:Boolean" name="CONTAINER_GPU_ENABLED" value="True"/>
    <variable model="PA:LIST(,docker://activeeon/dlm3,docker://activeeon/cuda,docker://activeeon/cuda2,docker://activeeon/rapidsai,docker://activeeon/tensorflow:latest,docker://activeeon/tensorflow:latest-gpu)" name="CONTAINER_IMAGE" value=""/>
  </variables>
  <description>
    <![CDATA[ Image Object Detection workflow uses a pre-trained deep neural network to detect objects an image dataset. ]]>
  </description>
  <genericInformation>
<info name="bucketName" value="deep-learning-workflows"/>
<info name="workflow.icon" value="/automation-dashboard/styles/patterns/img/wf-icons/pytorch-logo-dark.png"/>
<info name="Documentation" value="MLOS/MLOSUserGuide.html#_prediction_custom_ai_workflows_pytorch_library"/>
<info name="NS" value="$NATIVE_SCHEDULER"/>
<info name="NS_BATCH" value="$NATIVE_SCHEDULER_PARAMS"/>
<info name="NODE_ACCESS_TOKEN" value="$NODE_ACCESS_TOKEN"/>
<info name="group" value="public-objects"/>
</genericInformation>
  <taskFlow>
    <task fork="true" name="YOLO">
      <description>
        <![CDATA[ You Only Look Once (YOLO) is a  single neural network to predict bounding boxes and class probabilities.
You can see more details in: https://pjreddie.com/media/files/papers/YOLOv3.pdf
https://github.com/eriklindernoren/PyTorch-YOLOv3 ]]>
      </description>
      <variables>
        <variable inherited="false" name="LEARNING_RATE" value="0.001"/>
        <variable inherited="false" name="MOMENTUM" value="0.9"/>
        <variable inherited="false" name="WEIGHT_DECAY" value="0.0005"/>
        <variable inherited="false" name="IMG_SIZE" value="(416, 416)"/>
        <variable inherited="false" name="NUM_CLASSES" value="81"/>
        <variable inherited="false" name="CONF_THRESHOLD" value="0.5"/>
        <variable inherited="false" name="NMS_THRESHOLD" value="0.45"/>
        <variable inherited="false" name="LABEL_PATH" value="https://s3.eu-west-2.amazonaws.com/activeeon-public/datasets/coco.names"/>
        <variable inherited="false" name="USE_PRETRAINED_MODEL" value="True"/>
      </variables>
      <genericInformation>
        <info name="task.icon" value="/automation-dashboard/styles/patterns/img/wf-icons/deep_detection.png"/>
        <info name="task.documentation" value="MLOS/MLOSUserGuide.html#_segnet"/>
      </genericInformation>
      <forkEnvironment javaHome="/usr">
        <envScript>
          <script>
            <file language="groovy" url="${PA_CATALOG_REST_URL}/buckets/scripts/resources/fork_env_cuda_universal/raw"/>
          </script>
        </envScript>
      </forkEnvironment>
      <scriptExecutable>
        <script>
          <file language="cpython" url="${PA_CATALOG_REST_URL}/buckets/deep-learning-scripts/resources/YOLO/raw"/>
        </script>
      </scriptExecutable>
      <controlFlow block="none"/>
      <metadata>
        <positionTop>
            323.5
        </positionTop>
        <positionLeft>
            465.984375
        </positionLeft>
      </metadata>
    </task>
    <task fork="true" name="Import_Model">
      <description>
        <![CDATA[ Import a trained model by a deep learning algorithm. ]]>
      </description>
      <variables>
        <variable inherited="false" name="MODEL_URL" value="https://s3.eu-west-2.amazonaws.com/activeeon-public/models/yolo3_coco.zip"/>
      </variables>
      <genericInformation>
        <info name="task.icon" value="/automation-dashboard/styles/patterns/img/wf-icons/import_deep_model.png"/>
        <info name="task.documentation" value="MLOS/MLOSUserGuide.html#_import_model"/>
      </genericInformation>
      <forkEnvironment javaHome="/usr">
        <envScript>
          <script>
            <file language="groovy" url="${PA_CATALOG_REST_URL}/buckets/scripts/resources/fork_env_cuda_universal/raw"/>
          </script>
        </envScript>
      </forkEnvironment>
      <scriptExecutable>
        <script>
          <file language="cpython" url="${PA_CATALOG_REST_URL}/buckets/deep-learning-scripts/resources/Import_Model/raw"/>
        </script>
      </scriptExecutable>
      <controlFlow block="none"/>
      <outputFiles>
        <files accessMode="transferToGlobalSpace" includes="$MODEL_FOLDER/**"/>
      </outputFiles>
      <metadata>
        <positionTop>
            323.5
        </positionTop>
        <positionLeft>
            604
        </positionLeft>
      </metadata>
    </task>
    <task fork="true" name="Predict_Image_Object_Detection_Model">
      <description>
        <![CDATA[ Predict a model using an image object detection network. ]]>
      </description>
      <variables>
        <variable inherited="false" name="BATCH_SIZE" value="1"/>
        <variable inherited="false" name="NUM_WORKERS" value="1"/>
      </variables>
      <genericInformation>
        <info name="task.icon" value="/automation-dashboard/styles/patterns/img/wf-icons/deep_predict.png"/>
        <info name="task.documentation" value="MLOS/MLOSUserGuide.html#_predict_image_segmentation_model"/>
      </genericInformation>
      <depends>
        <task ref="Import_Model"/>
        <task ref="YOLO"/>
        <task ref="Import_Image_Dataset"/>
      </depends>
      <inputFiles>
        <files accessMode="transferFromGlobalSpace" includes="$DATASET_PATH/**"/>
        <files accessMode="transferFromGlobalSpace" includes="$MODEL_FOLDER/**"/>
      </inputFiles>
      <forkEnvironment javaHome="/usr">
        <envScript>
          <script>
            <file language="groovy" url="${PA_CATALOG_REST_URL}/buckets/scripts/resources/fork_env_cuda_universal/raw"/>
          </script>
        </envScript>
      </forkEnvironment>
      <scriptExecutable>
        <script>
          <file language="cpython" url="${PA_CATALOG_REST_URL}/buckets/deep-learning-scripts/resources/Predict_Image_Object_Detection_Model/raw"/>
        </script>
      </scriptExecutable>
      <controlFlow block="none"/>
      <outputFiles>
        <files accessMode="transferToGlobalSpace" includes="$OUTPUT_FOLDER/**"/>
      </outputFiles>
      <metadata>
        <positionTop>
            451.5
        </positionTop>
        <positionLeft>
            604
        </positionLeft>
      </metadata>
    </task>
    <task fork="true" name="Preview_Results" preciousResult="true">
      <description>
        <![CDATA[ Preview the predicted results. ]]>
      </description>
      <variables>
        <variable inherited="false" name="OUTPUT_FILE" value="HTML"/>
      </variables>
      <genericInformation>
        <info name="task.icon" value="/automation-dashboard/styles/patterns/img/wf-icons/deep_export_results.png"/>
        <info name="task.documentation" value="MLOS/MLOSUserGuide.html#_export_results"/>
      </genericInformation>
      <depends>
        <task ref="Predict_Image_Object_Detection_Model"/>
      </depends>
      <inputFiles>
        <files accessMode="transferFromGlobalSpace" includes="$DATASET_PATH/**"/>
        <files accessMode="transferFromGlobalSpace" includes="$OUTPUT_FOLDER/**"/>
      </inputFiles>
      <forkEnvironment javaHome="/usr">
        <envScript>
          <script>
            <file language="groovy" url="${PA_CATALOG_REST_URL}/buckets/scripts/resources/fork_env_cuda_universal/raw"/>
          </script>
        </envScript>
      </forkEnvironment>
      <scriptExecutable>
        <script>
          <file language="cpython" url="${PA_CATALOG_REST_URL}/buckets/deep-learning-scripts/resources/Preview_Results/raw"/>
        </script>
      </scriptExecutable>
      <controlFlow block="none"/>
      <metadata>
        <positionTop>
            564.5
        </positionTop>
        <positionLeft>
            663
        </positionLeft>
      </metadata>
    </task>
    <task fork="true" name="Import_Image_Dataset">
      <description>
        <![CDATA[ Load and return an image dataset. ]]>
      </description>
      <variables>
        <variable inherited="false" name="DATA_PATH" value="https://s3.eu-west-2.amazonaws.com/activeeon-public/datasets/coco.zip"/>
        <variable inherited="false" name="TRAIN_SPLIT" value="0.60"/>
        <variable inherited="false" name="VAL_SPLIT" value="0.15"/>
        <variable inherited="false" name="TEST_SPLIT" value="0.25"/>
        <variable inherited="false" model="PA:LIST(Classification, Detection, Segmentation)" name="DATASET_TYPE" value="Detection"/>
      </variables>
      <genericInformation>
        <info name="task.icon" value="/automation-dashboard/styles/patterns/img/wf-icons/import_image.png"/>
        <info name="task.documentation" value="MLOS/MLOSUserGuide.html#_import_image_dataset"/>
      </genericInformation>
      <forkEnvironment javaHome="/usr">
        <envScript>
          <script>
            <file language="groovy" url="${PA_CATALOG_REST_URL}/buckets/scripts/resources/fork_env_cuda_universal/raw"/>
          </script>
        </envScript>
      </forkEnvironment>
      <scriptExecutable>
        <script>
          <file language="cpython" url="${PA_CATALOG_REST_URL}/buckets/deep-learning-scripts/resources/Import_Image_Dataset/raw"/>
        </script>
      </scriptExecutable>
      <controlFlow block="none"/>
      <outputFiles>
        <files accessMode="transferToGlobalSpace" includes="$DATASET_PATH/**"/>
      </outputFiles>
      <metadata>
        <positionTop>
            323.5
        </positionTop>
        <positionLeft>
            760
        </positionLeft>
      </metadata>
    </task>
  </taskFlow>
  <metadata>
    <visualization>
      <![CDATA[ <html>
    <head>
    <link rel="stylesheet" href="/studio/styles/studio-standalone.css">
        <style>
        #workflow-designer {
            left:0 !important;
            top:0 !important;
            width:2864px;
            height:3628px;
            }
        </style>
    </head>
    <body>
    <div id="workflow-visualization-view"><div id="workflow-visualization" style="position:relative;top:-318.5px;left:-460.984375px"><div class="task _jsPlumb_endpoint_anchor_ ui-draggable" id="jsPlumb_1_1" style="top: 323.5px; left: 465.984px;"><a class="task-name" data-toggle="tooltip" data-placement="right" title="You Only Look Once (YOLO) is a  single neural network to predict bounding boxes and class probabilities.
You can see more details in: https://pjreddie.com/media/files/papers/YOLOv3.pdf
https://github.com/eriklindernoren/PyTorch-YOLOv3"><img src="/automation-dashboard/styles/patterns/img/wf-icons/deep_detection.png" width="20px">&nbsp;<span class="name">YOLO</span></a></div><div class="task _jsPlumb_endpoint_anchor_ ui-draggable" id="jsPlumb_1_4" style="top: 323.5px; left: 604px;"><a class="task-name" data-toggle="tooltip" data-placement="right" title="Import a trained model by a deep learning algorithm."><img src="/automation-dashboard/styles/patterns/img/wf-icons/import_deep_model.png" width="20px">&nbsp;<span class="name">Import_Model</span></a></div><div class="task ui-draggable _jsPlumb_endpoint_anchor_" id="jsPlumb_1_7" style="top: 451.5px; left: 604px;"><a class="task-name" data-toggle="tooltip" data-placement="right" title="Predict a model using an image object detection network."><img src="/automation-dashboard/styles/patterns/img/wf-icons/deep_predict.png" width="20px">&nbsp;<span class="name">Predict_Image_Object_Detection_Model</span></a></div><div class="task ui-draggable _jsPlumb_endpoint_anchor_" id="jsPlumb_1_10" style="top: 564.5px; left: 663px; z-index: 24;"><a class="task-name" data-toggle="tooltip" data-placement="right" title="Preview the predicted results."><img src="/automation-dashboard/styles/patterns/img/wf-icons/deep_export_results.png" width="20px">&nbsp;<span class="name">Preview_Results</span></a></div><div class="task _jsPlumb_endpoint_anchor_ ui-draggable" id="jsPlumb_1_13" style="top: 323.5px; left: 760px;"><a class="task-name" data-toggle="tooltip" data-placement="right" title="Load and return an image dataset."><img src="/automation-dashboard/styles/patterns/img/wf-icons/import_image.png" width="20px">&nbsp;<span class="name">Import_Image_Dataset</span></a></div><svg style="position:absolute;left:643.5px;top:363.5px" width="78" height="89" pointer-events="none" position="absolute" version="1.1" xmlns="http://www.w3.org/1999/xhtml" class="_jsPlumb_connector "><path d="M 57 88 C 67 38 -10 50 0 0 " transform="translate(10.5,0.5)" pointer-events="visibleStroke" version="1.1" xmlns="http://www.w3.org/1999/xhtml" fill="none" stroke="#666" style=""></path><path pointer-events="all" version="1.1" xmlns="http://www.w3.org/1999/xhtml" d="M53.680506750000006,63.998374500000004 L46.050422394111685,44.23017243906314 L44.60766171298321,53.33612882030008 L35.38817671441176,53.303017476079944 L53.680506750000006,63.998374500000004" class="" stroke="#666" fill="#666" transform="translate(10.5,0.5)"></path><path pointer-events="all" version="1.1" xmlns="http://www.w3.org/1999/xhtml" d="M53.680506750000006,63.998374500000004 L46.050422394111685,44.23017243906314 L44.60766171298321,53.33612882030008 L35.38817671441176,53.303017476079944 L53.680506750000006,63.998374500000004" class="" stroke="#666" fill="#666" transform="translate(10.5,0.5)"></path></svg><svg style="position:absolute;left:505.5px;top:363.5px" width="216" height="89" pointer-events="none" position="absolute" version="1.1" xmlns="http://www.w3.org/1999/xhtml" class="_jsPlumb_connector "><path d="M 195 88 C 205 38 -10 50 0 0 " transform="translate(10.5,0.5)" pointer-events="visibleStroke" version="1.1" xmlns="http://www.w3.org/1999/xhtml" fill="none" stroke="#666" style=""></path><path pointer-events="all" version="1.1" xmlns="http://www.w3.org/1999/xhtml" d="M165.07919999999996,59.394175999999995 L148.05067492851586,46.783492676332045 L151.70763210304003,55.2467464373684 L143.90324536588426,60.155060573291976 L165.07919999999996,59.394175999999995" class="" stroke="#666" fill="#666" transform="translate(10.5,0.5)"></path><path pointer-events="all" version="1.1" xmlns="http://www.w3.org/1999/xhtml" d="M165.07919999999996,59.394175999999995 L148.05067492851586,46.783492676332045 L151.70763210304003,55.2467464373684 L143.90324536588426,60.155060573291976 L165.07919999999996,59.394175999999995" class="" stroke="#666" fill="#666" transform="translate(10.5,0.5)"></path></svg><svg style="position:absolute;left:700.5px;top:363.5px" width="138.5" height="89" pointer-events="none" position="absolute" version="1.1" xmlns="http://www.w3.org/1999/xhtml" class="_jsPlumb_connector "><path d="M 0 88 C -10 38 127.5 50 117.5 0 " transform="translate(10.5,0.5)" pointer-events="visibleStroke" version="1.1" xmlns="http://www.w3.org/1999/xhtml" fill="none" stroke="#666" style=""></path><path pointer-events="all" version="1.1" xmlns="http://www.w3.org/1999/xhtml" d="M13.558589374999999,61.4125935 L34.48334291075885,58.07272981000494 L25.87846542932731,54.7627322979889 L27.83348170874775,45.75285375567763 L13.558589374999999,61.4125935" class="" stroke="#666" fill="#666" transform="translate(10.5,0.5)"></path><path pointer-events="all" version="1.1" xmlns="http://www.w3.org/1999/xhtml" d="M13.558589374999999,61.4125935 L34.48334291075885,58.07272981000494 L25.87846542932731,54.7627322979889 L27.83348170874775,45.75285375567763 L13.558589374999999,61.4125935" class="" stroke="#666" fill="#666" transform="translate(10.5,0.5)"></path></svg><svg style="position:absolute;left:700.5px;top:491.5px" width="27.5" height="73.5" pointer-events="none" position="absolute" version="1.1" xmlns="http://www.w3.org/1999/xhtml" class="_jsPlumb_connector"><path d="M 6.5 72.5 C 16.5 22.5 -10 50 0 0 " transform="translate(10.5,0.5)" pointer-events="visibleStroke" version="1.1" xmlns="http://www.w3.org/1999/xhtml" fill="none" stroke="#666" style=""></path><path pointer-events="all" version="1.1" xmlns="http://www.w3.org/1999/xhtml" d="M8.791105374999999,54.25861187500001 L13.413572573564126,33.57932762727522 L7.160194371260413,40.35393175290151 L-0.491107548534373,35.2102386310148 L8.791105374999999,54.25861187500001" class="" stroke="#666" fill="#666" transform="translate(10.5,0.5)"></path><path pointer-events="all" version="1.1" xmlns="http://www.w3.org/1999/xhtml" d="M8.791105374999999,54.25861187500001 L13.413572573564126,33.57932762727522 L7.160194371260413,40.35393175290151 L-0.491107548534373,35.2102386310148 L8.791105374999999,54.25861187500001" class="" stroke="#666" fill="#666" transform="translate(10.5,0.5)"></path></svg><div class="_jsPlumb_endpoint source-endpoint dependency-source-endpoint connected _jsPlumb_endpoint_anchor_ ui-draggable ui-droppable _jsPlumb_endpoint_connected" style="position: absolute; height: 20px; width: 20px; left: 506px; top: 354px;"><svg style="position:absolute;left:0px;top:0px" width="20" height="20" pointer-events="all" position="absolute" version="1.1" xmlns="http://www.w3.org/1999/xhtml"><circle cx="10" cy="10" r="10" version="1.1" xmlns="http://www.w3.org/1999/xhtml" fill="#666" stroke="none" style=""></circle></svg></div><div class="_jsPlumb_endpoint source-endpoint dependency-source-endpoint connected _jsPlumb_endpoint_anchor_ ui-draggable ui-droppable _jsPlumb_endpoint_connected" style="position: absolute; height: 20px; width: 20px; left: 644px; top: 354px;"><svg style="position:absolute;left:0px;top:0px" width="20" height="20" pointer-events="all" position="absolute" version="1.1" xmlns="http://www.w3.org/1999/xhtml"><circle cx="10" cy="10" r="10" version="1.1" xmlns="http://www.w3.org/1999/xhtml" fill="#666" stroke="none" style=""></circle></svg></div><div class="_jsPlumb_endpoint source-endpoint dependency-source-endpoint connected _jsPlumb_endpoint_anchor_ ui-draggable ui-droppable _jsPlumb_endpoint_connected" style="position: absolute; height: 20px; width: 20px; left: 701px; top: 482px;"><svg style="position:absolute;left:0px;top:0px" width="20" height="20" pointer-events="all" position="absolute" version="1.1" xmlns="http://www.w3.org/1999/xhtml"><circle cx="10" cy="10" r="10" version="1.1" xmlns="http://www.w3.org/1999/xhtml" fill="#666" stroke="none" style=""></circle></svg></div><div class="_jsPlumb_endpoint target-endpoint dependency-target-endpoint _jsPlumb_endpoint_anchor_ ui-draggable ui-droppable _jsPlumb_endpoint_connected" style="position: absolute; height: 20px; width: 20px; left: 701px; top: 442px;"><svg style="position:absolute;left:0px;top:0px" width="20" height="20" pointer-events="all" position="absolute" version="1.1" xmlns="http://www.w3.org/1999/xhtml"><circle cx="10" cy="10" r="10" version="1.1" xmlns="http://www.w3.org/1999/xhtml" fill="#666" stroke="none" style=""></circle></svg></div><div class="_jsPlumb_endpoint source-endpoint dependency-source-endpoint connected _jsPlumb_endpoint_anchor_ ui-draggable ui-droppable" style="position: absolute; height: 20px; width: 20px; left: 707.5px; top: 594.5px;"><svg style="position:absolute;left:0px;top:0px" width="20" height="20" pointer-events="all" position="absolute" version="1.1" xmlns="http://www.w3.org/1999/xhtml"><circle cx="10" cy="10" r="10" version="1.1" xmlns="http://www.w3.org/1999/xhtml" fill="#666" stroke="none" style=""></circle></svg></div><div class="_jsPlumb_endpoint target-endpoint dependency-target-endpoint _jsPlumb_endpoint_anchor_ ui-draggable ui-droppable _jsPlumb_endpoint_connected" style="position: absolute; height: 20px; width: 20px; left: 707.5px; top: 554.5px;"><svg style="position:absolute;left:0px;top:0px" width="20" height="20" pointer-events="all" position="absolute" version="1.1" xmlns="http://www.w3.org/1999/xhtml"><circle cx="10" cy="10" r="10" version="1.1" xmlns="http://www.w3.org/1999/xhtml" fill="#666" stroke="none" style=""></circle></svg></div><div class="_jsPlumb_endpoint source-endpoint dependency-source-endpoint connected _jsPlumb_endpoint_anchor_ ui-draggable ui-droppable _jsPlumb_endpoint_connected" style="position: absolute; height: 20px; width: 20px; left: 818.5px; top: 354px;"><svg style="position:absolute;left:0px;top:0px" width="20" height="20" pointer-events="all" position="absolute" version="1.1" xmlns="http://www.w3.org/1999/xhtml"><circle cx="10" cy="10" r="10" version="1.1" xmlns="http://www.w3.org/1999/xhtml" fill="#666" stroke="none" style=""></circle></svg></div></div></div>
    </body>
</html>
 ]]>
    </visualization>
  </metadata>
</job>
