<?xml version="1.0" encoding="UTF-8" standalone="no"?>
<job xmlns="urn:proactive:jobdescriptor:3.11" xmlns:xsi="http://www.w3.org/2001/XMLSchema-instance" maxNumberOfExecution="2" name="Image_Classification" onTaskError="continueJobExecution" priority="normal" projectName="4. Custom AI workflows - Pytorch library" xsi:schemaLocation="urn:proactive:jobdescriptor:3.11 http://www.activeeon.com/public_content/schemas/proactive/jobdescriptor/3.11/schedulerjob.xsd">
  <variables>
    <variable model="PA:Boolean" name="GPU_NODES_ONLY" value="False"/>
    <variable model="PA:Boolean" name="DOCKER_ENABLED" value="True"/>
  </variables>
  <description>
    <![CDATA[ Use a pre-trained deep neural network to classify an image dataset. ]]>
  </description>
  <genericInformation>
<info name="bucketName" value="deep-learning-workflows-dev2"/>
<info name="workflow.icon" value="/automation-dashboard/styles/patterns/img/wf-icons/deep_image_classification.png"/>
<info name="Documentation" value="https://ow2-proactive.github.io/proactive-examples/MachineLearning/resources/doc/V1/automated-machine-learning-activeeon.pdf"/>
<info name="group" value="public-objects"/>
</genericInformation>
  <taskFlow>
    <task name="Import_Model">
      <description>
        <![CDATA[ Import a trained model by a deep learning algorithm. ]]>
      </description>
      <variables>
        <variable inherited="true" model="PA:Boolean" name="GPU_NODES_ONLY" value="False"/>
        <variable inherited="true" model="PA:Boolean" name="DOCKER_ENABLED" value="True"/>
        <variable inherited="true" name="MODEL_URL" value="https://s3.eu-west-2.amazonaws.com/activeeon-public/models/model_resnet18.zip"/>
      </variables>
      <genericInformation>
        <info name="task.icon" value="/automation-dashboard/styles/patterns/img/wf-icons/import_deep_model.png"/>
        <info name="task.documentation" value="https://doc.activeeon.com/latest/MLOS/MLOSUserGuide.html#_import_model"/>
      </genericInformation>
      <selection>
        <script type="static">
          <code language="python">
            <![CDATA[
import os

GPU_NODES_ONLY = False
if variables.get("GPU_NODES_ONLY") is not None:
  if str(variables.get("GPU_NODES_ONLY")).lower() == 'true':
    GPU_NODES_ONLY = True

CUDA_ENABLED = False
CUDA_HOME = os.getenv('CUDA_HOME', None)
CUDA_HOME_DEFAULT = '/usr/local/cuda'
if CUDA_HOME is not None:
  if os.path.isdir(CUDA_HOME) == True:
    CUDA_ENABLED = True
else:
  if os.path.isdir(CUDA_HOME_DEFAULT) == True:
    CUDA_ENABLED = True

selected = ((GPU_NODES_ONLY == False) or (GPU_NODES_ONLY == True and CUDA_ENABLED == True))
]]>
          </code>
        </script>
      </selection>
      <forkEnvironment javaHome="/usr">
        <envScript>
          <script>
            <code language="python">
              <![CDATA[
if str(variables.get("DOCKER_ENABLED")).lower() == 'true':
  #Be aware, that the prefix command is internally split by spaces. So paths with spaces won't work.
  # Prepare Docker parameters 
  containerName = 'activeeon/dlm3' 
  dockerRunCommand =  'docker run ' 
  dockerParameters = '--rm ' 
  # Prepare ProActive home volume 
  paHomeHost = variables.get("PA_SCHEDULER_HOME") 
  paHomeContainer = variables.get("PA_SCHEDULER_HOME") 
  proActiveHomeVolume = '-v '+paHomeHost +':'+paHomeContainer+' ' 
  # Prepare working directory (For Dataspaces and serialized task file) 
  workspaceHost = localspace 
  workspaceContainer = localspace 
  workspaceVolume = '-v '+localspace +':'+localspace+' ' 
  # Prepare container working directory 
  containerWorkingDirectory = '-w '+workspaceContainer+' ' 
  # Save pre execution command into magic variable 'preJavaHomeCmd', which is picked up by the node 
  preJavaHomeCmd = dockerRunCommand + dockerParameters + proActiveHomeVolume + workspaceVolume + containerWorkingDirectory + containerName
else:
  print("Fork environment disabled")
]]>
            </code>
          </script>
        </envScript>
      </forkEnvironment>
      <scriptExecutable>
        <script>
          <code language="cpython">
            <![CDATA[
print("BEGIN Import_Model")

import wget
import uuid
import shutil
import zipfile

from os.path import join, exists
from os import remove, listdir, makedirs

# Pre-trained models
# Text:  https://s3.eu-west-2.amazonaws.com/activeeon-public/models/basic_sentiment_analysis.zip
# Image: https://s3.eu-west-2.amazonaws.com/activeeon-public/models/model_resnet18.zip

# Load a trained model on ResNet-18 with two classes [ants, bees]
#MODEL_URL = 'https://s3.eu-west-2.amazonaws.com/activeeon-public/models/model_resnet18.zip' ##CLASSIFICATION MODEL

# Load a trained model on SegNet with five classes 
#MODEL_URL = 'https://s3.eu-west-2.amazonaws.com/activeeon-public/models/model_segnet.zip'##SEGMENTATION MODEL

# Load a trained model on SDD with twenty-one classes 
MODEL_URL = 'https://s3.eu-west-2.amazonaws.com/activeeon-public/models/sdd_voc.zip'##OBJECT DETECTION MODEL ON PASCAL VOC DATASET


if 'variables' in locals():
  MODEL_URL = variables.get("MODEL_URL")

print("MODEL_URL:   " + MODEL_URL)
assert MODEL_URL is not None

# Get an unique ID
ID = str(uuid.uuid4())

# Create an empty dir
MODEL_FOLDER = join('models', ID)
if exists(MODEL_FOLDER):
  shutil.rmtree(MODEL_FOLDER)
makedirs(MODEL_FOLDER)
print("MODEL_FOLDER: " + MODEL_FOLDER)

print("Downloading...")
filename = wget.download(MODEL_URL, MODEL_FOLDER)
print("FILENAME: " + filename)
print("OK")

print("Extracting...")
dataset_zip = zipfile.ZipFile(filename)
dataset_zip.extractall(MODEL_FOLDER)
dataset_zip.close()
remove(filename)
print("OK")

MODEL_PATH = None
LABELS_PATH = None
TEXT_PATH = None 
for file in listdir(MODEL_FOLDER):
  if file.endswith(".pt") or file.endswith(".pth"):
    MODEL_PATH = join(MODEL_FOLDER, file)
  if file.endswith("label.pkl"):
    LABELS_PATH = join(MODEL_FOLDER, file)
  if file.endswith("text.pkl"):
    TEXT_PATH = join(MODEL_FOLDER, file)
  if file.endswith(".txt"):
    LABELS_PATH = join(MODEL_FOLDER, file)

assert MODEL_PATH is not None
#assert LABELS_PATH is not None
print(LABELS_PATH)
print("Model information: ")
print("MODEL_PATH:  " + MODEL_PATH)
if LABELS_PATH != None:
	print("LABELS_PATH: " + LABELS_PATH)
print("TEXT_PATH:   " + str(TEXT_PATH))

if 'variables' in locals():
  variables.put("MODEL_PATH", MODEL_PATH)
  variables.put("LABELS_PATH", LABELS_PATH)
  variables.put("TEXT_PATH", TEXT_PATH)
  variables.put("MODEL_FOLDER", MODEL_FOLDER)

print("END Import_Model")
]]>
          </code>
        </script>
      </scriptExecutable>
      <controlFlow block="none"/>
      <outputFiles>
        <files accessMode="transferToGlobalSpace" includes="$MODEL_FOLDER/**"/>
      </outputFiles>
      <metadata>
        <positionTop>
            436
        </positionTop>
        <positionLeft>
            971.5
        </positionLeft>
      </metadata>
    </task>
    <task name="Export_Images">
      <description>
        <![CDATA[ Download a zip file of your results ]]>
      </description>
      <variables>
        <variable inherited="true" model="PA:Boolean" name="GPU_NODES_ONLY" value="False"/>
        <variable inherited="true" model="PA:Boolean" name="DOCKER_ENABLED" value="True"/>
      </variables>
      <genericInformation>
        <info name="task.icon" value="/automation-dashboard/styles/patterns/img/wf-icons/export_images.png"/>
        <info name="task.documentation" value="https://doc.activeeon.com/latest/MLOS/MLOSUserGuide.html#_export_images"/>
      </genericInformation>
      <depends>
        <task ref="Predict_Image_Classification_Model"/>
      </depends>
      <inputFiles>
        <files accessMode="transferFromGlobalSpace" includes="$DATASET_PATH/**"/>
        <files accessMode="transferFromGlobalSpace" includes="$OUTPUT_FOLDER/**"/>
      </inputFiles>
      <selection>
        <script type="static">
          <code language="python">
            <![CDATA[
import os

GPU_NODES_ONLY = False
if variables.get("GPU_NODES_ONLY") is not None:
  if str(variables.get("GPU_NODES_ONLY")).lower() == 'true':
    GPU_NODES_ONLY = True

CUDA_ENABLED = False
CUDA_HOME = os.getenv('CUDA_HOME', None)
CUDA_HOME_DEFAULT = '/usr/local/cuda'
if CUDA_HOME is not None:
  if os.path.isdir(CUDA_HOME) == True:
    CUDA_ENABLED = True
else:
  if os.path.isdir(CUDA_HOME_DEFAULT) == True:
    CUDA_ENABLED = True

selected = ((GPU_NODES_ONLY == False) or (GPU_NODES_ONLY == True and CUDA_ENABLED == True))
]]>
          </code>
        </script>
      </selection>
      <forkEnvironment javaHome="/usr">
        <envScript>
          <script>
            <code language="python">
              <![CDATA[
if str(variables.get("DOCKER_ENABLED")).lower() == 'true':
  #Be aware, that the prefix command is internally split by spaces. So paths with spaces won't work.
  # Prepare Docker parameters 
  containerName = 'activeeon/dlm3' 
  dockerRunCommand =  'docker run ' 
  dockerParameters = '--rm ' 
  # Prepare ProActive home volume 
  paHomeHost = variables.get("PA_SCHEDULER_HOME") 
  paHomeContainer = variables.get("PA_SCHEDULER_HOME") 
  proActiveHomeVolume = '-v '+paHomeHost +':'+paHomeContainer+' ' 
  # Prepare working directory (For Dataspaces and serialized task file) 
  workspaceHost = localspace 
  workspaceContainer = localspace 
  workspaceVolume = '-v '+localspace +':'+localspace+' ' 
  # Prepare container working directory 
  containerWorkingDirectory = '-w '+workspaceContainer+' ' 
  # Save pre execution command into magic variable 'preJavaHomeCmd', which is picked up by the node 
  preJavaHomeCmd = dockerRunCommand + dockerParameters + proActiveHomeVolume + workspaceVolume + containerWorkingDirectory + containerName
else:
  print("Fork environment disabled")
]]>
            </code>
          </script>
        </envScript>
      </forkEnvironment>
      <scriptExecutable>
        <script>
          <code language="cpython">
            <![CDATA[
print("BEGIN Export_Images")

import os
import cv2
import json
import glob
import uuid  
import torch 
import numpy
import torch
import shutil
import random
import zipfile
import pandas as pd

from PIL import Image
from os.path import join, exists
from os import remove, listdir, makedirs

import torch
import torch.nn as nn
import torch.nn.init as init
import torch.nn.functional as F
from torch.utils.data import Dataset 

from torch.utils import model_zoo
from ast import literal_eval as make_tuple
from os.path import basename, splitext, exists, join, isfile

from torch.optim import SGD, Adam
from torch.autograd import Variable
from torch.utils.data import DataLoader
from torchvision.transforms import Compose
from torchvision import datasets, models, transforms
from torchvision.transforms import ToTensor, ToPILImage, Normalize, Scale

if 'variables' in locals():
  DATASET_PATH   = variables.get("DATASET_PATH")
  NET_TRANSFORM  = variables.get("NET_TRANSFORM")
  CNN_TRANSFORM  = variables.get("CNN_TRANSFORM")
  PREDICT_DATA   = variables.get("PREDICT_DATA_JSON")
  SHUFFLE = variables.get("SHUFFLE")
  BATCH_SIZE = int(str(variables.get("BATCH_SIZE")))
  NUM_WORKERS = int(str(variables.get("NUM_WORKERS")))
  DATASET_TYPE = variables.get("DATASET_TYPE")  
  IMG_SIZE   = variables.get("IMG_SIZE") 

#CLASSIFICATION
if DATASET_TYPE == 'CLASSIFICATION':
	# Load CNN transform
	# data_transforms
	if CNN_TRANSFORM != None:
		assert CNN_TRANSFORM is not None
		exec(CNN_TRANSFORM)   
        
	# Load dataset
	image_dataset = {x: 
		datasets.ImageFolder(join(DATASET_PATH, x), data_transforms[x]) 
  		for x in ['test']}

	data_loader = {x: 
		DataLoader(image_dataset[x], batch_size=BATCH_SIZE, shuffle=SHUFFLE, num_workers=NUM_WORKERS) 
		for x in ['test']}        
        
	# Get an unique ID
	ID = str(uuid.uuid4())

	# Define localspace
	LOCALSPACE = join('results', ID)
	os.makedirs(LOCALSPACE, exist_ok=True)
    
	if PREDICT_DATA != None: 
		prediction_result  = pd.read_json(PREDICT_DATA, orient='split')
		df = pd.DataFrame(prediction_result)
		preds = df['Predictions']
        
		for index, elem in enumerate(preds):
			# check if folder exist
			os.makedirs(join(LOCALSPACE,  preds[index]), exist_ok=True)       
			shutil.copy2(data_loader['test'].dataset.imgs[index][0], LOCALSPACE + '/' + preds[index])
            
		FILE_NAME = '.zip'  
		FILE_PATH = join(LOCALSPACE, FILE_NAME)
		print("FILE_PATH: " + FILE_PATH)  
             
		def zipdir(_path, _ziph):
			# ziph is zipfile handle
			for root, dirs, files in os.walk(_path):
				for file in files:
					_ziph.write(join(root, file))   
            
		zipf = zipfile.ZipFile(FILE_PATH, 'w', zipfile.ZIP_DEFLATED)
		zipdir(LOCALSPACE, zipf)
		zipf.close()
  
		assert isfile(FILE_PATH) == True   
        
		# Read the whole file at once
		FILE_BIN = None
		with open(FILE_PATH, "rb") as binary_file:
			FILE_BIN = binary_file.read()
		assert FILE_BIN is not None  
               
		if 'variables' in locals():
			result = FILE_BIN
			resultMetadata.put("file.extension", ".zip")
			resultMetadata.put("file.name", "result.zip")
			resultMetadata.put("content.type", "application/octet-stream") 
			print("END Export_Images")
	else:
		print("It is not possible to export the images")   
        
#DETECTION / SEGMENTATION     
if DATASET_TYPE == 'DETECTION' or DATASET_TYPE == 'SEGMENTATION':
    IMG_SIZE = tuple(IMG_SIZE)
    # Get an unique ID
    ID = str(uuid.uuid4())
    # Define localspace
    LOCALSPACE = join('results', ID)
    os.makedirs(LOCALSPACE, exist_ok=True)
    if PREDICT_DATA != None: 
        prediction_result  = pd.read_json(PREDICT_DATA, orient='split')
        df = pd.DataFrame(prediction_result)
        os.makedirs(join(LOCALSPACE, 'images'), exist_ok=True)
        os.makedirs(join(LOCALSPACE, 'outputs'), exist_ok=True)
        imgs = df['Image Paths']
        preds = df['Outputs']
        for index, elem in enumerate(preds): 
        	shutil.copy2(imgs[index], LOCALSPACE + '/' + 'images') 
        	shutil.copy2(elem, LOCALSPACE + '/' + 'outputs') 
            
        FILE_NAME = '.zip' 
        FILE_PATH = join(LOCALSPACE, FILE_NAME)
        print("FILE_PATH: " + FILE_PATH) 
        
        def zipdir(_path, _ziph):
        	# ziph is zipfile handle
        	for root, dirs, files in os.walk(_path):
        		for file in files:
        			_ziph.write(join(root, file))  
                    
        zipf = zipfile.ZipFile(FILE_PATH, 'w', zipfile.ZIP_DEFLATED)
        zipdir(LOCALSPACE, zipf)
        zipf.close()
        
        assert isfile(FILE_PATH) == True 
        
		# Read the whole file at once
        FILE_BIN = None
        with open(FILE_PATH, "rb") as binary_file:
        	FILE_BIN = binary_file.read()
        assert FILE_BIN is not None  
        
        if 'variables' in locals():
        	result = FILE_BIN
        	resultMetadata.put("file.extension", ".zip")
        	resultMetadata.put("file.name", "result.zip")
        	resultMetadata.put("content.type", "application/octet-stream") 
        	print("END Export_Images")
    else:
        print("It is not possible to export the images")
]]>
          </code>
        </script>
      </scriptExecutable>
      <controlFlow block="none"/>
      <metadata>
        <positionTop>
            692
        </positionTop>
        <positionLeft>
            1040.5
        </positionLeft>
      </metadata>
    </task>
    <task name="ResNet-182">
      <description>
        <![CDATA[ Deep Residual Networks (ResNet-18) is a deep convolutional neural network, trained on 1.28 million ImageNet training images, coming from 1000 classes.
You can see more details in: http://pytorch.org/docs/master/torchvision/models.html ]]>
      </description>
      <variables>
        <variable inherited="true" model="PA:Boolean" name="GPU_NODES_ONLY" value="False"/>
        <variable inherited="true" model="PA:Boolean" name="DOCKER_ENABLED" value="True"/>
        <variable inherited="true" model="PA:Boolean" name="USE_PRETRAINED_MODEL" value="True"/>
      </variables>
      <genericInformation>
        <info name="task.icon" value="/automation-dashboard/styles/patterns/img/wf-icons/deep_learning.png"/>
        <info name="task.documentation" value="https://doc.activeeon.com/latest/MLOS/MLOSUserGuide.html#_resnet-18"/>
      </genericInformation>
      <selection>
        <script type="static">
          <code language="python">
            <![CDATA[
import os

GPU_NODES_ONLY = False
if variables.get("GPU_NODES_ONLY") is not None:
  if str(variables.get("GPU_NODES_ONLY")).lower() == 'true':
    GPU_NODES_ONLY = True

CUDA_ENABLED = False
CUDA_HOME = os.getenv('CUDA_HOME', None)
CUDA_HOME_DEFAULT = '/usr/local/cuda'
if CUDA_HOME is not None:
  if os.path.isdir(CUDA_HOME) == True:
    CUDA_ENABLED = True
else:
  if os.path.isdir(CUDA_HOME_DEFAULT) == True:
    CUDA_ENABLED = True

selected = ((GPU_NODES_ONLY == False) or (GPU_NODES_ONLY == True and CUDA_ENABLED == True))
]]>
          </code>
        </script>
      </selection>
      <forkEnvironment javaHome="/usr">
        <envScript>
          <script>
            <code language="python">
              <![CDATA[
if str(variables.get("DOCKER_ENABLED")).lower() == 'true':
  #Be aware, that the prefix command is internally split by spaces. So paths with spaces won't work.
  # Prepare Docker parameters 
  containerName = 'activeeon/dlm3' 
  dockerRunCommand =  'docker run ' 
  dockerParameters = '--rm ' 
  # Prepare ProActive home volume 
  paHomeHost = variables.get("PA_SCHEDULER_HOME") 
  paHomeContainer = variables.get("PA_SCHEDULER_HOME") 
  proActiveHomeVolume = '-v '+paHomeHost +':'+paHomeContainer+' ' 
  # Prepare working directory (For Dataspaces and serialized task file) 
  workspaceHost = localspace 
  workspaceContainer = localspace 
  workspaceVolume = '-v '+localspace +':'+localspace+' ' 
  # Prepare container working directory 
  containerWorkingDirectory = '-w '+workspaceContainer+' ' 
  # Save pre execution command into magic variable 'preJavaHomeCmd', which is picked up by the node 
  preJavaHomeCmd = dockerRunCommand + dockerParameters + proActiveHomeVolume + workspaceVolume + containerWorkingDirectory + containerName
else:
  print("Fork environment disabled")
]]>
            </code>
          </script>
        </envScript>
      </forkEnvironment>
      <scriptExecutable>
        <script>
          <code language="cpython">
            <![CDATA[
print("BEGIN ResNet-18")

import json

USE_PRETRAINED_MODEL = 'true'
if 'variables' in locals():
  if variables.get("USE_PRETRAINED_MODEL") is not None:
    USE_PRETRAINED_MODEL = str(variables.get("USE_PRETRAINED_MODEL")).lower()

pretrained = False
if USE_PRETRAINED_MODEL == 'true':
  pretrained = True

# Define the CNN model
CNN_MODEL = """
cnn = models.resnet18(pretrained=""" + str(pretrained) + """)
num_features = cnn.fc.in_features
cnn.fc = nn.Linear(num_features, num_classes)
"""
print(CNN_MODEL)

# Data augmentation and normalization for training
# Just normalization for validation and test
CNN_TRANSFORM = """
data_transforms = {
    'train': transforms.Compose([
        transforms.RandomResizedCrop(224),
        transforms.RandomHorizontalFlip(),
        transforms.ToTensor(),
        transforms.Normalize([0.485, 0.456, 0.406], [0.229, 0.224, 0.225])
    ]),
    'val': transforms.Compose([
        transforms.Resize(256),
        transforms.CenterCrop(224),
        transforms.ToTensor(),
        transforms.Normalize([0.485, 0.456, 0.406], [0.229, 0.224, 0.225])
    ]),
    'test': transforms.Compose([
        transforms.Resize(256),
        transforms.CenterCrop(224),
        transforms.ToTensor(),
        transforms.Normalize([0.485, 0.456, 0.406], [0.229, 0.224, 0.225])
    ])
}
"""
print(CNN_TRANSFORM)

if 'variables' in locals():
  variables.put("CNN_MODEL", CNN_MODEL)
  variables.put("CNN_TRANSFORM", CNN_TRANSFORM)

print("END ResNet-18")
]]>
          </code>
        </script>
      </scriptExecutable>
      <controlFlow block="none"/>
      <metadata>
        <positionTop>
            436
        </positionTop>
        <positionLeft>
            1109.5
        </positionLeft>
      </metadata>
    </task>
    <task name="Import_Image_Dataset">
      <description>
        <![CDATA[ Load and return an image dataset. ]]>
      </description>
      <variables>
        <variable inherited="true" model="PA:Boolean" name="GPU_NODES_ONLY" value="False"/>
        <variable inherited="true" model="PA:Boolean" name="DOCKER_ENABLED" value="True"/>
        <variable inherited="true" name="DATASET_URL" value="https://s3.eu-west-2.amazonaws.com/activeeon-public/datasets/ants_vs_bees.zip"/>
        <variable inherited="true" name="SPLIT_TRAIN" value="0.60"/>
        <variable inherited="true" name="SPLIT_VAL" value="0.15"/>
        <variable inherited="true" name="SPLIT_TEST" value="0.25"/>
        <variable inherited="true" model="PA:LIST(Classification, Detection, Segmentation)" name="DATASET_TYPE" value="Classification"/>
      </variables>
      <genericInformation>
        <info name="task.icon" value="/automation-dashboard/styles/patterns/img/wf-icons/import_image.png"/>
        <info name="task.documentation" value="https://doc.activeeon.com/latest/MLOS/MLOSUserGuide.html#_import_image_dataset"/>
      </genericInformation>
      <selection>
        <script type="static">
          <code language="python">
            <![CDATA[
import os

GPU_NODES_ONLY = False
if variables.get("GPU_NODES_ONLY") is not None:
  if str(variables.get("GPU_NODES_ONLY")).lower() == 'true':
    GPU_NODES_ONLY = True

CUDA_ENABLED = False
CUDA_HOME = os.getenv('CUDA_HOME', None)
CUDA_HOME_DEFAULT = '/usr/local/cuda'
if CUDA_HOME is not None:
  if os.path.isdir(CUDA_HOME) == True:
    CUDA_ENABLED = True
else:
  if os.path.isdir(CUDA_HOME_DEFAULT) == True:
    CUDA_ENABLED = True

selected = ((GPU_NODES_ONLY == False) or (GPU_NODES_ONLY == True and CUDA_ENABLED == True))
]]>
          </code>
        </script>
      </selection>
      <forkEnvironment javaHome="/usr">
        <envScript>
          <script>
            <code language="python">
              <![CDATA[
if str(variables.get("DOCKER_ENABLED")).lower() == 'true':
  #Be aware, that the prefix command is internally split by spaces. So paths with spaces won't work.
  # Prepare Docker parameters 
  containerName = 'activeeon/dlm3' 
  dockerRunCommand =  'docker run ' 
  dockerParameters = '--rm ' 
  # Prepare ProActive home volume 
  paHomeHost = variables.get("PA_SCHEDULER_HOME") 
  paHomeContainer = variables.get("PA_SCHEDULER_HOME") 
  proActiveHomeVolume = '-v '+paHomeHost +':'+paHomeContainer+' ' 
  # Prepare working directory (For Dataspaces and serialized task file) 
  workspaceHost = localspace 
  workspaceContainer = localspace 
  workspaceVolume = '-v '+localspace +':'+localspace+' ' 
  # Prepare container working directory 
  containerWorkingDirectory = '-w '+workspaceContainer+' ' 
  # Save pre execution command into magic variable 'preJavaHomeCmd', which is picked up by the node 
  preJavaHomeCmd = dockerRunCommand + dockerParameters + proActiveHomeVolume + workspaceVolume + containerWorkingDirectory + containerName
else:
  print("Fork environment disabled")
]]>
            </code>
          </script>
        </envScript>
      </forkEnvironment>
      <scriptExecutable>
        <script>
          <code language="cpython">
            <![CDATA[
print("BEGIN Import_Image_Dataset")

import re
import os
import json
import wget
import uuid 
import shutil
import zipfile
from os import remove, listdir, makedirs
from os.path import basename, splitext, exists, join
from sklearn.model_selection import train_test_split
 
#DATASET_URL = 'https://s3.eu-west-2.amazonaws.com/activeeon-public/datasets/ants_vs_bees.zip'  #CLASSIFICATION DATASET
#DATASET_URL = 'https://s3.eu-west-2.amazonaws.com/activeeon-public/datasets/pascal_voc.zip'     #DTECTION DATASET
#DATASET_URL = 'https://s3.eu-west-2.amazonaws.com/activeeon-public/datasets/pascal_coco.zip'     #DTECTION DATASET
#DATASET_URL = 'https://s3.eu-west-2.amazonaws.com/activeeon-public/datasets/oxford.zip'        #SEGMENTATION DATASET

SPLIT_SETS  = ['train','val','test']

if 'variables' in locals():
  if variables.get("DATASET_URL") is not None:
    DATASET_URL = variables.get("DATASET_URL")
  if variables.get("SPLIT_TRAIN") is not None:
    SPLIT_TRAIN = float(str(variables.get("SPLIT_TRAIN")))
  if variables.get("SPLIT_VAL") is not None:
    SPLIT_VAL = float(str(variables.get("SPLIT_VAL")))
  if variables.get("SPLIT_TEST") is not None:
    SPLIT_TEST = float(str(variables.get("SPLIT_TEST")))
  
DATASET_TYPE = variables.get("DATASET_TYPE")
DATASET_TYPE = DATASET_TYPE.upper()
print(DATASET_TYPE)
# Get an unique ID
ID = str(uuid.uuid4())

# Define localspace
LOCALSPACE = join('data', ID)
os.makedirs(LOCALSPACE, exist_ok=True)
print("LOCALSPACE:  " + LOCALSPACE)
print("DATASET_URL: " + DATASET_URL)
assert DATASET_URL is not None

print("Split information: ")
print("SPLIT_TRAIN: " + str(SPLIT_TRAIN))
print("SPLIT_VAL:   " + str(SPLIT_VAL))
print("SPLIT_TEST:  " + str(SPLIT_TEST))

assert SPLIT_TRAIN >= 0.0
assert SPLIT_VAL >= 0.0
assert SPLIT_TEST >= 0.0
assert (SPLIT_TRAIN + SPLIT_VAL + SPLIT_TEST) == 1.0
if SPLIT_TRAIN == 0.0 and SPLIT_VAL > 0.0:
  raise AssertionError("SPLIT_VAL cannot be defined when SPLIT_TRAIN equals zero") 

DATASET_NAME = splitext(DATASET_URL[DATASET_URL.rfind("/")+1:])[0]
DATASET_PATH = join(LOCALSPACE, DATASET_NAME)
os.makedirs(DATASET_PATH, exist_ok=True)

print("Dataset information: ")
print("DATASET_NAME: " + DATASET_NAME)
print("DATASET_PATH: " + DATASET_PATH)

print("Downloading...")
filename = wget.download(DATASET_URL, DATASET_PATH)
print("FILENAME: " + filename)
print("OK")

print("Extracting...")
dataset_zip = zipfile.ZipFile(filename)
dataset_zip.extractall(DATASET_PATH)
dataset_zip.close()
remove(filename)
print("OK")

#CLASSIFICATION DATASET 
if DATASET_TYPE == 'CLASSIFICATION':  
    k = 0
    images_list = []
    label_list = []
    folder_name = []
    for root in listdir(DATASET_PATH):
        if (not root.startswith('.')):
            folder_name.append(root)
            label_dir = join(DATASET_PATH, root)
            print(label_dir)
            files = listdir(label_dir)
            files[:] = [join(label_dir,file) for file in files]
            files_size = len(files)
            files_label = [k] * files_size
            images_list = images_list + files
            label_list = label_list  + files_label
            k = k + 1

    print("Splitting the dataset into train and test")
    images_train, images_test, labels_train, labels_test = train_test_split(images_list, label_list, test_size=SPLIT_TEST, random_state=1)

    images_val = []
    labels_val = []
    if SPLIT_TRAIN != 0.0 and SPLIT_VAL != 0.0:
        print("Splitting the train into train and val")
        images_train, images_val, labels_train, labels_val = train_test_split(images_train, labels_train, test_size=SPLIT_VAL, random_state=1)

    images_split = {SPLIT_SETS[0] : images_train, SPLIT_SETS[1] : images_val, SPLIT_SETS[2] : images_test}
    labels_split = {SPLIT_SETS[0] : labels_train, SPLIT_SETS[1] : labels_val, SPLIT_SETS[2] : labels_test}

    def move_images(_path, _images_list, _labels_list, _folder_name):
        os.makedirs(_path, exist_ok=True)
        for _label_name in _folder_name:
            makedirs(join(_path, _label_name))
        for _image_path, _image_label in zip(_images_list, _labels_list):
            _image_path_dest = join(_path, _folder_name[_image_label], basename(_image_path))
            print("Moving " + _image_path + " to " + _image_path_dest)
            shutil.move(_image_path, _image_path_dest)

    DATASET_LABELS = json.dumps(folder_name)
    print("DATASET_LABELS: " + DATASET_LABELS)

    for SPLIT_NAME in SPLIT_SETS:
        SPLIT_PATH = join(DATASET_PATH, SPLIT_NAME)
        print("SPLIT_PATH: " + SPLIT_PATH)
        move_images(SPLIT_PATH, images_split[SPLIT_NAME], labels_split[SPLIT_NAME], folder_name)

    if 'variables' in locals():
        variables.put("DATASET_NAME", DATASET_NAME)
        variables.put("DATASET_PATH", DATASET_PATH)
        variables.put("DATASET_LABELS", DATASET_LABELS)
        variables.put("DATASET_TYPE", DATASET_TYPE)        
    
    print("END Import_Image_Dataset")
    
#DETECTION / SEGMENTATION DATASET    
elif DATASET_TYPE == 'DETECTION' or DATASET_TYPE == 'SEGMENTATION':
    print(DATASET_TYPE)
    k = 0
    images_list = []
    images_list_gt = []
    folder_name = ['images', 'classes']          
    folder_number = len(next(os.walk(DATASET_PATH))[1])

    if folder_number == 2:
        image_dir = join(DATASET_PATH, 'images')
        label_dir = join(DATASET_PATH, 'classes')
  
        if os.path.exists(image_dir) and not os.path.isfile(image_dir):
            if os.path.exists(label_dir) and not os.path.isfile(label_dir):
                image_files = listdir(image_dir)
                image_files[:] = [join(image_dir, file) for file in image_files]
                images_list = images_list + image_files

                label_files = listdir(label_dir)
                label_files[:] = [join(label_dir, file) for file in label_files]
                images_list_gt = images_list_gt + label_files
                
    try:
        new_list = [x for x in images_list if re.search('.DS_Store', x)]
        images_list.remove(''.join(new_list))
    except:
        pass            

    try:
        new_list_gt = [x for x in images_list_gt if re.search('.DS_Store', x)]
        images_list_gt.remove(''.join(new_list_gt))    
    except:
        pass    
    
    images_list = sorted(images_list)
    images_list_gt = sorted(images_list_gt)

    print("Splitting the dataset into train and test")
    images_train, images_test, images_train_gt, images_test_gt = train_test_split(images_list, images_list_gt, test_size=SPLIT_TEST, random_state=1)
    
    images_val = []

    if SPLIT_TRAIN != 0.0 and SPLIT_VAL != 0.0:
        print("Splitting the train into train and val")
        images_train, images_val, images_train_gt, images_val_gt = train_test_split(images_train, images_train_gt, test_size=SPLIT_VAL, random_state=1)

        images_split = {SPLIT_SETS[0] : images_train, SPLIT_SETS[1] : images_val, SPLIT_SETS[2] : images_test}
        images_split_gt = {SPLIT_SETS[0] : images_train_gt, SPLIT_SETS[1] : images_val_gt, SPLIT_SETS[2] : images_test_gt}

    for SPLIT_NAME in SPLIT_SETS:
        SPLIT_PATH = join(DATASET_PATH, SPLIT_NAME)
        print("SPLIT_PATH: " + SPLIT_PATH)

            
    def move_seg_images(_path, _images_list, _folder_name):
        os.makedirs(_path, exist_ok=True)
        for _image_path in _images_list:
            _image_path_dest = join(_path, basename(_image_path))
            print("Moving " + _image_path + " to " + _image_path_dest)
            shutil.move(_image_path, _image_path_dest)

    k = 0
    for bx in folder_name:
        for SPLIT_NAME in SPLIT_SETS:
            SPLIT_PATH = join(DATASET_PATH, SPLIT_NAME)
            if k == 0:
                print("SPLIT_PATH: " + SPLIT_PATH)
                move_seg_images(SPLIT_PATH + '/' + folder_name[0], images_split[SPLIT_NAME], folder_name)           
            if k == 1:
                print("SPLIT_PATH: " + SPLIT_PATH)
                move_seg_images(SPLIT_PATH + '/' + folder_name[1], images_split_gt[SPLIT_NAME], folder_name)
        k = k + 1            
        
    if 'variables' in locals():
        variables.put("DATASET_NAME", DATASET_NAME)
        variables.put("DATASET_PATH", DATASET_PATH)
        variables.put("DATASET_TYPE", DATASET_TYPE) 
        
    print("END Import_Image_Dataset")

    if folder_number != 2:    
        print('Please, check your dataset!')
        
else: 
    print('Please, check your dataset type variable!')
]]>
          </code>
        </script>
      </scriptExecutable>
      <controlFlow block="none"/>
      <outputFiles>
        <files accessMode="transferToGlobalSpace" includes="$DATASET_PATH/**"/>
      </outputFiles>
      <metadata>
        <positionTop>
            436
        </positionTop>
        <positionLeft>
            1265.5
        </positionLeft>
      </metadata>
    </task>
    <task name="Predict_Image_Classification_Model">
      <description>
        <![CDATA[ Predict a model using a deep learning algorithm. ]]>
      </description>
      <variables>
        <variable inherited="true" model="PA:Boolean" name="GPU_NODES_ONLY" value="False"/>
        <variable inherited="true" model="PA:Boolean" name="DOCKER_ENABLED" value="True"/>
        <variable inherited="true" name="BATCH_SIZE" value="4"/>
        <variable inherited="true" name="NUM_WORKERS" value="2"/>
        <variable inherited="true" name="SHUFFLE" value="True"/>
      </variables>
      <genericInformation>
        <info name="task.icon" value="/automation-dashboard/styles/patterns/img/wf-icons/deep_predict.png"/>
        <info name="task.documentation" value="https://doc.activeeon.com/latest/MLOS/MLOSUserGuide.html#_predict_image_classification_model"/>
      </genericInformation>
      <depends>
        <task ref="Import_Model"/>
        <task ref="ResNet-182"/>
        <task ref="Import_Image_Dataset"/>
      </depends>
      <inputFiles>
        <files accessMode="transferFromGlobalSpace" includes="$DATASET_PATH/**"/>
        <files accessMode="transferFromGlobalSpace" includes="$MODEL_FOLDER/**"/>
      </inputFiles>
      <selection>
        <script type="static">
          <code language="python">
            <![CDATA[
import os

GPU_NODES_ONLY = False
if variables.get("GPU_NODES_ONLY") is not None:
  if str(variables.get("GPU_NODES_ONLY")).lower() == 'true':
    GPU_NODES_ONLY = True

CUDA_ENABLED = False
CUDA_HOME = os.getenv('CUDA_HOME', None)
CUDA_HOME_DEFAULT = '/usr/local/cuda'
if CUDA_HOME is not None:
  if os.path.isdir(CUDA_HOME) == True:
    CUDA_ENABLED = True
else:
  if os.path.isdir(CUDA_HOME_DEFAULT) == True:
    CUDA_ENABLED = True

selected = ((GPU_NODES_ONLY == False) or (GPU_NODES_ONLY == True and CUDA_ENABLED == True))
]]>
          </code>
        </script>
      </selection>
      <forkEnvironment javaHome="/usr">
        <envScript>
          <script>
            <code language="python">
              <![CDATA[
if str(variables.get("DOCKER_ENABLED")).lower() == 'true':
  #Be aware, that the prefix command is internally split by spaces. So paths with spaces won't work.
  # Prepare Docker parameters 
  containerName = 'activeeon/dlm3' 
  dockerRunCommand =  'docker run ' 
  dockerParameters = '--rm ' 
  # Prepare ProActive home volume 
  paHomeHost = variables.get("PA_SCHEDULER_HOME") 
  paHomeContainer = variables.get("PA_SCHEDULER_HOME") 
  proActiveHomeVolume = '-v '+paHomeHost +':'+paHomeContainer+' ' 
  # Prepare working directory (For Dataspaces and serialized task file) 
  workspaceHost = localspace 
  workspaceContainer = localspace 
  workspaceVolume = '-v '+localspace +':'+localspace+' ' 
  # Prepare container working directory 
  containerWorkingDirectory = '-w '+workspaceContainer+' ' 
  # Save pre execution command into magic variable 'preJavaHomeCmd', which is picked up by the node 
  preJavaHomeCmd = dockerRunCommand + dockerParameters + proActiveHomeVolume + workspaceVolume + containerWorkingDirectory + containerName
else:
  print("Fork environment disabled")
]]>
            </code>
          </script>
        </envScript>
      </forkEnvironment>
      <scriptExecutable>
        <script>
          <code language="cpython">
            <![CDATA[
print("BEGIN Predict_Image_Classification_Model")

import os
import torch
import json
import pandas as pd
from os.path import join
from torch.autograd import Variable
from torch.utils.data import DataLoader
from torchvision import datasets, models, transforms

if 'variables' in locals():
  MODEL_PATH     = variables.get("MODEL_PATH")
  DATASET_PATH   = variables.get("DATASET_PATH")
  SHUFFLE = variables.get("SHUFFLE")
  BATCH_SIZE = int(str(variables.get("BATCH_SIZE")))
  NUM_WORKERS = int(str(variables.get("NUM_WORKERS")))
  LABELS_PATH    = variables.get("LABELS_PATH")
  CNN_TRANSFORM  = variables.get("CNN_TRANSFORM")

assert MODEL_PATH is not None
assert DATASET_PATH is not None
assert LABELS_PATH is not None
assert CNN_TRANSFORM is not None

class_names = None
with open(LABELS_PATH, 'r') as f:
  class_names = json.load(f)
assert class_names is not None

# Load trained model
model=torch.load(MODEL_PATH,map_location={'cuda:0': 'cpu'})

# http://pytorch.org/docs/master/cuda.html#torch.cuda.is_available
# Returns a bool indicating if CUDA is currently available.
use_gpu = torch.cuda.is_available()
if use_gpu:
  model = model.cuda()

# Load CNN transform
# data_transforms
exec(CNN_TRANSFORM)

# Load dataset
image_dataset = {x: 
  datasets.ImageFolder(join(DATASET_PATH, x), data_transforms[x]) 
  for x in ['test']}

data_loader = {x: 
  DataLoader(image_dataset[x], batch_size=BATCH_SIZE, shuffle=SHUFFLE, num_workers=NUM_WORKERS) 
  for x in ['test']}

def predict_model(_model, _data_loader, _use_gpu, _class_names, _max_images=None):
  images_so_far = 0
  predictions = []
  image_target = []  
  for i, data in enumerate(_data_loader['test']):
    inputs, labels = data
    
    if _use_gpu:
      inputs, labels = Variable(inputs.cuda()), Variable(labels.cuda())
    else:
      inputs, labels = Variable(inputs), Variable(labels)

    outputs = _model(inputs)
    _, preds = torch.max(outputs.data, 1)
    print(preds)

    for j in range(inputs.size()[0]):
      images_so_far += 1
      result = _class_names[preds[j]]
      predictions.append(result)
      image_target.append(inputs)
      if images_so_far == _max_images:
        return
    
    #break
  return predictions, image_target 

preds, image_target = predict_model(model, data_loader, use_gpu, class_names)

label_test = []
image_input = []
image_name = []
for index, elem in enumerate(image_target):
  input_select = data_loader['test'].dataset.imgs[index]
  dir_image_temp = input_select[0]
  id_label = input_select[1]  
  com_data_name = os.path.basename(dir_image_temp)    
  lab_d = data_loader['test'].dataset.classes
  lab_d = list(lab_d)
  label = lab_d[id_label]
  label_test.append(label)
  image_input.append(dir_image_temp)
  image_name.append(com_data_name)

df_preds = pd.DataFrame(preds)
df_label = pd.DataFrame(label_test)
df_name = pd.DataFrame(image_name)
df_preds.columns = ['Predictions']
df_label.columns = ['Targets']
df_name.columns = ['Image Names']
df_test_image = pd.DataFrame(image_input)
df_test_image.columns = ['Images']

df = pd.concat([df_test_image, df_name, df_label, df_preds], axis=1)

if 'variables' in locals():
  variables.put("PREDICT_DATA_JSON", df.to_json(orient='split'))
  variables.put("BATCH_SIZE", BATCH_SIZE)
  variables.put("NUM_WORKERS", NUM_WORKERS)
  variables.put("SHUFFLE", SHUFFLE)

print("END Predict_Image_Classification_Model")
]]>
          </code>
        </script>
      </scriptExecutable>
      <controlFlow block="none"/>
      <metadata>
        <positionTop>
            564
        </positionTop>
        <positionLeft>
            1109.5
        </positionLeft>
      </metadata>
    </task>
    <task name="Preview_Results">
      <description>
        <![CDATA[ Preview the predicted results ]]>
      </description>
      <variables>
        <variable inherited="true" model="PA:Boolean" name="GPU_NODES_ONLY" value="False"/>
        <variable inherited="true" model="PA:Boolean" name="DOCKER_ENABLED" value="True"/>
        <variable inherited="true" name="OUTPUT_FILE" value="HTML"/>
      </variables>
      <genericInformation>
        <info name="task.icon" value="/automation-dashboard/styles/patterns/img/wf-icons/deep_export_results.png"/>
        <info name="task.documentation" value="https://doc.activeeon.com/latest/MLOS/MLOSUserGuide.html#_export_results"/>
      </genericInformation>
      <depends>
        <task ref="Predict_Image_Classification_Model"/>
      </depends>
      <inputFiles>
        <files accessMode="transferFromGlobalSpace" includes="$DATASET_PATH/**"/>
        <files accessMode="transferFromGlobalSpace" includes="$OUTPUT_FOLDER/**"/>
      </inputFiles>
      <selection>
        <script type="static">
          <code language="python">
            <![CDATA[
import os

GPU_NODES_ONLY = False
if variables.get("GPU_NODES_ONLY") is not None:
  if str(variables.get("GPU_NODES_ONLY")).lower() == 'true':
    GPU_NODES_ONLY = True

CUDA_ENABLED = False
CUDA_HOME = os.getenv('CUDA_HOME', None)
CUDA_HOME_DEFAULT = '/usr/local/cuda'
if CUDA_HOME is not None:
  if os.path.isdir(CUDA_HOME) == True:
    CUDA_ENABLED = True
else:
  if os.path.isdir(CUDA_HOME_DEFAULT) == True:
    CUDA_ENABLED = True

selected = ((GPU_NODES_ONLY == False) or (GPU_NODES_ONLY == True and CUDA_ENABLED == True))
]]>
          </code>
        </script>
      </selection>
      <forkEnvironment javaHome="/usr">
        <envScript>
          <script>
            <code language="python">
              <![CDATA[
if str(variables.get("DOCKER_ENABLED")).lower() == 'true':
  #Be aware, that the prefix command is internally split by spaces. So paths with spaces won't work.
  # Prepare Docker parameters 
  containerName = 'activeeon/dlm3' 
  dockerRunCommand =  'docker run ' 
  dockerParameters = '--rm ' 
  # Prepare ProActive home volume 
  paHomeHost = variables.get("PA_SCHEDULER_HOME") 
  paHomeContainer = variables.get("PA_SCHEDULER_HOME") 
  proActiveHomeVolume = '-v '+paHomeHost +':'+paHomeContainer+' ' 
  # Prepare working directory (For Dataspaces and serialized task file) 
  workspaceHost = localspace 
  workspaceContainer = localspace 
  workspaceVolume = '-v '+localspace +':'+localspace+' ' 
  # Prepare container working directory 
  containerWorkingDirectory = '-w '+workspaceContainer+' ' 
  # Save pre execution command into magic variable 'preJavaHomeCmd', which is picked up by the node 
  preJavaHomeCmd = dockerRunCommand + dockerParameters + proActiveHomeVolume + workspaceVolume + containerWorkingDirectory + containerName
else:
  print("Fork environment disabled")
]]>
            </code>
          </script>
        </envScript>
      </forkEnvironment>
      <scriptExecutable>
        <script>
          <code language="cpython">
            <![CDATA[
print("BEGIN Preview_Results")

import base64
import pandas as pd
from PIL import Image
from io import BytesIO

if 'variables' in locals():
  PREDICT_DATA = variables.get("PREDICT_DATA_JSON")
  OUTPUT_FILE = variables.get("OUTPUT_FILE")

assert PREDICT_DATA is not None
df = pd.read_json(PREDICT_DATA, orient='split')  

# check the predictions
if {'Predictions','Targets'}.issubset(df.columns):
	pred_result =[]
	for indice in range(len(df)):
		if df['Predictions'][indice] == df['Targets'][indice]:
			result = 'https://github.com/ow2-proactive/automation-dashboard/blob/master/app/styles/patterns/img/wf-icons/tick_green.png?raw=true'
			pred_result.append(result)
		else:
			result = 'https://github.com/ow2-proactive/automation-dashboard/blob/master/app/styles/patterns/img/wf-icons/close_red.png?raw=true'
			pred_result.append(result)
	df_pred_image_url = pd.DataFrame(pred_result)
	df['Results'] = df_pred_image_url
 
def get_thumbnail(path):
  i = Image.open(path)
  extension = i.format
  i.thumbnail((200, 200), Image.LANCZOS)
  return i, extension

def image_base64(im):
  if isinstance(im, str):
    im, extension = get_thumbnail(im)
  with BytesIO() as buffer:
    im.save(buffer, extension)
    return base64.b64encode(buffer.getvalue()).decode()

def image_formatter(im):
  extension = im.format
  return f'<img src="data:image/extension;base64,{image_base64(im)}" height="200" width="200">'

def image_formatter_url(im_url):
  return """<img src="{0}" height="50" width="50"/>""".format(im_url)
  

result = ''
with pd.option_context('display.max_colwidth', -1):
  result = df.to_html(escape=False, formatters=dict(Images=image_formatter, Outputs=image_formatter, Results=image_formatter_url))

css_style="""
table {
  border: 1px solid #999999;
  text-align: center;
  border-collapse: collapse;
  width: 100%; 
}
td {
  border: 1px solid #999999;         
  padding: 3px 2px;
  font-size: 13px;
  border-bottom: 1px solid #999999;
  #border-bottom: 1px solid #FF8C00;  
  border-bottom: 1px solid #0B6FA4;   
}
th {
  font-size: 17px;
  font-weight: bold;
  color: #FFFFFF;
  text-align: center;
  background: #0B6FA4;
  #background: #E7702A;       
  #border-left: 2px solid #999999
  border-bottom: 1px solid #FF8C00;            
}
"""
result = """
     
            
            
            <!DOCTYPE html>
            <html>
              <head>
                <meta charset="UTF-8">
                  <style>{0}</style>
                </head>
                <body>{1}</body></html>
""".format(css_style, result)

if OUTPUT_FILE == 'HTML':  
    result = result.encode('utf-8')
    resultMetadata.put("file.extension", ".html")
    resultMetadata.put("file.name", "result.html")
    resultMetadata.put("content.type", "text/html")
else:
  print('It is not possible to preview the HTML format!')

print("END Preview_Results")
]]>
              </code>
            </script>
          </scriptExecutable>
          <controlFlow block="none"/>
          <metadata>
            <positionTop>
            692
        </positionTop>
            <positionLeft>
            1184.5
        </positionLeft>
          </metadata>
        </task>
      </taskFlow>
      <metadata>
        <visualization>
          <![CDATA[ <html><head><link rel="stylesheet" href="/studio/styles/studio-standalone.css"><style>
        #workflow-designer {
            left:0 !important;
            top:0 !important;
            width:1427px;
            height:812px;
            }
        </style></head><body><div style="position:relative;top:-284px;left:-553.5px"><div class="task ui-draggable" id="jsPlumb_1_546" style="top: 334px; left: 653.5px;"><a class="task-name"><img src="/automation-dashboard/styles/patterns/img/wf-icons/import_deep_model.png" width="20px">&nbsp;<span class="name">Import_Model</span></a></div><div class="task ui-draggable _jsPlumb_endpoint_anchor_" id="jsPlumb_1_549" style="top: 590px; left: 722.5px;"><a class="task-name"><img src="/automation-dashboard/styles/patterns/img/wf-icons/export_images.png" width="20px">&nbsp;<span class="name">Export_Images</span></a></div><div class="task ui-draggable" id="jsPlumb_1_552" style="top: 334px; left: 791.5px;"><a class="task-name"><img src="/automation-dashboard/styles/patterns/img/wf-icons/deep_learning.png" width="20px">&nbsp;<span class="name">ResNet-182</span></a></div><div class="task ui-draggable" id="jsPlumb_1_555" style="top: 334px; left: 947.5px;"><a class="task-name"><img src="/automation-dashboard/styles/patterns/img/wf-icons/import_image.png" width="20px">&nbsp;<span class="name">Import_Image_Dataset</span></a></div><div class="task ui-draggable" id="jsPlumb_1_558" style="top: 462px; left: 791.5px;"><a class="task-name"><img src="/automation-dashboard/styles/patterns/img/wf-icons/deep_predict.png" width="20px">&nbsp;<span class="name">Predict_Image_Classification_Model</span></a></div><div class="task ui-draggable _jsPlumb_endpoint_anchor_" id="jsPlumb_1_561" style="top: 590px; left: 866.5px; z-index: 24;"><a class="task-name"><img src="/automation-dashboard/styles/patterns/img/wf-icons/deep_export_results.png" width="20px">&nbsp;<span class="name">Preview_Results</span></a></div><svg style="position:absolute;left:763.5px;top:501.5px" width="137" height="89" pointer-events="none" position="absolute" version="1.1"
          xmlns="http://www.w3.org/1999/xhtml" class="_jsPlumb_connector"><path d="M 0 88 C -10 38 126 50 116 0 " transform="translate(10.5,0.5)" pointer-events="visibleStroke" version="1.1"
          xmlns="http://www.w3.org/1999/xhtml" fill="none" stroke="#666" style=""></path><path pointer-events="all" version="1.1"
          xmlns="http://www.w3.org/1999/xhtml" d="M13.3490105,61.4125935 L34.25614403977553,57.9641493363237 L25.634199504670093,54.69886643379206 L27.54241697356759,45.67896033165361 L13.3490105,61.4125935" class="" stroke="#666" fill="#666" transform="translate(10.5,0.5)"></path><path pointer-events="all" version="1.1"
          xmlns="http://www.w3.org/1999/xhtml" d="M13.3490105,61.4125935 L34.25614403977553,57.9641493363237 L25.634199504670093,54.69886643379206 L27.54241697356759,45.67896033165361 L13.3490105,61.4125935" class="" stroke="#666" fill="#666" transform="translate(10.5,0.5)"></path></svg><svg style="position:absolute;left:693.5px;top:373.5px" width="207" height="89" pointer-events="none" position="absolute" version="1.1"
          xmlns="http://www.w3.org/1999/xhtml" class="_jsPlumb_connector "><path d="M 186 88 C 196 38 -10 50 0 0 " transform="translate(10.5,0.5)" pointer-events="visibleStroke" version="1.1"
          xmlns="http://www.w3.org/1999/xhtml" fill="none" stroke="#666" style=""></path><path pointer-events="all" version="1.1"
          xmlns="http://www.w3.org/1999/xhtml" d="M158.676954,59.788559500000005 L141.86302064161723,46.893147718290074 L145.3770615836197,55.416733598536155 L137.49119474015336,60.19304013467036 L158.676954,59.788559500000005" class="" stroke="#666" fill="#666" transform="translate(10.5,0.5)"></path><path pointer-events="all" version="1.1"
          xmlns="http://www.w3.org/1999/xhtml" d="M158.676954,59.788559500000005 L141.86302064161723,46.893147718290074 L145.3770615836197,55.416733598536155 L137.49119474015336,60.19304013467036 L158.676954,59.788559500000005" class="" stroke="#666" fill="#666" transform="translate(10.5,0.5)"></path></svg><svg style="position:absolute;left:831.5px;top:373.5px" width="69" height="89" pointer-events="none" position="absolute" version="1.1"
          xmlns="http://www.w3.org/1999/xhtml" class="_jsPlumb_connector "><path d="M 48 88 C 58 38 -10 50 0 0 " transform="translate(10.5,0.5)" pointer-events="visibleStroke" version="1.1"
          xmlns="http://www.w3.org/1999/xhtml" fill="none" stroke="#666" style=""></path><path pointer-events="all" version="1.1"
          xmlns="http://www.w3.org/1999/xhtml" d="M46.1088705,64.9032055 L40.37581281898136,44.50389056968645 L38.081278041523504,53.43334240924729 L28.90594972822865,52.53148302816295 L46.1088705,64.9032055" class="" stroke="#666" fill="#666" transform="translate(10.5,0.5)"></path><path pointer-events="all" version="1.1"
          xmlns="http://www.w3.org/1999/xhtml" d="M46.1088705,64.9032055 L40.37581281898136,44.50389056968645 L38.081278041523504,53.43334240924729 L28.90594972822865,52.53148302816295 L46.1088705,64.9032055" class="" stroke="#666" fill="#666" transform="translate(10.5,0.5)"></path></svg><svg style="position:absolute;left:879.5px;top:373.5px" width="147" height="89" pointer-events="none" position="absolute" version="1.1"
          xmlns="http://www.w3.org/1999/xhtml" class="_jsPlumb_connector "><path d="M 0 88 C -10 38 136 50 126 0 " transform="translate(10.5,0.5)" pointer-events="visibleStroke" version="1.1"
          xmlns="http://www.w3.org/1999/xhtml" fill="none" stroke="#666" style=""></path><path pointer-events="all" version="1.1"
          xmlns="http://www.w3.org/1999/xhtml" d="M15.443711999999998,60.999424000000005 L36.4670701527531,58.35019543661222 L27.975818644897245,54.75872667991452 L30.226372832667614,45.81808879171496 L15.443711999999998,60.999424000000005" class="" stroke="#666" fill="#666" transform="translate(10.5,0.5)"></path><path pointer-events="all" version="1.1"
          xmlns="http://www.w3.org/1999/xhtml" d="M15.443711999999998,60.999424000000005 L36.4670701527531,58.35019543661222 L27.975818644897245,54.75872667991452 L30.226372832667614,45.81808879171496 L15.443711999999998,60.999424000000005" class="" stroke="#666" fill="#666" transform="translate(10.5,0.5)"></path></svg><div class="_jsPlumb_endpoint source-endpoint dependency-source-endpoint connected _jsPlumb_endpoint_anchor_ ui-draggable ui-droppable _jsPlumb_endpoint_connected" style="position: absolute; height: 20px; width: 20px; left: 694px; top: 364px;"><svg style="position:absolute;left:0px;top:0px" width="20" height="20" pointer-events="all" position="absolute" version="1.1"
          xmlns="http://www.w3.org/1999/xhtml"><circle cx="10" cy="10" r="10" version="1.1"
          xmlns="http://www.w3.org/1999/xhtml" fill="#666" stroke="none" style=""></circle></svg></div><div class="_jsPlumb_endpoint source-endpoint dependency-source-endpoint connected _jsPlumb_endpoint_anchor_ ui-draggable ui-droppable" style="position: absolute; height: 20px; width: 20px; left: 764px; top: 620px;"><svg style="position:absolute;left:0px;top:0px" width="20" height="20" pointer-events="all" position="absolute" version="1.1"
          xmlns="http://www.w3.org/1999/xhtml"><circle cx="10" cy="10" r="10" version="1.1"
          xmlns="http://www.w3.org/1999/xhtml" fill="#666" stroke="none" style=""></circle></svg></div><div class="_jsPlumb_endpoint target-endpoint dependency-target-endpoint _jsPlumb_endpoint_anchor_ ui-draggable ui-droppable _jsPlumb_endpoint_connected" style="position: absolute; height: 20px; width: 20px; left: 764px; top: 580px;"><svg style="position:absolute;left:0px;top:0px" width="20" height="20" pointer-events="all" position="absolute" version="1.1"
          xmlns="http://www.w3.org/1999/xhtml"><circle cx="10" cy="10" r="10" version="1.1"
          xmlns="http://www.w3.org/1999/xhtml" fill="#666" stroke="none" style=""></circle></svg></div><div class="_jsPlumb_endpoint source-endpoint dependency-source-endpoint connected _jsPlumb_endpoint_anchor_ ui-draggable ui-droppable _jsPlumb_endpoint_connected" style="position: absolute; height: 20px; width: 20px; left: 832px; top: 364px;"><svg style="position:absolute;left:0px;top:0px" width="20" height="20" pointer-events="all" position="absolute" version="1.1"
          xmlns="http://www.w3.org/1999/xhtml"><circle cx="10" cy="10" r="10" version="1.1"
          xmlns="http://www.w3.org/1999/xhtml" fill="#666" stroke="none" style=""></circle></svg></div><div class="_jsPlumb_endpoint source-endpoint dependency-source-endpoint connected _jsPlumb_endpoint_anchor_ ui-draggable ui-droppable _jsPlumb_endpoint_connected" style="position: absolute; height: 20px; width: 20px; left: 1006px; top: 364px;"><svg style="position:absolute;left:0px;top:0px" width="20" height="20" pointer-events="all" position="absolute" version="1.1"
          xmlns="http://www.w3.org/1999/xhtml"><circle cx="10" cy="10" r="10" version="1.1"
          xmlns="http://www.w3.org/1999/xhtml" fill="#666" stroke="none" style=""></circle></svg></div><div class="_jsPlumb_endpoint source-endpoint dependency-source-endpoint connected _jsPlumb_endpoint_anchor_ ui-draggable ui-droppable _jsPlumb_endpoint_connected endpointDrag" style="position: absolute; height: 20px; width: 20px; left: 880px; top: 492px; visibility: visible;" dragid="jsPlumb_1_573" elid="jsPlumb_1_558"><svg style="position:absolute;left:0px;top:0px" width="20" height="20" pointer-events="all" position="absolute" version="1.1"
          xmlns="http://www.w3.org/1999/xhtml"><circle cx="10" cy="10" r="10" version="1.1"
          xmlns="http://www.w3.org/1999/xhtml" fill="#666" stroke="none" style=""></circle></svg></div><div class="_jsPlumb_endpoint target-endpoint dependency-target-endpoint _jsPlumb_endpoint_anchor_ ui-draggable ui-droppable _jsPlumb_endpoint_connected" style="position: absolute; height: 20px; width: 20px; left: 880px; top: 452px;"><svg style="position:absolute;left:0px;top:0px" width="20" height="20" pointer-events="all" position="absolute" version="1.1"
          xmlns="http://www.w3.org/1999/xhtml"><circle cx="10" cy="10" r="10" version="1.1"
          xmlns="http://www.w3.org/1999/xhtml" fill="#666" stroke="none" style=""></circle></svg></div><div class="_jsPlumb_endpoint source-endpoint dependency-source-endpoint connected _jsPlumb_endpoint_anchor_ ui-draggable ui-droppable" style="position: absolute; height: 20px; width: 20px; left: 911.5px; top: 620px;"><svg style="position:absolute;left:0px;top:0px" width="20" height="20" pointer-events="all" position="absolute" version="1.1"
          xmlns="http://www.w3.org/1999/xhtml"><circle cx="10" cy="10" r="10" version="1.1"
          xmlns="http://www.w3.org/1999/xhtml" fill="#666" stroke="none" style=""></circle></svg></div><svg style="position:absolute;left:879.5px;top:501.5px" width="52.5" height="89" pointer-events="none" position="absolute" version="1.1"
          xmlns="http://www.w3.org/1999/xhtml" class="_jsPlumb_connector"><path d="M 31.5 88 C 41.5 38 -10 50 0 0 " transform="translate(10.5,0.5)" pointer-events="visibleStroke" version="1.1"
          xmlns="http://www.w3.org/1999/xhtml" fill="none" stroke="#666" style=""></path><path pointer-events="all" version="1.1"
          xmlns="http://www.w3.org/1999/xhtml" d="M31.514277375,65.8307285 L29.59606433666856,44.72811115665666 L25.7121478641304,53.08964168846403 L16.854977525132583,50.530240667526265 L31.514277375,65.8307285" class="" stroke="#666" fill="#666" transform="translate(10.5,0.5)"></path></svg><div class="_jsPlumb_endpoint target-endpoint dependency-target-endpoint _jsPlumb_endpoint_anchor_ ui-draggable ui-droppable _jsPlumb_endpoint_connected connected" style="position: absolute; height: 20px; width: 20px; left: 911.5px; top: 580px;"><svg style="position:absolute;left:0px;top:0px" width="20" height="20" pointer-events="all" position="absolute" version="1.1"
          xmlns="http://www.w3.org/1999/xhtml"><circle cx="10" cy="10" r="10" version="1.1"
          xmlns="http://www.w3.org/1999/xhtml" fill="#666" stroke="none" style=""></circle></svg></div></div></body></html>
 ]]>
        </visualization>
      </metadata>
    </job>
