<?xml version="1.0" encoding="UTF-8" standalone="no"?>
<job xmlns="urn:proactive:jobdescriptor:3.12" xmlns:xsi="http://www.w3.org/2001/XMLSchema-instance" maxNumberOfExecution="2" name="IMDB_Sentiment_Analysis" onTaskError="continueJobExecution" priority="normal" projectName="4. Training Pytorch Workflows" xsi:schemaLocation="urn:proactive:jobdescriptor:3.12 http://www.activeeon.com/public_content/schemas/proactive/jobdescriptor/3.12/schedulerjob.xsd">
  <variables>
    <variable name="NATIVE_SCHEDULER" value=""/>
    <variable name="NATIVE_SCHEDULER_PARAMS" value=""/>
    <variable name="NODE_ACCESS_TOKEN" value=""/>
    <variable model="PA:LIST(no-container,docker,podman,singularity)" name="CONTAINER_PLATFORM" value="docker"/>
    <variable model="PA:Boolean" name="CONTAINER_GPU_ENABLED" value="True"/>
    <variable model="PA:LIST(,docker://activeeon/dlm3,docker://activeeon/cuda,docker://activeeon/cuda2,docker://activeeon/rapidsai,docker://activeeon/tensorflow:latest,docker://activeeon/tensorflow:latest-gpu)" name="CONTAINER_IMAGE" value=""/>
  </variables>
  <description>
    <![CDATA[ IMDB Sentiment Analysis workflow trains a model for opinions identification and categorization expressed in a piece of text, especially in order to determine the opinion of IMDB users regarding specific movies [positive or negative]. ]]>
  </description>
  <genericInformation>
<info name="bucketName" value="deep-learning-workflows"/>
<info name="workflow.icon" value="/automation-dashboard/styles/patterns/img/wf-icons/pytorch-logo-dark.png"/>
<info name="Documentation" value="MLOS/MLOSUserGuide.html#_training_custom_ai_workflows_pytorch_library"/>
<info name="NS" value="$NATIVE_SCHEDULER"/>
<info name="NS_BATCH" value="$NATIVE_SCHEDULER_PARAMS"/>
<info name="NODE_ACCESS_TOKEN" value="$NODE_ACCESS_TOKEN"/>
<info name="group" value="public-objects"/>
</genericInformation>
  <taskFlow>
    <task fork="true" name="Import_Text_Dataset">
      <description>
        <![CDATA[ Load and return a text dataset. ]]>
      </description>
      <variables>
        <variable inherited="false" name="DATASET_URL" value="https://s3.eu-west-2.amazonaws.com/activeeon-public/datasets/IMDB.zip"/>
        <variable inherited="false" name="TRAIN_SPLIT" value="0.6"/>
        <variable inherited="false" name="TEST_SPLIT" value="0.3"/>
        <variable inherited="false" name="VAL_SPLIT" value="0.1"/>
        <variable inherited="false" model="PA:BOOLEAN" name="TOY_MODE" value="true"/>
        <variable inherited="false" model="PA:LIST(str.split,moses,spacy,revtok,subword)" name="TOKENIZER" value="str.split"/>
        <variable inherited="false" name="SENTENCE_SEPARATOR" value="\r"/>
        <variable inherited="false" name="CHARSET" value="utf-8"/>
        <variable inherited="false" model="PA:Boolean" name="IS_LABELED_DATA" value="true"/>
      </variables>
      <genericInformation>
        <info name="task.icon" value="/automation-dashboard/styles/patterns/img/wf-icons/import_text.png"/>
        <info name="task.documentation" value="MLOS/MLOSUserGuide.html#_import_text_dataset"/>
      </genericInformation>
      <forkEnvironment javaHome="/usr">
        <envScript>
          <script>
            <file language="groovy" url="${PA_CATALOG_REST_URL}/buckets/scripts/resources/fork_env_cuda_universal/raw"/>
          </script>
        </envScript>
      </forkEnvironment>
      <scriptExecutable>
        <script>
          <file language="cpython" url="${PA_CATALOG_REST_URL}/buckets/deep-learning-scripts/resources/Import_Text_Dataset/raw"/>
        </script>
      </scriptExecutable>
      <controlFlow block="none"/>
      <post>
        <script>
          <code language="bash">
            <![CDATA[
ls -la
]]>
          </code>
        </script>
      </post>
      <outputFiles>
        <files accessMode="transferToGlobalSpace" includes="$DATASET_PATH/**"/>
      </outputFiles>
      <metadata>
        <positionTop>
            224.3359375
        </positionTop>
        <positionLeft>
            49.35546875
        </positionLeft>
      </metadata>
    </task>
    <task fork="true" name="RNN">
      <description>
        <![CDATA[ A Recurrent Neural Network (RNN) is a class of artificial neural network where connections between units form a directed cycle.
You can see more details in: http://pytorch.org/docs/0.3.1/nn.html#torch.nn.RNN ]]>
      </description>
      <variables>
        <variable inherited="false" name="EMBEDDING_DIM" value="50"/>
        <variable inherited="false" name="HIDDEN_DIM" value="40"/>
        <variable inherited="false" name="DROPOUT" value="0.5"/>
      </variables>
      <genericInformation>
        <info name="task.icon" value="/automation-dashboard/styles/patterns/img/wf-icons/deep_text_classification.png"/>
        <info name="task.documentation" value="MLOS/MLOSUserGuide.html#_rnn"/>
      </genericInformation>
      <forkEnvironment javaHome="/usr">
        <envScript>
          <script>
            <file language="groovy" url="${PA_CATALOG_REST_URL}/buckets/scripts/resources/fork_env_cuda_universal/raw"/>
          </script>
        </envScript>
      </forkEnvironment>
      <scriptExecutable>
        <script>
          <file language="cpython" url="${PA_CATALOG_REST_URL}/buckets/deep-learning-scripts/resources/RNN/raw"/>
        </script>
      </scriptExecutable>
      <controlFlow block="none"/>
      <metadata>
        <positionTop>
            224.3359375
        </positionTop>
        <positionLeft>
            177.34375
        </positionLeft>
      </metadata>
    </task>
    <task fork="true" name="Train_Text_Classification_Model">
      <description>
        <![CDATA[ Train a model using a text classification network. ]]>
      </description>
      <variables>
        <variable inherited="false" model="PA:Boolean" name="USE_GPU" value="False"/>
        <variable inherited="false" name="LEARNING_RATE" value="0.001"/>
        <variable inherited="false" model="PA:List(Adam,RMS, SGD, Adagrad, Adadelta)" name="OPTIMIZER" value="Adam"/>
        <variable inherited="false" model="PA:List(L1Loss, MSELoss, CrossEntropyLoss, NLLLoss)" name="LOSS_FUNCTION" value="NLLLoss"/>
        <variable inherited="false" model="PA:Integer" name="EPOCHS" value="10"/>
        <variable inherited="false" model="PA:Boolean" name="TRAINABLE" value="false"/>
        <variable inherited="false" model="PA:List(42B, 840B, twitter.27B,6B)" name="GLOVE" value="6B"/>
      </variables>
      <genericInformation>
        <info name="task.icon" value="/automation-dashboard/styles/patterns/img/wf-icons/deep_train.png"/>
      </genericInformation>
      <depends>
        <task ref="Import_Text_Dataset"/>
        <task ref="RNN"/>
      </depends>
      <inputFiles>
        <files accessMode="transferFromGlobalSpace" includes="$DATASET_PATH/**"/>
      </inputFiles>
      <forkEnvironment javaHome="/usr">
        <envScript>
          <script>
            <file language="groovy" url="${PA_CATALOG_REST_URL}/buckets/scripts/resources/fork_env_cuda_universal/raw"/>
          </script>
        </envScript>
      </forkEnvironment>
      <scriptExecutable>
        <script>
          <file language="cpython" url="${PA_CATALOG_REST_URL}/buckets/deep-learning-scripts/resources/Train_Text_Classification_Model/raw"/>
        </script>
      </scriptExecutable>
      <controlFlow block="none"/>
      <outputFiles>
        <files accessMode="transferToGlobalSpace" includes="$MODEL_FOLDER/**"/>
      </outputFiles>
      <metadata>
        <positionTop>
            352.32421875
        </positionTop>
        <positionLeft>
            113.33984375
        </positionLeft>
      </metadata>
    </task>
    <task fork="true" name="Download_Model" preciousResult="true">
      <description>
        <![CDATA[ Download a trained model by a deep learning algorithm. ]]>
      </description>
      <variables>
        <variable inherited="false" model="PA:LIST(PyTorch, ONNX)" name="MODEL_TYPE" value="PyTorch"/>
      </variables>
      <genericInformation>
        <info name="task.icon" value="/automation-dashboard/styles/patterns/img/wf-icons/export_deep_model.png"/>
        <info name="task.documentation" value="MLOS/MLOSUserGuide.html#_export_model"/>
      </genericInformation>
      <depends>
        <task ref="Train_Text_Classification_Model"/>
      </depends>
      <inputFiles>
        <files accessMode="transferFromGlobalSpace" includes="$MODEL_FOLDER/**"/>
      </inputFiles>
      <forkEnvironment javaHome="/usr">
        <envScript>
          <script>
            <file language="groovy" url="${PA_CATALOG_REST_URL}/buckets/scripts/resources/fork_env_cuda_universal/raw"/>
          </script>
        </envScript>
      </forkEnvironment>
      <scriptExecutable>
        <script>
          <file language="cpython" url="${PA_CATALOG_REST_URL}/buckets/deep-learning-scripts/resources/Download_Model/raw"/>
        </script>
      </scriptExecutable>
      <controlFlow block="none"/>
      <metadata>
        <positionTop>
            480.33203125
        </positionTop>
        <positionLeft>
            49.35546875
        </positionLeft>
      </metadata>
    </task>
    <task fork="true" name="Preview_Results" preciousResult="true">
      <description>
        <![CDATA[ Preview the predicted results. ]]>
      </description>
      <variables>
        <variable inherited="false" name="OUTPUT_FILE" value="HTML"/>
      </variables>
      <genericInformation>
        <info name="task.icon" value="/automation-dashboard/styles/patterns/img/wf-icons/deep_export_results.png"/>
        <info name="task.documentation" value="MLOS/MLOSUserGuide.html#_export_results"/>
      </genericInformation>
      <depends>
        <task ref="Predict_Text_Classification_Model"/>
      </depends>
      <inputFiles>
        <files accessMode="transferFromGlobalSpace" includes="$DATASET_PATH/**"/>
        <files accessMode="transferFromGlobalSpace" includes="$OUTPUT_FOLDER/**"/>
      </inputFiles>
      <forkEnvironment javaHome="/usr">
        <envScript>
          <script>
            <file language="groovy" url="${PA_CATALOG_REST_URL}/buckets/scripts/resources/fork_env_cuda_universal/raw"/>
          </script>
        </envScript>
      </forkEnvironment>
      <scriptExecutable>
        <script>
          <file language="cpython" url="${PA_CATALOG_REST_URL}/buckets/deep-learning-scripts/resources/Preview_Results/raw"/>
        </script>
      </scriptExecutable>
      <controlFlow block="none"/>
      <metadata>
        <positionTop>
            608.3203125
        </positionTop>
        <positionLeft>
            177.34375
        </positionLeft>
      </metadata>
    </task>
    <task fork="true" name="Predict_Text_Classification_Model">
      <description>
        <![CDATA[ Predict a model using a text classification network. ]]>
      </description>
      <variables>
        <variable inherited="false" model="PA:List(L1Loss, MSELoss, CrossEntropyLoss, NLLLoss)" name="LOSS_FUNCTION" value="NLLLoss"/>
      </variables>
      <genericInformation>
        <info name="task.icon" value="/automation-dashboard/styles/patterns/img/wf-icons/deep_predict.png"/>
      </genericInformation>
      <depends>
        <task ref="Train_Text_Classification_Model"/>
      </depends>
      <inputFiles>
        <files accessMode="transferFromGlobalSpace" includes="$DATASET_PATH/**"/>
        <files accessMode="transferFromGlobalSpace" includes="$MODEL_FOLDER/**"/>
      </inputFiles>
      <forkEnvironment javaHome="/usr">
        <envScript>
          <script>
            <file language="groovy" url="${PA_CATALOG_REST_URL}/buckets/scripts/resources/fork_env_cuda_universal/raw"/>
          </script>
        </envScript>
      </forkEnvironment>
      <scriptExecutable>
        <script>
          <file language="cpython" url="${PA_CATALOG_REST_URL}/buckets/deep-learning-scripts/resources/Predict_Text_Classification_Model/raw"/>
        </script>
      </scriptExecutable>
      <controlFlow block="none"/>
      <metadata>
        <positionTop>
            480.33203125
        </positionTop>
        <positionLeft>
            177.34375
        </positionLeft>
      </metadata>
    </task>
  </taskFlow>
  <metadata>
    <visualization>
      <![CDATA[ <html>
    <head>
    <link rel="stylesheet" href="/studio/styles/studio-standalone.css">
        <style>
        #workflow-designer {
            left:0 !important;
            top:0 !important;
            width:2646px;
            height:3501px;
            }
        </style>
    </head>
    <body>
    <div id="workflow-visualization-view"><div id="workflow-visualization" style="position:relative;top:-219.3359375px;left:-44.35546875px"><div class="task _jsPlumb_endpoint_anchor_ ui-draggable" id="jsPlumb_1_466" style="top: 224.336px; left: 49.3557px;"><a class="task-name" data-toggle="tooltip" data-placement="right" title="Load and return a text dataset."><img src="/automation-dashboard/styles/patterns/img/wf-icons/import_text.png" width="20px">&nbsp;<span class="name">Import_Text_Dataset</span></a></div><div class="task _jsPlumb_endpoint_anchor_ ui-draggable" id="jsPlumb_1_469" style="top: 224.336px; left: 177.356px;"><a class="task-name" data-toggle="tooltip" data-placement="right" title="A Recurrent Neural Network (RNN) is a class of artificial neural network where connections between units form a directed cycle.
You can see more details in: http://pytorch.org/docs/0.3.1/nn.html#torch.nn.RNN"><img src="/automation-dashboard/styles/patterns/img/wf-icons/deep_text_classification.png" width="20px">&nbsp;<span class="name">RNN</span></a></div><div class="task ui-draggable _jsPlumb_endpoint_anchor_" id="jsPlumb_1_472" style="top: 352.336px; left: 113.356px;"><a class="task-name" data-toggle="tooltip" data-placement="right" title="Train a model using a text classification network."><img src="/automation-dashboard/styles/patterns/img/wf-icons/deep_train.png" width="20px">&nbsp;<span class="name">Train_Text_Classification_Model</span></a></div><div class="task ui-draggable _jsPlumb_endpoint_anchor_" id="jsPlumb_1_475" style="top: 480.336px; left: 49.3557px;"><a class="task-name" data-toggle="tooltip" data-placement="right" title="Download a trained model by a deep learning algorithm."><img src="/automation-dashboard/styles/patterns/img/wf-icons/export_deep_model.png" width="20px">&nbsp;<span class="name">Download_Model</span></a></div><div class="task ui-draggable _jsPlumb_endpoint_anchor_" id="jsPlumb_1_478" style="top: 608.336px; left: 177.356px;"><a class="task-name" data-toggle="tooltip" data-placement="right" title="Preview the predicted results."><img src="/automation-dashboard/styles/patterns/img/wf-icons/deep_export_results.png" width="20px">&nbsp;<span class="name">Preview_Results</span></a></div><div class="task ui-draggable _jsPlumb_endpoint_anchor_" id="jsPlumb_1_481" style="top: 480.336px; left: 177.356px;"><a class="task-name" data-toggle="tooltip" data-placement="right" title="Predict a model using a text classification network."><img src="/automation-dashboard/styles/patterns/img/wf-icons/deep_predict.png" width="20px">&nbsp;<span class="name">Predict_Text_Classification_Model</span></a></div><svg style="position:absolute;left:108px;top:263.5px" width="115.5" height="90" pointer-events="none" position="absolute" version="1.1" xmlns="http://www.w3.org/1999/xhtml" class="_jsPlumb_connector"><path d="M 94.5 89 C 104.5 39 -10 50 0 0 " transform="translate(10.5,0.5)" pointer-events="visibleStroke" version="1.1" xmlns="http://www.w3.org/1999/xhtml" fill="none" stroke="#666" style=""></path><path pointer-events="all" version="1.1" xmlns="http://www.w3.org/1999/xhtml" d="M85.177828125,63.12471875000001 L72.7397539018795,45.96971045445713 L73.67704506166605,55.14148701528688 L64.75652216716635,57.470493517791084 L85.177828125,63.12471875000001" class="" stroke="#666" fill="#666" transform="translate(10.5,0.5)"></path><path pointer-events="all" version="1.1" xmlns="http://www.w3.org/1999/xhtml" d="M85.177828125,63.12471875000001 L72.7397539018795,45.96971045445713 L73.67704506166605,55.14148701528688 L64.75652216716635,57.470493517791084 L85.177828125,63.12471875000001" class="" stroke="#666" fill="#666" transform="translate(10.5,0.5)"></path></svg><svg style="position:absolute;left:202.5px;top:263.5px" width="36" height="90" pointer-events="none" position="absolute" version="1.1" xmlns="http://www.w3.org/1999/xhtml" class="_jsPlumb_connector"><path d="M 0 89 C -10 39 25 50 15 0 " transform="translate(10.5,0.5)" pointer-events="visibleStroke" version="1.1" xmlns="http://www.w3.org/1999/xhtml" fill="none" stroke="#666" style=""></path><path pointer-events="all" version="1.1" xmlns="http://www.w3.org/1999/xhtml" d="M-1.5508800000000005,67.21769599999999 L9.68821215483756,49.25432194234955 L1.537171549453838,53.56251611733584 L-3.9669677278265922,46.16627039289571 L-1.5508800000000005,67.21769599999999" class="" stroke="#666" fill="#666" transform="translate(10.5,0.5)"></path><path pointer-events="all" version="1.1" xmlns="http://www.w3.org/1999/xhtml" d="M-1.5508800000000005,67.21769599999999 L9.68821215483756,49.25432194234955 L1.537171549453838,53.56251611733584 L-3.9669677278265922,46.16627039289571 L-1.5508800000000005,67.21769599999999" class="" stroke="#666" fill="#666" transform="translate(10.5,0.5)"></path></svg><svg style="position:absolute;left:100px;top:392.5px" width="123.5" height="88" pointer-events="none" position="absolute" version="1.1" xmlns="http://www.w3.org/1999/xhtml" class="_jsPlumb_connector"><path d="M 0 87 C -10 37 112.5 50 102.5 0 " transform="translate(10.5,0.5)" pointer-events="visibleStroke" version="1.1" xmlns="http://www.w3.org/1999/xhtml" fill="none" stroke="#666" style=""></path><path pointer-events="all" version="1.1" xmlns="http://www.w3.org/1999/xhtml" d="M10.903494999999998,60.965058 L31.607953164606695,56.456686663247524 L22.830951336499176,53.63458834649855 L24.27748351110525,44.52923032674835 L10.903494999999998,60.965058" class="" stroke="#666" fill="#666" transform="translate(10.5,0.5)"></path><path pointer-events="all" version="1.1" xmlns="http://www.w3.org/1999/xhtml" d="M10.903494999999998,60.965058 L31.607953164606695,56.456686663247524 L22.830951336499176,53.63458834649855 L24.27748351110525,44.52923032674835 L10.903494999999998,60.965058" class="" stroke="#666" fill="#666" transform="translate(10.5,0.5)"></path></svg><svg style="position:absolute;left:227px;top:519.5px" width="64.5" height="90" pointer-events="none" position="absolute" version="1.1" xmlns="http://www.w3.org/1999/xhtml" class="_jsPlumb_connector "><path d="M 0 89 C -10 39 53.5 50 43.5 0 " transform="translate(10.5,0.5)" pointer-events="visibleStroke" version="1.1" xmlns="http://www.w3.org/1999/xhtml" fill="none" stroke="#666" style=""></path><path pointer-events="all" version="1.1" xmlns="http://www.w3.org/1999/xhtml" d="M1.4445258749999976,65.80396025 L18.023385796194198,52.60769548630945 L8.902982068970383,53.95611524752699 L6.175540793721185,45.149239292339075 L1.4445258749999976,65.80396025" class="" stroke="#666" fill="#666" transform="translate(10.5,0.5)"></path><path pointer-events="all" version="1.1" xmlns="http://www.w3.org/1999/xhtml" d="M1.4445258749999976,65.80396025 L18.023385796194198,52.60769548630945 L8.902982068970383,53.95611524752699 L6.175540793721185,45.149239292339075 L1.4445258749999976,65.80396025" class="" stroke="#666" fill="#666" transform="translate(10.5,0.5)"></path></svg><svg style="position:absolute;left:202.5px;top:392.5px" width="89" height="88" pointer-events="none" position="absolute" version="1.1" xmlns="http://www.w3.org/1999/xhtml" class="_jsPlumb_connector"><path d="M 68 87 C 78 37 -10 50 0 0 " transform="translate(10.5,0.5)" pointer-events="visibleStroke" version="1.1" xmlns="http://www.w3.org/1999/xhtml" fill="none" stroke="#666" style=""></path><path pointer-events="all" version="1.1" xmlns="http://www.w3.org/1999/xhtml" d="M63.14975600000001,62.66801400000001 L53.61665029542708,43.743957996451535 L53.07441727922457,52.94754334978748 L43.896179645214545,53.81929671722697 L63.14975600000001,62.66801400000001" class="" stroke="#666" fill="#666" transform="translate(10.5,0.5)"></path><path pointer-events="all" version="1.1" xmlns="http://www.w3.org/1999/xhtml" d="M63.14975600000001,62.66801400000001 L53.61665029542708,43.743957996451535 L53.07441727922457,52.94754334978748 L43.896179645214545,53.81929671722697 L63.14975600000001,62.66801400000001" class="" stroke="#666" fill="#666" transform="translate(10.5,0.5)"></path></svg><div class="_jsPlumb_endpoint source-endpoint dependency-source-endpoint connected _jsPlumb_endpoint_anchor_ ui-draggable ui-droppable _jsPlumb_endpoint_connected" style="position: absolute; height: 20px; width: 20px; left: 108.5px; top: 254px;"><svg style="position:absolute;left:0px;top:0px" width="20" height="20" pointer-events="all" position="absolute" version="1.1" xmlns="http://www.w3.org/1999/xhtml"><circle cx="10" cy="10" r="10" version="1.1" xmlns="http://www.w3.org/1999/xhtml" fill="#666" stroke="none" style=""></circle></svg></div><div class="_jsPlumb_endpoint source-endpoint dependency-source-endpoint connected _jsPlumb_endpoint_anchor_ ui-draggable ui-droppable _jsPlumb_endpoint_connected" style="position: absolute; height: 20px; width: 20px; left: 218px; top: 254px;"><svg style="position:absolute;left:0px;top:0px" width="20" height="20" pointer-events="all" position="absolute" version="1.1" xmlns="http://www.w3.org/1999/xhtml"><circle cx="10" cy="10" r="10" version="1.1" xmlns="http://www.w3.org/1999/xhtml" fill="#666" stroke="none" style=""></circle></svg></div><div class="_jsPlumb_endpoint source-endpoint dependency-source-endpoint connected _jsPlumb_endpoint_anchor_ ui-draggable ui-droppable _jsPlumb_endpoint_connected" style="position: absolute; height: 20px; width: 20px; left: 203px; top: 383px;"><svg style="position:absolute;left:0px;top:0px" width="20" height="20" pointer-events="all" position="absolute" version="1.1" xmlns="http://www.w3.org/1999/xhtml"><circle cx="10" cy="10" r="10" version="1.1" xmlns="http://www.w3.org/1999/xhtml" fill="#666" stroke="none" style=""></circle></svg></div><div class="_jsPlumb_endpoint target-endpoint dependency-target-endpoint _jsPlumb_endpoint_anchor_ ui-draggable ui-droppable _jsPlumb_endpoint_connected" style="position: absolute; height: 20px; width: 20px; left: 203px; top: 343px;"><svg style="position:absolute;left:0px;top:0px" width="20" height="20" pointer-events="all" position="absolute" version="1.1" xmlns="http://www.w3.org/1999/xhtml"><circle cx="10" cy="10" r="10" version="1.1" xmlns="http://www.w3.org/1999/xhtml" fill="#666" stroke="none" style=""></circle></svg></div><div class="_jsPlumb_endpoint source-endpoint dependency-source-endpoint connected _jsPlumb_endpoint_anchor_ ui-draggable ui-droppable" style="position: absolute; height: 20px; width: 20px; left: 100.5px; top: 510px;"><svg style="position:absolute;left:0px;top:0px" width="20" height="20" pointer-events="all" position="absolute" version="1.1" xmlns="http://www.w3.org/1999/xhtml"><circle cx="10" cy="10" r="10" version="1.1" xmlns="http://www.w3.org/1999/xhtml" fill="#666" stroke="none" style=""></circle></svg></div><div class="_jsPlumb_endpoint target-endpoint dependency-target-endpoint _jsPlumb_endpoint_anchor_ ui-draggable ui-droppable _jsPlumb_endpoint_connected" style="position: absolute; height: 20px; width: 20px; left: 100.5px; top: 470px;"><svg style="position:absolute;left:0px;top:0px" width="20" height="20" pointer-events="all" position="absolute" version="1.1" xmlns="http://www.w3.org/1999/xhtml"><circle cx="10" cy="10" r="10" version="1.1" xmlns="http://www.w3.org/1999/xhtml" fill="#666" stroke="none" style=""></circle></svg></div><div class="_jsPlumb_endpoint source-endpoint dependency-source-endpoint connected _jsPlumb_endpoint_anchor_ ui-draggable ui-droppable" style="position: absolute; height: 20px; width: 20px; left: 227.5px; top: 639px;"><svg style="position:absolute;left:0px;top:0px" width="20" height="20" pointer-events="all" position="absolute" version="1.1" xmlns="http://www.w3.org/1999/xhtml"><circle cx="10" cy="10" r="10" version="1.1" xmlns="http://www.w3.org/1999/xhtml" fill="#666" stroke="none" style=""></circle></svg></div><div class="_jsPlumb_endpoint target-endpoint dependency-target-endpoint _jsPlumb_endpoint_anchor_ ui-draggable ui-droppable _jsPlumb_endpoint_connected" style="position: absolute; height: 20px; width: 20px; left: 227.5px; top: 599px;"><svg style="position:absolute;left:0px;top:0px" width="20" height="20" pointer-events="all" position="absolute" version="1.1" xmlns="http://www.w3.org/1999/xhtml"><circle cx="10" cy="10" r="10" version="1.1" xmlns="http://www.w3.org/1999/xhtml" fill="#666" stroke="none" style=""></circle></svg></div><div class="_jsPlumb_endpoint source-endpoint dependency-source-endpoint connected _jsPlumb_endpoint_anchor_ ui-draggable ui-droppable _jsPlumb_endpoint_connected" style="position: absolute; height: 20px; width: 20px; left: 271px; top: 510px;"><svg style="position:absolute;left:0px;top:0px" width="20" height="20" pointer-events="all" position="absolute" version="1.1" xmlns="http://www.w3.org/1999/xhtml"><circle cx="10" cy="10" r="10" version="1.1" xmlns="http://www.w3.org/1999/xhtml" fill="#666" stroke="none" style=""></circle></svg></div><div class="_jsPlumb_endpoint target-endpoint dependency-target-endpoint _jsPlumb_endpoint_anchor_ ui-draggable ui-droppable _jsPlumb_endpoint_connected" style="position: absolute; height: 20px; width: 20px; left: 271px; top: 470px;"><svg style="position:absolute;left:0px;top:0px" width="20" height="20" pointer-events="all" position="absolute" version="1.1" xmlns="http://www.w3.org/1999/xhtml"><circle cx="10" cy="10" r="10" version="1.1" xmlns="http://www.w3.org/1999/xhtml" fill="#666" stroke="none" style=""></circle></svg></div></div></div>
    </body>
</html>
 ]]>
    </visualization>
  </metadata>
</job>
