<?xml version="1.0" encoding="UTF-8" standalone="no"?>
<job xmlns="urn:proactive:jobdescriptor:3.12" xmlns:xsi="http://www.w3.org/2001/XMLSchema-instance" maxNumberOfExecution="2" name="Search_Train_Image_Classification" onTaskError="continueJobExecution" priority="normal" projectName="4. Training Pytorch Workflows" xsi:schemaLocation="urn:proactive:jobdescriptor:3.12 http://www.activeeon.com/public_content/schemas/proactive/jobdescriptor/3.12/schedulerjob.xsd">
  <variables>
    <variable name="NATIVE_SCHEDULER" value=""/>
    <variable name="NATIVE_SCHEDULER_PARAMS" value=""/>
    <variable name="NODE_ACCESS_TOKEN" value=""/>
    <variable model="PA:LIST(no-container,docker,podman,singularity)" name="CONTAINER_PLATFORM" value="docker"/>
    <variable model="PA:Boolean" name="CONTAINER_GPU_ENABLED" value="True"/>
    <variable model="PA:LIST(,docker://activeeon/dlm3,docker://activeeon/cuda,docker://activeeon/cuda2,docker://activeeon/rapidsai,docker://activeeon/tensorflow:latest,docker://activeeon/tensorflow:latest-gpu)" name="CONTAINER_IMAGE" value=""/>
    <variable model="PA:LIST(Bing, DuckDuckGo)" name="SEARCH_ENGINE" value="DuckDuckGo"/>
    <variable name="DATA_PATH" value="rocket_vs_plane"/>
    <variable model="PA:Integer[1,1000]" name="QUERY_SIZE" value="100"/>
    <variable name="SEARCH_TERM1" value="rocket"/>
    <variable name="SEARCH_TERM2" value="plane"/>
    <variable model="PA:Integer" name="NUM_EPOCHS" value="1"/>
  </variables>
  <description>
    <![CDATA[ Query images from a search engine (Bing or DuckDuckGo) and train a model to classify them. ]]>
  </description>
  <genericInformation>
<info name="bucketName" value="deep-learning-workflows"/>
<info name="workflow.icon" value="/automation-dashboard/styles/patterns/img/wf-icons/pytorch-logo-dark.png"/>
<info name="Documentation" value="MLOS/MLOSUserGuide.html#_training_custom_ai_workflows_pytorch_library"/>
<info name="NS" value="$NATIVE_SCHEDULER"/>
<info name="NS_BATCH" value="$NATIVE_SCHEDULER_PARAMS"/>
<info name="NODE_ACCESS_TOKEN" value="$NODE_ACCESS_TOKEN"/>
<info name="group" value="public-objects"/>
</genericInformation>
  <taskFlow>
    <task fork="true" name="Preview_Results" preciousResult="true">
      <description>
        <![CDATA[ Preview the predicted results. ]]>
      </description>
      <variables>
        <variable inherited="false" name="OUTPUT_FILE" value="HTML"/>
      </variables>
      <genericInformation>
        <info name="task.icon" value="/automation-dashboard/styles/patterns/img/wf-icons/deep_export_results.png"/>
        <info name="task.documentation" value="MLOS/MLOSUserGuide.html#_export_results"/>
      </genericInformation>
      <depends>
        <task ref="Predict_Image_Classification_Model"/>
      </depends>
      <inputFiles>
        <files accessMode="transferFromGlobalSpace" includes="$DATASET_PATH/**"/>
        <files accessMode="transferFromGlobalSpace" includes="$OUTPUT_FOLDER/**"/>
      </inputFiles>
      <forkEnvironment javaHome="/usr">
        <envScript>
          <script>
            <file language="groovy" url="${PA_CATALOG_REST_URL}/buckets/scripts/resources/fork_env_cuda_universal/raw"/>
          </script>
        </envScript>
      </forkEnvironment>
      <scriptExecutable>
        <script>
          <file language="cpython" url="${PA_CATALOG_REST_URL}/buckets/deep-learning-scripts/resources/Preview_Results/raw"/>
        </script>
      </scriptExecutable>
      <controlFlow block="none"/>
      <metadata>
        <positionTop>
            811.515625
        </positionTop>
        <positionLeft>
            625.90625
        </positionLeft>
      </metadata>
    </task>
    <task fork="true" name="Train_Image_Classification_Model">
      <description>
        <![CDATA[ Train a model using an image classification network. ]]>
      </description>
      <variables>
        <variable inherited="true" name="NUM_EPOCHS" value="1"/>
        <variable inherited="false" name="BATCH_SIZE" value="2"/>
        <variable inherited="false" name="NUM_WORKERS" value="1"/>
        <variable inherited="false" name="SHUFFLE" value="True"/>
      </variables>
      <genericInformation>
        <info name="task.icon" value="/automation-dashboard/styles/patterns/img/wf-icons/deep_train.png"/>
        <info name="task.documentation" value="MLOS/MLOSUserGuide.html#_train_image_classification_model"/>
      </genericInformation>
      <depends>
        <task ref="Import_Image_Dataset"/>
        <task ref="ResNet_18"/>
      </depends>
      <inputFiles>
        <files accessMode="transferFromGlobalSpace" includes="$DATASET_PATH/**"/>
      </inputFiles>
      <forkEnvironment javaHome="/usr">
        <envScript>
          <script>
            <file language="groovy" url="${PA_CATALOG_REST_URL}/buckets/scripts/resources/fork_env_cuda_universal/raw"/>
          </script>
        </envScript>
      </forkEnvironment>
      <scriptExecutable>
        <script>
          <file language="cpython" url="${PA_CATALOG_REST_URL}/buckets/deep-learning-scripts/resources/Train_Image_Classification_Model/raw"/>
        </script>
      </scriptExecutable>
      <controlFlow block="none"/>
      <post>
        <script>
          <code language="bash">
            <![CDATA[

]]>
          </code>
        </script>
      </post>
      <outputFiles>
        <files accessMode="transferToGlobalSpace" includes="$MODEL_FOLDER/**"/>
      </outputFiles>
      <metadata>
        <positionTop>
            555.515625
        </positionTop>
        <positionLeft>
            625.90625
        </positionLeft>
      </metadata>
    </task>
    <task fork="true" name="Predict_Image_Classification_Model">
      <description>
        <![CDATA[ Predict a model using an image classification network. ]]>
      </description>
      <variables>
        <variable inherited="false" name="BATCH_SIZE" value="2"/>
        <variable inherited="false" name="NUM_WORKERS" value="1"/>
        <variable inherited="false" name="SHUFFLE" value="True"/>
      </variables>
      <genericInformation>
        <info name="task.icon" value="/automation-dashboard/styles/patterns/img/wf-icons/deep_predict.png"/>
        <info name="task.documentation" value="MLOS/MLOSUserGuide.html#_predict_image_classification_model"/>
      </genericInformation>
      <depends>
        <task ref="Train_Image_Classification_Model"/>
      </depends>
      <inputFiles>
        <files accessMode="transferFromGlobalSpace" includes="$DATASET_PATH/**"/>
        <files accessMode="transferFromGlobalSpace" includes="$MODEL_FOLDER/**"/>
      </inputFiles>
      <forkEnvironment javaHome="/usr">
        <envScript>
          <script>
            <file language="groovy" url="${PA_CATALOG_REST_URL}/buckets/scripts/resources/fork_env_cuda_universal/raw"/>
          </script>
        </envScript>
      </forkEnvironment>
      <scriptExecutable>
        <script>
          <file language="cpython" url="${PA_CATALOG_REST_URL}/buckets/deep-learning-scripts/resources/Predict_Image_Classification_Model/raw"/>
        </script>
      </scriptExecutable>
      <controlFlow block="none"/>
      <metadata>
        <positionTop>
            683.515625
        </positionTop>
        <positionLeft>
            625.90625
        </positionLeft>
      </metadata>
    </task>
    <task fork="true" name="Import_Image_Dataset">
      <description>
        <![CDATA[ Load and return an image dataset. ]]>
      </description>
      <variables>
        <variable inherited="true" name="DATA_PATH" value="rocket_vs_plane"/>
        <variable inherited="false" name="TRAIN_SPLIT" value="0.60"/>
        <variable inherited="false" name="VAL_SPLIT" value="0.15"/>
        <variable inherited="false" name="TEST_SPLIT" value="0.25"/>
        <variable inherited="false" model="PA:LIST(Classification, Detection, Segmentation)" name="DATASET_TYPE" value="Classification"/>
      </variables>
      <genericInformation>
        <info name="task.icon" value="/automation-dashboard/styles/patterns/img/wf-icons/import_image.png"/>
        <info name="task.documentation" value="MLOS/MLOSUserGuide.html#_import_image_dataset"/>
      </genericInformation>
      <depends>
        <task ref="Search_Image_Dataset1"/>
        <task ref="Search_Image_Dataset2"/>
      </depends>
      <forkEnvironment javaHome="/usr">
        <envScript>
          <script>
            <file language="groovy" url="${PA_CATALOG_REST_URL}/buckets/scripts/resources/fork_env_cuda_universal/raw"/>
          </script>
        </envScript>
      </forkEnvironment>
      <scriptExecutable>
        <script>
          <file language="cpython" url="${PA_CATALOG_REST_URL}/buckets/deep-learning-scripts/resources/Import_Image_Dataset/raw"/>
        </script>
      </scriptExecutable>
      <controlFlow block="none"/>
      <outputFiles>
        <files accessMode="transferToGlobalSpace" includes="$DATASET_PATH/**"/>
      </outputFiles>
      <metadata>
        <positionTop>
            427.515625
        </positionTop>
        <positionLeft>
            561.90625
        </positionLeft>
      </metadata>
    </task>
    <task fork="true" name="Search_Image_Dataset1" preciousResult="true">
      <description>
        <![CDATA[ The simplest task, ran by a Python engine. ]]>
      </description>
      <variables>
        <variable inherited="true" name="DATA_FOLDER" value="rocket_vs_plane"/>
        <variable inherited="false" name="SEARCH_TERM" value="$SEARCH_TERM1"/>
        <variable inherited="true" name="QUERY_SIZE" value="15"/>
        <variable inherited="false" name="IMG_SIZE" value="(200, 200)"/>
      </variables>
      <genericInformation>
        <info name="task.icon" value="/automation-dashboard/styles/patterns/img/wf-icons/search_image_dataset.png"/>
      </genericInformation>
      <forkEnvironment javaHome="/usr">
        <envScript>
          <script>
            <file language="groovy" url="${PA_CATALOG_REST_URL}/buckets/scripts/resources/fork_env_cuda_universal/raw"/>
          </script>
        </envScript>
      </forkEnvironment>
      <scriptExecutable>
        <script>
          <file language="cpython" url="${PA_CATALOG_REST_URL}/buckets/deep-learning-scripts/resources/Search_Image_Dataset/raw"/>
        </script>
      </scriptExecutable>
      <outputFiles>
        <files accessMode="transferToGlobalSpace" includes="$DATA_PATH/**"/>
      </outputFiles>
      <metadata>
        <positionTop>
            299.515625
        </positionTop>
        <positionLeft>
            497.90625
        </positionLeft>
      </metadata>
    </task>
    <task fork="true" name="Search_Image_Dataset2" preciousResult="true">
      <description>
        <![CDATA[ The simplest task, ran by a Python engine. ]]>
      </description>
      <variables>
        <variable inherited="true" name="DATA_FOLDER" value="rocket_vs_plane"/>
        <variable inherited="false" name="SEARCH_TERM" value="$SEARCH_TERM2"/>
        <variable inherited="true" name="QUERY_SIZE" value="15"/>
        <variable inherited="false" name="IMG_SIZE" value="(200, 200)"/>
      </variables>
      <genericInformation>
        <info name="task.icon" value="/automation-dashboard/styles/patterns/img/wf-icons/search_image_dataset.png"/>
      </genericInformation>
      <forkEnvironment javaHome="/usr">
        <envScript>
          <script>
            <file language="groovy" url="${PA_CATALOG_REST_URL}/buckets/scripts/resources/fork_env_cuda_universal/raw"/>
          </script>
        </envScript>
      </forkEnvironment>
      <scriptExecutable>
        <script>
          <file language="cpython" url="${PA_CATALOG_REST_URL}/buckets/deep-learning-scripts/resources/Search_Image_Dataset/raw"/>
        </script>
      </scriptExecutable>
      <outputFiles>
        <files accessMode="transferToGlobalSpace" includes="$DATA_PATH/**"/>
      </outputFiles>
      <metadata>
        <positionTop>
            303.515625
        </positionTop>
        <positionLeft>
            699.90625
        </positionLeft>
      </metadata>
    </task>
    <task fork="true" name="ResNet_18">
      <description>
        <![CDATA[ Deep Residual Networks (ResNet-18) is a deep convolutional neural network, trained on 1.28 million ImageNet training images, coming from 1000 classes.
You can see more details in: http://pytorch.org/docs/master/torchvision/models.html ]]>
      </description>
      <variables>
        <variable inherited="false" model="PA:Boolean" name="USE_PRETRAINED_MODEL" value="True"/>
      </variables>
      <genericInformation>
        <info name="task.icon" value="/automation-dashboard/styles/patterns/img/wf-icons/deep_learning.png"/>
        <info name="task.documentation" value="MLOS/MLOSUserGuide.html#_resnet-18"/>
      </genericInformation>
      <forkEnvironment javaHome="/usr">
        <envScript>
          <script>
            <file language="groovy" url="${PA_CATALOG_REST_URL}/buckets/scripts/resources/fork_env_cuda_universal/raw"/>
          </script>
        </envScript>
      </forkEnvironment>
      <scriptExecutable>
        <script>
          <file language="cpython" url="${PA_CATALOG_REST_URL}/buckets/deep-learning-scripts/resources/ResNet_18/raw"/>
        </script>
      </scriptExecutable>
      <controlFlow block="none"/>
      <metadata>
        <positionTop>
            435.515625
        </positionTop>
        <positionLeft>
            770.90625
        </positionLeft>
      </metadata>
    </task>
  </taskFlow>
  <metadata>
    <visualization>
      <![CDATA[ <html>
    <head>
    <link rel="stylesheet" href="/studio/styles/studio-standalone.css">
        <style>
        #workflow-designer {
            left:0 !important;
            top:0 !important;
            width:2864px;
            height:3500px;
            }
        </style>
    </head>
    <body>
    <div id="workflow-visualization-view"><div id="workflow-visualization" style="position:relative;top:-294.515625px;left:-492.90625px"><div class="task ui-draggable _jsPlumb_endpoint_anchor_" id="jsPlumb_1_189" style="top: 811.516px; left: 625.906px;"><a class="task-name" data-toggle="tooltip" data-placement="right" title="Preview the predicted results."><img src="/automation-dashboard/styles/patterns/img/wf-icons/deep_export_results.png" width="20px">&nbsp;<span class="name">Preview_Results</span></a></div><div class="task ui-draggable _jsPlumb_endpoint_anchor_" id="jsPlumb_1_192" style="top: 555.516px; left: 625.906px;"><a class="task-name" data-toggle="tooltip" data-placement="right" title="Train a model using an image classification network."><img src="/automation-dashboard/styles/patterns/img/wf-icons/deep_train.png" width="20px">&nbsp;<span class="name">Train_Image_Classification_Model</span></a></div><div class="task ui-draggable _jsPlumb_endpoint_anchor_" id="jsPlumb_1_195" style="top: 683.516px; left: 625.906px;"><a class="task-name" data-toggle="tooltip" data-placement="right" title="Predict a model using an image classification network."><img src="/automation-dashboard/styles/patterns/img/wf-icons/deep_predict.png" width="20px">&nbsp;<span class="name">Predict_Image_Classification_Model</span></a></div><div class="task ui-draggable _jsPlumb_endpoint_anchor_" id="jsPlumb_1_198" style="top: 427.516px; left: 561.906px;"><a class="task-name" data-toggle="tooltip" data-placement="right" title="Load and return an image dataset."><img src="/automation-dashboard/styles/patterns/img/wf-icons/import_image.png" width="20px">&nbsp;<span class="name">Import_Image_Dataset</span></a></div><div class="task _jsPlumb_endpoint_anchor_ ui-draggable" id="jsPlumb_1_201" style="top: 299.516px; left: 497.906px;"><a class="task-name" data-toggle="tooltip" data-placement="right" title="The simplest task, ran by a Python engine."><img src="/automation-dashboard/styles/patterns/img/wf-icons/search_image_dataset.png" width="20px">&nbsp;<span class="name">Search_Image_Dataset1</span></a></div><div class="task _jsPlumb_endpoint_anchor_ ui-draggable" id="jsPlumb_1_204" style="top: 303.516px; left: 699.906px; z-index: 24;"><a class="task-name" data-toggle="tooltip" data-placement="right" title="The simplest task, ran by a Python engine."><img src="/automation-dashboard/styles/patterns/img/wf-icons/search_image_dataset.png" width="20px">&nbsp;<span class="name">Search_Image_Dataset2</span></a></div><div class="task _jsPlumb_endpoint_anchor_ ui-draggable" id="jsPlumb_1_207" style="top: 435.516px; left: 770.906px; z-index: 24;"><a class="task-name" data-toggle="tooltip" data-placement="right" title="Deep Residual Networks (ResNet-18) is a deep convolutional neural network, trained on 1.28 million ImageNet training images, coming from 1000 classes.
You can see more details in: http://pytorch.org/docs/master/torchvision/models.html"><img src="/automation-dashboard/styles/patterns/img/wf-icons/deep_learning.png" width="20px">&nbsp;<span class="name">ResNet_18</span></a></div><svg style="position:absolute;left:670px;top:723.5px" width="64.5" height="89" pointer-events="none" position="absolute" version="1.1" xmlns="http://www.w3.org/1999/xhtml" class="_jsPlumb_connector "><path d="M 0 88 C -10 38 53.5 50 43.5 0 " transform="translate(10.5,0.5)" pointer-events="visibleStroke" version="1.1" xmlns="http://www.w3.org/1999/xhtml" fill="none" stroke="#666" style=""></path><path pointer-events="all" version="1.1" xmlns="http://www.w3.org/1999/xhtml" d="M1.4445258749999976,64.9032055 L18.104367513746922,51.809326144672404 L8.975829843879806,53.10153356216274 L6.302695575909668,44.27802217579259 L1.4445258749999976,64.9032055" class="" stroke="#666" fill="#666" transform="translate(10.5,0.5)"></path><path pointer-events="all" version="1.1" xmlns="http://www.w3.org/1999/xhtml" d="M1.4445258749999976,64.9032055 L18.104367513746922,51.809326144672404 L8.975829843879806,53.10153356216274 L6.302695575909668,44.27802217579259 L1.4445258749999976,64.9032055" class="" stroke="#666" fill="#666" transform="translate(10.5,0.5)"></path></svg><svg style="position:absolute;left:619.5px;top:467.5px" width="111" height="89" pointer-events="none" position="absolute" version="1.1" xmlns="http://www.w3.org/1999/xhtml" class="_jsPlumb_connector "><path d="M 90 88 C 100 38 -10 50 0 0 " transform="translate(10.5,0.5)" pointer-events="visibleStroke" version="1.1" xmlns="http://www.w3.org/1999/xhtml" fill="none" stroke="#666" style=""></path><path pointer-events="all" version="1.1" xmlns="http://www.w3.org/1999/xhtml" d="M81.25875,62.2538125 L69.08056530148608,44.91334487513818 L69.87955725429765,54.098202623592556 L60.92495542507862,56.29253762084055 L81.25875,62.2538125" class="" stroke="#666" fill="#666" transform="translate(10.5,0.5)"></path><path pointer-events="all" version="1.1" xmlns="http://www.w3.org/1999/xhtml" d="M81.25875,62.2538125 L69.08056530148608,44.91334487513818 L69.87955725429765,54.098202623592556 L60.92495542507862,56.29253762084055 L81.25875,62.2538125" class="" stroke="#666" fill="#666" transform="translate(10.5,0.5)"></path></svg><svg style="position:absolute;left:709.5px;top:475.015625px" width="121.90625" height="81.484375" pointer-events="none" position="absolute" version="1.1" xmlns="http://www.w3.org/1999/xhtml" class="_jsPlumb_connector"><path d="M 0 80.484375 C -10 30.484375 110.90625 50 100.90625 0 " transform="translate(10.5,0.5)" pointer-events="visibleStroke" version="1.1" xmlns="http://www.w3.org/1999/xhtml" fill="none" stroke="#666" style=""></path><path pointer-events="all" version="1.1" xmlns="http://www.w3.org/1999/xhtml" d="M10.149178710937498,55.70840771484376 L30.989084348296863,51.874567208777115 L22.308326169436587,48.76901775012243 L24.049694383575535,39.71541975027802 L10.149178710937498,55.70840771484376" class="" stroke="#666" fill="#666" transform="translate(10.5,0.5)"></path><path pointer-events="all" version="1.1" xmlns="http://www.w3.org/1999/xhtml" d="M10.149178710937498,55.70840771484376 L30.989084348296863,51.874567208777115 L22.308326169436587,48.76901775012243 L24.049694383575535,39.71541975027802 L10.149178710937498,55.70840771484376" class="" stroke="#666" fill="#666" transform="translate(10.5,0.5)"></path></svg><svg style="position:absolute;left:709.5px;top:595.5px" width="25" height="89" pointer-events="none" position="absolute" version="1.1" xmlns="http://www.w3.org/1999/xhtml" class="_jsPlumb_connector "><path d="M 4 88 C 14 38 -10 50 0 0 " transform="translate(10.5,0.5)" pointer-events="visibleStroke" version="1.1" xmlns="http://www.w3.org/1999/xhtml" fill="none" stroke="#666" style=""></path><path pointer-events="all" version="1.1" xmlns="http://www.w3.org/1999/xhtml" d="M6.4906875,66.78168750000002 L11.866605249283193,46.285358356640174 L5.369566595211646,52.82664941632405 L-2.0884328343927736,47.40647926142853 L6.4906875,66.78168750000002" class="" stroke="#666" fill="#666" transform="translate(10.5,0.5)"></path><path pointer-events="all" version="1.1" xmlns="http://www.w3.org/1999/xhtml" d="M6.4906875,66.78168750000002 L11.866605249283193,46.285358356640174 L5.369566595211646,52.82664941632405 L-2.0884328343927736,47.40647926142853 L6.4906875,66.78168750000002" class="" stroke="#666" fill="#666" transform="translate(10.5,0.5)"></path></svg><svg style="position:absolute;left:560px;top:339.5px" width="80.5" height="89" pointer-events="none" position="absolute" version="1.1" xmlns="http://www.w3.org/1999/xhtml" class="_jsPlumb_connector"><path d="M 59.5 88 C 69.5 38 -10 50 0 0 " transform="translate(10.5,0.5)" pointer-events="visibleStroke" version="1.1" xmlns="http://www.w3.org/1999/xhtml" fill="none" stroke="#666" style=""></path><path pointer-events="all" version="1.1" xmlns="http://www.w3.org/1999/xhtml" d="M55.908394875,63.998374500000004 L47.883010819961754,44.387326318703366 L46.62333862293368,53.52041046131558 L37.40504678127732,53.67238257076969 L55.908394875,63.998374500000004" class="" stroke="#666" fill="#666" transform="translate(10.5,0.5)"></path><path pointer-events="all" version="1.1" xmlns="http://www.w3.org/1999/xhtml" d="M55.908394875,63.998374500000004 L47.883010819961754,44.387326318703366 L46.62333862293368,53.52041046131558 L37.40504678127732,53.67238257076969 L55.908394875,63.998374500000004" class="" stroke="#666" fill="#666" transform="translate(10.5,0.5)"></path></svg><svg style="position:absolute;left:619.5px;top:343.015625px" width="163.40625" height="85.484375" pointer-events="none" position="absolute" version="1.1" xmlns="http://www.w3.org/1999/xhtml" class="_jsPlumb_connector"><path d="M 0 84.484375 C -10 34.484375 152.40625 50 142.40625 0 " transform="translate(10.5,0.5)" pointer-events="visibleStroke" version="1.1" xmlns="http://www.w3.org/1999/xhtml" fill="none" stroke="#666" style=""></path><path pointer-events="all" version="1.1" xmlns="http://www.w3.org/1999/xhtml" d="M18.625199742187498,57.60513923046875 L39.78293940294468,56.443221656962606 L31.565732443319813,52.26261048361814 L34.44041065609407,43.502688955830294 L18.625199742187498,57.60513923046875" class="" stroke="#666" fill="#666" transform="translate(10.5,0.5)"></path><path pointer-events="all" version="1.1" xmlns="http://www.w3.org/1999/xhtml" d="M18.625199742187498,57.60513923046875 L39.78293940294468,56.443221656962606 L31.565732443319813,52.26261048361814 L34.44041065609407,43.502688955830294 L18.625199742187498,57.60513923046875" class="" stroke="#666" fill="#666" transform="translate(10.5,0.5)"></path></svg><div class="_jsPlumb_endpoint source-endpoint dependency-source-endpoint connected _jsPlumb_endpoint_anchor_ ui-draggable ui-droppable" style="position: absolute; height: 20px; width: 20px; left: 670.5px; top: 842px;"><svg style="position:absolute;left:0px;top:0px" width="20" height="20" pointer-events="all" position="absolute" version="1.1" xmlns="http://www.w3.org/1999/xhtml"><circle cx="10" cy="10" r="10" version="1.1" xmlns="http://www.w3.org/1999/xhtml" fill="#666" stroke="none" style=""></circle></svg></div><div class="_jsPlumb_endpoint target-endpoint dependency-target-endpoint _jsPlumb_endpoint_anchor_ ui-draggable ui-droppable _jsPlumb_endpoint_connected" style="position: absolute; height: 20px; width: 20px; left: 670.5px; top: 802px;"><svg style="position:absolute;left:0px;top:0px" width="20" height="20" pointer-events="all" position="absolute" version="1.1" xmlns="http://www.w3.org/1999/xhtml"><circle cx="10" cy="10" r="10" version="1.1" xmlns="http://www.w3.org/1999/xhtml" fill="#666" stroke="none" style=""></circle></svg></div><div class="_jsPlumb_endpoint source-endpoint dependency-source-endpoint connected _jsPlumb_endpoint_anchor_ ui-draggable ui-droppable _jsPlumb_endpoint_connected" style="position: absolute; height: 20px; width: 20px; left: 710px; top: 586px;"><svg style="position:absolute;left:0px;top:0px" width="20" height="20" pointer-events="all" position="absolute" version="1.1" xmlns="http://www.w3.org/1999/xhtml"><circle cx="10" cy="10" r="10" version="1.1" xmlns="http://www.w3.org/1999/xhtml" fill="#666" stroke="none" style=""></circle></svg></div><div class="_jsPlumb_endpoint target-endpoint dependency-target-endpoint _jsPlumb_endpoint_anchor_ ui-draggable ui-droppable _jsPlumb_endpoint_connected" style="position: absolute; height: 20px; width: 20px; left: 710px; top: 546px;"><svg style="position:absolute;left:0px;top:0px" width="20" height="20" pointer-events="all" position="absolute" version="1.1" xmlns="http://www.w3.org/1999/xhtml"><circle cx="10" cy="10" r="10" version="1.1" xmlns="http://www.w3.org/1999/xhtml" fill="#666" stroke="none" style=""></circle></svg></div><div class="_jsPlumb_endpoint source-endpoint dependency-source-endpoint connected _jsPlumb_endpoint_anchor_ ui-draggable ui-droppable _jsPlumb_endpoint_connected" style="position: absolute; height: 20px; width: 20px; left: 714px; top: 714px;"><svg style="position:absolute;left:0px;top:0px" width="20" height="20" pointer-events="all" position="absolute" version="1.1" xmlns="http://www.w3.org/1999/xhtml"><circle cx="10" cy="10" r="10" version="1.1" xmlns="http://www.w3.org/1999/xhtml" fill="#666" stroke="none" style=""></circle></svg></div><div class="_jsPlumb_endpoint target-endpoint dependency-target-endpoint _jsPlumb_endpoint_anchor_ ui-draggable ui-droppable _jsPlumb_endpoint_connected" style="position: absolute; height: 20px; width: 20px; left: 714px; top: 674px;"><svg style="position:absolute;left:0px;top:0px" width="20" height="20" pointer-events="all" position="absolute" version="1.1" xmlns="http://www.w3.org/1999/xhtml"><circle cx="10" cy="10" r="10" version="1.1" xmlns="http://www.w3.org/1999/xhtml" fill="#666" stroke="none" style=""></circle></svg></div><div class="_jsPlumb_endpoint source-endpoint dependency-source-endpoint connected _jsPlumb_endpoint_anchor_ ui-draggable ui-droppable _jsPlumb_endpoint_connected" style="position: absolute; height: 20px; width: 20px; left: 620px; top: 458px;"><svg style="position:absolute;left:0px;top:0px" width="20" height="20" pointer-events="all" position="absolute" version="1.1" xmlns="http://www.w3.org/1999/xhtml"><circle cx="10" cy="10" r="10" version="1.1" xmlns="http://www.w3.org/1999/xhtml" fill="#666" stroke="none" style=""></circle></svg></div><div class="_jsPlumb_endpoint target-endpoint dependency-target-endpoint _jsPlumb_endpoint_anchor_ ui-draggable ui-droppable _jsPlumb_endpoint_connected" style="position: absolute; height: 20px; width: 20px; left: 620px; top: 418px;"><svg style="position:absolute;left:0px;top:0px" width="20" height="20" pointer-events="all" position="absolute" version="1.1" xmlns="http://www.w3.org/1999/xhtml"><circle cx="10" cy="10" r="10" version="1.1" xmlns="http://www.w3.org/1999/xhtml" fill="#666" stroke="none" style=""></circle></svg></div><div class="_jsPlumb_endpoint source-endpoint dependency-source-endpoint connected _jsPlumb_endpoint_anchor_ ui-draggable ui-droppable _jsPlumb_endpoint_connected" style="position: absolute; height: 20px; width: 20px; left: 560.5px; top: 330px;"><svg style="position:absolute;left:0px;top:0px" width="20" height="20" pointer-events="all" position="absolute" version="1.1" xmlns="http://www.w3.org/1999/xhtml"><circle cx="10" cy="10" r="10" version="1.1" xmlns="http://www.w3.org/1999/xhtml" fill="#666" stroke="none" style=""></circle></svg></div><div class="_jsPlumb_endpoint source-endpoint dependency-source-endpoint connected _jsPlumb_endpoint_anchor_ ui-draggable ui-droppable _jsPlumb_endpoint_connected" style="position: absolute; height: 20px; width: 20px; left: 762.406px; top: 333.516px;"><svg style="position:absolute;left:0px;top:0px" width="20" height="20" pointer-events="all" position="absolute" version="1.1" xmlns="http://www.w3.org/1999/xhtml"><circle cx="10" cy="10" r="10" version="1.1" xmlns="http://www.w3.org/1999/xhtml" fill="#666" stroke="none" style=""></circle></svg></div><div class="_jsPlumb_endpoint source-endpoint dependency-source-endpoint connected _jsPlumb_endpoint_anchor_ ui-draggable ui-droppable _jsPlumb_endpoint_connected" style="position: absolute; height: 20px; width: 20px; left: 810.906px; top: 465.516px;"><svg style="position:absolute;left:0px;top:0px" width="20" height="20" pointer-events="all" position="absolute" version="1.1" xmlns="http://www.w3.org/1999/xhtml"><circle cx="10" cy="10" r="10" version="1.1" xmlns="http://www.w3.org/1999/xhtml" fill="#666" stroke="none" style=""></circle></svg></div></div></div>
    </body>
</html>
 ]]>
    </visualization>
  </metadata>
</job>
