{
	"metadata": {
		"slug": "cloudautomation-hdfs",
		"name": "CloudAutomation HDFS",
		"short_description": "Lifecycle management workflows for HDFS",
		"author": "ActiveEon's Team",
		"tags": ["Cloud Automation", "HDFS", "Big Data", "Analytics", "Hadoop"],
		"version": "1.0"
	},
	"catalog" : {
		"bucket" : "cloud-automation",
		"objects" : [
			{
				"name" : "HDFS",
				"metadata" : {
					"kind": "Workflow/pca",
					"commitMessage": "First commit",
					"contentType": "application/xml"
				},
				"file" : "resources/catalog/HDFS.xml"
			},
			{
				"name" : "HDFS_Delete",
				"metadata" : {
					"kind": "Workflow/pca",
					"commitMessage": "First commit",
					"contentType": "application/xml"
				},
				"file" : "resources/catalog/HDFS_delete.xml"
			}
		]
	}
}
