{
	"metadata": {
		"slug": "big-data-streaming-example",
		"name": "Big Data Kafka-Storm-Visdom Dataflow",
		"short_description": "Data Stream Processing using Kafka-Storm-Visdom",
		"author": "ActiveEon's Team",
		"tags": ["Big Data", "Streaming", "Dataflow", "Zookeeper", "Kafka", "Storm", "Visdom"],
		"version": "1.0"
	},
	"dataspace" : {
		"target" : "global",
		"files" : ["resources/dataspace/BitcoinExchangeDataflow-1.0.jar",
			"resources/dataspace/BitcoinExchangeDataflow.yaml",
			"resources/dataspace/BitcoinExchangeDataflow.properties",
			"resources/dataspace/visdomRateClient.py",
			"resources/dataspace/visdomGapClient.py",
			"resources/dataspace/visdomAlertClient.py"]
	},
	"test": {
		"scenarios": "resources/test/scenarios.json"
	},
	"catalog" : {
		"bucket" : "big-data",
		"objects" : [
			{
				"name" : "Kafka_Storm_Visdom_Dataflow",
				"metadata" : {
					"kind": "Workflow/standard",
					"commitMessage": "First commit",
					"contentType": "application/xml"
				},
				"file" : "resources/catalog/Kafka_Storm_Visdom_Dataflow.xml"
			}
		]
	}
}
