{
	"metadata": {
		"slug": "notification",
		"name": "Notification",
		"short_description": "Samples for web notification and validation",
		"author": "ActiveEon's Team",
		"tags": ["Samples", "Notification", "Webhook"],
		"version": "1.0"
	},
	"test": {
		"scenarios": "resources/test/scenarios.json"
	},
	"catalog" : {
		"bucket" : "notification-tools",
		"objects" : [
			{
				"name" : "Web_Notification",
				"metadata" : {
					"kind": "Workflow/standard",
					"commitMessage": "First commit",
					"contentType": "application/xml"
				},
				"file" : "resources/catalog/web_notification.xml"
			},
			{
				"name" : "Web_Validation",
				"metadata" : {
					"kind": "Workflow/standard",
					"commitMessage": "First commit",
					"contentType": "application/xml"
				},
				"file" : "resources/catalog/web_validation.xml"
			},
			{
				"name" : "Web_Validation_Script",
				"metadata" : {
					"kind": "Script/task",
					"commitMessage": "First commit",
					"contentType": "text/x-groovy"
				},
				"file" : "resources/catalog/Web_Validation_Script.groovy"
			}
		]
	}
}
