<?xml version="1.0" encoding="UTF-8"?>
<job
  xmlns:xsi="http://www.w3.org/2001/XMLSchema-instance"
  xmlns="urn:proactive:jobdescriptor:3.12" xsi:schemaLocation="urn:proactive:jobdescriptor:3.12 http://www.activeeon.com/public_content/schemas/proactive/jobdescriptor/3.12/schedulerjob.xsd"  name="Elasticsearch" projectName="Cloud Automation - Deployment" priority="normal" onTaskError="continueJobExecution"  maxNumberOfExecution="2"  >
  <variables>
    <variable name="INSTANCE_NAME" value="elasticsearch-server" />
    <variable name="PROXYFIED" value="False" model="PA:Boolean"/>
    <variable name="ENDPOINT_ID" value="elasticsearch-gui" model=""/>
    <variable name="HTTP_ENABLED" value="True" model="PA:Boolean"/>
  </variables>
  <description>
    <![CDATA[ Deploy a Elasticsearch server.
The service can be started using the following variable:
$INSTANCE_NAME (Required): service instance name ]]>
  </description>
  <genericInformation>
    <info name="bucketName" value="cloud-automation"/>
    <info name="workflow.icon" value="/automation-dashboard/styles/patterns/img/wf-icons/elasticsearch.png"/>
    <info name="pca.states" value="(VOID,RUNNING)"/>
    <info name="Documentation" value="PCA/PCAUserGuide.html#_elasticsearch"/>
    <info name="pca.service.id" value="Elasticsearch"/>
    <info name="group" value="public-objects"/>
  </genericInformation>
  <taskFlow>
    <task name="Start_Elasticsearch" 


    onTaskError="cancelJob"

    fork="true">
      <description>
        <![CDATA[ Pull Elasticsearch image and start a container ]]>
      </description>
      <genericInformation>
        <info name="task.icon" value="/automation-dashboard/styles/patterns/img/wf-icons/elasticsearch.png"/>
        <info name="Documentation" value="PCA/PCAUserGuide.html"/>
      </genericInformation>
      <scriptExecutable>
        <script>
          <code language="bash">
            <![CDATA[
echo BEGIN "$variables_PA_TASK_NAME"

################################################################################
### THIS PART IS IMAGE SPECIFIC. IF YOU NEED TO MODIFY SOMETHING, DO IT HERE ###
DOCKER_IMAGE=activeeon/elasticsearch
PORT=9200
################################################################################


echo "Pulling "$variables_PA_JOB_NAME" image"
docker pull $DOCKER_IMAGE

GET_RANDOM_PORT(){
    read LOWERPORT UPPERPORT < /proc/sys/net/ipv4/ip_local_port_range
    while :
    do
        RND_PORT="`shuf -i $LOWERPORT-$UPPERPORT -n 1`"
        ss -lpn | grep -q ":$RND_PORT " || break
    done
    echo $RND_PORT
}

INSTANCE_NAME=$variables_INSTANCE_NAME

if [ -z "$INSTANCE_NAME" ]; then
    echo [ERROR] The INSTANCE_NAME is not provided by the user. Empty value is not allowed.
    exit 1
fi

if [ "$(docker ps -a --format '{{.Names}}' | grep "^$INSTANCE_NAME$")" ]; then
    echo [ERROR] "$INSTANCE_NAME" is already used by another service instance.
    exit 128
else
    ################################################################################
    ### THIS PART IS IMAGE SPECIFIC. IF YOU NEED TO MODIFY SOMETHING, DO IT HERE ###
    echo "Running $INSTANCE_NAME container"
    F_PORT=$(GET_RANDOM_PORT)
    docker run -d --name $INSTANCE_NAME -p $F_PORT:$PORT -e "discovery.type=single-node" $DOCKER_IMAGE
    ################################################################################
    if [ "$(docker ps -a --format '{{.Names}}' | grep "^$INSTANCE_NAME$")" ]; then
        RUNNING=$(docker inspect --format="{{ .State.Running }}" $INSTANCE_NAME 2> /dev/null)
        if [ "$RUNNING" == "true" ]; then
            echo $INSTANCE_NAME > $INSTANCE_NAME"_status"
        fi
    else
        echo $INSTANCE_STATUS > $INSTANCE_NAME"_status"
    fi
fi

port=$(docker inspect --format='{{(index (index .NetworkSettings.Ports "'$PORT'/tcp") 0).HostPort}}' $INSTANCE_NAME)
echo "$port" > $INSTANCE_NAME"_port"

containerID=$(docker ps -aqf "name=^$INSTANCE_NAME$")
echo "$containerID" > $INSTANCE_NAME"_containerID"

# Endpoint added to the job variables using a groovy post-script
echo END "$variables_PA_TASK_NAME"
]]>
          </code>
        </script>
      </scriptExecutable>
      <post>
        <script>
          <file url="${PA_CATALOG_REST_URL}/buckets/cloud-automation-scripts/resources/Post_Start_Service/raw" language="groovy"></file>
        </script>
      </post>
      <cleaning>
        <script>
          <file url="${PA_CATALOG_REST_URL}/buckets/cloud-automation-scripts/resources/Clean_Start_Service/raw" language="groovy"></file>
        </script>
      </cleaning>
      <metadata>
        <positionTop>
            167.203125
        </positionTop>
        <positionLeft>
            491.71875
        </positionLeft>
      </metadata>
    </task>
    <task name="Loop_Over_Instance_Status" 
    
    
    
    
    fork="true">
      <description>
        <![CDATA[ Loop over service instance status and fetch docker container logs.
It will run every minute. ]]>
      </description>
      <genericInformation>
        <info name="task.icon" value="/automation-dashboard/styles/patterns/img/wf-icons/elasticsearch.png"/>
        <info name="Documentation" value="PCA/PCAUserGuide.html"/>
        <info name="NODE_ACCESS_TOKEN" value="$INSTANCE_NAME"/>
      </genericInformation>
      <depends>
        <task ref="Start_Elasticsearch"/>
      </depends>
      <scriptExecutable>
        <script>
          <file url="${PA_CATALOG_REST_URL}/buckets/cloud-automation-scripts/resources/Check_Instance_Status/raw" language="groovy"></file>
        </script>
      </scriptExecutable>
      <controlFlow >
        <loop target="Loop_Over_Instance_Status">
          <script>
            <file url="${PA_CATALOG_REST_URL}/buckets/cloud-automation-scripts/resources/Fetch_Logs/raw" language="groovy"></file>
          </script>
        </loop>
      </controlFlow>
      <metadata>
        <positionTop>
            296.203125
        </positionTop>
        <positionLeft>
            491.734375
        </positionLeft>
      </metadata>
    </task>
  </taskFlow>
  <metadata>
    <visualization>
      <![CDATA[ <html><head><link rel="stylesheet" href="/studio/styles/studio-standalone.css"><style>
        #workflow-designer {
            left:0 !important;
            top:0 !important;
            width:2144px;
            height:2712px;
            }
        </style></head><body><div id="workflow-visualization-view"><div id="workflow-visualization" style="position:relative;top:-162.203125px;left:-486.71875px"><div class="task _jsPlumb_endpoint_anchor_ ui-draggable" id="jsPlumb_1_430" style="top: 167.203px; left: 491.719px;"><a class="task-name" data-toggle="tooltip" data-placement="right" title="Pull Elasticsearch image and start a container"><img src="/automation-dashboard/styles/patterns/img/wf-icons/elasticsearch.png" width="20px">&nbsp;<span class="name">Start_Elasticsearch</span></a></div><div class="task ui-draggable _jsPlumb_endpoint_anchor_" id="jsPlumb_1_433" style="top: 296.203px; left: 491.734px;"><a class="task-name" data-toggle="tooltip" data-placement="right" title="Loop over service instance status and fetch docker container logs.
It will run every minute."><img src="/automation-dashboard/styles/patterns/img/wf-icons/elasticsearch.png" width="20px">&nbsp;<span class="name">Loop_Over_Instance_Status</span></a></div><svg style="position:absolute;left:542px;top:206.5px" width="41" height="90" pointer-events="none" position="absolute" version="1.1"
      xmlns="http://www.w3.org/1999/xhtml" class="_jsPlumb_connector "><path d="M 20 89 C 30 39 -10 50 0 0 " transform="translate(10.5,0.5)" pointer-events="visibleStroke" version="1.1"
      xmlns="http://www.w3.org/1999/xhtml" fill="none" stroke="#666" style=""></path><path pointer-events="all" version="1.1"
      xmlns="http://www.w3.org/1999/xhtml" d="M21.049412500000003,66.74071675 L22.047873350362128,45.574633599584715 L17.05229198632672,53.32345072449495 L8.63060732485707,49.571754113257995 L21.049412500000003,66.74071675" class="" stroke="#666" fill="#666" transform="translate(10.5,0.5)"></path><path pointer-events="all" version="1.1"
      xmlns="http://www.w3.org/1999/xhtml" d="M21.049412500000003,66.74071675 L22.047873350362128,45.574633599584715 L17.05229198632672,53.32345072449495 L8.63060732485707,49.571754113257995 L21.049412500000003,66.74071675" class="" stroke="#666" fill="#666" transform="translate(10.5,0.5)"></path></svg><svg style="position:absolute;left:633.0266769263776px;top:245.5px" width="20.473323073622403" height="141" pointer-events="none" position="absolute" version="1.1"
      xmlns="http://www.w3.org/1999/xhtml" class="_jsPlumb_connector "><path d="M 0 40 C -10 90 -10 -50 0 0 " transform="translate(19.973323073622403,50.5)" pointer-events="visibleStroke" version="1.1"
      xmlns="http://www.w3.org/1999/xhtml" fill="none" stroke="#316b31" style=""></path><path pointer-events="all" version="1.1"
      xmlns="http://www.w3.org/1999/xhtml" d="M-2.4569999999999963,49.16001999999999 L-8.714346841294152,28.91537600442066 L-10.77778447022079,37.90104376767174 L-19.973323073622403,37.23616047464146 L-2.4569999999999963,49.16001999999999" class="" stroke="#316b31" fill="#316b31" transform="translate(19.973323073622403,50.5)"></path><path pointer-events="all" version="1.1"
      xmlns="http://www.w3.org/1999/xhtml" d="M-2.4569999999999963,49.16001999999999 L-8.714346841294152,28.91537600442066 L-10.77778447022079,37.90104376767174 L-19.973323073622403,37.23616047464146 L-2.4569999999999963,49.16001999999999" class="" stroke="#316b31" fill="#316b31" transform="translate(19.973323073622403,50.5)"></path></svg><div class="_jsPlumb_overlay l1 component label" id="jsPlumb_1_444" style="position: absolute; transform: translate(-50%, -50%); left: 645px; top: 315.5px;">loop</div><div class="_jsPlumb_endpoint source-endpoint dependency-source-endpoint connected _jsPlumb_endpoint_anchor_ ui-draggable ui-droppable _jsPlumb_endpoint_connected" style="position: absolute; height: 20px; width: 20px; left: 542.5px; top: 197px;"><svg style="position:absolute;left:0px;top:0px" width="20" height="20" pointer-events="all" position="absolute" version="1.1"
      xmlns="http://www.w3.org/1999/xhtml"><circle cx="10" cy="10" r="10" version="1.1"
      xmlns="http://www.w3.org/1999/xhtml" fill="#666" stroke="none" style=""></circle></svg></div><div class="_jsPlumb_endpoint source-endpoint dependency-source-endpoint connected _jsPlumb_endpoint_anchor_ ui-draggable ui-droppable" style="position: absolute; height: 20px; width: 20px; left: 562.5px; top: 326px;"><svg style="position:absolute;left:0px;top:0px" width="20" height="20" pointer-events="all" position="absolute" version="1.1"
      xmlns="http://www.w3.org/1999/xhtml"><circle cx="10" cy="10" r="10" version="1.1"
      xmlns="http://www.w3.org/1999/xhtml" fill="#666" stroke="none" style=""></circle></svg></div><div class="_jsPlumb_endpoint target-endpoint dependency-target-endpoint _jsPlumb_endpoint_anchor_ ui-draggable ui-droppable _jsPlumb_endpoint_connected" style="position: absolute; height: 20px; width: 20px; left: 562.5px; top: 286px;"><svg style="position:absolute;left:0px;top:0px" width="20" height="20" pointer-events="all" position="absolute" version="1.1"
      xmlns="http://www.w3.org/1999/xhtml"><circle cx="10" cy="10" r="10" version="1.1"
      xmlns="http://www.w3.org/1999/xhtml" fill="#666" stroke="none" style=""></circle></svg></div><div class="_jsPlumb_endpoint source-endpoint loop-source-endpoint _jsPlumb_endpoint_anchor_ ui-draggable ui-droppable _jsPlumb_endpoint_connected _jsPlumb_endpoint_full" style="position: absolute; height: 20px; width: 20px; left: 643px; top: 286px;"><svg style="position:absolute;left:0px;top:0px" width="20" height="20" pointer-events="all" position="absolute" version="1.1"
      xmlns="http://www.w3.org/1999/xhtml"><circle cx="10" cy="10" r="10" version="1.1"
      xmlns="http://www.w3.org/1999/xhtml" fill="#316b31" stroke="none" style=""></circle></svg></div><div class="_jsPlumb_endpoint target-endpoint loop-target-endpoint _jsPlumb_endpoint_anchor_ ui-draggable ui-droppable _jsPlumb_endpoint_connected _jsPlumb_endpoint_full" style="position: absolute; height: 20px; width: 20px; left: 643px; top: 326px;"><svg style="position:absolute;left:0px;top:0px" width="20" height="20" pointer-events="all" position="absolute" version="1.1"
      xmlns="http://www.w3.org/1999/xhtml"><circle cx="10" cy="10" r="10" version="1.1"
      xmlns="http://www.w3.org/1999/xhtml" fill="#316b31" stroke="none" style=""></circle></svg></div></div></div></body></html>
 ]]>
    </visualization>
  </metadata>
</job>