<?xml version="1.0" encoding="UTF-8" standalone="no"?>
<job xmlns="urn:proactive:jobdescriptor:3.12" xmlns:xsi="http://www.w3.org/2001/XMLSchema-instance" maxNumberOfExecution="2" name="Apache_Logs_Analysis" onTaskError="continueJobExecution" priority="normal" projectName="4. ELK Stack Workflows" xsi:schemaLocation="urn:proactive:jobdescriptor:3.12 http://www.activeeon.com/public_content/schemas/proactive/jobdescriptor/3.12/schedulerjob.xsd">
  <description>
    <![CDATA[ Analyze apache logs using ELK Stack.
You can use the following pre-made dashboard to visualize the results in Kibana : https://s3.eu-west-2.amazonaws.com/activeeon-public/ELK/apache_kibana.json ]]>
  </description>
  <genericInformation>
<info name="bucketName" value="elastic-logstash-kibana"/>
<info name="workflow.icon" value="/automation-dashboard/styles/patterns/img/wf-icons/apache.png"/>
<info name="Documentation" value="https://www.elastic.co/elk-stack"/>
<info name="group" value="public-objects"/>
</genericInformation>
  <taskFlow>
    <task fork="true" name="Configure_Logstash">
      <description>
        <![CDATA[ The simplest task, ran by a bash engine. ]]>
      </description>
      <depends>
        <task ref="Start_Logstash_Service"/>
        <task ref="Start_Kibana_Service"/>
      </depends>
      <scriptExecutable>
        <script>
          <code language="bash">
            <![CDATA[
echo "=================BEGIN_CONFIGURE_LOGSTASH=================="

CONTAINER=$variables_INSTANCE_NAME_LOGSTASH

docker exec $CONTAINER /bin/bash -c "cd usr/share/logstash/config && mkdir -p apache"
docker exec $CONTAINER /bin/bash -c "cd usr/share/logstash/config/apache && rm -f apache_logs && wget https://s3.eu-west-2.amazonaws.com/activeeon-public/ELK/apache_logs"
docker exec $CONTAINER /bin/bash -c "cd usr/share/logstash/config/apache && rm -f apache_template.json && wget https://s3.eu-west-2.amazonaws.com/activeeon-public/ELK/apache_template.json"
docker exec $CONTAINER /bin/bash -c "cd usr/share/logstash/config/apache && rm -f apache_logstash.conf && wget https://s3.eu-west-2.amazonaws.com/activeeon-public/ELK/apache_logstash.conf"
docker exec $CONTAINER /bin/bash -c "cd usr/share/logstash/config/apache && cat apache_logs | logstash -f apache_logstash.conf"

echo "=================END_CONFIGURE_LOGSTASH=================="
]]>
          </code>
        </script>
      </scriptExecutable>
      <metadata>
        <positionTop>
            518.5243530273438
        </positionTop>
        <positionLeft>
            340.2083740234375
        </positionLeft>
      </metadata>
    </task>
    <task fork="true" name="Start_Elasticsearch_Service" onTaskError="cancelJob">
      <description>
        <![CDATA[ Start the Elasticsearch server as a service. ]]>
      </description>
      <variables>
        <variable inherited="false" name="SERVICE_ID" value="Elasticsearch"/>
        <variable inherited="false" name="INSTANCE_NAME" value="elasticsearch-server-${PA_JOB_ID}"/>
      </variables>
      <genericInformation>
        <info name="task.icon" value="/automation-dashboard/styles/patterns/img/wf-icons/elasticsearch.png"/>
        <info name="task.documentation" value="PCA/PCAUserGuide.html"/>
      </genericInformation>
      <pre>
        <script>
          <code language="groovy">
            <![CDATA[

]]>
          </code>
        </script>
      </pre>
      <scriptExecutable>
        <script>
          <file language="groovy" url="${PA_CATALOG_REST_URL}/buckets/cloud-automation-scripts/resources/Service_Start/raw"/>
        </script>
      </scriptExecutable>
      <controlFlow block="none"/>
      <post>
        <script>
          <code language="groovy">
            <![CDATA[
variables.put("ENDPOINT_ELASTICSEARCH",variables.get("ENDPOINT_" + variables.get("INSTANCE_NAME")))
]]>
          </code>
        </script>
      </post>
      <metadata>
        <positionTop>
            262.51739501953125
        </positionTop>
        <positionLeft>
            339.21875
        </positionLeft>
      </metadata>
    </task>
    <task fork="true" name="Start_Kibana_Service" onTaskError="cancelJob">
      <description>
        <![CDATA[ Start the Kibana server as a service. ]]>
      </description>
      <variables>
        <variable inherited="false" name="SERVICE_ID" value="Kibana"/>
        <variable inherited="false" name="INSTANCE_NAME" value="kibana-server-${PA_JOB_ID}"/>
      </variables>
      <genericInformation>
        <info name="task.icon" value="/automation-dashboard/styles/patterns/img/wf-icons/kibana.png"/>
        <info name="task.documentation" value="https://www.elastic.co/guide/en/kibana/current/introduction.html"/>
      </genericInformation>
      <depends>
        <task ref="Start_Elasticsearch_Service"/>
      </depends>
      <pre>
        <script>
          <code language="groovy">
            <![CDATA[

]]>
          </code>
        </script>
      </pre>
      <scriptExecutable>
        <script>
          <file language="groovy" url="${PA_CATALOG_REST_URL}/buckets/cloud-automation-scripts/resources/Service_Start/raw">
            <arguments>
              <argument value="ENDPOINT_ELASTICSEARCH"/>
            </arguments>
          </file>
        </script>
      </scriptExecutable>
      <controlFlow block="none"/>
      <metadata>
        <positionTop>
            390.5208740234375
        </positionTop>
        <positionLeft>
            276.21527099609375
        </positionLeft>
      </metadata>
    </task>
    <task fork="true" name="Start_Logstash_Service" onTaskError="cancelJob">
      <description>
        <![CDATA[ Start the Logstash server as a service. ]]>
      </description>
      <variables>
        <variable inherited="false" name="SERVICE_ID" value="Logstash"/>
        <variable inherited="false" name="INSTANCE_NAME" value="logstash-server-${PA_JOB_ID}"/>
      </variables>
      <genericInformation>
        <info name="task.icon" value="/automation-dashboard/styles/patterns/img/wf-icons/logstash.png"/>
        <info name="task.documentation" value="PCA/PCAUserGuide.html"/>
      </genericInformation>
      <depends>
        <task ref="Start_Elasticsearch_Service"/>
      </depends>
      <pre>
        <script>
          <code language="groovy">
            <![CDATA[

]]>
          </code>
        </script>
      </pre>
      <scriptExecutable>
        <script>
          <file language="groovy" url="${PA_CATALOG_REST_URL}/buckets/cloud-automation-scripts/resources/Service_Start/raw">
            <arguments>
              <argument value="ENDPOINT_ELASTICSEARCH"/>
            </arguments>
          </file>
        </script>
      </scriptExecutable>
      <controlFlow block="none"/>
      <post>
        <script>
          <code language="groovy">
            <![CDATA[
variables.put("INSTANCE_NAME_LOGSTASH", variables.get("INSTANCE_NAME"))
]]>
          </code>
        </script>
      </post>
      <metadata>
        <positionTop>
            390.5208740234375
        </positionTop>
        <positionLeft>
            404.21875
        </positionLeft>
      </metadata>
    </task>
    <task fork="true" name="Web_Validation_Finish_ELK" onTaskError="pauseJob">
      <description>
        <![CDATA[ Task to pause the job and send a validation message to the notification service. ]]>
      </description>
      <genericInformation>
        <info name="task.icon" value="/automation-dashboard/styles/patterns/img/wf-icons/web_validation.png"/>
      </genericInformation>
      <depends>
        <task ref="Configure_Logstash"/>
      </depends>
      <scriptExecutable>
        <script>
          <file language="groovy" url="${PA_CATALOG_REST_URL}/buckets/notification-tools/resources/Web_Validation_Script/raw">
            <arguments>
              <argument value="Please Validate to Finish ELK Services"/>
            </arguments>
          </file>
        </script>
      </scriptExecutable>
      <metadata>
        <positionTop>
            646.52783203125
        </positionTop>
        <positionLeft>
            340.2083740234375
        </positionLeft>
      </metadata>
    </task>
    <task fork="true" name="Kibana_Service_Action" onTaskError="cancelJob">
      <variables>
        <variable inherited="false" model="PA:LIST(Pause_Kibana, Resume_Kibana, Finish_Kibana)" name="ACTION" value="Finish_Kibana"/>
        <variable inherited="false" name="INSTANCE_NAME" value="kibana-server-${PA_JOB_ID}"/>
        <variable inherited="false" name="INSTANCE_ID" value=""/>
      </variables>
      <genericInformation>
        <info name="task.icon" value="/automation-dashboard/styles/patterns/img/wf-icons/kibana.png"/>
        <info name="task.documentation" value="PCA/PCAUserGuide.html"/>
      </genericInformation>
      <depends>
        <task ref="Web_Validation_Finish_ELK"/>
      </depends>
      <pre>
        <script>
          <code language="groovy">
            <![CDATA[

]]>
          </code>
        </script>
      </pre>
      <scriptExecutable>
        <script>
          <file language="groovy" url="${PA_CATALOG_REST_URL}/buckets/cloud-automation-scripts/resources/Service_Action/raw"/>
        </script>
      </scriptExecutable>
      <controlFlow block="none"/>
      <metadata>
        <positionTop>
            774.5313110351562
        </positionTop>
        <positionLeft>
            276.21527099609375
        </positionLeft>
      </metadata>
    </task>
    <task fork="true" name="Elasticsearch_Service_Action" onTaskError="cancelJob">
      <variables>
        <variable inherited="false" model="PA:LIST(Pause_Elasticsearch, Resume_Elasticsearch, Finish_Elasticsearch)" name="ACTION" value="Finish_Elasticsearch"/>
        <variable inherited="false" name="INSTANCE_NAME" value="elasticsearch-server-${PA_JOB_ID}"/>
        <variable inherited="false" name="INSTANCE_ID" value=""/>
      </variables>
      <genericInformation>
        <info name="task.icon" value="/automation-dashboard/styles/patterns/img/wf-icons/elasticsearch.png"/>
        <info name="task.documentation" value="PCA/PCAUserGuide.html"/>
      </genericInformation>
      <depends>
        <task ref="Kibana_Service_Action"/>
        <task ref="Logstash_Service_Action"/>
      </depends>
      <pre>
        <script>
          <code language="groovy">
            <![CDATA[

]]>
          </code>
        </script>
      </pre>
      <scriptExecutable>
        <script>
          <file language="groovy" url="${PA_CATALOG_REST_URL}/buckets/cloud-automation-scripts/resources/Service_Action/raw"/>
        </script>
      </scriptExecutable>
      <controlFlow block="none"/>
      <metadata>
        <positionTop>
            902.5174560546875
        </positionTop>
        <positionLeft>
            340.2083740234375
        </positionLeft>
      </metadata>
    </task>
    <task fork="true" name="Logstash_Service_Action" onTaskError="cancelJob">
      <variables>
        <variable inherited="false" model="PA:LIST(Pause_Logstash, Resume_Logstash, Finish_Logstash)" name="ACTION" value="Finish_Logstash"/>
        <variable inherited="false" name="INSTANCE_NAME" value="logstash-server-${PA_JOB_ID}"/>
        <variable inherited="false" name="INSTANCE_ID" value=""/>
      </variables>
      <genericInformation>
        <info name="task.icon" value="/automation-dashboard/styles/patterns/img/wf-icons/logstash.png"/>
        <info name="task.documentation" value="PCA/PCAUserGuide.html"/>
      </genericInformation>
      <depends>
        <task ref="Web_Validation_Finish_ELK"/>
      </depends>
      <scriptExecutable>
        <script>
          <file language="groovy" url="${PA_CATALOG_REST_URL}/buckets/cloud-automation-scripts/resources/Service_Action/raw"/>
        </script>
      </scriptExecutable>
      <controlFlow block="none"/>
      <metadata>
        <positionTop>
            774.5313110351562
        </positionTop>
        <positionLeft>
            404.21875
        </positionLeft>
      </metadata>
    </task>
  </taskFlow>
  <metadata>
    <visualization>
      <![CDATA[ <html><head><link rel="stylesheet" href="/studio/styles/studio-standalone.css"><style>
        #workflow-designer {
            left:0 !important;
            top:0 !important;
            width:2384px;
            height:3063px;
            }
        </style></head><body><div id="workflow-visualization-view"><div id="workflow-visualization" style="position:relative;top:-257.51739501953125px;left:-271.21527099609375px"><div class="task ui-draggable _jsPlumb_endpoint_anchor_" id="jsPlumb_1_715" style="top: 518.532px; left: 340.219px;"><a class="task-name" data-toggle="tooltip" data-placement="right" title="The simplest task, ran by a bash engine."><img src="/studio/images/LinuxBash.png" width="20px">&nbsp;<span class="name">Configure_Logstash</span></a></div><div class="task _jsPlumb_endpoint_anchor_ ui-draggable" id="jsPlumb_1_718" style="top: 262.531px; left: 339.219px;"><a class="task-name" data-toggle="tooltip" data-placement="right" title="Start the Elasticsearch server as a service."><img src="/automation-dashboard/styles/patterns/img/wf-icons/elasticsearch.png" width="20px">&nbsp;<span class="name">Start_Elasticsearch_Service</span></a></div><div class="task ui-draggable _jsPlumb_endpoint_anchor_" id="jsPlumb_1_721" style="top: 390.531px; left: 276.219px;"><a class="task-name" data-toggle="tooltip" data-placement="right" title="Start the Kibana server as a service."><img src="/automation-dashboard/styles/patterns/img/wf-icons/kibana.png" width="20px">&nbsp;<span class="name">Start_Kibana_Service</span></a></div><div class="task ui-draggable _jsPlumb_endpoint_anchor_" id="jsPlumb_1_724" style="top: 390.531px; left: 404.219px;"><a class="task-name" data-toggle="tooltip" data-placement="right" title="Start the Logstash server as a service."><img src="/automation-dashboard/styles/patterns/img/wf-icons/logstash.png" width="20px">&nbsp;<span class="name">Start_Logstash_Service</span></a></div><div class="task ui-draggable _jsPlumb_endpoint_anchor_" id="jsPlumb_1_727" style="top: 646.532px; left: 340.219px;"><a class="task-name" data-toggle="tooltip" data-placement="right" title="Task to pause the job and send a validation message to the notification service."><img src="/automation-dashboard/styles/patterns/img/wf-icons/web_validation.png" width="20px">&nbsp;<span class="name">Web_Validation_Finish_ELK</span></a></div><div class="task ui-draggable _jsPlumb_endpoint_anchor_" id="jsPlumb_1_730" style="top: 774.532px; left: 276.219px;"><a class="task-name" data-toggle="tooltip" data-placement="right" title="This task has no description"><img src="/automation-dashboard/styles/patterns/img/wf-icons/kibana.png" width="20px">&nbsp;<span class="name">Kibana_Service_Action</span></a></div><div class="task ui-draggable _jsPlumb_endpoint_anchor_" id="jsPlumb_1_733" style="top: 902.532px; left: 340.219px;"><a class="task-name" data-toggle="tooltip" data-placement="right" title="This task has no description"><img src="/automation-dashboard/styles/patterns/img/wf-icons/elasticsearch.png" width="20px">&nbsp;<span class="name">Elasticsearch_Service_Action</span></a></div><div class="task ui-draggable _jsPlumb_endpoint_anchor_" id="jsPlumb_1_736" style="top: 774.532px; left: 404.219px;"><a class="task-name" data-toggle="tooltip" data-placement="right" title="This task has no description"><img src="/automation-dashboard/styles/patterns/img/wf-icons/logstash.png" width="20px">&nbsp;<span class="name">Logstash_Service_Action</span></a></div><svg style="position:absolute;left:391.5px;top:429.5px" width="93.5" height="90" pointer-events="none" position="absolute" version="1.1"
      xmlns="http://www.w3.org/1999/xhtml" class="_jsPlumb_connector "><path d="M 0 89 C -10 39 82.5 50 72.5 0 " transform="translate(10.5,0.5)" pointer-events="visibleStroke" version="1.1"
      xmlns="http://www.w3.org/1999/xhtml" fill="none" stroke="#666" style=""></path><path pointer-events="all" version="1.1"
      xmlns="http://www.w3.org/1999/xhtml" d="M5.7268206249999976,63.99669325 L25.184488289746664,55.60627198237153 L16.02946129738636,54.517474127324846 L15.70526916707151,45.30363130998517 L5.7268206249999976,63.99669325" class="" stroke="#666" fill="#666" transform="translate(10.5,0.5)"></path><path pointer-events="all" version="1.1"
      xmlns="http://www.w3.org/1999/xhtml" d="M5.7268206249999976,63.99669325 L25.184488289746664,55.60627198237153 L16.02946129738636,54.517474127324846 L15.70526916707151,45.30363130998517 L5.7268206249999976,63.99669325" class="" stroke="#666" fill="#666" transform="translate(10.5,0.5)"></path></svg><svg style="position:absolute;left:332.5px;top:429.5px" width="80" height="90" pointer-events="none" position="absolute" version="1.1"
      xmlns="http://www.w3.org/1999/xhtml" class="_jsPlumb_connector "><path d="M 59 89 C 69 39 -10 50 0 0 " transform="translate(10.5,0.5)" pointer-events="visibleStroke" version="1.1"
      xmlns="http://www.w3.org/1999/xhtml" fill="none" stroke="#666" style=""></path><path pointer-events="all" version="1.1"
      xmlns="http://www.w3.org/1999/xhtml" d="M55.46281725,64.88952975000001 L47.65146644267748,45.192250786525335 L46.29241287478659,54.311076006892435 L37.07301269956991,54.36265516173874 L55.46281725,64.88952975000001" class="" stroke="#666" fill="#666" transform="translate(10.5,0.5)"></path><path pointer-events="all" version="1.1"
      xmlns="http://www.w3.org/1999/xhtml" d="M55.46281725,64.88952975000001 L47.65146644267748,45.192250786525335 L46.29241287478659,54.311076006892435 L37.07301269956991,54.36265516173874 L55.46281725,64.88952975000001" class="" stroke="#666" fill="#666" transform="translate(10.5,0.5)"></path></svg><svg style="position:absolute;left:332.5px;top:301.5px" width="97" height="89" pointer-events="none" position="absolute" version="1.1"
      xmlns="http://www.w3.org/1999/xhtml" class="_jsPlumb_connector "><path d="M 0 88 C -10 38 86 50 76 0 " transform="translate(10.5,0.5)" pointer-events="visibleStroke" version="1.1"
      xmlns="http://www.w3.org/1999/xhtml" fill="none" stroke="#666" style=""></path><path pointer-events="all" version="1.1"
      xmlns="http://www.w3.org/1999/xhtml" d="M6.142614499999997,63.115491500000005 L25.838671930233495,55.301061149363825 L16.71963433541878,53.943433312158106 L16.666613742391597,44.724041313945044 L6.142614499999997,63.115491500000005" class="" stroke="#666" fill="#666" transform="translate(10.5,0.5)"></path><path pointer-events="all" version="1.1"
      xmlns="http://www.w3.org/1999/xhtml" d="M6.142614499999997,63.115491500000005 L25.838671930233495,55.301061149363825 L16.71963433541878,53.943433312158106 L16.666613742391597,44.724041313945044 L6.142614499999997,63.115491500000005" class="" stroke="#666" fill="#666" transform="translate(10.5,0.5)"></path></svg><svg style="position:absolute;left:408.5px;top:301.5px" width="76.5" height="89" pointer-events="none" position="absolute" version="1.1"
      xmlns="http://www.w3.org/1999/xhtml" class="_jsPlumb_connector "><path d="M 55.5 88 C 65.5 38 -10 50 0 0 " transform="translate(10.5,0.5)" pointer-events="visibleStroke" version="1.1"
      xmlns="http://www.w3.org/1999/xhtml" fill="none" stroke="#666" style=""></path><path pointer-events="all" version="1.1"
      xmlns="http://www.w3.org/1999/xhtml" d="M52.60800000000001,64.44800000000001 L45.383583137427536,44.52796483447436 L43.75499294489576,53.60252785341854 L34.538110990846064,53.3809718895786 L52.60800000000001,64.44800000000001" class="" stroke="#666" fill="#666" transform="translate(10.5,0.5)"></path><path pointer-events="all" version="1.1"
      xmlns="http://www.w3.org/1999/xhtml" d="M52.60800000000001,64.44800000000001 L45.383583137427536,44.52796483447436 L43.75499294489576,53.60252785341854 L34.538110990846064,53.3809718895786 L52.60800000000001,64.44800000000001" class="" stroke="#666" fill="#666" transform="translate(10.5,0.5)"></path></svg><svg style="position:absolute;left:391.5px;top:558.5px" width="39.5" height="89" pointer-events="none" position="absolute" version="1.1"
      xmlns="http://www.w3.org/1999/xhtml" class="_jsPlumb_connector "><path d="M 18.5 88 C 28.5 38 -10 50 0 0 " transform="translate(10.5,0.5)" pointer-events="visibleStroke" version="1.1"
      xmlns="http://www.w3.org/1999/xhtml" fill="none" stroke="#666" style=""></path><path pointer-events="all" version="1.1"
      xmlns="http://www.w3.org/1999/xhtml" d="M19.751504,66.303232 L21.19401443018702,45.162769288441346 L16.036888353495808,52.805023578185406 L7.695806008372434,48.87738493494553 L19.751504,66.303232" class="" stroke="#666" fill="#666" transform="translate(10.5,0.5)"></path><path pointer-events="all" version="1.1"
      xmlns="http://www.w3.org/1999/xhtml" d="M19.751504,66.303232 L21.19401443018702,45.162769288441346 L16.036888353495808,52.805023578185406 L7.695806008372434,48.87738493494553 L19.751504,66.303232" class="" stroke="#666" fill="#666" transform="translate(10.5,0.5)"></path></svg><svg style="position:absolute;left:336px;top:686.5px" width="95" height="88" pointer-events="none" position="absolute" version="1.1"
      xmlns="http://www.w3.org/1999/xhtml" class="_jsPlumb_connector "><path d="M 0 87 C -10 37 84 50 74 0 " transform="translate(10.5,0.5)" pointer-events="visibleStroke" version="1.1"
      xmlns="http://www.w3.org/1999/xhtml" fill="none" stroke="#666" style=""></path><path pointer-events="all" version="1.1"
      xmlns="http://www.w3.org/1999/xhtml" d="M5.905017999999997,62.23428975 L25.558869936233513,54.31430843255928 L16.43268030074876,53.00562102252943 L16.330201208762944,43.78664613181052 L5.905017999999997,62.23428975" class="" stroke="#666" fill="#666" transform="translate(10.5,0.5)"></path><path pointer-events="all" version="1.1"
      xmlns="http://www.w3.org/1999/xhtml" d="M5.905017999999997,62.23428975 L25.558869936233513,54.31430843255928 L16.43268030074876,53.00562102252943 L16.330201208762944,43.78664613181052 L5.905017999999997,62.23428975" class="" stroke="#666" fill="#666" transform="translate(10.5,0.5)"></path></svg><svg style="position:absolute;left:336px;top:813.5px" width="98" height="89" pointer-events="none" position="absolute" version="1.1"
      xmlns="http://www.w3.org/1999/xhtml" class="_jsPlumb_connector "><path d="M 77 88 C 87 38 -10 50 0 0 " transform="translate(10.5,0.5)" pointer-events="visibleStroke" version="1.1"
      xmlns="http://www.w3.org/1999/xhtml" fill="none" stroke="#666" style=""></path><path pointer-events="all" version="1.1"
      xmlns="http://www.w3.org/1999/xhtml" d="M70.73858725,63.115491500000005 L60.101477842590654,44.789228829864456 L60.105259018935634,54.00877251177765 L50.9947588543683,55.42255706092881 L70.73858725,63.115491500000005" class="" stroke="#666" fill="#666" transform="translate(10.5,0.5)"></path><path pointer-events="all" version="1.1"
      xmlns="http://www.w3.org/1999/xhtml" d="M70.73858725,63.115491500000005 L60.101477842590654,44.789228829864456 L60.105259018935634,54.00877251177765 L50.9947588543683,55.42255706092881 L70.73858725,63.115491500000005" class="" stroke="#666" fill="#666" transform="translate(10.5,0.5)"></path></svg><svg style="position:absolute;left:413px;top:813.5px" width="75.5" height="89" pointer-events="none" position="absolute" version="1.1"
      xmlns="http://www.w3.org/1999/xhtml" class="_jsPlumb_connector "><path d="M 0 88 C -10 38 64.5 50 54.5 0 " transform="translate(10.5,0.5)" pointer-events="visibleStroke" version="1.1"
      xmlns="http://www.w3.org/1999/xhtml" fill="none" stroke="#666" style=""></path><path pointer-events="all" version="1.1"
      xmlns="http://www.w3.org/1999/xhtml" d="M2.7879999999999985,64.44800000000001 L20.764285697995007,53.229570853989415 L11.549590064876533,53.5285430750858 L9.844828773080803,44.46798078911287 L2.7879999999999985,64.44800000000001" class="" stroke="#666" fill="#666" transform="translate(10.5,0.5)"></path><path pointer-events="all" version="1.1"
      xmlns="http://www.w3.org/1999/xhtml" d="M2.7879999999999985,64.44800000000001 L20.764285697995007,53.229570853989415 L11.549590064876533,53.5285430750858 L9.844828773080803,44.46798078911287 L2.7879999999999985,64.44800000000001" class="" stroke="#666" fill="#666" transform="translate(10.5,0.5)"></path></svg><svg style="position:absolute;left:410px;top:686.5px" width="78.5" height="88" pointer-events="none" position="absolute" version="1.1"
      xmlns="http://www.w3.org/1999/xhtml" class="_jsPlumb_connector "><path d="M 57.5 87 C 67.5 37 -10 50 0 0 " transform="translate(10.5,0.5)" pointer-events="visibleStroke" version="1.1"
      xmlns="http://www.w3.org/1999/xhtml" fill="none" stroke="#666" style=""></path><path pointer-events="all" version="1.1"
      xmlns="http://www.w3.org/1999/xhtml" d="M54.40000000000001,63.55200000000001 L46.71207519401156,43.806220395804395 L45.29597918287766,52.9163615630559 L36.076436757067455,52.910241212926756 L54.40000000000001,63.55200000000001" class="" stroke="#666" fill="#666" transform="translate(10.5,0.5)"></path><path pointer-events="all" version="1.1"
      xmlns="http://www.w3.org/1999/xhtml" d="M54.40000000000001,63.55200000000001 L46.71207519401156,43.806220395804395 L45.29597918287766,52.9163615630559 L36.076436757067455,52.910241212926756 L54.40000000000001,63.55200000000001" class="" stroke="#666" fill="#666" transform="translate(10.5,0.5)"></path></svg><div class="_jsPlumb_endpoint source-endpoint dependency-source-endpoint connected _jsPlumb_endpoint_anchor_ ui-draggable ui-droppable _jsPlumb_endpoint_connected" style="position: absolute; height: 20px; width: 20px; left: 392px; top: 549px;"><svg style="position:absolute;left:0px;top:0px" width="20" height="20" pointer-events="all" position="absolute" version="1.1"
      xmlns="http://www.w3.org/1999/xhtml"><circle cx="10" cy="10" r="10" version="1.1"
      xmlns="http://www.w3.org/1999/xhtml" fill="#666" stroke="none" style=""></circle></svg></div><div class="_jsPlumb_endpoint target-endpoint dependency-target-endpoint _jsPlumb_endpoint_anchor_ ui-draggable ui-droppable _jsPlumb_endpoint_connected" style="position: absolute; height: 20px; width: 20px; left: 392px; top: 509px;"><svg style="position:absolute;left:0px;top:0px" width="20" height="20" pointer-events="all" position="absolute" version="1.1"
      xmlns="http://www.w3.org/1999/xhtml"><circle cx="10" cy="10" r="10" version="1.1"
      xmlns="http://www.w3.org/1999/xhtml" fill="#666" stroke="none" style=""></circle></svg></div><div class="_jsPlumb_endpoint source-endpoint dependency-source-endpoint connected _jsPlumb_endpoint_anchor_ ui-draggable ui-droppable _jsPlumb_endpoint_connected" style="position: absolute; height: 20px; width: 20px; left: 409px; top: 292px;"><svg style="position:absolute;left:0px;top:0px" width="20" height="20" pointer-events="all" position="absolute" version="1.1"
      xmlns="http://www.w3.org/1999/xhtml"><circle cx="10" cy="10" r="10" version="1.1"
      xmlns="http://www.w3.org/1999/xhtml" fill="#666" stroke="none" style=""></circle></svg></div><div class="_jsPlumb_endpoint source-endpoint dependency-source-endpoint connected _jsPlumb_endpoint_anchor_ ui-draggable ui-droppable _jsPlumb_endpoint_connected" style="position: absolute; height: 20px; width: 20px; left: 333px; top: 420px;"><svg style="position:absolute;left:0px;top:0px" width="20" height="20" pointer-events="all" position="absolute" version="1.1"
      xmlns="http://www.w3.org/1999/xhtml"><circle cx="10" cy="10" r="10" version="1.1"
      xmlns="http://www.w3.org/1999/xhtml" fill="#666" stroke="none" style=""></circle></svg></div><div class="_jsPlumb_endpoint target-endpoint dependency-target-endpoint _jsPlumb_endpoint_anchor_ ui-draggable ui-droppable _jsPlumb_endpoint_connected" style="position: absolute; height: 20px; width: 20px; left: 333px; top: 380px;"><svg style="position:absolute;left:0px;top:0px" width="20" height="20" pointer-events="all" position="absolute" version="1.1"
      xmlns="http://www.w3.org/1999/xhtml"><circle cx="10" cy="10" r="10" version="1.1"
      xmlns="http://www.w3.org/1999/xhtml" fill="#666" stroke="none" style=""></circle></svg></div><div class="_jsPlumb_endpoint source-endpoint dependency-source-endpoint connected _jsPlumb_endpoint_anchor_ ui-draggable ui-droppable _jsPlumb_endpoint_connected" style="position: absolute; height: 20px; width: 20px; left: 464.5px; top: 420px;"><svg style="position:absolute;left:0px;top:0px" width="20" height="20" pointer-events="all" position="absolute" version="1.1"
      xmlns="http://www.w3.org/1999/xhtml"><circle cx="10" cy="10" r="10" version="1.1"
      xmlns="http://www.w3.org/1999/xhtml" fill="#666" stroke="none" style=""></circle></svg></div><div class="_jsPlumb_endpoint target-endpoint dependency-target-endpoint _jsPlumb_endpoint_anchor_ ui-draggable ui-droppable _jsPlumb_endpoint_connected" style="position: absolute; height: 20px; width: 20px; left: 464.5px; top: 380px;"><svg style="position:absolute;left:0px;top:0px" width="20" height="20" pointer-events="all" position="absolute" version="1.1"
      xmlns="http://www.w3.org/1999/xhtml"><circle cx="10" cy="10" r="10" version="1.1"
      xmlns="http://www.w3.org/1999/xhtml" fill="#666" stroke="none" style=""></circle></svg></div><div class="_jsPlumb_endpoint source-endpoint dependency-source-endpoint connected _jsPlumb_endpoint_anchor_ ui-draggable ui-droppable _jsPlumb_endpoint_connected" style="position: absolute; height: 20px; width: 20px; left: 410.5px; top: 677px;"><svg style="position:absolute;left:0px;top:0px" width="20" height="20" pointer-events="all" position="absolute" version="1.1"
      xmlns="http://www.w3.org/1999/xhtml"><circle cx="10" cy="10" r="10" version="1.1"
      xmlns="http://www.w3.org/1999/xhtml" fill="#666" stroke="none" style=""></circle></svg></div><div class="_jsPlumb_endpoint target-endpoint dependency-target-endpoint _jsPlumb_endpoint_anchor_ ui-draggable ui-droppable _jsPlumb_endpoint_connected" style="position: absolute; height: 20px; width: 20px; left: 410.5px; top: 637px;"><svg style="position:absolute;left:0px;top:0px" width="20" height="20" pointer-events="all" position="absolute" version="1.1"
      xmlns="http://www.w3.org/1999/xhtml"><circle cx="10" cy="10" r="10" version="1.1"
      xmlns="http://www.w3.org/1999/xhtml" fill="#666" stroke="none" style=""></circle></svg></div><div class="_jsPlumb_endpoint source-endpoint dependency-source-endpoint connected _jsPlumb_endpoint_anchor_ ui-draggable ui-droppable _jsPlumb_endpoint_connected" style="position: absolute; height: 20px; width: 20px; left: 336.5px; top: 804px;"><svg style="position:absolute;left:0px;top:0px" width="20" height="20" pointer-events="all" position="absolute" version="1.1"
      xmlns="http://www.w3.org/1999/xhtml"><circle cx="10" cy="10" r="10" version="1.1"
      xmlns="http://www.w3.org/1999/xhtml" fill="#666" stroke="none" style=""></circle></svg></div><div class="_jsPlumb_endpoint target-endpoint dependency-target-endpoint _jsPlumb_endpoint_anchor_ ui-draggable ui-droppable _jsPlumb_endpoint_connected" style="position: absolute; height: 20px; width: 20px; left: 336.5px; top: 764px;"><svg style="position:absolute;left:0px;top:0px" width="20" height="20" pointer-events="all" position="absolute" version="1.1"
      xmlns="http://www.w3.org/1999/xhtml"><circle cx="10" cy="10" r="10" version="1.1"
      xmlns="http://www.w3.org/1999/xhtml" fill="#666" stroke="none" style=""></circle></svg></div><div class="_jsPlumb_endpoint source-endpoint dependency-source-endpoint connected _jsPlumb_endpoint_anchor_ ui-draggable ui-droppable" style="position: absolute; height: 20px; width: 20px; left: 413.5px; top: 932px;"><svg style="position:absolute;left:0px;top:0px" width="20" height="20" pointer-events="all" position="absolute" version="1.1"
      xmlns="http://www.w3.org/1999/xhtml"><circle cx="10" cy="10" r="10" version="1.1"
      xmlns="http://www.w3.org/1999/xhtml" fill="#666" stroke="none" style=""></circle></svg></div><div class="_jsPlumb_endpoint target-endpoint dependency-target-endpoint _jsPlumb_endpoint_anchor_ ui-draggable ui-droppable _jsPlumb_endpoint_connected" style="position: absolute; height: 20px; width: 20px; left: 413.5px; top: 892px;"><svg style="position:absolute;left:0px;top:0px" width="20" height="20" pointer-events="all" position="absolute" version="1.1"
      xmlns="http://www.w3.org/1999/xhtml"><circle cx="10" cy="10" r="10" version="1.1"
      xmlns="http://www.w3.org/1999/xhtml" fill="#666" stroke="none" style=""></circle></svg></div><div class="_jsPlumb_endpoint source-endpoint dependency-source-endpoint connected _jsPlumb_endpoint_anchor_ ui-draggable ui-droppable _jsPlumb_endpoint_connected" style="position: absolute; height: 20px; width: 20px; left: 468px; top: 804px;"><svg style="position:absolute;left:0px;top:0px" width="20" height="20" pointer-events="all" position="absolute" version="1.1"
      xmlns="http://www.w3.org/1999/xhtml"><circle cx="10" cy="10" r="10" version="1.1"
      xmlns="http://www.w3.org/1999/xhtml" fill="#666" stroke="none" style=""></circle></svg></div><div class="_jsPlumb_endpoint target-endpoint dependency-target-endpoint _jsPlumb_endpoint_anchor_ ui-draggable ui-droppable _jsPlumb_endpoint_connected" style="position: absolute; height: 20px; width: 20px; left: 468px; top: 764px;"><svg style="position:absolute;left:0px;top:0px" width="20" height="20" pointer-events="all" position="absolute" version="1.1"
      xmlns="http://www.w3.org/1999/xhtml"><circle cx="10" cy="10" r="10" version="1.1"
      xmlns="http://www.w3.org/1999/xhtml" fill="#666" stroke="none" style=""></circle></svg></div></div></div></body></html>
 ]]>
    </visualization>
  </metadata>
</job>
