<?xml version="1.0" encoding="UTF-8" standalone="no"?>
<job xmlns="urn:proactive:jobdescriptor:3.11" xmlns:xsi="http://www.w3.org/2001/XMLSchema-instance" maxNumberOfExecution="2" name="Elasticsearch_Service_Start" onTaskError="continueJobExecution" priority="normal" projectName="1. Elasticsearch" xsi:schemaLocation="urn:proactive:jobdescriptor:3.11 http://www.activeeon.com/public_content/schemas/proactive/jobdescriptor/3.11/schedulerjob.xsd">
  <description>
    <![CDATA[ Start the Elasticsearch server as a service. ]]>
  </description>
  <genericInformation>
<info name="bucketName" value="elastic-logstash-kibana"/>
<info name="workflow.icon" value="/automation-dashboard/styles/patterns/img/wf-icons/elasticsearch.png"/>
<info name="Documentation" value="https://doc.activeeon.com/latest/PCA/PCAUserGuide.html"/>
<info name="group" value="public-objects"/>
</genericInformation>
  <taskFlow>
    <task name="Start_Elasticsearch_Service" onTaskError="cancelJob">
      <description>
        <![CDATA[ Start the Elasticsearch server as a service. ]]>
      </description>
      <variables>
        <variable inherited="false" name="SERVICE_ID" value="Elasticsearch"/>
        <variable inherited="false" name="INSTANCE_NAME" value="elasticsearch-server-1"/>
      </variables>
      <genericInformation>
        <info name="task.icon" value="/automation-dashboard/styles/patterns/img/wf-icons/elasticsearch.png"/>
        <info name="task.documentation" value="https://doc.activeeon.com/latest/PCA/PCAUserGuide.html"/>
      </genericInformation>
      <pre>
        <script>
          <code language="groovy">
            <![CDATA[

]]>
          </code>
        </script>
      </pre>
      <scriptExecutable>
        <script>
          <file language="groovy" url="${PA_CATALOG_REST_URL}/buckets/cloud-automation-scripts/resources/Service_Start/raw"/>
        </script>
      </scriptExecutable>
      <controlFlow block="none"/>
      <post>
        <script>
          <code language="groovy">
            <![CDATA[
variables.put("ENDPOINT_ELASTICSEARCH",variables.get("ENDPOINT_" + variables.get("INSTANCE_NAME")))
]]>
          </code>
        </script>
      </post>
      <metadata>
        <positionTop>
            326
        </positionTop>
        <positionLeft>
            604
        </positionLeft>
      </metadata>
    </task>
  </taskFlow>
  <metadata>
    <visualization>
      <![CDATA[ <html><head><link rel="stylesheet" href="/studio/styles/studio-standalone.css"><style>
        #workflow-designer {
            left:0 !important;
            top:0 !important;
            width:1067px;
            height:592px;
            }
        </style></head><body><div style="position:relative;top:-174px;left:-142px"><div class="task _jsPlumb_endpoint_anchor_ ui-draggable" id="jsPlumb_1_81" style="top: 224px; left: 242px;"><a class="task-name"><img src="/automation-dashboard/styles/patterns/img/wf-icons/elasticsearch.png" width="20px">&nbsp;<span class="name">Start_Elasticsearch_Service</span></a></div><div class="_jsPlumb_endpoint source-endpoint dependency-source-endpoint connected _jsPlumb_endpoint_anchor_ ui-draggable ui-droppable" style="position: absolute; height: 20px; width: 20px; left: 312px; top: 254px;"><svg style="position:absolute;left:0px;top:0px" width="20" height="20" pointer-events="all" position="absolute" version="1.1"
      xmlns="http://www.w3.org/1999/xhtml"><circle cx="10" cy="10" r="10" version="1.1"
      xmlns="http://www.w3.org/1999/xhtml" fill="#666" stroke="none" style=""></circle></svg></div></div></body></html>
 ]]>
    </visualization>
  </metadata>
</job>
