<?xml version="1.0" encoding="UTF-8"?>
<job
  xmlns:xsi="http://www.w3.org/2001/XMLSchema-instance"
  xmlns="urn:proactive:jobdescriptor:3.12" xsi:schemaLocation="urn:proactive:jobdescriptor:3.12 http://www.activeeon.com/public_content/schemas/proactive/jobdescriptor/3.12/schedulerjob.xsd"  name="Elasticsearch_Service_Start" projectName="1. Elasticsearch" priority="normal" onTaskError="continueJobExecution"  maxNumberOfExecution="2"  >
  <variables>
    <variable name="PROXYFIED" value="False" model="PA:Boolean"/>
    <variable name="HTTP_ENABLED" value="True" model="PA:Boolean"/>
  </variables>
  <description>
    <![CDATA[ Start the Elasticsearch server as a service. ]]>
  </description>
  <genericInformation>
    <info name="bucketName" value="elastic-logstash-kibana"/>
    <info name="workflow.icon" value="/automation-dashboard/styles/patterns/img/wf-icons/elasticsearch.png"/>
    <info name="Documentation" value="PCA/PCAUserGuide.html"/>
    <info name="group" value="public-objects"/>
  </genericInformation>
  <taskFlow>
    <task name="Start_Elasticsearch_Service" 
    
    onTaskError="cancelJob" 
    
    
    fork="true">
      <description>
        <![CDATA[ Start the Elasticsearch server as a service. ]]>
      </description>
      <variables>
        <variable name="SERVICE_ID" value="Elasticsearch" inherited="false" />
        <variable name="INSTANCE_NAME" value="elasticsearch-server-1" inherited="false" />
      </variables>
      <genericInformation>
        <info name="task.icon" value="/automation-dashboard/styles/patterns/img/wf-icons/elasticsearch.png"/>
        <info name="task.documentation" value="PCA/PCAUserGuide.html"/>
      </genericInformation>
      <pre>
        <script>
          <code language="groovy">
            <![CDATA[

]]>
          </code>
        </script>
      </pre>
      <scriptExecutable>
        <script>
          <file url="${PA_CATALOG_REST_URL}/buckets/cloud-automation-scripts/resources/Service_Start/raw" language="groovy">
            <arguments>
              <argument value="PROXYFIED"/>
              <argument value="HTTP_ENABLED"/>
            </arguments>
          </file>
        </script>
      </scriptExecutable>
      <controlFlow block="none"></controlFlow>
      <post>
        <script>
          <code language="groovy">
            <![CDATA[
variables.put("ENDPOINT_ELASTICSEARCH",variables.get("ENDPOINT_" + variables.get("INSTANCE_NAME")))
]]>
          </code>
        </script>
      </post>
      <metadata>
        <positionTop>
            498.015625
        </positionTop>
        <positionLeft>
            414.953125
        </positionLeft>
      </metadata>
    </task>
  </taskFlow>
  <metadata>
    <visualization>
      <![CDATA[ <html><head><link rel="stylesheet" href="/studio/styles/studio-standalone.css"><style>
        #workflow-designer {
            left:0 !important;
            top:0 !important;
            width:2144px;
            height:2712px;
            }
        </style></head><body><div id="workflow-visualization-view"><div id="workflow-visualization" style="position:relative;top:-493.015625px;left:-409.953125px"><div class="task _jsPlumb_endpoint_anchor_ ui-draggable" id="jsPlumb_1_16" style="top: 498.016px; left: 414.953px;"><a class="task-name" data-toggle="tooltip" data-placement="right" title="Start the Elasticsearch server as a service."><img src="/automation-dashboard/styles/patterns/img/wf-icons/elasticsearch.png" width="20px">&nbsp;<span class="name">Start_Elasticsearch_Service</span></a></div><div class="_jsPlumb_endpoint source-endpoint dependency-source-endpoint connected _jsPlumb_endpoint_anchor_ ui-draggable ui-droppable" style="position: absolute; height: 20px; width: 20px; left: 485px; top: 528px;"><svg style="position:absolute;left:0px;top:0px" width="20" height="20" pointer-events="all" position="absolute" version="1.1"
      xmlns="http://www.w3.org/1999/xhtml"><circle cx="10" cy="10" r="10" version="1.1"
      xmlns="http://www.w3.org/1999/xhtml" fill="#666" stroke="none" style=""></circle></svg></div></div></div></body></html>
 ]]>
    </visualization>
  </metadata>
</job>