<?xml version="1.0" encoding="UTF-8" standalone="no"?>
<job xmlns="urn:proactive:jobdescriptor:3.12" xmlns:xsi="http://www.w3.org/2001/XMLSchema-instance" maxNumberOfExecution="2" name="Energy_Consumption_Analysis" onTaskError="continueJobExecution" priority="normal" projectName="4. ELK Stack Workflows" xsi:schemaLocation="urn:proactive:jobdescriptor:3.12 http://www.activeeon.com/public_content/schemas/proactive/jobdescriptor/3.12/schedulerjob.xsd">
  <variables>
    <variable name="DATA_URL" value="https://s3.eu-west-2.amazonaws.com/activeeon-public/ELK/fusion.csv"/>
  </variables>
  <description>
    <![CDATA[ Analysis of energy consumption for a sample of London Households using ELK.
You can use the following pre-made dashboard to visualize the results in Kibana : https://s3.eu-west-2.amazonaws.com/activeeon-public/ELK/energy_consumption_kibana.json ]]>
  </description>
  <genericInformation>
<info name="bucketName" value="elastic-logstash-kibana"/>
<info name="workflow.icon" value="/automation-dashboard/styles/patterns/img/wf-icons/electricity.png"/>
<info name="Documentation" value="https://www.elastic.co/elk-stack"/>
<info name="group" value="public-objects"/>
</genericInformation>
  <taskFlow>
    <task fork="true" name="Configure_Logstash">
      <description>
        <![CDATA[ The simplest task, ran by a bash engine. ]]>
      </description>
      <depends>
        <task ref="Start_Logstash_Service"/>
        <task ref="Start_Kibana_Service"/>
      </depends>
      <scriptExecutable>
        <script>
          <code language="bash">
            <![CDATA[
echo "=================BEGIN_CONFIGURE_LOGSTASH=================="

CONTAINER=$variables_INSTANCE_NAME_LOGSTASH
DATA_URL=$variables_DATA_URL

docker exec $CONTAINER /bin/bash -c "cd usr/share/logstash/config && mkdir -p energy"
docker exec $CONTAINER /bin/bash -c "cd /usr/share/logstash/config/energy && rm -f energy_consumption_logstash.conf && wget https://s3.eu-west-2.amazonaws.com/activeeon-public/ELK/energy_consumption_logstash.conf"
docker exec $CONTAINER /bin/bash -c "cd /usr/share/logstash/config/energy && wget $DATA_URL"
docker exec $CONTAINER /bin/bash -c "cd /usr/share/logstash/config/energy && logstash -f energy_consumption_logstash.conf"

echo "=================END_CONFIGURE_LOGSTASH=================="
]]>
          </code>
        </script>
      </scriptExecutable>
      <metadata>
        <positionTop>
            382.51739501953125
        </positionTop>
        <positionLeft>
            214.21875
        </positionLeft>
      </metadata>
    </task>
    <task fork="true" name="Start_Elasticsearch_Service" onTaskError="cancelJob">
      <description>
        <![CDATA[ Start the Elasticsearch server as a service. ]]>
      </description>
      <variables>
        <variable inherited="false" name="SERVICE_ID" value="Elasticsearch"/>
        <variable inherited="false" name="INSTANCE_NAME" value="elasticsearch-server-${PA_JOB_ID}"/>
      </variables>
      <genericInformation>
        <info name="task.icon" value="/automation-dashboard/styles/patterns/img/wf-icons/elasticsearch.png"/>
        <info name="task.documentation" value="PCA/PCAUserGuide.html"/>
      </genericInformation>
      <pre>
        <script>
          <code language="groovy">
            <![CDATA[

]]>
          </code>
        </script>
      </pre>
      <scriptExecutable>
        <script>
          <file language="groovy" url="${PA_CATALOG_REST_URL}/buckets/cloud-automation-scripts/resources/Service_Start/raw"/>
        </script>
      </scriptExecutable>
      <controlFlow block="none"/>
      <post>
        <script>
          <code language="groovy">
            <![CDATA[
variables.put("ENDPOINT_ELASTICSEARCH",variables.get("ENDPOINT_" + variables.get("INSTANCE_NAME")))
]]>
          </code>
        </script>
      </post>
      <metadata>
        <positionTop>
            126.52780151367188
        </positionTop>
        <positionLeft>
            278.2117919921875
        </positionLeft>
      </metadata>
    </task>
    <task fork="true" name="Start_Logstash_Service" onTaskError="cancelJob">
      <description>
        <![CDATA[ Start the Logstash server as a service. ]]>
      </description>
      <variables>
        <variable inherited="false" name="SERVICE_ID" value="Logstash"/>
        <variable inherited="false" name="INSTANCE_NAME" value="logstash-server-${PA_JOB_ID}"/>
      </variables>
      <genericInformation>
        <info name="task.icon" value="/automation-dashboard/styles/patterns/img/wf-icons/logstash.png"/>
        <info name="task.documentation" value="PCA/PCAUserGuide.html"/>
      </genericInformation>
      <depends>
        <task ref="Start_Elasticsearch_Service"/>
      </depends>
      <pre>
        <script>
          <code language="groovy">
            <![CDATA[

]]>
          </code>
        </script>
      </pre>
      <scriptExecutable>
        <script>
          <file language="groovy" url="${PA_CATALOG_REST_URL}/buckets/cloud-automation-scripts/resources/Service_Start/raw">
            <arguments>
              <argument value="ENDPOINT_ELASTICSEARCH"/>
            </arguments>
          </file>
        </script>
      </scriptExecutable>
      <controlFlow block="none"/>
      <post>
        <script>
          <code language="groovy">
            <![CDATA[
variables.put("INSTANCE_NAME_LOGSTASH", variables.get("INSTANCE_NAME"))
]]>
          </code>
        </script>
      </post>
      <metadata>
        <positionTop>
            254.53128051757812
        </positionTop>
        <positionLeft>
            209.21875
        </positionLeft>
      </metadata>
    </task>
    <task fork="true" name="Start_Kibana_Service" onTaskError="cancelJob">
      <description>
        <![CDATA[ Start the Kibana server as a service. ]]>
      </description>
      <variables>
        <variable inherited="false" name="SERVICE_ID" value="Kibana"/>
        <variable inherited="false" name="INSTANCE_NAME" value="kibana-server-${PA_JOB_ID}"/>
      </variables>
      <genericInformation>
        <info name="task.icon" value="/automation-dashboard/styles/patterns/img/wf-icons/kibana.png"/>
        <info name="task.documentation" value="https://www.elastic.co/guide/en/kibana/current/introduction.html"/>
      </genericInformation>
      <depends>
        <task ref="Start_Elasticsearch_Service"/>
      </depends>
      <pre>
        <script>
          <code language="groovy">
            <![CDATA[

]]>
          </code>
        </script>
      </pre>
      <scriptExecutable>
        <script>
          <file language="groovy" url="${PA_CATALOG_REST_URL}/buckets/cloud-automation-scripts/resources/Service_Start/raw">
            <arguments>
              <argument value="ENDPOINT_ELASTICSEARCH"/>
            </arguments>
          </file>
        </script>
      </scriptExecutable>
      <controlFlow block="none"/>
      <metadata>
        <positionTop>
            253.52432250976562
        </positionTop>
        <positionLeft>
            347.20489501953125
        </positionLeft>
      </metadata>
    </task>
    <task fork="true" name="Web_Validation_Finish_ELK" onTaskError="pauseJob">
      <description>
        <![CDATA[ Task to pause the job and send a validation message to the notification service ]]>
      </description>
      <genericInformation>
        <info name="task.icon" value="/automation-dashboard/styles/patterns/img/wf-icons/web_validation.png"/>
      </genericInformation>
      <depends>
        <task ref="Start_Kibana_Service"/>
        <task ref="Start_Logstash_Service"/>
      </depends>
      <scriptExecutable>
        <script>
          <file language="groovy" url="${PA_CATALOG_REST_URL}/buckets/notification-tools/resources/Web_Validation_Script/raw">
            <arguments>
              <argument value="Please validate to finish ELK Stack services"/>
            </arguments>
          </file>
        </script>
      </scriptExecutable>
      <metadata>
        <positionTop>
            382.51739501953125
        </positionTop>
        <positionLeft>
            342.20489501953125
        </positionLeft>
      </metadata>
    </task>
    <task fork="true" name="Elasticsearch_Service_Action" onTaskError="cancelJob">
      <variables>
        <variable inherited="false" model="PA:LIST(Pause_Elasticsearch, Resume_Elasticsearch, Finish_Elasticsearch)" name="ACTION" value="Finish_Elasticsearch"/>
        <variable inherited="false" name="INSTANCE_NAME" value="elasticsearch-server-${PA_JOB_ID}"/>
        <variable inherited="false" name="INSTANCE_ID" value=""/>
      </variables>
      <genericInformation>
        <info name="task.icon" value="/automation-dashboard/styles/patterns/img/wf-icons/elasticsearch.png"/>
        <info name="task.documentation" value="PCA/PCAUserGuide.html"/>
      </genericInformation>
      <depends>
        <task ref="Logstash_Service_Action"/>
        <task ref="Kibana_Service_Action"/>
      </depends>
      <pre>
        <script>
          <code language="groovy">
            <![CDATA[

]]>
          </code>
        </script>
      </pre>
      <scriptExecutable>
        <script>
          <file language="groovy" url="${PA_CATALOG_REST_URL}/buckets/cloud-automation-scripts/resources/Service_Action/raw"/>
        </script>
      </scriptExecutable>
      <controlFlow block="none"/>
      <metadata>
        <positionTop>
            638.5243530273438
        </positionTop>
        <positionLeft>
            342.20489501953125
        </positionLeft>
      </metadata>
    </task>
    <task fork="true" name="Kibana_Service_Action" onTaskError="cancelJob">
      <variables>
        <variable inherited="false" model="PA:LIST(Pause_Kibana, Resume_Kibana, Finish_Kibana)" name="ACTION" value="Finish_Kibana"/>
        <variable inherited="false" name="INSTANCE_NAME" value="kibana-server-${PA_JOB_ID}"/>
        <variable inherited="false" name="INSTANCE_ID" value=""/>
      </variables>
      <genericInformation>
        <info name="task.icon" value="/automation-dashboard/styles/patterns/img/wf-icons/kibana.png"/>
        <info name="task.documentation" value="PCA/PCAUserGuide.html"/>
      </genericInformation>
      <depends>
        <task ref="Web_Validation_Finish_ELK"/>
      </depends>
      <pre>
        <script>
          <code language="groovy">
            <![CDATA[

]]>
          </code>
        </script>
      </pre>
      <scriptExecutable>
        <script>
          <file language="groovy" url="${PA_CATALOG_REST_URL}/buckets/cloud-automation-scripts/resources/Service_Action/raw"/>
        </script>
      </scriptExecutable>
      <controlFlow block="none"/>
      <metadata>
        <positionTop>
            510.5208740234375
        </positionTop>
        <positionLeft>
            278.2117919921875
        </positionLeft>
      </metadata>
    </task>
    <task fork="true" name="Logstash_Service_Action" onTaskError="cancelJob">
      <variables>
        <variable inherited="false" model="PA:LIST(Pause_Logstash, Resume_Logstash, Finish_Logstash)" name="ACTION" value="Finish_Logstash"/>
        <variable inherited="false" name="INSTANCE_NAME" value="logstash-server-${PA_JOB_ID}"/>
        <variable inherited="false" name="INSTANCE_ID" value=""/>
      </variables>
      <genericInformation>
        <info name="task.icon" value="/automation-dashboard/styles/patterns/img/wf-icons/logstash.png"/>
        <info name="task.documentation" value="PCA/PCAUserGuide.html"/>
      </genericInformation>
      <depends>
        <task ref="Web_Validation_Finish_ELK"/>
      </depends>
      <scriptExecutable>
        <script>
          <file language="groovy" url="${PA_CATALOG_REST_URL}/buckets/cloud-automation-scripts/resources/Service_Action/raw"/>
        </script>
      </scriptExecutable>
      <controlFlow block="none"/>
      <metadata>
        <positionTop>
            510.5208740234375
        </positionTop>
        <positionLeft>
            406.21527099609375
        </positionLeft>
      </metadata>
    </task>
  </taskFlow>
  <metadata>
    <visualization>
      <![CDATA[ <html><head><link rel="stylesheet" href="/studio/styles/studio-standalone.css"><style>
        #workflow-designer {
            left:0 !important;
            top:0 !important;
            width:2384px;
            height:3063px;
            }
        </style></head><body><div id="workflow-visualization-view"><div id="workflow-visualization" style="position:relative;top:-121.52780151367188px;left:-204.21875px"><div class="task ui-draggable _jsPlumb_endpoint_anchor_" id="jsPlumb_1_667" style="top: 382.531px; left: 214.219px;"><a class="task-name" data-toggle="tooltip" data-placement="right" title="The simplest task, ran by a bash engine."><img src="/studio/images/LinuxBash.png" width="20px">&nbsp;<span class="name">Configure_Logstash</span></a></div><div class="task _jsPlumb_endpoint_anchor_ ui-draggable" id="jsPlumb_1_670" style="top: 126.531px; left: 278.219px;"><a class="task-name" data-toggle="tooltip" data-placement="right" title="Start the Elasticsearch server as a service."><img src="/automation-dashboard/styles/patterns/img/wf-icons/elasticsearch.png" width="20px">&nbsp;<span class="name">Start_Elasticsearch_Service</span></a></div><div class="task ui-draggable _jsPlumb_endpoint_anchor_" id="jsPlumb_1_673" style="top: 254.531px; left: 209.219px;"><a class="task-name" data-toggle="tooltip" data-placement="right" title="Start the Logstash server as a service."><img src="/automation-dashboard/styles/patterns/img/wf-icons/logstash.png" width="20px">&nbsp;<span class="name">Start_Logstash_Service</span></a></div><div class="task ui-draggable _jsPlumb_endpoint_anchor_" id="jsPlumb_1_676" style="top: 253.531px; left: 347.219px;"><a class="task-name" data-toggle="tooltip" data-placement="right" title="Start the Kibana server as a service."><img src="/automation-dashboard/styles/patterns/img/wf-icons/kibana.png" width="20px">&nbsp;<span class="name">Start_Kibana_Service</span></a></div><div class="task ui-draggable _jsPlumb_endpoint_anchor_" id="jsPlumb_1_679" style="top: 382.531px; left: 342.219px;"><a class="task-name" data-toggle="tooltip" data-placement="right" title="Task to pause the job and send a validation message to the notification service"><img src="/automation-dashboard/styles/patterns/img/wf-icons/web_validation.png" width="20px">&nbsp;<span class="name">Web_Validation_Finish_ELK</span></a></div><div class="task ui-draggable _jsPlumb_endpoint_anchor_" id="jsPlumb_1_682" style="top: 638.532px; left: 342.219px;"><a class="task-name" data-toggle="tooltip" data-placement="right" title="This task has no description"><img src="/automation-dashboard/styles/patterns/img/wf-icons/elasticsearch.png" width="20px">&nbsp;<span class="name">Elasticsearch_Service_Action</span></a></div><div class="task ui-draggable _jsPlumb_endpoint_anchor_" id="jsPlumb_1_685" style="top: 510.531px; left: 278.219px;"><a class="task-name" data-toggle="tooltip" data-placement="right" title="This task has no description"><img src="/automation-dashboard/styles/patterns/img/wf-icons/kibana.png" width="20px">&nbsp;<span class="name">Kibana_Service_Action</span></a></div><div class="task ui-draggable _jsPlumb_endpoint_anchor_" id="jsPlumb_1_688" style="top: 510.531px; left: 406.219px;"><a class="task-name" data-toggle="tooltip" data-placement="right" title="This task has no description"><img src="/automation-dashboard/styles/patterns/img/wf-icons/logstash.png" width="20px">&nbsp;<span class="name">Logstash_Service_Action</span></a></div><svg style="position:absolute;left:265.5px;top:293.5px" width="24.5" height="89" pointer-events="none" position="absolute" version="1.1"
      xmlns="http://www.w3.org/1999/xhtml" class="_jsPlumb_connector "><path d="M 0 88 C -10 38 13.5 50 3.5 0 " transform="translate(10.5,0.5)" pointer-events="visibleStroke" version="1.1"
      xmlns="http://www.w3.org/1999/xhtml" fill="none" stroke="#666" style=""></path><path pointer-events="all" version="1.1"
      xmlns="http://www.w3.org/1999/xhtml" d="M-2.531265625,66.78168750000002 L5.922688671570663,47.35153935976458 L-1.5001906020674536,52.819707543808825 L-8.03929128462053,46.32046433683204 L-2.531265625,66.78168750000002" class="" stroke="#666" fill="#666" transform="translate(10.5,0.5)"></path><path pointer-events="all" version="1.1"
      xmlns="http://www.w3.org/1999/xhtml" d="M-2.531265625,66.78168750000002 L5.922688671570663,47.35153935976458 L-1.5001906020674536,52.819707543808825 L-8.03929128462053,46.32046433683204 L-2.531265625,66.78168750000002" class="" stroke="#666" fill="#666" transform="translate(10.5,0.5)"></path></svg><svg style="position:absolute;left:265.5px;top:292.5px" width="158" height="90" pointer-events="none" position="absolute" version="1.1"
      xmlns="http://www.w3.org/1999/xhtml" class="_jsPlumb_connector "><path d="M 0 89 C -10 39 147 50 137 0 " transform="translate(10.5,0.5)" pointer-events="visibleStroke" version="1.1"
      xmlns="http://www.w3.org/1999/xhtml" fill="none" stroke="#666" style=""></path><path pointer-events="all" version="1.1"
      xmlns="http://www.w3.org/1999/xhtml" d="M17.810679249999996,61.44042775 L38.905074500087466,59.43381641915208 L30.52734463886725,55.58496693230292 L33.04961368239039,46.717151030284825 L17.810679249999996,61.44042775" class="" stroke="#666" fill="#666" transform="translate(10.5,0.5)"></path><path pointer-events="all" version="1.1"
      xmlns="http://www.w3.org/1999/xhtml" d="M17.810679249999996,61.44042775 L38.905074500087466,59.43381641915208 L30.52734463886725,55.58496693230292 L33.04961368239039,46.717151030284825 L17.810679249999996,61.44042775" class="" stroke="#666" fill="#666" transform="translate(10.5,0.5)"></path></svg><svg style="position:absolute;left:269px;top:166.5px" width="99.5" height="88" pointer-events="none" position="absolute" version="1.1"
      xmlns="http://www.w3.org/1999/xhtml" class="_jsPlumb_connector "><path d="M 0 87 C -10 37 88.5 50 78.5 0 " transform="translate(10.5,0.5)" pointer-events="visibleStroke" version="1.1"
      xmlns="http://www.w3.org/1999/xhtml" fill="none" stroke="#666" style=""></path><path pointer-events="all" version="1.1"
      xmlns="http://www.w3.org/1999/xhtml" d="M6.439610124999997,62.23428975 L26.30577860578422,54.8630381674602 L17.219442017050515,53.30147248000446 L17.37296133578868,44.083206275409694 L6.439610124999997,62.23428975" class="" stroke="#666" fill="#666" transform="translate(10.5,0.5)"></path><path pointer-events="all" version="1.1"
      xmlns="http://www.w3.org/1999/xhtml" d="M6.439610124999997,62.23428975 L26.30577860578422,54.8630381674602 L17.219442017050515,53.30147248000446 L17.37296133578868,44.083206275409694 L6.439610124999997,62.23428975" class="" stroke="#666" fill="#666" transform="translate(10.5,0.5)"></path></svg><svg style="position:absolute;left:347.5px;top:166.5px" width="76" height="87" pointer-events="none" position="absolute" version="1.1"
      xmlns="http://www.w3.org/1999/xhtml" class="_jsPlumb_connector "><path d="M 55 86 C 65 36 -10 50 0 0 " transform="translate(10.5,0.5)" pointer-events="visibleStroke" version="1.1"
      xmlns="http://www.w3.org/1999/xhtml" fill="none" stroke="#666" style=""></path><path pointer-events="all" version="1.1"
      xmlns="http://www.w3.org/1999/xhtml" d="M52.160000000000004,62.656000000000006 L44.743835624629114,42.8065540138401 L43.202824650896396,51.89639918187434 L33.98423480650344,51.76372936294371 L52.160000000000004,62.656000000000006" class="" stroke="#666" fill="#666" transform="translate(10.5,0.5)"></path><path pointer-events="all" version="1.1"
      xmlns="http://www.w3.org/1999/xhtml" d="M52.160000000000004,62.656000000000006 L44.743835624629114,42.8065540138401 L43.202824650896396,51.89639918187434 L33.98423480650344,51.76372936294371 L52.160000000000004,62.656000000000006" class="" stroke="#666" fill="#666" transform="translate(10.5,0.5)"></path></svg><svg style="position:absolute;left:402.5px;top:292.5px" width="30" height="90" pointer-events="none" position="absolute" version="1.1"
      xmlns="http://www.w3.org/1999/xhtml" class="_jsPlumb_connector "><path d="M 9 89 C 19 39 -10 50 0 0 " transform="translate(10.5,0.5)" pointer-events="visibleStroke" version="1.1"
      xmlns="http://www.w3.org/1999/xhtml" fill="none" stroke="#666" style=""></path><path pointer-events="all" version="1.1"
      xmlns="http://www.w3.org/1999/xhtml" d="M11.064096,67.21769599999999 L15.056660173205415,46.40761595875948 L9.011824562262685,53.368934974339695 L1.2078991475451177,48.459887396496796 L11.064096,67.21769599999999" class="" stroke="#666" fill="#666" transform="translate(10.5,0.5)"></path><path pointer-events="all" version="1.1"
      xmlns="http://www.w3.org/1999/xhtml" d="M11.064096,67.21769599999999 L15.056660173205415,46.40761595875948 L9.011824562262685,53.368934974339695 L1.2078991475451177,48.459887396496796 L11.064096,67.21769599999999" class="" stroke="#666" fill="#666" transform="translate(10.5,0.5)"></path></svg><svg style="position:absolute;left:269px;top:293.5px" width="163.5" height="89" pointer-events="none" position="absolute" version="1.1"
      xmlns="http://www.w3.org/1999/xhtml" class="_jsPlumb_connector "><path d="M 142.5 88 C 152.5 38 -10 50 0 0 " transform="translate(10.5,0.5)" pointer-events="visibleStroke" version="1.1"
      xmlns="http://www.w3.org/1999/xhtml" fill="none" stroke="#666" style=""></path><path pointer-events="all" version="1.1"
      xmlns="http://www.w3.org/1999/xhtml" d="M123.860675625,60.59109050000001 L108.33072958021837,46.17510021677035 L111.02960226131323,54.99077297902962 L102.730412059248,59.00617358045712 L123.860675625,60.59109050000001" class="" stroke="#666" fill="#666" transform="translate(10.5,0.5)"></path><path pointer-events="all" version="1.1"
      xmlns="http://www.w3.org/1999/xhtml" d="M123.860675625,60.59109050000001 L108.33072958021837,46.17510021677035 L111.02960226131323,54.99077297902962 L102.730412059248,59.00617358045712 L123.860675625,60.59109050000001" class="" stroke="#666" fill="#666" transform="translate(10.5,0.5)"></path></svg><svg style="position:absolute;left:415px;top:549.5px" width="76.5" height="90" pointer-events="none" position="absolute" version="1.1"
      xmlns="http://www.w3.org/1999/xhtml" class="_jsPlumb_connector "><path d="M 0 89 C -10 39 65.5 50 55.5 0 " transform="translate(10.5,0.5)" pointer-events="visibleStroke" version="1.1"
      xmlns="http://www.w3.org/1999/xhtml" fill="none" stroke="#666" style=""></path><path pointer-events="all" version="1.1"
      xmlns="http://www.w3.org/1999/xhtml" d="M2.8919999999999986,65.34400000000001 L20.886729740560007,54.15517961694777 L11.6715544093935,54.438981688575716 L9.981711429135714,45.37562520755427 L2.8919999999999986,65.34400000000001" class="" stroke="#666" fill="#666" transform="translate(10.5,0.5)"></path><path pointer-events="all" version="1.1"
      xmlns="http://www.w3.org/1999/xhtml" d="M2.8919999999999986,65.34400000000001 L20.886729740560007,54.15517961694777 L11.6715544093935,54.438981688575716 L9.981711429135714,45.37562520755427 L2.8919999999999986,65.34400000000001" class="" stroke="#666" fill="#666" transform="translate(10.5,0.5)"></path></svg><svg style="position:absolute;left:337px;top:549.5px" width="99" height="90" pointer-events="none" position="absolute" version="1.1"
      xmlns="http://www.w3.org/1999/xhtml" class="_jsPlumb_connector "><path d="M 78 89 C 88 39 -10 50 0 0 " transform="translate(10.5,0.5)" pointer-events="visibleStroke" version="1.1"
      xmlns="http://www.w3.org/1999/xhtml" fill="none" stroke="#666" style=""></path><path pointer-events="all" version="1.1"
      xmlns="http://www.w3.org/1999/xhtml" d="M71.619789,63.99669325 L61.00123170774985,45.65967492555038 L60.995682457402886,54.87921771279425 L51.8837561705441,56.28378146814748 L71.619789,63.99669325" class="" stroke="#666" fill="#666" transform="translate(10.5,0.5)"></path><path pointer-events="all" version="1.1"
      xmlns="http://www.w3.org/1999/xhtml" d="M71.619789,63.99669325 L61.00123170774985,45.65967492555038 L60.995682457402886,54.87921771279425 L51.8837561705441,56.28378146814748 L71.619789,63.99669325" class="" stroke="#666" fill="#666" transform="translate(10.5,0.5)"></path></svg><svg style="position:absolute;left:337px;top:421.5px" width="95.5" height="89" pointer-events="none" position="absolute" version="1.1"
      xmlns="http://www.w3.org/1999/xhtml" class="_jsPlumb_connector "><path d="M 0 88 C -10 38 84.5 50 74.5 0 " transform="translate(10.5,0.5)" pointer-events="visibleStroke" version="1.1"
      xmlns="http://www.w3.org/1999/xhtml" fill="none" stroke="#666" style=""></path><path pointer-events="all" version="1.1"
      xmlns="http://www.w3.org/1999/xhtml" d="M5.964417124999996,63.115491500000005 L25.586081564999308,55.11609873529177 L16.454674479695765,53.84432649056072 L16.31491655556002,44.625841380596 L5.964417124999996,63.115491500000005" class="" stroke="#666" fill="#666" transform="translate(10.5,0.5)"></path><path pointer-events="all" version="1.1"
      xmlns="http://www.w3.org/1999/xhtml" d="M5.964417124999996,63.115491500000005 L25.586081564999308,55.11609873529177 L16.454674479695765,53.84432649056072 L16.31491655556002,44.625841380596 L5.964417124999996,63.115491500000005" class="" stroke="#666" fill="#666" transform="translate(10.5,0.5)"></path></svg><svg style="position:absolute;left:411.5px;top:421.5px" width="80" height="89" pointer-events="none" position="absolute" version="1.1"
      xmlns="http://www.w3.org/1999/xhtml" class="_jsPlumb_connector "><path d="M 59 88 C 69 38 -10 50 0 0 " transform="translate(10.5,0.5)" pointer-events="visibleStroke" version="1.1"
      xmlns="http://www.w3.org/1999/xhtml" fill="none" stroke="#666" style=""></path><path pointer-events="all" version="1.1"
      xmlns="http://www.w3.org/1999/xhtml" d="M55.46281725,63.998374500000004 L47.515142617302224,44.35570492754188 L46.21931944319316,53.483730031661715 L37.000498148963935,53.59920273434872 L55.46281725,63.998374500000004" class="" stroke="#666" fill="#666" transform="translate(10.5,0.5)"></path><path pointer-events="all" version="1.1"
      xmlns="http://www.w3.org/1999/xhtml" d="M55.46281725,63.998374500000004 L47.515142617302224,44.35570492754188 L46.21931944319316,53.483730031661715 L37.000498148963935,53.59920273434872 L55.46281725,63.998374500000004" class="" stroke="#666" fill="#666" transform="translate(10.5,0.5)"></path></svg><div class="_jsPlumb_endpoint source-endpoint dependency-source-endpoint connected _jsPlumb_endpoint_anchor_ ui-draggable ui-droppable" style="position: absolute; height: 20px; width: 20px; left: 266px; top: 412px;"><svg style="position:absolute;left:0px;top:0px" width="20" height="20" pointer-events="all" position="absolute" version="1.1"
      xmlns="http://www.w3.org/1999/xhtml"><circle cx="10" cy="10" r="10" version="1.1"
      xmlns="http://www.w3.org/1999/xhtml" fill="#666" stroke="none" style=""></circle></svg></div><div class="_jsPlumb_endpoint target-endpoint dependency-target-endpoint _jsPlumb_endpoint_anchor_ ui-draggable ui-droppable _jsPlumb_endpoint_connected" style="position: absolute; height: 20px; width: 20px; left: 266px; top: 372px;"><svg style="position:absolute;left:0px;top:0px" width="20" height="20" pointer-events="all" position="absolute" version="1.1"
      xmlns="http://www.w3.org/1999/xhtml"><circle cx="10" cy="10" r="10" version="1.1"
      xmlns="http://www.w3.org/1999/xhtml" fill="#666" stroke="none" style=""></circle></svg></div><div class="_jsPlumb_endpoint source-endpoint dependency-source-endpoint connected _jsPlumb_endpoint_anchor_ ui-draggable ui-droppable _jsPlumb_endpoint_connected" style="position: absolute; height: 20px; width: 20px; left: 348px; top: 157px;"><svg style="position:absolute;left:0px;top:0px" width="20" height="20" pointer-events="all" position="absolute" version="1.1"
      xmlns="http://www.w3.org/1999/xhtml"><circle cx="10" cy="10" r="10" version="1.1"
      xmlns="http://www.w3.org/1999/xhtml" fill="#666" stroke="none" style=""></circle></svg></div><div class="_jsPlumb_endpoint source-endpoint dependency-source-endpoint connected _jsPlumb_endpoint_anchor_ ui-draggable ui-droppable _jsPlumb_endpoint_connected" style="position: absolute; height: 20px; width: 20px; left: 269.5px; top: 284px;"><svg style="position:absolute;left:0px;top:0px" width="20" height="20" pointer-events="all" position="absolute" version="1.1"
      xmlns="http://www.w3.org/1999/xhtml"><circle cx="10" cy="10" r="10" version="1.1"
      xmlns="http://www.w3.org/1999/xhtml" fill="#666" stroke="none" style=""></circle></svg></div><div class="_jsPlumb_endpoint target-endpoint dependency-target-endpoint _jsPlumb_endpoint_anchor_ ui-draggable ui-droppable _jsPlumb_endpoint_connected" style="position: absolute; height: 20px; width: 20px; left: 269.5px; top: 244px;"><svg style="position:absolute;left:0px;top:0px" width="20" height="20" pointer-events="all" position="absolute" version="1.1"
      xmlns="http://www.w3.org/1999/xhtml"><circle cx="10" cy="10" r="10" version="1.1"
      xmlns="http://www.w3.org/1999/xhtml" fill="#666" stroke="none" style=""></circle></svg></div><div class="_jsPlumb_endpoint source-endpoint dependency-source-endpoint connected _jsPlumb_endpoint_anchor_ ui-draggable ui-droppable _jsPlumb_endpoint_connected" style="position: absolute; height: 20px; width: 20px; left: 403px; top: 283px;"><svg style="position:absolute;left:0px;top:0px" width="20" height="20" pointer-events="all" position="absolute" version="1.1"
      xmlns="http://www.w3.org/1999/xhtml"><circle cx="10" cy="10" r="10" version="1.1"
      xmlns="http://www.w3.org/1999/xhtml" fill="#666" stroke="none" style=""></circle></svg></div><div class="_jsPlumb_endpoint target-endpoint dependency-target-endpoint _jsPlumb_endpoint_anchor_ ui-draggable ui-droppable _jsPlumb_endpoint_connected" style="position: absolute; height: 20px; width: 20px; left: 403px; top: 243px;"><svg style="position:absolute;left:0px;top:0px" width="20" height="20" pointer-events="all" position="absolute" version="1.1"
      xmlns="http://www.w3.org/1999/xhtml"><circle cx="10" cy="10" r="10" version="1.1"
      xmlns="http://www.w3.org/1999/xhtml" fill="#666" stroke="none" style=""></circle></svg></div><div class="_jsPlumb_endpoint source-endpoint dependency-source-endpoint connected _jsPlumb_endpoint_anchor_ ui-draggable ui-droppable _jsPlumb_endpoint_connected" style="position: absolute; height: 20px; width: 20px; left: 412px; top: 412px;"><svg style="position:absolute;left:0px;top:0px" width="20" height="20" pointer-events="all" position="absolute" version="1.1"
      xmlns="http://www.w3.org/1999/xhtml"><circle cx="10" cy="10" r="10" version="1.1"
      xmlns="http://www.w3.org/1999/xhtml" fill="#666" stroke="none" style=""></circle></svg></div><div class="_jsPlumb_endpoint target-endpoint dependency-target-endpoint _jsPlumb_endpoint_anchor_ ui-draggable ui-droppable _jsPlumb_endpoint_connected" style="position: absolute; height: 20px; width: 20px; left: 412px; top: 372px;"><svg style="position:absolute;left:0px;top:0px" width="20" height="20" pointer-events="all" position="absolute" version="1.1"
      xmlns="http://www.w3.org/1999/xhtml"><circle cx="10" cy="10" r="10" version="1.1"
      xmlns="http://www.w3.org/1999/xhtml" fill="#666" stroke="none" style=""></circle></svg></div><div class="_jsPlumb_endpoint source-endpoint dependency-source-endpoint connected _jsPlumb_endpoint_anchor_ ui-draggable ui-droppable" style="position: absolute; height: 20px; width: 20px; left: 415.5px; top: 669px;"><svg style="position:absolute;left:0px;top:0px" width="20" height="20" pointer-events="all" position="absolute" version="1.1"
      xmlns="http://www.w3.org/1999/xhtml"><circle cx="10" cy="10" r="10" version="1.1"
      xmlns="http://www.w3.org/1999/xhtml" fill="#666" stroke="none" style=""></circle></svg></div><div class="_jsPlumb_endpoint target-endpoint dependency-target-endpoint _jsPlumb_endpoint_anchor_ ui-draggable ui-droppable _jsPlumb_endpoint_connected" style="position: absolute; height: 20px; width: 20px; left: 415.5px; top: 629px;"><svg style="position:absolute;left:0px;top:0px" width="20" height="20" pointer-events="all" position="absolute" version="1.1"
      xmlns="http://www.w3.org/1999/xhtml"><circle cx="10" cy="10" r="10" version="1.1"
      xmlns="http://www.w3.org/1999/xhtml" fill="#666" stroke="none" style=""></circle></svg></div><div class="_jsPlumb_endpoint source-endpoint dependency-source-endpoint connected _jsPlumb_endpoint_anchor_ ui-draggable ui-droppable _jsPlumb_endpoint_connected" style="position: absolute; height: 20px; width: 20px; left: 337.5px; top: 540px;"><svg style="position:absolute;left:0px;top:0px" width="20" height="20" pointer-events="all" position="absolute" version="1.1"
      xmlns="http://www.w3.org/1999/xhtml"><circle cx="10" cy="10" r="10" version="1.1"
      xmlns="http://www.w3.org/1999/xhtml" fill="#666" stroke="none" style=""></circle></svg></div><div class="_jsPlumb_endpoint target-endpoint dependency-target-endpoint _jsPlumb_endpoint_anchor_ ui-draggable ui-droppable _jsPlumb_endpoint_connected" style="position: absolute; height: 20px; width: 20px; left: 337.5px; top: 500px;"><svg style="position:absolute;left:0px;top:0px" width="20" height="20" pointer-events="all" position="absolute" version="1.1"
      xmlns="http://www.w3.org/1999/xhtml"><circle cx="10" cy="10" r="10" version="1.1"
      xmlns="http://www.w3.org/1999/xhtml" fill="#666" stroke="none" style=""></circle></svg></div><div class="_jsPlumb_endpoint source-endpoint dependency-source-endpoint connected _jsPlumb_endpoint_anchor_ ui-draggable ui-droppable _jsPlumb_endpoint_connected" style="position: absolute; height: 20px; width: 20px; left: 471px; top: 540px;"><svg style="position:absolute;left:0px;top:0px" width="20" height="20" pointer-events="all" position="absolute" version="1.1"
      xmlns="http://www.w3.org/1999/xhtml"><circle cx="10" cy="10" r="10" version="1.1"
      xmlns="http://www.w3.org/1999/xhtml" fill="#666" stroke="none" style=""></circle></svg></div><div class="_jsPlumb_endpoint target-endpoint dependency-target-endpoint _jsPlumb_endpoint_anchor_ ui-draggable ui-droppable _jsPlumb_endpoint_connected" style="position: absolute; height: 20px; width: 20px; left: 471px; top: 500px;"><svg style="position:absolute;left:0px;top:0px" width="20" height="20" pointer-events="all" position="absolute" version="1.1"
      xmlns="http://www.w3.org/1999/xhtml"><circle cx="10" cy="10" r="10" version="1.1"
      xmlns="http://www.w3.org/1999/xhtml" fill="#666" stroke="none" style=""></circle></svg></div></div></div></body></html>
 ]]>
    </visualization>
  </metadata>
</job>
