<?xml version="1.0" encoding="UTF-8"?>
<job
  xmlns:xsi="http://www.w3.org/2001/XMLSchema-instance"
  xmlns="urn:proactive:jobdescriptor:3.11" xsi:schemaLocation="urn:proactive:jobdescriptor:3.11 http://www.activeeon.com/public_content/schemas/proactive/jobdescriptor/3.11/schedulerjob.xsd"  name="Kibana_Service_Actions" projectName="3. Kibana" priority="normal" onTaskError="continueJobExecution"  maxNumberOfExecution="2" >
  <description>
    <![CDATA[ This workflow manages the life-cycle of Kibana PCA service. It allows to trigger three possible actions: Pause_Kibana, Resume_Kibana and Finish_Kibana. ]]>
  </description>
  <genericInformation>
    <info name="bucketName" value="elastic-logstash-kibana"/>
    <info name="workflow.icon" value="/automation-dashboard/styles/patterns/img/wf-icons/kibana.png"/>
    <info name="Documentation" value="PCA/PCAUserGuide.html"/>
    <info name="group" value="public-objects"/>
  </genericInformation>
  <taskFlow>
    <task name="Kibana_Service_Action" 
    
    onTaskError="cancelJob" >
      <variables>
        <variable name="ACTION" value="Finish_Kibana" inherited="false" model="PA:LIST(Pause_Kibana, Resume_Kibana, Finish_Kibana)"/>
        <variable name="INSTANCE_NAME" value="kibana-server-1" inherited="false" />
        <variable name="INSTANCE_ID" value="" inherited="false" />
      </variables>
      <genericInformation>
        <info name="task.icon" value="/automation-dashboard/styles/patterns/img/wf-icons/kibana.png"/>
        <info name="task.documentation" value="PCA/PCAUserGuide.html"/>
      </genericInformation>
      <pre>
        <script>
          <code language="groovy">
            <![CDATA[

]]>
          </code>
        </script>
      </pre>
      <scriptExecutable>
        <script>
          <file url="${PA_CATALOG_REST_URL}/buckets/cloud-automation-scripts/resources/Service_Action/raw" language="groovy"></file>
        </script>
      </scriptExecutable>
      <controlFlow block="none"></controlFlow>
      <metadata>
        <positionTop>
            274.2578125
        </positionTop>
        <positionLeft>
            538.3203125
        </positionLeft>
      </metadata>
    </task>
  </taskFlow>
  <metadata>
    <visualization>
      <![CDATA[ <html><head><link rel="stylesheet" href="/studio/styles/studio-standalone.css"><style>
        #workflow-designer {
            left:0 !important;
            top:0 !important;
            width:3573px;
            height:4323px;
            }
        </style></head><body><div id="workflow-visualization-view"><div id="workflow-visualization" style="position:relative;top:-269.2578125px;left:-533.3203125px"><div class="task _jsPlumb_endpoint_anchor_ ui-draggable active-task" id="jsPlumb_1_644" style="top: 274.258px; left: 538.324px; z-index: 24;"><a class="task-name"><img src="/automation-dashboard/styles/patterns/img/wf-icons/kibana.png" width="20px">&nbsp;<span class="name">Kibana_Service_Action</span></a></div><div class="_jsPlumb_endpoint source-endpoint dependency-source-endpoint connected _jsPlumb_endpoint_anchor_ ui-draggable ui-droppable" style="position: absolute; height: 20px; width: 20px; left: 597.324px; top: 304.258px;"><svg style="position:absolute;left:0px;top:0px" width="20" height="20" pointer-events="all" position="absolute" version="1.1"
      xmlns="http://www.w3.org/1999/xhtml"><circle cx="10" cy="10" r="10" version="1.1"
      xmlns="http://www.w3.org/1999/xhtml" fill="#666" stroke="none" style=""></circle></svg></div></div></div></body></html>
 ]]>
    </visualization>
  </metadata>
</job>