<?xml version="1.0" encoding="UTF-8" standalone="no"?>
<job xmlns="urn:proactive:jobdescriptor:3.12" xmlns:xsi="http://www.w3.org/2001/XMLSchema-instance" maxNumberOfExecution="2" name="Twitter_Streaming_Analysis" onTaskError="continueJobExecution" priority="normal" projectName="4. ELK Stack Workflows" xsi:schemaLocation="urn:proactive:jobdescriptor:3.12 http://www.activeeon.com/public_content/schemas/proactive/jobdescriptor/3.12/schedulerjob.xsd">
  <variables>
    <variable name="keyword1" value="IA"/>
    <variable name="keyword2" value="machinelearning"/>
  </variables>
  <description>
    <![CDATA[ Monitor the Twitter feed mentioning specific keywords using ELK Stack.You can use the following pre-made dashboard to visualize the results in Kibana : https://s3.eu-west-2.amazonaws.com/activeeon-public/ELK/twitter_kibana.json ]]>
  </description>
  <genericInformation>
<info name="bucketName" value="elastic-logstash-kibana"/>
<info name="workflow.icon" value="/automation-dashboard/styles/patterns/img/wf-icons/twitter.png"/>
<info name="Documentation" value="https://www.elastic.co/elk-stack"/>
<info name="group" value="public-objects"/>
</genericInformation>
  <taskFlow>
    <task fork="true" name="Configure_Logstash">
      <description>
        <![CDATA[ The simplest task, ran by a bash engine. ]]>
      </description>
      <depends>
        <task ref="Start_Logstash_Service"/>
        <task ref="Start_Kibana_Service"/>
      </depends>
      <scriptExecutable>
        <script>
          <code language="bash">
            <![CDATA[
echo "=================BEGIN_CONFIGURE_LOGSTASH=================="

CONTAINER=$variables_INSTANCE_NAME_LOGSTASH
keyword1=$variables_keyword1
keyword2=$variables_keyword2
consumer_key=$credentials_consumer_key
consumer_secret=$credentials_consumer_secret
oauth_token=$credentials_oauth_token
oauth_token_secret=$credentials_oauth_token_secret

docker exec $CONTAINER /bin/bash -c "cd usr/share/logstash/config && mkdir -p twitter"
docker exec $CONTAINER /bin/bash -c "cd usr/share/logstash/config/twitter && rm -f twitter_template.json && wget https://s3.eu-west-2.amazonaws.com/activeeon-public/ELK/twitter_template.json"
docker exec $CONTAINER /bin/bash -c "cd usr/share/logstash/config/twitter && rm -f twitter_logstash.conf && wget https://s3.eu-west-2.amazonaws.com/activeeon-public/ELK/twitter_logstash.conf"
docker exec -e consumer_key=$consumer_key -e consumer_secret=$consumer_secret -e oauth_token=$oauth_token -e oauth_token_secret=$oauth_token_secret -e keyword1=$keyword1 -e keyword2=$keyword2 $CONTAINER /bin/bash -c "cd usr/share/logstash/config/twitter && logstash -f twitter_logstash.conf"


echo "=================END_CONFIGURE_LOGSTASH=================="
]]>
          </code>
        </script>
      </scriptExecutable>
      <metadata>
        <positionTop>
            451.52783203125
        </positionTop>
        <positionLeft>
            302.20489501953125
        </positionLeft>
      </metadata>
    </task>
    <task fork="true" name="Start_Elasticsearch_Service" onTaskError="cancelJob">
      <description>
        <![CDATA[ Start the Elasticsearch server as a service. ]]>
      </description>
      <variables>
        <variable inherited="false" name="SERVICE_ID" value="Elasticsearch"/>
        <variable inherited="false" name="INSTANCE_NAME" value="elasticsearch-server-${PA_JOB_ID}"/>
      </variables>
      <genericInformation>
        <info name="task.icon" value="/automation-dashboard/styles/patterns/img/wf-icons/elasticsearch.png"/>
        <info name="task.documentation" value="PCA/PCAUserGuide.html"/>
      </genericInformation>
      <pre>
        <script>
          <code language="groovy">
            <![CDATA[

]]>
          </code>
        </script>
      </pre>
      <scriptExecutable>
        <script>
          <file language="groovy" url="${PA_CATALOG_REST_URL}/buckets/cloud-automation-scripts/resources/Service_Start/raw"/>
        </script>
      </scriptExecutable>
      <controlFlow block="none"/>
      <post>
        <script>
          <code language="groovy">
            <![CDATA[
variables.put("ENDPOINT_ELASTICSEARCH",variables.get("ENDPOINT_" + variables.get("INSTANCE_NAME")))
]]>
          </code>
        </script>
      </post>
      <metadata>
        <positionTop>
            195.52084350585938
        </positionTop>
        <positionLeft>
            366.21527099609375
        </positionLeft>
      </metadata>
    </task>
    <task fork="true" name="Start_Logstash_Service" onTaskError="cancelJob">
      <description>
        <![CDATA[ Start the Logstash server as a service. ]]>
      </description>
      <variables>
        <variable inherited="false" name="SERVICE_ID" value="Logstash"/>
        <variable inherited="false" name="INSTANCE_NAME" value="logstash-server-${PA_JOB_ID}"/>
      </variables>
      <genericInformation>
        <info name="task.icon" value="/automation-dashboard/styles/patterns/img/wf-icons/logstash.png"/>
        <info name="task.documentation" value="PCA/PCAUserGuide.html"/>
      </genericInformation>
      <depends>
        <task ref="Start_Elasticsearch_Service"/>
      </depends>
      <pre>
        <script>
          <code language="groovy">
            <![CDATA[

]]>
          </code>
        </script>
      </pre>
      <scriptExecutable>
        <script>
          <file language="groovy" url="${PA_CATALOG_REST_URL}/buckets/cloud-automation-scripts/resources/Service_Start/raw">
            <arguments>
              <argument value="ENDPOINT_ELASTICSEARCH"/>
            </arguments>
          </file>
        </script>
      </scriptExecutable>
      <controlFlow block="none"/>
      <post>
        <script>
          <code language="groovy">
            <![CDATA[
variables.put("INSTANCE_NAME_LOGSTASH", variables.get("INSTANCE_NAME"))
]]>
          </code>
        </script>
      </post>
      <metadata>
        <positionTop>
            322.51739501953125
        </positionTop>
        <positionLeft>
            297.20489501953125
        </positionLeft>
      </metadata>
    </task>
    <task fork="true" name="Start_Kibana_Service" onTaskError="cancelJob">
      <description>
        <![CDATA[ Start the Kibana server as a service. ]]>
      </description>
      <variables>
        <variable inherited="false" name="SERVICE_ID" value="Kibana"/>
        <variable inherited="false" name="INSTANCE_NAME" value="kibana-server-${PA_JOB_ID}"/>
      </variables>
      <genericInformation>
        <info name="task.icon" value="/automation-dashboard/styles/patterns/img/wf-icons/kibana.png"/>
        <info name="task.documentation" value="https://www.elastic.co/guide/en/kibana/current/introduction.html"/>
      </genericInformation>
      <depends>
        <task ref="Start_Elasticsearch_Service"/>
      </depends>
      <pre>
        <script>
          <code language="groovy">
            <![CDATA[

]]>
          </code>
        </script>
      </pre>
      <scriptExecutable>
        <script>
          <file language="groovy" url="${PA_CATALOG_REST_URL}/buckets/cloud-automation-scripts/resources/Service_Start/raw">
            <arguments>
              <argument value="ENDPOINT_ELASTICSEARCH"/>
            </arguments>
          </file>
        </script>
      </scriptExecutable>
      <controlFlow block="none"/>
      <metadata>
        <positionTop>
            323.5243225097656
        </positionTop>
        <positionLeft>
            435.2083740234375
        </positionLeft>
      </metadata>
    </task>
    <task fork="true" name="Web_Validation_Finish_ELK" onTaskError="pauseJob">
      <description>
        <![CDATA[ Task to pause the job and send a validation message to the notification service ]]>
      </description>
      <genericInformation>
        <info name="task.icon" value="/automation-dashboard/styles/patterns/img/wf-icons/web_validation.png"/>
      </genericInformation>
      <depends>
        <task ref="Start_Kibana_Service"/>
        <task ref="Start_Logstash_Service"/>
      </depends>
      <scriptExecutable>
        <script>
          <file language="groovy" url="${PA_CATALOG_REST_URL}/buckets/notification-tools/resources/Web_Validation_Script/raw">
            <arguments>
              <argument value="Please Validate to Finish ELK Services"/>
            </arguments>
          </file>
        </script>
      </scriptExecutable>
      <metadata>
        <positionTop>
            451.52783203125
        </positionTop>
        <positionLeft>
            430.2083740234375
        </positionLeft>
      </metadata>
    </task>
    <task fork="true" name="Elasticsearch_Service_Action" onTaskError="cancelJob">
      <variables>
        <variable inherited="false" model="PA:LIST(Pause_Elasticsearch, Resume_Elasticsearch, Finish_Elasticsearch)" name="ACTION" value="Finish_Elasticsearch"/>
        <variable inherited="false" name="INSTANCE_NAME" value="elasticsearch-server-${PA_JOB_ID}"/>
        <variable inherited="false" name="INSTANCE_ID" value=""/>
      </variables>
      <genericInformation>
        <info name="task.icon" value="/automation-dashboard/styles/patterns/img/wf-icons/elasticsearch.png"/>
        <info name="task.documentation" value="PCA/PCAUserGuide.html"/>
      </genericInformation>
      <depends>
        <task ref="Kibana_Service_Action"/>
        <task ref="Logstash_Service_Action"/>
      </depends>
      <pre>
        <script>
          <code language="groovy">
            <![CDATA[

]]>
          </code>
        </script>
      </pre>
      <scriptExecutable>
        <script>
          <file language="groovy" url="${PA_CATALOG_REST_URL}/buckets/cloud-automation-scripts/resources/Service_Action/raw"/>
        </script>
      </scriptExecutable>
      <controlFlow block="none"/>
      <metadata>
        <positionTop>
            707.5173950195312
        </positionTop>
        <positionLeft>
            430.2083740234375
        </positionLeft>
      </metadata>
    </task>
    <task fork="true" name="Kibana_Service_Action" onTaskError="cancelJob">
      <variables>
        <variable inherited="false" model="PA:LIST(Pause_Kibana, Resume_Kibana, Finish_Kibana)" name="ACTION" value="Finish_Kibana"/>
        <variable inherited="false" name="INSTANCE_NAME" value="kibana-server-${PA_JOB_ID}"/>
        <variable inherited="false" name="INSTANCE_ID" value=""/>
      </variables>
      <genericInformation>
        <info name="task.icon" value="/automation-dashboard/styles/patterns/img/wf-icons/kibana.png"/>
        <info name="task.documentation" value="PCA/PCAUserGuide.html"/>
      </genericInformation>
      <depends>
        <task ref="Web_Validation_Finish_ELK"/>
      </depends>
      <pre>
        <script>
          <code language="groovy">
            <![CDATA[

]]>
          </code>
        </script>
      </pre>
      <scriptExecutable>
        <script>
          <file language="groovy" url="${PA_CATALOG_REST_URL}/buckets/cloud-automation-scripts/resources/Service_Action/raw"/>
        </script>
      </scriptExecutable>
      <controlFlow block="none"/>
      <metadata>
        <positionTop>
            579.5313110351562
        </positionTop>
        <positionLeft>
            366.21527099609375
        </positionLeft>
      </metadata>
    </task>
    <task fork="true" name="Logstash_Service_Action" onTaskError="cancelJob">
      <variables>
        <variable inherited="false" model="PA:LIST(Pause_Logstash, Resume_Logstash, Finish_Logstash)" name="ACTION" value="Finish_Logstash"/>
        <variable inherited="false" name="INSTANCE_NAME" value="logstash-server-${PA_JOB_ID}"/>
        <variable inherited="false" name="INSTANCE_ID" value=""/>
      </variables>
      <genericInformation>
        <info name="task.icon" value="/automation-dashboard/styles/patterns/img/wf-icons/logstash.png"/>
        <info name="task.documentation" value="PCA/PCAUserGuide.html"/>
      </genericInformation>
      <depends>
        <task ref="Web_Validation_Finish_ELK"/>
      </depends>
      <scriptExecutable>
        <script>
          <file language="groovy" url="${PA_CATALOG_REST_URL}/buckets/cloud-automation-scripts/resources/Service_Action/raw"/>
        </script>
      </scriptExecutable>
      <controlFlow block="none"/>
      <metadata>
        <positionTop>
            579.5313110351562
        </positionTop>
        <positionLeft>
            494.21875
        </positionLeft>
      </metadata>
    </task>
  </taskFlow>
  <metadata>
    <visualization>
      <![CDATA[ <html><head><link rel="stylesheet" href="/studio/styles/studio-standalone.css"><style>
        #workflow-designer {
            left:0 !important;
            top:0 !important;
            width:2384px;
            height:3063px;
            }
        </style></head><body><div id="workflow-visualization-view"><div id="workflow-visualization" style="position:relative;top:-190.52084350585938px;left:-292.20489501953125px"><div class="task ui-draggable _jsPlumb_endpoint_anchor_" id="jsPlumb_1_619" style="top: 451.531px; left: 302.219px;"><a class="task-name" data-toggle="tooltip" data-placement="right" title="The simplest task, ran by a bash engine."><img src="/studio/images/LinuxBash.png" width="20px">&nbsp;<span class="name">Configure_Logstash</span></a></div><div class="task _jsPlumb_endpoint_anchor_ ui-draggable" id="jsPlumb_1_622" style="top: 195.531px; left: 366.219px;"><a class="task-name" data-toggle="tooltip" data-placement="right" title="Start the Elasticsearch server as a service."><img src="/automation-dashboard/styles/patterns/img/wf-icons/elasticsearch.png" width="20px">&nbsp;<span class="name">Start_Elasticsearch_Service</span></a></div><div class="task ui-draggable _jsPlumb_endpoint_anchor_" id="jsPlumb_1_625" style="top: 322.531px; left: 297.219px;"><a class="task-name" data-toggle="tooltip" data-placement="right" title="Start the Logstash server as a service."><img src="/automation-dashboard/styles/patterns/img/wf-icons/logstash.png" width="20px">&nbsp;<span class="name">Start_Logstash_Service</span></a></div><div class="task ui-draggable _jsPlumb_endpoint_anchor_" id="jsPlumb_1_628" style="top: 323.531px; left: 435.219px;"><a class="task-name" data-toggle="tooltip" data-placement="right" title="Start the Kibana server as a service."><img src="/automation-dashboard/styles/patterns/img/wf-icons/kibana.png" width="20px">&nbsp;<span class="name">Start_Kibana_Service</span></a></div><div class="task ui-draggable _jsPlumb_endpoint_anchor_" id="jsPlumb_1_631" style="top: 451.531px; left: 430.219px;"><a class="task-name" data-toggle="tooltip" data-placement="right" title="Task to pause the job and send a validation message to the notification service"><img src="/automation-dashboard/styles/patterns/img/wf-icons/web_validation.png" width="20px">&nbsp;<span class="name">Web_Validation_Finish_ELK</span></a></div><div class="task ui-draggable _jsPlumb_endpoint_anchor_" id="jsPlumb_1_634" style="top: 707.532px; left: 430.219px;"><a class="task-name" data-toggle="tooltip" data-placement="right" title="This task has no description"><img src="/automation-dashboard/styles/patterns/img/wf-icons/elasticsearch.png" width="20px">&nbsp;<span class="name">Elasticsearch_Service_Action</span></a></div><div class="task ui-draggable _jsPlumb_endpoint_anchor_" id="jsPlumb_1_637" style="top: 579.532px; left: 366.219px;"><a class="task-name" data-toggle="tooltip" data-placement="right" title="This task has no description"><img src="/automation-dashboard/styles/patterns/img/wf-icons/kibana.png" width="20px">&nbsp;<span class="name">Kibana_Service_Action</span></a></div><div class="task ui-draggable _jsPlumb_endpoint_anchor_" id="jsPlumb_1_640" style="top: 579.532px; left: 494.219px;"><a class="task-name" data-toggle="tooltip" data-placement="right" title="This task has no description"><img src="/automation-dashboard/styles/patterns/img/wf-icons/logstash.png" width="20px">&nbsp;<span class="name">Logstash_Service_Action</span></a></div><svg style="position:absolute;left:353.5px;top:361.5px" width="24.5" height="90" pointer-events="none" position="absolute" version="1.1"
      xmlns="http://www.w3.org/1999/xhtml" class="_jsPlumb_connector "><path d="M 0 89 C -10 39 13.5 50 3.5 0 " transform="translate(10.5,0.5)" pointer-events="visibleStroke" version="1.1"
      xmlns="http://www.w3.org/1999/xhtml" fill="none" stroke="#666" style=""></path><path pointer-events="all" version="1.1"
      xmlns="http://www.w3.org/1999/xhtml" d="M-2.534544,67.21769599999999 L5.97512850950989,47.811885690175465 L-1.4634106095769124,53.258732096474745 L-7.983835394015355,46.74075229975238 L-2.534544,67.21769599999999" class="" stroke="#666" fill="#666" transform="translate(10.5,0.5)"></path><path pointer-events="all" version="1.1"
      xmlns="http://www.w3.org/1999/xhtml" d="M-2.534544,67.21769599999999 L5.97512850950989,47.811885690175465 L-1.4634106095769124,53.258732096474745 L-7.983835394015355,46.74075229975238 L-2.534544,67.21769599999999" class="" stroke="#666" fill="#666" transform="translate(10.5,0.5)"></path></svg><svg style="position:absolute;left:353.5px;top:362.5px" width="158.5" height="89" pointer-events="none" position="absolute" version="1.1"
      xmlns="http://www.w3.org/1999/xhtml" class="_jsPlumb_connector "><path d="M 0 88 C -10 38 147.5 50 137.5 0 " transform="translate(10.5,0.5)" pointer-events="visibleStroke" version="1.1"
      xmlns="http://www.w3.org/1999/xhtml" fill="none" stroke="#666" style=""></path><path pointer-events="all" version="1.1"
      xmlns="http://www.w3.org/1999/xhtml" d="M17.886010625,60.59109050000001 L38.994230655003136,58.735545522109575 L30.644269423591574,54.826818435969656 L33.229958590972785,45.977286723518006 L17.886010625,60.59109050000001" class="" stroke="#666" fill="#666" transform="translate(10.5,0.5)"></path><path pointer-events="all" version="1.1"
      xmlns="http://www.w3.org/1999/xhtml" d="M17.886010625,60.59109050000001 L38.994230655003136,58.735545522109575 L30.644269423591574,54.826818435969656 L33.229958590972785,45.977286723518006 L17.886010625,60.59109050000001" class="" stroke="#666" fill="#666" transform="translate(10.5,0.5)"></path></svg><svg style="position:absolute;left:357px;top:235.5px" width="100.5" height="87" pointer-events="none" position="absolute" version="1.1"
      xmlns="http://www.w3.org/1999/xhtml" class="_jsPlumb_connector "><path d="M 0 86 C -10 36 89.5 50 79.5 0 " transform="translate(10.5,0.5)" pointer-events="visibleStroke" version="1.1"
      xmlns="http://www.w3.org/1999/xhtml" fill="none" stroke="#666" style=""></path><path pointer-events="all" version="1.1"
      xmlns="http://www.w3.org/1999/xhtml" d="M6.558408374999997,61.353088 L26.519873297301167,54.24394472139462 L17.45487638600445,52.56292390112468 L17.729709198425837,43.34747671039016 L6.558408374999997,61.353088" class="" stroke="#666" fill="#666" transform="translate(10.5,0.5)"></path><path pointer-events="all" version="1.1"
      xmlns="http://www.w3.org/1999/xhtml" d="M6.558408374999997,61.353088 L26.519873297301167,54.24394472139462 L17.45487638600445,52.56292390112468 L17.729709198425837,43.34747671039016 L6.558408374999997,61.353088" class="" stroke="#666" fill="#666" transform="translate(10.5,0.5)"></path></svg><svg style="position:absolute;left:436.5px;top:235.5px" width="75.5" height="88" pointer-events="none" position="absolute" version="1.1"
      xmlns="http://www.w3.org/1999/xhtml" class="_jsPlumb_connector "><path d="M 54.5 87 C 64.5 37 -10 50 0 0 " transform="translate(10.5,0.5)" pointer-events="visibleStroke" version="1.1"
      xmlns="http://www.w3.org/1999/xhtml" fill="none" stroke="#666" style=""></path><path pointer-events="all" version="1.1"
      xmlns="http://www.w3.org/1999/xhtml" d="M51.71200000000001,63.55200000000001 L44.518594826671716,43.620745096900365 L42.87588323154636,52.69276243678903 L33.659357263460734,52.456861865354014 L51.71200000000001,63.55200000000001" class="" stroke="#666" fill="#666" transform="translate(10.5,0.5)"></path><path pointer-events="all" version="1.1"
      xmlns="http://www.w3.org/1999/xhtml" d="M51.71200000000001,63.55200000000001 L44.518594826671716,43.620745096900365 L42.87588323154636,52.69276243678903 L33.659357263460734,52.456861865354014 L51.71200000000001,63.55200000000001" class="" stroke="#666" fill="#666" transform="translate(10.5,0.5)"></path></svg><svg style="position:absolute;left:491px;top:362.5px" width="30" height="89" pointer-events="none" position="absolute" version="1.1"
      xmlns="http://www.w3.org/1999/xhtml" class="_jsPlumb_connector "><path d="M 9 88 C 19 38 -10 50 0 0 " transform="translate(10.5,0.5)" pointer-events="visibleStroke" version="1.1"
      xmlns="http://www.w3.org/1999/xhtml" fill="none" stroke="#666" style=""></path><path pointer-events="all" version="1.1"
      xmlns="http://www.w3.org/1999/xhtml" d="M11.064096,66.303232 L15.016942635045325,45.485571144855605 L8.985401777301874,52.45841237934327 L1.1721230143885997,47.56426536755374 L11.064096,66.303232" class="" stroke="#666" fill="#666" transform="translate(10.5,0.5)"></path><path pointer-events="all" version="1.1"
      xmlns="http://www.w3.org/1999/xhtml" d="M11.064096,66.303232 L15.016942635045325,45.485571144855605 L8.985401777301874,52.45841237934327 L1.1721230143885997,47.56426536755374 L11.064096,66.303232" class="" stroke="#666" fill="#666" transform="translate(10.5,0.5)"></path></svg><svg style="position:absolute;left:357px;top:361.5px" width="164" height="90" pointer-events="none" position="absolute" version="1.1"
      xmlns="http://www.w3.org/1999/xhtml" class="_jsPlumb_connector "><path d="M 143 89 C 153 39 -10 50 0 0 " transform="translate(10.5,0.5)" pointer-events="visibleStroke" version="1.1"
      xmlns="http://www.w3.org/1999/xhtml" fill="none" stroke="#666" style=""></path><path pointer-events="all" version="1.1"
      xmlns="http://www.w3.org/1999/xhtml" d="M124.28534425,61.44042775 L108.81949930657653,46.95568956852143 L111.47923973787645,55.78324760220824 L103.16231915878477,59.76179408064497 L124.28534425,61.44042775" class="" stroke="#666" fill="#666" transform="translate(10.5,0.5)"></path><path pointer-events="all" version="1.1"
      xmlns="http://www.w3.org/1999/xhtml" d="M124.28534425,61.44042775 L108.81949930657653,46.95568956852143 L111.47923973787645,55.78324760220824 L103.16231915878477,59.76179408064497 L124.28534425,61.44042775" class="" stroke="#666" fill="#666" transform="translate(10.5,0.5)"></path></svg><svg style="position:absolute;left:426px;top:619.5px" width="98" height="89" pointer-events="none" position="absolute" version="1.1"
      xmlns="http://www.w3.org/1999/xhtml" class="_jsPlumb_connector "><path d="M 77 88 C 87 38 -10 50 0 0 " transform="translate(10.5,0.5)" pointer-events="visibleStroke" version="1.1"
      xmlns="http://www.w3.org/1999/xhtml" fill="none" stroke="#666" style=""></path><path pointer-events="all" version="1.1"
      xmlns="http://www.w3.org/1999/xhtml" d="M70.73858725,63.115491500000005 L60.101477842590654,44.789228829864456 L60.105259018935634,54.00877251177765 L50.9947588543683,55.42255706092881 L70.73858725,63.115491500000005" class="" stroke="#666" fill="#666" transform="translate(10.5,0.5)"></path><path pointer-events="all" version="1.1"
      xmlns="http://www.w3.org/1999/xhtml" d="M70.73858725,63.115491500000005 L60.101477842590654,44.789228829864456 L60.105259018935634,54.00877251177765 L50.9947588543683,55.42255706092881 L70.73858725,63.115491500000005" class="" stroke="#666" fill="#666" transform="translate(10.5,0.5)"></path></svg><svg style="position:absolute;left:503px;top:619.5px" width="75.5" height="89" pointer-events="none" position="absolute" version="1.1"
      xmlns="http://www.w3.org/1999/xhtml" class="_jsPlumb_connector "><path d="M 0 88 C -10 38 64.5 50 54.5 0 " transform="translate(10.5,0.5)" pointer-events="visibleStroke" version="1.1"
      xmlns="http://www.w3.org/1999/xhtml" fill="none" stroke="#666" style=""></path><path pointer-events="all" version="1.1"
      xmlns="http://www.w3.org/1999/xhtml" d="M2.7879999999999985,64.44800000000001 L20.764285697995007,53.229570853989415 L11.549590064876533,53.5285430750858 L9.844828773080803,44.46798078911287 L2.7879999999999985,64.44800000000001" class="" stroke="#666" fill="#666" transform="translate(10.5,0.5)"></path><path pointer-events="all" version="1.1"
      xmlns="http://www.w3.org/1999/xhtml" d="M2.7879999999999985,64.44800000000001 L20.764285697995007,53.229570853989415 L11.549590064876533,53.5285430750858 L9.844828773080803,44.46798078911287 L2.7879999999999985,64.44800000000001" class="" stroke="#666" fill="#666" transform="translate(10.5,0.5)"></path></svg><svg style="position:absolute;left:426px;top:490.5px" width="95" height="90" pointer-events="none" position="absolute" version="1.1"
      xmlns="http://www.w3.org/1999/xhtml" class="_jsPlumb_connector "><path d="M 0 89 C -10 39 84 50 74 0 " transform="translate(10.5,0.5)" pointer-events="visibleStroke" version="1.1"
      xmlns="http://www.w3.org/1999/xhtml" fill="none" stroke="#666" style=""></path><path pointer-events="all" version="1.1"
      xmlns="http://www.w3.org/1999/xhtml" d="M5.905017999999997,63.99669325 L25.44312664689931,55.79533296636666 L16.299087294734385,54.61781679829963 L16.064250195198937,45.401263671632265 L5.905017999999997,63.99669325" class="" stroke="#666" fill="#666" transform="translate(10.5,0.5)"></path><path pointer-events="all" version="1.1"
      xmlns="http://www.w3.org/1999/xhtml" d="M5.905017999999997,63.99669325 L25.44312664689931,55.79533296636666 L16.299087294734385,54.61781679829963 L16.064250195198937,45.401263671632265 L5.905017999999997,63.99669325" class="" stroke="#666" fill="#666" transform="translate(10.5,0.5)"></path></svg><svg style="position:absolute;left:500px;top:490.5px" width="78.5" height="90" pointer-events="none" position="absolute" version="1.1"
      xmlns="http://www.w3.org/1999/xhtml" class="_jsPlumb_connector "><path d="M 57.5 89 C 67.5 39 -10 50 0 0 " transform="translate(10.5,0.5)" pointer-events="visibleStroke" version="1.1"
      xmlns="http://www.w3.org/1999/xhtml" fill="none" stroke="#666" style=""></path><path pointer-events="all" version="1.1"
      xmlns="http://www.w3.org/1999/xhtml" d="M54.126084375000005,64.88952975000001 L46.55206266712328,45.09977999997507 L45.08349739569505,54.201610367739285 L35.864143284862564,54.14236697928003 L54.126084375000005,64.88952975000001" class="" stroke="#666" fill="#666" transform="translate(10.5,0.5)"></path><path pointer-events="all" version="1.1"
      xmlns="http://www.w3.org/1999/xhtml" d="M54.126084375000005,64.88952975000001 L46.55206266712328,45.09977999997507 L45.08349739569505,54.201610367739285 L35.864143284862564,54.14236697928003 L54.126084375000005,64.88952975000001" class="" stroke="#666" fill="#666" transform="translate(10.5,0.5)"></path></svg><div class="_jsPlumb_endpoint source-endpoint dependency-source-endpoint connected _jsPlumb_endpoint_anchor_ ui-draggable ui-droppable" style="position: absolute; height: 20px; width: 20px; left: 354px; top: 481px;"><svg style="position:absolute;left:0px;top:0px" width="20" height="20" pointer-events="all" position="absolute" version="1.1"
      xmlns="http://www.w3.org/1999/xhtml"><circle cx="10" cy="10" r="10" version="1.1"
      xmlns="http://www.w3.org/1999/xhtml" fill="#666" stroke="none" style=""></circle></svg></div><div class="_jsPlumb_endpoint target-endpoint dependency-target-endpoint _jsPlumb_endpoint_anchor_ ui-draggable ui-droppable _jsPlumb_endpoint_connected" style="position: absolute; height: 20px; width: 20px; left: 354px; top: 441px;"><svg style="position:absolute;left:0px;top:0px" width="20" height="20" pointer-events="all" position="absolute" version="1.1"
      xmlns="http://www.w3.org/1999/xhtml"><circle cx="10" cy="10" r="10" version="1.1"
      xmlns="http://www.w3.org/1999/xhtml" fill="#666" stroke="none" style=""></circle></svg></div><div class="_jsPlumb_endpoint source-endpoint dependency-source-endpoint connected _jsPlumb_endpoint_anchor_ ui-draggable ui-droppable _jsPlumb_endpoint_connected" style="position: absolute; height: 20px; width: 20px; left: 437px; top: 226px;"><svg style="position:absolute;left:0px;top:0px" width="20" height="20" pointer-events="all" position="absolute" version="1.1"
      xmlns="http://www.w3.org/1999/xhtml"><circle cx="10" cy="10" r="10" version="1.1"
      xmlns="http://www.w3.org/1999/xhtml" fill="#666" stroke="none" style=""></circle></svg></div><div class="_jsPlumb_endpoint source-endpoint dependency-source-endpoint connected _jsPlumb_endpoint_anchor_ ui-draggable ui-droppable _jsPlumb_endpoint_connected" style="position: absolute; height: 20px; width: 20px; left: 357.5px; top: 352px;"><svg style="position:absolute;left:0px;top:0px" width="20" height="20" pointer-events="all" position="absolute" version="1.1"
      xmlns="http://www.w3.org/1999/xhtml"><circle cx="10" cy="10" r="10" version="1.1"
      xmlns="http://www.w3.org/1999/xhtml" fill="#666" stroke="none" style=""></circle></svg></div><div class="_jsPlumb_endpoint target-endpoint dependency-target-endpoint _jsPlumb_endpoint_anchor_ ui-draggable ui-droppable _jsPlumb_endpoint_connected" style="position: absolute; height: 20px; width: 20px; left: 357.5px; top: 312px;"><svg style="position:absolute;left:0px;top:0px" width="20" height="20" pointer-events="all" position="absolute" version="1.1"
      xmlns="http://www.w3.org/1999/xhtml"><circle cx="10" cy="10" r="10" version="1.1"
      xmlns="http://www.w3.org/1999/xhtml" fill="#666" stroke="none" style=""></circle></svg></div><div class="_jsPlumb_endpoint source-endpoint dependency-source-endpoint connected _jsPlumb_endpoint_anchor_ ui-draggable ui-droppable _jsPlumb_endpoint_connected" style="position: absolute; height: 20px; width: 20px; left: 491.5px; top: 353px;"><svg style="position:absolute;left:0px;top:0px" width="20" height="20" pointer-events="all" position="absolute" version="1.1"
      xmlns="http://www.w3.org/1999/xhtml"><circle cx="10" cy="10" r="10" version="1.1"
      xmlns="http://www.w3.org/1999/xhtml" fill="#666" stroke="none" style=""></circle></svg></div><div class="_jsPlumb_endpoint target-endpoint dependency-target-endpoint _jsPlumb_endpoint_anchor_ ui-draggable ui-droppable _jsPlumb_endpoint_connected" style="position: absolute; height: 20px; width: 20px; left: 491.5px; top: 313px;"><svg style="position:absolute;left:0px;top:0px" width="20" height="20" pointer-events="all" position="absolute" version="1.1"
      xmlns="http://www.w3.org/1999/xhtml"><circle cx="10" cy="10" r="10" version="1.1"
      xmlns="http://www.w3.org/1999/xhtml" fill="#666" stroke="none" style=""></circle></svg></div><div class="_jsPlumb_endpoint source-endpoint dependency-source-endpoint connected _jsPlumb_endpoint_anchor_ ui-draggable ui-droppable _jsPlumb_endpoint_connected" style="position: absolute; height: 20px; width: 20px; left: 500.5px; top: 481px;"><svg style="position:absolute;left:0px;top:0px" width="20" height="20" pointer-events="all" position="absolute" version="1.1"
      xmlns="http://www.w3.org/1999/xhtml"><circle cx="10" cy="10" r="10" version="1.1"
      xmlns="http://www.w3.org/1999/xhtml" fill="#666" stroke="none" style=""></circle></svg></div><div class="_jsPlumb_endpoint target-endpoint dependency-target-endpoint _jsPlumb_endpoint_anchor_ ui-draggable ui-droppable _jsPlumb_endpoint_connected" style="position: absolute; height: 20px; width: 20px; left: 500.5px; top: 441px;"><svg style="position:absolute;left:0px;top:0px" width="20" height="20" pointer-events="all" position="absolute" version="1.1"
      xmlns="http://www.w3.org/1999/xhtml"><circle cx="10" cy="10" r="10" version="1.1"
      xmlns="http://www.w3.org/1999/xhtml" fill="#666" stroke="none" style=""></circle></svg></div><div class="_jsPlumb_endpoint source-endpoint dependency-source-endpoint connected _jsPlumb_endpoint_anchor_ ui-draggable ui-droppable" style="position: absolute; height: 20px; width: 20px; left: 503.5px; top: 738px;"><svg style="position:absolute;left:0px;top:0px" width="20" height="20" pointer-events="all" position="absolute" version="1.1"
      xmlns="http://www.w3.org/1999/xhtml"><circle cx="10" cy="10" r="10" version="1.1"
      xmlns="http://www.w3.org/1999/xhtml" fill="#666" stroke="none" style=""></circle></svg></div><div class="_jsPlumb_endpoint target-endpoint dependency-target-endpoint _jsPlumb_endpoint_anchor_ ui-draggable ui-droppable _jsPlumb_endpoint_connected" style="position: absolute; height: 20px; width: 20px; left: 503.5px; top: 698px;"><svg style="position:absolute;left:0px;top:0px" width="20" height="20" pointer-events="all" position="absolute" version="1.1"
      xmlns="http://www.w3.org/1999/xhtml"><circle cx="10" cy="10" r="10" version="1.1"
      xmlns="http://www.w3.org/1999/xhtml" fill="#666" stroke="none" style=""></circle></svg></div><div class="_jsPlumb_endpoint source-endpoint dependency-source-endpoint connected _jsPlumb_endpoint_anchor_ ui-draggable ui-droppable _jsPlumb_endpoint_connected" style="position: absolute; height: 20px; width: 20px; left: 426.5px; top: 610px;"><svg style="position:absolute;left:0px;top:0px" width="20" height="20" pointer-events="all" position="absolute" version="1.1"
      xmlns="http://www.w3.org/1999/xhtml"><circle cx="10" cy="10" r="10" version="1.1"
      xmlns="http://www.w3.org/1999/xhtml" fill="#666" stroke="none" style=""></circle></svg></div><div class="_jsPlumb_endpoint target-endpoint dependency-target-endpoint _jsPlumb_endpoint_anchor_ ui-draggable ui-droppable _jsPlumb_endpoint_connected" style="position: absolute; height: 20px; width: 20px; left: 426.5px; top: 570px;"><svg style="position:absolute;left:0px;top:0px" width="20" height="20" pointer-events="all" position="absolute" version="1.1"
      xmlns="http://www.w3.org/1999/xhtml"><circle cx="10" cy="10" r="10" version="1.1"
      xmlns="http://www.w3.org/1999/xhtml" fill="#666" stroke="none" style=""></circle></svg></div><div class="_jsPlumb_endpoint source-endpoint dependency-source-endpoint connected _jsPlumb_endpoint_anchor_ ui-draggable ui-droppable _jsPlumb_endpoint_connected" style="position: absolute; height: 20px; width: 20px; left: 558px; top: 610px;"><svg style="position:absolute;left:0px;top:0px" width="20" height="20" pointer-events="all" position="absolute" version="1.1"
      xmlns="http://www.w3.org/1999/xhtml"><circle cx="10" cy="10" r="10" version="1.1"
      xmlns="http://www.w3.org/1999/xhtml" fill="#666" stroke="none" style=""></circle></svg></div><div class="_jsPlumb_endpoint target-endpoint dependency-target-endpoint _jsPlumb_endpoint_anchor_ ui-draggable ui-droppable _jsPlumb_endpoint_connected" style="position: absolute; height: 20px; width: 20px; left: 558px; top: 570px;"><svg style="position:absolute;left:0px;top:0px" width="20" height="20" pointer-events="all" position="absolute" version="1.1"
      xmlns="http://www.w3.org/1999/xhtml"><circle cx="10" cy="10" r="10" version="1.1"
      xmlns="http://www.w3.org/1999/xhtml" fill="#666" stroke="none" style=""></circle></svg></div></div></div></body></html>
 ]]>
    </visualization>
  </metadata>
</job>
