{
	"metadata": {
		"slug": "remotevisualization",
		"name": "Remote Visualization & Result Display",
		"short_description": "Visualize remote desktop and display results",
		"author": "ActiveEon's Team",
		"tags": ["Samples", "Building blocks", "Monirotin", "Debug"],
		"version": "1.0"
	},
	"test": {
		"scenarios": "resources/test/scenarios.json"
	},
	"catalog" : {
		"bucket" : "basic-examples",
		"objects" : [
			{
				"name" : "Remote_Visulalization",
				"metadata" : {
					"kind": "Workflow/standard",
					"commitMessage": "First commit",
					"contentType": "application/xml"
				},
				"file" : "resources/catalog/remote_visulalization.xml",
				"studio_template" : {
					"name" : "Remote_Visulalization",
					"offsets_json_string": "{\"offsets\":{\"RemoteVisualization\":{\"top\":620.5,\"left\":986}},\"project\":\"2. Advanced Workflows\",\"detailedView\":true}"
				}
			},
			{
				"name" : "Result_Metadata",
				"metadata" : {
					"kind": "Workflow/standard",
					"commitMessage": "First commit",
					"contentType": "application/xml"
				},
				"file" : "resources/catalog/resultmetadata_workflow.xml",
				"studio_template" : {
					"name" : "Result_Metadata",
					"offsets_json_string": "{\"offsets\":{\"Image_Task\":{\"top\":606,\"left\":885.25},\"Pdf_Task\":{\"top\":606,\"left\":1013.25}},\"project\":\"2. Advanced Workflows\",\"detailedView\":true}"
				}
			}
		]
	}
}
