<?xml version="1.0" encoding="UTF-8"?>
<job
  xmlns:xsi="http://www.w3.org/2001/XMLSchema-instance"
  xmlns="urn:proactive:jobdescriptor:3.11" xsi:schemaLocation="urn:proactive:jobdescriptor:3.11 http://www.activeeon.com/public_content/schemas/proactive/jobdescriptor/3.11/schedulerjob.xsd"  name="Critical_Section" projectName="3. Synchronization Examples" priority="normal" onTaskError="continueJobExecution"  maxNumberOfExecution="2" >
  <variables>
    <variable name="NB_SLOTS" value="2" model="PA:INTEGER"/>
    <variable name="NB_TASKS" value="5" model="PA:INTEGER"/>
  </variables>
  <description>
    <![CDATA[ In this example usage of the Synchronization API, a configurable number of tasks can only acquire a limited number of slots. Synchronization is made with an explicit wait call. ]]>
  </description>
  <genericInformation>
    <info name="workflow.icon" value="/automation-dashboard/styles/patterns/img/wf-icons/controls_wait_for_any_replicate.png"/>
  </genericInformation>
  <taskFlow>
    <task name="Init" >
      <description>
        <![CDATA[ Create a channel ]]>
      </description>
      <genericInformation>
        <info name="TASK.ICON" value="/automation-dashboard/styles/patterns/img/wf-icons/controls_wait_for_any_replicate.png"/>
      </genericInformation>
      <scriptExecutable>
        <script>
          <code language="groovy">
            <![CDATA[
jobid = variables.get("PA_JOB_ID")
synchronizationapi.createChannel(jobid, false)
synchronizationapi.put(jobid, "available_slots", Integer.parseInt(variables.get("NB_SLOTS")))
println "Channel " + jobid + " created."
]]>
          </code>
        </script>
      </scriptExecutable>
      <controlFlow >
        <replicate>
          <script>
            <code language="groovy">
              <![CDATA[
runs=Integer.parseInt(variables.get("NB_TASKS"))
]]>
            </code>
          </script>
        </replicate>
      </controlFlow>
    </task>
    <task name="Section" >
      <description>
        <![CDATA[ This task will be replicated according to the 'runs' value specified in
				the replication script.
				The replication index is used in each task's instance to select the
				input. ]]>
      </description>
      <genericInformation>
        <info name="TASK.ICON" value="/automation-dashboard/styles/patterns/img/wf-icons/controls_wait_for_any_replicate.png"/>
      </genericInformation>
      <depends>
        <task ref="Init"/>
      </depends>
      <scriptExecutable>
        <script>
          <code language="groovy">
            <![CDATA[
println "Waiting for available slot"
jobid = variables.get("PA_JOB_ID")
synchronizationapi.waitUntilThen(jobid, "available_slots", "{k, x -> x > 0}", "{ k, x -> x - 1}")
println "Enter critical section"
Thread.sleep(5000)
println "Release slot"
synchronizationapi.compute(jobid,"available_slots", "{ k, x -> x + 1}")
]]>
          </code>
        </script>
      </scriptExecutable>
    </task>
    <task name="Clean" >
      <description>
        <![CDATA[ Delete a channel ]]>
      </description>
      <genericInformation>
        <info name="TASK.ICON" value="/automation-dashboard/styles/patterns/img/wf-icons/controls_wait_for_any_replicate.png"/>
      </genericInformation>
      <depends>
        <task ref="Section"/>
      </depends>
      <scriptExecutable>
        <script>
          <code language="groovy">
            <![CDATA[
jobid = variables.get("PA_JOB_ID")
synchronizationapi.deleteChannel(jobid )
println "Channel " + jobid + " deleted."
]]>
          </code>
        </script>
      </scriptExecutable>
    </task>
  </taskFlow>
  <metadata>
    <visualization>
      <![CDATA[ <html><head><link rel="stylesheet" href="/studio/styles/studio-standalone.css"><style>
        #workflow-designer {
            left:0 !important;
            top:0 !important;
            width:1139px;
            height:566px;
            }
        </style></head><body><div id="workflow-visualization-view"><div id="workflow-visualization" style="position:relative;top:-205.9875030517578px;left:-497.5px"><div class="task ui-draggable _jsPlumb_endpoint_anchor_" id="jsPlumb_1_988" style="top: 211px; left: 502.5px;"><a class="task-name"><img src="/automation-dashboard/styles/patterns/img/wf-icons/controls_wait_for_any_replicate.png" width="20px">&nbsp;<span class="name">Init</span></a></div><div class="task ui-draggable _jsPlumb_endpoint_anchor_" id="jsPlumb_1_991" style="top: 339px; left: 502.5px;"><a class="task-name"><img src="/automation-dashboard/styles/patterns/img/wf-icons/controls_wait_for_any_replicate.png" width="20px">&nbsp;<span class="name">Section</span></a></div><div class="task ui-draggable _jsPlumb_endpoint_anchor_" id="jsPlumb_1_994" style="top: 467px; left: 502.5px;"><a class="task-name"><img src="/automation-dashboard/styles/patterns/img/wf-icons/controls_wait_for_any_replicate.png" width="20px">&nbsp;<span class="name">Clean</span></a></div><svg style="position:absolute;left:567.4657867477086px;top:240.5px" width="15.034213252291345" height="99" pointer-events="none" position="absolute" version="1.1"
      xmlns="http://www.w3.org/1999/xhtml" class="_jsPlumb_connector "><path d="M 0 88 C -10 88 -10 -10 0 0 " transform="translate(14.534213252291345,10.5)" pointer-events="visibleStroke" version="1.1"
      xmlns="http://www.w3.org/1999/xhtml" fill="none" stroke="#e5db3d" style=""></path><path pointer-events="all" version="1.1"
      xmlns="http://www.w3.org/1999/xhtml" d="M-4.889249999999999,77.41936575 L-0.6632823303137547,56.65542592021898 L-6.785898453911784,63.54843482802241 L-14.534213252291345,58.55207437413076 L-4.889249999999999,77.41936575" class="" stroke="rgba(229,219,61,0.5)" fill="rgba(229,219,61,0.5)" transform="translate(14.534213252291345,10.5)"></path><path pointer-events="all" version="1.1"
      xmlns="http://www.w3.org/1999/xhtml" d="M-4.889249999999999,77.41936575 L-0.6632823303137547,56.65542592021898 L-6.785898453911784,63.54843482802241 L-14.534213252291345,58.55207437413076 L-4.889249999999999,77.41936575" class="" stroke="rgba(229,219,61,0.5)" fill="rgba(229,219,61,0.5)" transform="translate(14.534213252291345,10.5)"></path></svg><div class="_jsPlumb_overlay l1 component label" id="jsPlumb_1_1002" style="position: absolute; transform: translate(-50%, -50%); left: 574px; top: 290.75px;">replicate</div><svg style="position:absolute;left:536.9817132113825px;top:250.5px" width="15.518286788617468" height="89" pointer-events="none" position="absolute" version="1.1"
      xmlns="http://www.w3.org/1999/xhtml" class="_jsPlumb_connector "><path d="M 0 88 C -10 38 -10 50 0 0 " transform="translate(15.018286788617468,0.5)" pointer-events="visibleStroke" version="1.1"
      xmlns="http://www.w3.org/1999/xhtml" fill="none" stroke="#666" style=""></path><path pointer-events="all" version="1.1"
      xmlns="http://www.w3.org/1999/xhtml" d="M-4.427999999999998,66.303232 L-1.2615185838583702,45.35154005301801 L-7.026331880366543,52.546463795240896 L-15.018286788617468,47.94987193338456 L-4.427999999999998,66.303232" class="" stroke="#666" fill="#666" transform="translate(15.018286788617468,0.5)"></path><path pointer-events="all" version="1.1"
      xmlns="http://www.w3.org/1999/xhtml" d="M-4.427999999999998,66.303232 L-1.2615185838583702,45.35154005301801 L-7.026331880366543,52.546463795240896 L-15.018286788617468,47.94987193338456 L-4.427999999999998,66.303232" class="" stroke="#666" fill="#666" transform="translate(15.018286788617468,0.5)"></path></svg><svg style="position:absolute;left:536.9817132113825px;top:378.5px" width="15.518286788617468" height="89" pointer-events="none" position="absolute" version="1.1"
      xmlns="http://www.w3.org/1999/xhtml" class="_jsPlumb_connector "><path d="M 0 88 C -10 38 -10 50 0 0 " transform="translate(15.018286788617468,0.5)" pointer-events="visibleStroke" version="1.1"
      xmlns="http://www.w3.org/1999/xhtml" fill="none" stroke="#666" style=""></path><path pointer-events="all" version="1.1"
      xmlns="http://www.w3.org/1999/xhtml" d="M-4.427999999999998,66.303232 L-1.2615185838583702,45.35154005301801 L-7.026331880366543,52.546463795240896 L-15.018286788617468,47.94987193338456 L-4.427999999999998,66.303232" class="" stroke="#666" fill="#666" transform="translate(15.018286788617468,0.5)"></path><path pointer-events="all" version="1.1"
      xmlns="http://www.w3.org/1999/xhtml" d="M-4.427999999999998,66.303232 L-1.2615185838583702,45.35154005301801 L-7.026331880366543,52.546463795240896 L-15.018286788617468,47.94987193338456 L-4.427999999999998,66.303232" class="" stroke="#666" fill="#666" transform="translate(15.018286788617468,0.5)"></path></svg><div class="_jsPlumb_endpoint source-endpoint dependency-source-endpoint connected _jsPlumb_endpoint_anchor_ ui-draggable ui-droppable _jsPlumb_endpoint_connected" style="position: absolute; height: 20px; width: 20px; left: 542px; top: 241px;"><svg style="position:absolute;left:0px;top:0px" width="20" height="20" pointer-events="all" position="absolute" version="1.1"
      xmlns="http://www.w3.org/1999/xhtml"><circle cx="10" cy="10" r="10" version="1.1"
      xmlns="http://www.w3.org/1999/xhtml" fill="#666" stroke="none" style=""></circle></svg></div><div class="_jsPlumb_endpoint source-endpoint replicate-source-endpoint _jsPlumb_endpoint_anchor_ ui-draggable ui-droppable _jsPlumb_endpoint_connected _jsPlumb_endpoint_full" style="position: absolute; height: 20px; width: 20px; left: 572px; top: 241px;"><svg style="position:absolute;left:0px;top:0px" width="20" height="20" pointer-events="all" position="absolute" version="1.1"
      xmlns="http://www.w3.org/1999/xhtml"><circle cx="10" cy="10" r="10" version="1.1"
      xmlns="http://www.w3.org/1999/xhtml" fill="#e5db3d" stroke="none" style=""></circle></svg></div><div class="_jsPlumb_endpoint source-endpoint dependency-source-endpoint connected _jsPlumb_endpoint_anchor_ ui-draggable ui-droppable _jsPlumb_endpoint_connected" style="position: absolute; height: 20px; width: 20px; left: 542px; top: 369px;"><svg style="position:absolute;left:0px;top:0px" width="20" height="20" pointer-events="all" position="absolute" version="1.1"
      xmlns="http://www.w3.org/1999/xhtml"><circle cx="10" cy="10" r="10" version="1.1"
      xmlns="http://www.w3.org/1999/xhtml" fill="#666" stroke="none" style=""></circle></svg></div><div class="_jsPlumb_endpoint target-endpoint replicate-target-endpoint _jsPlumb_endpoint_anchor_ ui-draggable ui-droppable _jsPlumb_endpoint_connected _jsPlumb_endpoint_full" style="position: absolute; height: 20px; width: 20px; left: 572px; top: 329px;"><svg style="position:absolute;left:0px;top:0px" width="20" height="20" pointer-events="all" position="absolute" version="1.1"
      xmlns="http://www.w3.org/1999/xhtml"><circle cx="10" cy="10" r="10" version="1.1"
      xmlns="http://www.w3.org/1999/xhtml" fill="#e5db3d" stroke="none" style=""></circle></svg></div><div class="_jsPlumb_endpoint target-endpoint dependency-target-endpoint _jsPlumb_endpoint_anchor_ ui-draggable ui-droppable _jsPlumb_endpoint_connected" style="position: absolute; height: 20px; width: 20px; left: 542px; top: 329px;"><svg style="position:absolute;left:0px;top:0px" width="20" height="20" pointer-events="all" position="absolute" version="1.1"
      xmlns="http://www.w3.org/1999/xhtml"><circle cx="10" cy="10" r="10" version="1.1"
      xmlns="http://www.w3.org/1999/xhtml" fill="#666" stroke="none" style=""></circle></svg></div><div class="_jsPlumb_endpoint source-endpoint dependency-source-endpoint connected _jsPlumb_endpoint_anchor_ ui-draggable ui-droppable" style="position: absolute; height: 20px; width: 20px; left: 542px; top: 497px;"><svg style="position:absolute;left:0px;top:0px" width="20" height="20" pointer-events="all" position="absolute" version="1.1"
      xmlns="http://www.w3.org/1999/xhtml"><circle cx="10" cy="10" r="10" version="1.1"
      xmlns="http://www.w3.org/1999/xhtml" fill="#666" stroke="none" style=""></circle></svg></div><div class="_jsPlumb_endpoint target-endpoint dependency-target-endpoint _jsPlumb_endpoint_anchor_ ui-draggable ui-droppable _jsPlumb_endpoint_connected" style="position: absolute; height: 20px; width: 20px; left: 542px; top: 457px;"><svg style="position:absolute;left:0px;top:0px" width="20" height="20" pointer-events="all" position="absolute" version="1.1"
      xmlns="http://www.w3.org/1999/xhtml"><circle cx="10" cy="10" r="10" version="1.1"
      xmlns="http://www.w3.org/1999/xhtml" fill="#666" stroke="none" style=""></circle></svg></div></div></div></body></html>
 ]]>
    </visualization>
  </metadata>
</job>