<?xml version="1.0" encoding="UTF-8"?>
<job
  xmlns:xsi="http://www.w3.org/2001/XMLSchema-instance"
  xmlns="urn:proactive:jobdescriptor:3.11" xsi:schemaLocation="urn:proactive:jobdescriptor:3.11 http://www.activeeon.com/public_content/schemas/proactive/jobdescriptor/3.11/schedulerjob.xsd"  name="Service_Deployer_Consumer" projectName="3. Synchronization Examples" priority="normal" onTaskError="continueJobExecution"  maxNumberOfExecution="2" >
  <variables>
    <variable name="NB_READERS" value="3" model="PA:INTEGER"/>
    <variable name="SERVER_PORT_BASE" value="9000" model="PA:INTEGER"/>
  </variables>
  <description>
    <![CDATA[ An example workflow which starts a socket server and keeps it running inside a task (ServiceInstance), while other tasks are interacting the server (ServiceReader). A final task, TerminateService, allows the ServiceInstance to terminate. ]]>
  </description>
  <genericInformation>
    <info name="workflow.icon" value="/automation-dashboard/styles/patterns/img/wf-icons/controls_wait_for_any_replicate.png"/>
  </genericInformation>
  <taskFlow>
    <task name="ServiceInstance" >
      <description>
        <![CDATA[ Deploys a Socket Server, and keeps running while the server is up ]]>
      </description>
      <genericInformation>
        <info name="TASK.ICON" value="/automation-dashboard/styles/patterns/img/wf-icons/controls_wait_for_any_replicate.png"/>
      </genericInformation>
      <scriptExecutable>
        <script>
          <code language="groovy">
            <![CDATA[
import java.net.*
import com.google.common.collect.*
  
channel = "Job_" + variables.get("PA_JOB_ID")  
serverPort = Integer.parseInt(variables.get("SERVER_PORT_BASE")) + Integer.parseInt(variables.get("PA_JOB_ID"))
serverHost = InetAddress.getLocalHost().getHostName()

server = new ServerSocket(serverPort)

synchronizationapi.createChannelIfAbsent(channel, false)
serverInfo = ImmutableMap.builder().put("SERVER_HOST",serverHost).put("SERVER_PORT", serverPort).put("KEEP_SERVER_UP",true).build()
synchronizationapi.putAll(channel, serverInfo)

while(synchronizationapi.get(channel, "KEEP_SERVER_UP")) {
   server.accept { socket ->
        socket.withStreams { input, output ->           
           output << "[${new Date()}] HELLO\n"
           println ">> MESSAGE: ${input.newReader().readLine()}"
        }
    }
}
]]>
          </code>
        </script>
      </scriptExecutable>
    </task>
    <task name="Split" >
      <description>
        <![CDATA[ This task defines some input, here strings to be processed. ]]>
      </description>
      <genericInformation>
        <info name="TASK.ICON" value="/automation-dashboard/styles/patterns/img/wf-icons/controls_wait_for_any_replicate.png"/>
      </genericInformation>
      <scriptExecutable>
        <script>
          <code language="groovy">
            <![CDATA[
channel = "Job_" + variables.get("PA_JOB_ID")
synchronizationapi.createChannelIfAbsent(channel, false)
]]>
          </code>
        </script>
      </scriptExecutable>
      <controlFlow >
        <replicate>
          <script>
            <code language="groovy">
              <![CDATA[
runs=Integer.parseInt(variables.get("NB_READERS"))
]]>
            </code>
          </script>
        </replicate>
      </controlFlow>
    </task>
    <task name="ServiceReader" >
      <description>
        <![CDATA[ Reads from a socket server ]]>
      </description>
      <genericInformation>
        <info name="TASK.ICON" value="/automation-dashboard/styles/patterns/img/wf-icons/controls_wait_for_any_replicate.png"/>
      </genericInformation>
      <depends>
        <task ref="Split"/>
      </depends>
      <scriptExecutable>
        <script>
          <code language="groovy">
            <![CDATA[
import java.net.*

channel = "Job_" + variables.get("PA_JOB_ID")
synchronizationapi.waitUntil(channel, "SERVER_HOST", "{k,x -> x != null}")

serverHost = synchronizationapi.get(channel, "SERVER_HOST")
serverPort = synchronizationapi.get(channel, "SERVER_PORT")

socket = new Socket(serverHost, serverPort)

socket.withStreams { input, output ->
    output << variables.get("PA_TASK_NAME")
    println input.newReader().readLine()
}

socket.close()
]]>
          </code>
        </script>
      </scriptExecutable>
    </task>
    <task name="TerminateService" >
      <description>
        <![CDATA[ As a merge operation, we simply print the results from previous tasks. ]]>
      </description>
      <genericInformation>
        <info name="TASK.ICON" value="/automation-dashboard/styles/patterns/img/wf-icons/controls_wait_for_any_replicate.png"/>
      </genericInformation>
      <depends>
        <task ref="ServiceReader"/>
      </depends>
      <scriptExecutable>
        <script>
          <code language="groovy">
            <![CDATA[
import java.net.*

channel = "Job_" + variables.get("PA_JOB_ID")

synchronizationapi.put(channel, "KEEP_SERVER_UP", false)

// Send a message to the server to unblock it and acknoledge it must terminate
serverHost = synchronizationapi.get(channel, "SERVER_HOST")
serverPort = synchronizationapi.get(channel, "SERVER_PORT")

socket = new Socket(serverHost, serverPort)

socket.withStreams { input, output ->
    println input.newReader().readLine()
    output << "Service will be terminated"
}
]]>
          </code>
        </script>
      </scriptExecutable>
    </task>
    <task name="Clean" >
      <description>
        <![CDATA[ Clean channel ]]>
      </description>
      <genericInformation>
        <info name="TASK.ICON" value="/automation-dashboard/styles/patterns/img/wf-icons/controls_wait_for_any_replicate.png"/>
      </genericInformation>
      <depends>
        <task ref="ServiceInstance"/>
        <task ref="TerminateService"/>
      </depends>
      <scriptExecutable>
        <script>
          <code language="groovy">
            <![CDATA[
channel = "Job_" + variables.get("PA_JOB_ID")  

synchronizationapi.deleteChannel(channel)
]]>
          </code>
        </script>
      </scriptExecutable>
    </task>
  </taskFlow>
  <metadata>
    <visualization>
      <![CDATA[ <html><head><link rel="stylesheet" href="/studio/styles/studio-standalone.css"><style>
        #workflow-designer {
            left:0 !important;
            top:0 !important;
            width:1122px;
            height:582px;
            }
        </style></head><body><div id="workflow-visualization-view"><div id="workflow-visualization" style="position:relative;top:-142px;left:-425.5px"><div class="task _jsPlumb_endpoint_anchor_ ui-draggable" id="jsPlumb_1_1170" style="top: 403px; left: 430.5px;"><a class="task-name"><img src="/automation-dashboard/styles/patterns/img/wf-icons/controls_wait_for_any_replicate.png" width="20px">&nbsp;<span class="name">ServiceInstance</span></a></div><div class="task ui-draggable _jsPlumb_endpoint_anchor_" id="jsPlumb_1_1173" style="top: 147px; left: 577.5px;"><a class="task-name"><img src="/automation-dashboard/styles/patterns/img/wf-icons/controls_wait_for_any_replicate.png" width="20px">&nbsp;<span class="name">Split</span></a></div><div class="task ui-draggable _jsPlumb_endpoint_anchor_" id="jsPlumb_1_1176" style="top: 275px; left: 577.5px;"><a class="task-name"><img src="/automation-dashboard/styles/patterns/img/wf-icons/controls_wait_for_any_replicate.png" width="20px">&nbsp;<span class="name">ServiceReader</span></a></div><div class="task ui-draggable _jsPlumb_endpoint_anchor_" id="jsPlumb_1_1179" style="top: 403px; left: 577.5px;"><a class="task-name"><img src="/automation-dashboard/styles/patterns/img/wf-icons/controls_wait_for_any_replicate.png" width="20px">&nbsp;<span class="name">TerminateService</span></a></div><div class="task ui-draggable _jsPlumb_endpoint_anchor_" id="jsPlumb_1_1182" style="top: 531px; left: 504px;"><a class="task-name"><img src="/automation-dashboard/styles/patterns/img/wf-icons/controls_wait_for_any_replicate.png" width="20px">&nbsp;<span class="name">Clean</span></a></div><svg style="position:absolute;left:647.5px;top:176.5px" width="21.799999999999955" height="99" pointer-events="none" position="absolute" version="1.1"
      xmlns="http://www.w3.org/1999/xhtml" class="_jsPlumb_connector "><path d="M 0.7999999999999545 88 C 10.799999999999955 88 -10 -10 0 0 " transform="translate(10.5,10.5)" pointer-events="visibleStroke" version="1.1"
      xmlns="http://www.w3.org/1999/xhtml" fill="none" stroke="#e5db3d" style=""></path><path pointer-events="all" version="1.1"
      xmlns="http://www.w3.org/1999/xhtml" d="M3.59758169999996,77.41936575 L9.71869677839532,57.13311547556434 L2.987024227964338,63.4326856731075 L-4.267983298497176,57.74367294759996 L3.59758169999996,77.41936575" class="" stroke="rgba(229,219,61,0.5)" fill="rgba(229,219,61,0.5)" transform="translate(10.5,10.5)"></path><path pointer-events="all" version="1.1"
      xmlns="http://www.w3.org/1999/xhtml" d="M3.59758169999996,77.41936575 L9.71869677839532,57.13311547556434 L2.987024227964338,63.4326856731075 L-4.267983298497176,57.74367294759996 L3.59758169999996,77.41936575" class="" stroke="rgba(229,219,61,0.5)" fill="rgba(229,219,61,0.5)" transform="translate(10.5,10.5)"></path></svg><div class="_jsPlumb_overlay l1 component label" id="jsPlumb_1_1190" style="position: absolute; transform: translate(-50%, -50%); left: 657.9px; top: 226.75px;">replicate</div><svg style="position:absolute;left:617.5px;top:186.5px" width="21.5" height="89" pointer-events="none" position="absolute" version="1.1"
      xmlns="http://www.w3.org/1999/xhtml" class="_jsPlumb_connector "><path d="M 0.5 88 C 10.5 38 -10 50 0 0 " transform="translate(10.5,0.5)" pointer-events="visibleStroke" version="1.1"
      xmlns="http://www.w3.org/1999/xhtml" fill="none" stroke="#666" style=""></path><path pointer-events="all" version="1.1"
      xmlns="http://www.w3.org/1999/xhtml" d="M3.274734375,66.78168750000002 L9.572638757893003,46.54962382908555 L2.7862510508584033,52.790212093809444 L-4.4188366482975665,47.038107153227145 L3.274734375,66.78168750000002" class="" stroke="#666" fill="#666" transform="translate(10.5,0.5)"></path><path pointer-events="all" version="1.1"
      xmlns="http://www.w3.org/1999/xhtml" d="M3.274734375,66.78168750000002 L9.572638757893003,46.54962382908555 L2.7862510508584033,52.790212093809444 L-4.4188366482975665,47.038107153227145 L3.274734375,66.78168750000002" class="" stroke="#666" fill="#666" transform="translate(10.5,0.5)"></path></svg><svg style="position:absolute;left:618px;top:314.5px" width="26.5" height="89" pointer-events="none" position="absolute" version="1.1"
      xmlns="http://www.w3.org/1999/xhtml" class="_jsPlumb_connector "><path d="M 5.5 88 C 15.5 38 -10 50 0 0 " transform="translate(10.5,0.5)" pointer-events="visibleStroke" version="1.1"
      xmlns="http://www.w3.org/1999/xhtml" fill="none" stroke="#666" style=""></path><path pointer-events="all" version="1.1"
      xmlns="http://www.w3.org/1999/xhtml" d="M7.868953124999999,66.78168750000002 L12.848095417762192,46.18537370290451 L6.478576933147113,52.85089950918167 L-1.0826925730561543,47.575749894757394 L7.868953124999999,66.78168750000002" class="" stroke="#666" fill="#666" transform="translate(10.5,0.5)"></path><path pointer-events="all" version="1.1"
      xmlns="http://www.w3.org/1999/xhtml" d="M7.868953124999999,66.78168750000002 L12.848095417762192,46.18537370290451 L6.478576933147113,52.85089950918167 L-1.0826925730561543,47.575749894757394 L7.868953124999999,66.78168750000002" class="" stroke="#666" fill="#666" transform="translate(10.5,0.5)"></path></svg><svg style="position:absolute;left:472.5px;top:442.5px" width="92" height="89" pointer-events="none" position="absolute" version="1.1"
      xmlns="http://www.w3.org/1999/xhtml" class="_jsPlumb_connector "><path d="M 71 88 C 81 38 -10 50 0 0 " transform="translate(10.5,0.5)" pointer-events="visibleStroke" version="1.1"
      xmlns="http://www.w3.org/1999/xhtml" fill="none" stroke="#666" style=""></path><path pointer-events="all" version="1.1"
      xmlns="http://www.w3.org/1999/xhtml" d="M65.80842200000001,63.55423600000001 L56.024058072962305,44.75885830910794 L55.604482326775106,53.96885050200427 L46.438672574966574,54.96279798233284 L65.80842200000001,63.55423600000001" class="" stroke="#666" fill="#666" transform="translate(10.5,0.5)"></path><path pointer-events="all" version="1.1"
      xmlns="http://www.w3.org/1999/xhtml" d="M65.80842200000001,63.55423600000001 L56.024058072962305,44.75885830910794 L55.604482326775106,53.96885050200427 L46.438672574966574,54.96279798233284 L65.80842200000001,63.55423600000001" class="" stroke="#666" fill="#666" transform="translate(10.5,0.5)"></path></svg><svg style="position:absolute;left:543.5px;top:442.5px" width="101" height="89" pointer-events="none" position="absolute" version="1.1"
      xmlns="http://www.w3.org/1999/xhtml" class="_jsPlumb_connector "><path d="M 0 88 C -10 38 90 50 80 0 " transform="translate(10.5,0.5)" pointer-events="visibleStroke" version="1.1"
      xmlns="http://www.w3.org/1999/xhtml" fill="none" stroke="#666" style=""></path><path pointer-events="all" version="1.1"
      xmlns="http://www.w3.org/1999/xhtml" d="M6.617807499999998,63.115491500000005 L26.49664200533075,55.778466305163086 L17.413008373938954,54.20125355773553 L17.58240406306627,44.98326543122413 L6.617807499999998,63.115491500000005" class="" stroke="#666" fill="#666" transform="translate(10.5,0.5)"></path><path pointer-events="all" version="1.1"
      xmlns="http://www.w3.org/1999/xhtml" d="M6.617807499999998,63.115491500000005 L26.49664200533075,55.778466305163086 L17.413008373938954,54.20125355773553 L17.58240406306627,44.98326543122413 L6.617807499999998,63.115491500000005" class="" stroke="#666" fill="#666" transform="translate(10.5,0.5)"></path></svg><div class="_jsPlumb_endpoint source-endpoint dependency-source-endpoint connected _jsPlumb_endpoint_anchor_ ui-draggable ui-droppable _jsPlumb_endpoint_connected" style="position: absolute; height: 20px; width: 20px; left: 473px; top: 433px;"><svg style="position:absolute;left:0px;top:0px" width="20" height="20" pointer-events="all" position="absolute" version="1.1"
      xmlns="http://www.w3.org/1999/xhtml"><circle cx="10" cy="10" r="10" version="1.1"
      xmlns="http://www.w3.org/1999/xhtml" fill="#666" stroke="none" style=""></circle></svg></div><div class="_jsPlumb_endpoint source-endpoint dependency-source-endpoint connected _jsPlumb_endpoint_anchor_ ui-draggable ui-droppable _jsPlumb_endpoint_connected" style="position: absolute; height: 20px; width: 20px; left: 618px; top: 177px;"><svg style="position:absolute;left:0px;top:0px" width="20" height="20" pointer-events="all" position="absolute" version="1.1"
      xmlns="http://www.w3.org/1999/xhtml"><circle cx="10" cy="10" r="10" version="1.1"
      xmlns="http://www.w3.org/1999/xhtml" fill="#666" stroke="none" style=""></circle></svg></div><div class="_jsPlumb_endpoint source-endpoint replicate-source-endpoint _jsPlumb_endpoint_anchor_ ui-draggable ui-droppable _jsPlumb_endpoint_connected _jsPlumb_endpoint_full" style="position: absolute; height: 20px; width: 20px; left: 648px; top: 177px;"><svg style="position:absolute;left:0px;top:0px" width="20" height="20" pointer-events="all" position="absolute" version="1.1"
      xmlns="http://www.w3.org/1999/xhtml"><circle cx="10" cy="10" r="10" version="1.1"
      xmlns="http://www.w3.org/1999/xhtml" fill="#e5db3d" stroke="none" style=""></circle></svg></div><div class="_jsPlumb_endpoint source-endpoint dependency-source-endpoint connected _jsPlumb_endpoint_anchor_ ui-draggable ui-droppable _jsPlumb_endpoint_connected" style="position: absolute; height: 20px; width: 20px; left: 618.5px; top: 305px;"><svg style="position:absolute;left:0px;top:0px" width="20" height="20" pointer-events="all" position="absolute" version="1.1"
      xmlns="http://www.w3.org/1999/xhtml"><circle cx="10" cy="10" r="10" version="1.1"
      xmlns="http://www.w3.org/1999/xhtml" fill="#666" stroke="none" style=""></circle></svg></div><div class="_jsPlumb_endpoint target-endpoint replicate-target-endpoint _jsPlumb_endpoint_anchor_ ui-draggable ui-droppable _jsPlumb_endpoint_connected _jsPlumb_endpoint_full" style="position: absolute; height: 20px; width: 20px; left: 648.8px; top: 265px;"><svg style="position:absolute;left:0px;top:0px" width="20" height="20" pointer-events="all" position="absolute" version="1.1"
      xmlns="http://www.w3.org/1999/xhtml"><circle cx="10" cy="10" r="10" version="1.1"
      xmlns="http://www.w3.org/1999/xhtml" fill="#e5db3d" stroke="none" style=""></circle></svg></div><div class="_jsPlumb_endpoint target-endpoint dependency-target-endpoint _jsPlumb_endpoint_anchor_ ui-draggable ui-droppable _jsPlumb_endpoint_connected" style="position: absolute; height: 20px; width: 20px; left: 618.5px; top: 265px;"><svg style="position:absolute;left:0px;top:0px" width="20" height="20" pointer-events="all" position="absolute" version="1.1"
      xmlns="http://www.w3.org/1999/xhtml"><circle cx="10" cy="10" r="10" version="1.1"
      xmlns="http://www.w3.org/1999/xhtml" fill="#666" stroke="none" style=""></circle></svg></div><div class="_jsPlumb_endpoint source-endpoint dependency-source-endpoint connected _jsPlumb_endpoint_anchor_ ui-draggable ui-droppable _jsPlumb_endpoint_connected" style="position: absolute; height: 20px; width: 20px; left: 624px; top: 433px;"><svg style="position:absolute;left:0px;top:0px" width="20" height="20" pointer-events="all" position="absolute" version="1.1"
      xmlns="http://www.w3.org/1999/xhtml"><circle cx="10" cy="10" r="10" version="1.1"
      xmlns="http://www.w3.org/1999/xhtml" fill="#666" stroke="none" style=""></circle></svg></div><div class="_jsPlumb_endpoint target-endpoint dependency-target-endpoint _jsPlumb_endpoint_anchor_ ui-draggable ui-droppable _jsPlumb_endpoint_connected" style="position: absolute; height: 20px; width: 20px; left: 624px; top: 393px;"><svg style="position:absolute;left:0px;top:0px" width="20" height="20" pointer-events="all" position="absolute" version="1.1"
      xmlns="http://www.w3.org/1999/xhtml"><circle cx="10" cy="10" r="10" version="1.1"
      xmlns="http://www.w3.org/1999/xhtml" fill="#666" stroke="none" style=""></circle></svg></div><div class="_jsPlumb_endpoint source-endpoint dependency-source-endpoint connected _jsPlumb_endpoint_anchor_ ui-draggable ui-droppable" style="position: absolute; height: 20px; width: 20px; left: 544px; top: 561px;"><svg style="position:absolute;left:0px;top:0px" width="20" height="20" pointer-events="all" position="absolute" version="1.1"
      xmlns="http://www.w3.org/1999/xhtml"><circle cx="10" cy="10" r="10" version="1.1"
      xmlns="http://www.w3.org/1999/xhtml" fill="#666" stroke="none" style=""></circle></svg></div><div class="_jsPlumb_endpoint target-endpoint dependency-target-endpoint _jsPlumb_endpoint_anchor_ ui-draggable ui-droppable _jsPlumb_endpoint_connected" style="position: absolute; height: 20px; width: 20px; left: 544px; top: 521px;"><svg style="position:absolute;left:0px;top:0px" width="20" height="20" pointer-events="all" position="absolute" version="1.1"
      xmlns="http://www.w3.org/1999/xhtml"><circle cx="10" cy="10" r="10" version="1.1"
      xmlns="http://www.w3.org/1999/xhtml" fill="#666" stroke="none" style=""></circle></svg></div></div></div></body></html>
 ]]>
    </visualization>
  </metadata>
</job>