<?xml version="1.0" encoding="UTF-8"?>
<job
  xmlns:xsi="http://www.w3.org/2001/XMLSchema-instance"
  xmlns="urn:proactive:jobdescriptor:3.11" xsi:schemaLocation="urn:proactive:jobdescriptor:3.11 http://www.activeeon.com/public_content/schemas/proactive/jobdescriptor/3.11/schedulerjob.xsd"  name="File_Trigger" projectName="1. Basic Workflows" priority="normal" onTaskError="continueJobExecution"  maxNumberOfExecution="2" >
  <variables>
    <variable name="FOLDER_TO_MONITOR" value="/tmp/trigger" />
  </variables>
  <description>
    <![CDATA[ Process a file whenever the file is created in a specified folder. For the sake of this example, the monitoring loop will stop after 5 times (see loop code). ]]>
  </description>
  <genericInformation>
    <info name="bucketName" value="basic-examples"/>
    <info name="group" value="public-objects"/>
    <info name="workflow.icon" value="/automation-dashboard/styles/patterns/img/wf-icons/file_trigger.png"/>
  </genericInformation>
  <taskFlow>
    <task name="FileTrigger" onTaskError="suspendTask" >
      <description>
        <![CDATA[ This groovy task check if new files are created in a specified folder (FOLDER_TO_MONITOR). If that is the case, it will pass the file name to the Process Task ]]>
      </description>
      <variables>
        <variable name="FOLDER_TO_MONITOR" value="/tmp/trigger" inherited="true" />
      </variables>
      <genericInformation>
        <info name="task.icon" value="/automation-dashboard/styles/patterns/img/wf-icons/file_trigger.png"/>
      </genericInformation>
      <selection>
        <script type="static">
          <code language="groovy">
            <![CDATA[
selected = org.ow2.proactive.scripting.helper.selection.SelectionUtils.checkHostName("slave3")
]]>
          </code>
        </script>
      </selection>
      <scriptExecutable>
        <script>
          <code language="groovy">
            <![CDATA[
inputFilesFolder = variables.get("FOLDER_TO_MONITOR");
processedFilesfolder = inputFilesFolder + "/.filetrigger";
println("Monitoring " + inputFilesFolder)

new File(processedFilesfolder).mkdirs();

filesToProcess = new ArrayList();

// list files in the watched folder
new File(inputFilesFolder).eachFile() { file->
	if (!file.isDirectory()){
		File f = new File(processedFilesfolder + "/" + file.getName() );
		if(!f.exists()) {
			filesToProcess.add(file.getName())
			// store the processed file name to avoid processing it again
			f.createNewFile();
		}
	}
}

result = filesToProcess;
]]>
          </code>
        </script>
      </scriptExecutable>
      <controlFlow  block="start">
        <replicate>
          <script>
            <code language="groovy">
              <![CDATA[
runs = result.size()
]]>
            </code>
          </script>
        </replicate>
      </controlFlow>
    </task>
    <task name="Process" >
      <description>
        <![CDATA[ This task will be replicated according to the 'runs' value specified in the replication script. The replication index is used in each task's instance to select the input. ]]>
      </description>
      <variables>
        <variable name="called_workflow" value="basic-examples/Print_File_Name" inherited="true"
                  model="PA:CATALOG_OBJECT"/>
      </variables>
      <genericInformation>
        <info name="TASK.ICON" value="/automation-dashboard/styles/patterns/img/wf-icons/print_file_name.png"/>
      </genericInformation>
      <depends>
        <task ref="FileTrigger"/>
      </depends>
      <selection>
        <script type="static">
          <code language="groovy">
            <![CDATA[
selected = org.ow2.proactive.scripting.helper.selection.SelectionUtils.checkHostName("slave3")
]]>
          </code>
        </script>
      </selection>
      <scriptExecutable>
        <script>
          <code language="groovy">
            <![CDATA[
int replication = variables.get('PA_TASK_REPLICATION')
input = results[0].value()[replication]

print("Ready to process " + input)
result = input.toUpperCase()


//Uncomment the following to submit a workflow for every file found
/*
def generic_infos_map = ["PARENT_JOB_ID" : variables.get("PA_JOB_ID")]
def calledWorkflow = variables.get("called_workflow")
variables = new HashMap()
variables.put("file", input)
schedulerapi.connect();
println "Submitting workflow " + calledWorkflow
def jobid = schedulerapi.submitFromCatalog(variables.get("PA_CATALOG_REST_URL"), calledWorkflow, variables, generic_infos_map)
println "Triggered job " + jobid + " to process " + input;
schedulerapi.disconnect();
*/
]]>
          </code>
        </script>
      </scriptExecutable>
    </task>
    <task name="Merge" >
      <description>
        <![CDATA[ As a merge operation, we simply print the results from previous tasks. ]]>
      </description>
      <genericInformation>
        <info name="TASK.ICON" value="/automation-dashboard/styles/patterns/img/wf-icons/controls_replicate.png"/>
      </genericInformation>
      <depends>
        <task ref="Process"/>
      </depends>
      <scriptExecutable>
        <script>
          <code language="groovy">
            <![CDATA[
println results
]]>
          </code>
        </script>
      </scriptExecutable>
      <controlFlow  block="end">
        <loop target="FileTrigger">
          <script>
            <code language="groovy">
              <![CDATA[
loop = variables.get("PA_TASK_ITERATION") < 5 ? true : false;
]]>
            </code>
          </script>
        </loop>
      </controlFlow>
    </task>
  </taskFlow>
  <metadata>
    <visualization>
      <![CDATA[ <html><head><link rel="stylesheet" href="/studio/styles/studio-standalone.css"><style>
        #workflow-designer {
            left:0 !important;
            top:0 !important;
            width:1139px;
            height:566px;
            }
        </style></head><body><div id="workflow-visualization-view"><div id="workflow-visualization" style="position:relative;top:-206.9875030517578px;left:-479px"><div class="task block-start ui-draggable _jsPlumb_endpoint_anchor_" id="jsPlumb_1_3749" style="top: 212px; left: 489px;"><a class="task-name"><img src="/automation-dashboard/styles/patterns/img/wf-icons/file_trigger.png" width="20px">&nbsp;<span class="name">FileTrigger</span></a></div><div class="task ui-draggable _jsPlumb_endpoint_anchor_" id="jsPlumb_1_3752" style="top: 338px; left: 484px;"><a class="task-name"><img src="/automation-dashboard/styles/patterns/img/wf-icons/print_file_name.png" width="20px">&nbsp;<span class="name">Process</span></a></div><div class="task block-end ui-draggable _jsPlumb_endpoint_anchor_" id="jsPlumb_1_3755" style="top: 464px; left: 521px;"><a class="task-name"><img src="/automation-dashboard/styles/patterns/img/wf-icons/controls_replicate.png" width="20px">&nbsp;<span class="name">Merge</span></a></div><svg style="position:absolute;left:553.5px;top:241.5px" width="26" height="97" pointer-events="none" position="absolute" version="1.1"
      xmlns="http://www.w3.org/1999/xhtml" class="_jsPlumb_connector "><path d="M 0 86 C -10 86 15 -10 5 0 " transform="translate(10.5,10.5)" pointer-events="visibleStroke" version="1.1"
      xmlns="http://www.w3.org/1999/xhtml" fill="none" stroke="#e5db3d" style=""></path><path pointer-events="all" version="1.1"
      xmlns="http://www.w3.org/1999/xhtml" d="M-2.34043375,75.63705525 L6.407389831400364,56.33742876167915 L-1.0976114628359488,61.69232890766799 L-7.537336510931647,55.0946064745151 L-2.34043375,75.63705525" class="" stroke="rgba(229,219,61,0.5)" fill="rgba(229,219,61,0.5)" transform="translate(10.5,10.5)"></path><path pointer-events="all" version="1.1"
      xmlns="http://www.w3.org/1999/xhtml" d="M-2.34043375,75.63705525 L6.407389831400364,56.33742876167915 L-1.0976114628359488,61.69232890766799 L-7.537336510931647,55.0946064745151 L-2.34043375,75.63705525" class="" stroke="rgba(229,219,61,0.5)" fill="rgba(229,219,61,0.5)" transform="translate(10.5,10.5)"></path></svg><div class="_jsPlumb_overlay l1 component label" id="jsPlumb_1_3763" style="position: absolute; transform: translate(-50%, -50%); left: 566px; top: 290.75px;">replicate</div><svg style="position:absolute;left:523.5px;top:251.5px" width="26" height="87" pointer-events="none" position="absolute" version="1.1"
      xmlns="http://www.w3.org/1999/xhtml" class="_jsPlumb_connector "><path d="M 0 86 C -10 36 15 50 5 0 " transform="translate(10.5,0.5)" pointer-events="visibleStroke" version="1.1"
      xmlns="http://www.w3.org/1999/xhtml" fill="none" stroke="#666" style=""></path><path pointer-events="all" version="1.1"
      xmlns="http://www.w3.org/1999/xhtml" d="M-2.40953125,64.94400000000002 L6.465900725882897,45.70272386660711 L-1.0743956326843949,51.00780924056453 L-7.470290033552597,44.36758824929151 L-2.40953125,64.94400000000002" class="" stroke="#666" fill="#666" transform="translate(10.5,0.5)"></path><path pointer-events="all" version="1.1"
      xmlns="http://www.w3.org/1999/xhtml" d="M-2.40953125,64.94400000000002 L6.465900725882897,45.70272386660711 L-1.0743956326843949,51.00780924056453 L-7.470290033552597,44.36758824929151 L-2.40953125,64.94400000000002" class="" stroke="#666" fill="#666" transform="translate(10.5,0.5)"></path></svg><svg style="position:absolute;left:523.5px;top:377.5px" width="58" height="87" pointer-events="none" position="absolute" version="1.1"
      xmlns="http://www.w3.org/1999/xhtml" class="_jsPlumb_connector "><path d="M 37 86 C 47 36 -10 50 0 0 " transform="translate(10.5,0.5)" pointer-events="visibleStroke" version="1.1"
      xmlns="http://www.w3.org/1999/xhtml" fill="none" stroke="#666" style=""></path><path pointer-events="all" version="1.1"
      xmlns="http://www.w3.org/1999/xhtml" d="M36.363006000000006,63.55324800000002 L32.795916169070956,42.666030135045325 L29.57963739548844,51.30637450611078 L20.549042675181717,49.44939873955689 L36.363006000000006,63.55324800000002" class="" stroke="#666" fill="#666" transform="translate(10.5,0.5)"></path><path pointer-events="all" version="1.1"
      xmlns="http://www.w3.org/1999/xhtml" d="M36.363006000000006,63.55324800000002 L32.795916169070956,42.666030135045325 L29.57963739548844,51.30637450611078 L20.549042675181717,49.44939873955689 L36.363006000000006,63.55324800000002" class="" stroke="#666" fill="#666" transform="translate(10.5,0.5)"></path></svg><svg style="position:absolute;left:578.5px;top:251.5px" width="53" height="213" pointer-events="none" position="absolute" version="1.1"
      xmlns="http://www.w3.org/1999/xhtml" class="_jsPlumb_connector "><path d="M 0 0 C -10 50 42 162 32 212 " transform="translate(10.5,0.5)" pointer-events="visibleStroke" version="1.1"
      xmlns="http://www.w3.org/1999/xhtml" fill="none" stroke="#316b31" style=""></path><path pointer-events="all" version="1.1"
      xmlns="http://www.w3.org/1999/xhtml" d="M2.3885595,48.2885595 L13.144984632921439,66.54504652132631 L5.111640366654843,62.02117871825761 L-0.5876345853361746,69.26812738798115 L2.3885595,48.2885595" class="" stroke="#316b31" fill="#316b31" transform="translate(10.5,0.5)"></path><path pointer-events="all" version="1.1"
      xmlns="http://www.w3.org/1999/xhtml" d="M2.3885595,48.2885595 L13.144984632921439,66.54504652132631 L5.111640366654843,62.02117871825761 L-0.5876345853361746,69.26812738798115 L2.3885595,48.2885595" class="" stroke="#316b31" fill="#316b31" transform="translate(10.5,0.5)"></path></svg><div class="_jsPlumb_overlay l1 component label" id="jsPlumb_1_3775" style="position: absolute; transform: translate(-50%, -50%); left: 604.5px; top: 357.5px;">loop</div><div class="_jsPlumb_endpoint source-endpoint dependency-source-endpoint connected _jsPlumb_endpoint_anchor_ ui-draggable ui-droppable _jsPlumb_endpoint_connected" style="position: absolute; height: 20px; width: 20px; left: 529px; top: 242px;"><svg style="position:absolute;left:0px;top:0px" width="20" height="20" pointer-events="all" position="absolute" version="1.1"
      xmlns="http://www.w3.org/1999/xhtml"><circle cx="10" cy="10" r="10" version="1.1"
      xmlns="http://www.w3.org/1999/xhtml" fill="#666" stroke="none" style=""></circle></svg></div><div class="_jsPlumb_endpoint source-endpoint replicate-source-endpoint _jsPlumb_endpoint_anchor_ ui-draggable ui-droppable _jsPlumb_endpoint_connected _jsPlumb_endpoint_full" style="position: absolute; height: 20px; width: 20px; left: 559px; top: 242px;"><svg style="position:absolute;left:0px;top:0px" width="20" height="20" pointer-events="all" position="absolute" version="1.1"
      xmlns="http://www.w3.org/1999/xhtml"><circle cx="10" cy="10" r="10" version="1.1"
      xmlns="http://www.w3.org/1999/xhtml" fill="#e5db3d" stroke="none" style=""></circle></svg></div><div class="_jsPlumb_endpoint target-endpoint loop-target-endpoint _jsPlumb_endpoint_anchor_ ui-draggable ui-droppable _jsPlumb_endpoint_connected _jsPlumb_endpoint_full" style="position: absolute; height: 20px; width: 20px; left: 579px; top: 242px;"><svg style="position:absolute;left:0px;top:0px" width="20" height="20" pointer-events="all" position="absolute" version="1.1"
      xmlns="http://www.w3.org/1999/xhtml"><circle cx="10" cy="10" r="10" version="1.1"
      xmlns="http://www.w3.org/1999/xhtml" fill="#316b31" stroke="none" style=""></circle></svg></div><div class="_jsPlumb_endpoint source-endpoint dependency-source-endpoint connected _jsPlumb_endpoint_anchor_ ui-draggable ui-droppable _jsPlumb_endpoint_connected" style="position: absolute; height: 20px; width: 20px; left: 524px; top: 368px;"><svg style="position:absolute;left:0px;top:0px" width="20" height="20" pointer-events="all" position="absolute" version="1.1"
      xmlns="http://www.w3.org/1999/xhtml"><circle cx="10" cy="10" r="10" version="1.1"
      xmlns="http://www.w3.org/1999/xhtml" fill="#666" stroke="none" style=""></circle></svg></div><div class="_jsPlumb_endpoint target-endpoint replicate-target-endpoint _jsPlumb_endpoint_anchor_ ui-draggable ui-droppable _jsPlumb_endpoint_connected _jsPlumb_endpoint_full" style="position: absolute; height: 20px; width: 20px; left: 554px; top: 328px;"><svg style="position:absolute;left:0px;top:0px" width="20" height="20" pointer-events="all" position="absolute" version="1.1"
      xmlns="http://www.w3.org/1999/xhtml"><circle cx="10" cy="10" r="10" version="1.1"
      xmlns="http://www.w3.org/1999/xhtml" fill="#e5db3d" stroke="none" style=""></circle></svg></div><div class="_jsPlumb_endpoint target-endpoint dependency-target-endpoint _jsPlumb_endpoint_anchor_ ui-draggable ui-droppable _jsPlumb_endpoint_connected" style="position: absolute; height: 20px; width: 20px; left: 524px; top: 328px;"><svg style="position:absolute;left:0px;top:0px" width="20" height="20" pointer-events="all" position="absolute" version="1.1"
      xmlns="http://www.w3.org/1999/xhtml"><circle cx="10" cy="10" r="10" version="1.1"
      xmlns="http://www.w3.org/1999/xhtml" fill="#666" stroke="none" style=""></circle></svg></div><div class="_jsPlumb_endpoint source-endpoint dependency-source-endpoint connected _jsPlumb_endpoint_anchor_ ui-draggable ui-droppable" style="position: absolute; height: 20px; width: 20px; left: 561px; top: 494px;"><svg style="position:absolute;left:0px;top:0px" width="20" height="20" pointer-events="all" position="absolute" version="1.1"
      xmlns="http://www.w3.org/1999/xhtml"><circle cx="10" cy="10" r="10" version="1.1"
      xmlns="http://www.w3.org/1999/xhtml" fill="#666" stroke="none" style=""></circle></svg></div><div class="_jsPlumb_endpoint target-endpoint dependency-target-endpoint _jsPlumb_endpoint_anchor_ ui-draggable ui-droppable _jsPlumb_endpoint_connected" style="position: absolute; height: 20px; width: 20px; left: 561px; top: 454px;"><svg style="position:absolute;left:0px;top:0px" width="20" height="20" pointer-events="all" position="absolute" version="1.1"
      xmlns="http://www.w3.org/1999/xhtml"><circle cx="10" cy="10" r="10" version="1.1"
      xmlns="http://www.w3.org/1999/xhtml" fill="#666" stroke="none" style=""></circle></svg></div><div class="_jsPlumb_endpoint source-endpoint loop-source-endpoint _jsPlumb_endpoint_anchor_ ui-draggable ui-droppable _jsPlumb_endpoint_connected _jsPlumb_endpoint_full" style="position: absolute; height: 20px; width: 20px; left: 611px; top: 454px;"><svg style="position:absolute;left:0px;top:0px" width="20" height="20" pointer-events="all" position="absolute" version="1.1"
      xmlns="http://www.w3.org/1999/xhtml"><circle cx="10" cy="10" r="10" version="1.1"
      xmlns="http://www.w3.org/1999/xhtml" fill="#316b31" stroke="none" style=""></circle></svg></div></div></div></body></html>
 ]]>
    </visualization>
  </metadata>
</job>
