<?xml version="1.0" encoding="UTF-8"?>
<job
  xmlns:xsi="http://www.w3.org/2001/XMLSchema-instance"
  xmlns="urn:proactive:jobdescriptor:3.11" xsi:schemaLocation="urn:proactive:jobdescriptor:3.11 http://www.activeeon.com/public_content/schemas/proactive/jobdescriptor/3.11/schedulerjob.xsd"  name="Start_Paraview_client_TO_BE_SUBMITTED"  priority="normal" onTaskError="continueJobExecution"  maxNumberOfExecution="1" >
  <variables>
    <variable name="Paraview_client_IP_address" value="" />
    <variable name="Paraview_server_url" value="" />
    <variable name="Paraview_dir_path_from_dataspace" value="" />
  </variables>
  <taskFlow>
    <task name="start_Paraview_client" >
      <inputFiles>
        <files  includes="$Paraview_dir_path_from_dataspace/**" accessMode="transferFromGlobalSpace"/>
      </inputFiles>
      <selection>
        <script>
          <code language="groovy">
            <![CDATA[
def Paraview_client_IP_address = variables.get("Paraview_client_IP_address")
if (org.ow2.proactive.scripting.helper.selection.SelectionUtils.checkIp(Paraview_client_IP_address)) {
    selected = true
} else {
    selected = false
}
]]>
          </code>
        </script>
      </selection>
      <scriptExecutable>
        <script>
          <code language="bash">
            <![CDATA[
Paraview_server_url=$variables_Paraview_server_url

Paraview_dir=$variables_Paraview_dir_path_from_dataspace
chmod 777 -R $Paraview_dir
Paraview_binary=$Paraview_dir/bin/paraview

$Paraview_binary --server-url=$Paraview_server_url
]]>
          </code>
        </script>
      </scriptExecutable>
    </task>
  </taskFlow>
  <metadata>
    <visualization>
      <![CDATA[ <html><head><link rel="stylesheet" href="/studio/styles/studio-standalone.css"><style>
        #workflow-designer {
            left:0 !important;
            top:0 !important;
            width:1139px;
            height:566px;
            }
        </style></head><body><div id="workflow-visualization-view"><div id="workflow-visualization" style="position:relative;top:-333.9875030517578px;left:-475px"><div class="task _jsPlumb_endpoint_anchor_ ui-draggable" id="jsPlumb_1_5125" style="top: 339px; left: 480px;"><a class="task-name"><img src="/studio/images/LinuxBash.png" width="20px">&nbsp;<span class="name">start_Paraview_client</span></a></div><div class="_jsPlumb_endpoint source-endpoint dependency-source-endpoint connected _jsPlumb_endpoint_anchor_ ui-draggable ui-droppable" style="position: absolute; height: 20px; width: 20px; left: 535px; top: 369px;"><svg style="position:absolute;left:0px;top:0px" width="20" height="20" pointer-events="all" position="absolute" version="1.1"
      xmlns="http://www.w3.org/1999/xhtml"><circle cx="10" cy="10" r="10" version="1.1"
      xmlns="http://www.w3.org/1999/xhtml" fill="#666" stroke="none" style=""></circle></svg></div></div></div></body></html>
 ]]>
    </visualization>
  </metadata>
</job>