{
  "metadata": {
    "slug": "elasticsearch",
    "name": "Elasticsearch Service",
    "short_description": "Lifecycle management workflow of Elasticsearch Server for Cloud Automation",
    "author": "ActiveEon's Team",
    "tags": ["Cloud Automation", "Elasticsearch"],
    "version": "1.0"
  },
  "catalog" : {
    "bucket" : "cloud-automation",
    "objects" : [
      {
        "name" : "Elasticsearch",
        "metadata" : {
        "kind": "Workflow/pca",
        "commitMessage": "First commit",
        "contentType": "application/xml"
        },
        "file" : "resources/catalog/Elasticsearch.xml"
      },
      {
        "name" : "Finish_Elasticsearch",
        "metadata" : {
        "kind": "Workflow/pca",
        "commitMessage": "First commit",
        "contentType": "application/xml"
        },
        "file" : "resources/catalog/Finish_Elasticsearch.xml"
      },
      {
        "name" : "Resume_Elasticsearch",
        "metadata" : {
        "kind": "Workflow/pca",
        "commitMessage": "First commit",
        "contentType": "application/xml"
        },
        "file" : "resources/catalog/Resume_Elasticsearch.xml"
      },
      {
        "name" : "Pause_Elasticsearch",
        "metadata" : {
        "kind": "Workflow/pca",
        "commitMessage": "First commit",
        "contentType": "application/xml"
        },
        "file" : "resources/catalog/Pause_Elasticsearch.xml"
      }
    ]
  }
}
