<?xml version="1.0" encoding="UTF-8"?>
<job
  xmlns:xsi="http://www.w3.org/2001/XMLSchema-instance"
  xmlns="urn:proactive:jobdescriptor:3.12" xsi:schemaLocation="urn:proactive:jobdescriptor:3.12 http://www.activeeon.com/public_content/schemas/proactive/jobdescriptor/3.12/schedulerjob.xsd"  name="Pause_JupyterLab" projectName="Cloud Automation - Lifecycle" priority="normal" onTaskError="continueJobExecution"  maxNumberOfExecution="2"  >
  <description>
    <![CDATA[ Pause JupyterLab instance. ]]>
  </description>
  <genericInformation>
    <info name="bucketName" value="cloud-automation"/>
    <info name="workflow.icon" value="/automation-dashboard/styles/patterns/img/wf-icons/jupyterlab.png"/>
    <info name="pca.states" value="(RUNNING,PAUSED)"/>
    <info name="pca.service.id" value="JupyterLab"/>
    <info name="Documentation" value="PCA/PCAUserGuide.html"/>
    <info name="NS" value="$NATIVE_SCHEDULER"/>
    <info name="NODE_ACCESS_TOKEN" value="$INSTANCE_NAME"/>
    <info name="group" value="public-objects"/>
  </genericInformation>
  <taskFlow>
    <task name="Condition" fork="true">
      <genericInformation>
        <info name="task.icon" value="/automation-dashboard/styles/patterns/img/wf-icons/controls_if.png"/>
        <info name="Documentation" value="user/ProActiveUserGuide.html#_branch"/>
      </genericInformation>
      <scriptExecutable>
        <script>
          <code language="groovy">
            <![CDATA[
def engine = variables.get("ENGINE")

println("INFO: Pausing a Jupyterlab server running in a " + engine + " container.")
]]>
          </code>
        </script>
      </scriptExecutable>
      <controlFlow >
        <if target="Pause_JupyterLab_S"
            else="Pause_JupyterLab_D">
          <script>
            <code language="groovy">
              <![CDATA[
def engine = variables.get("ENGINE")
if(engine.toLowerCase().equals("singularity")){
    branch = "if";
} else {
    branch = "else";
}
]]>
            </code>
          </script>
        </if>
      </controlFlow>
      <metadata>
        <positionTop>
          365
        </positionTop>
        <positionLeft>
          742
        </positionLeft>
      </metadata>
    </task>
    <task name="Pause_JupyterLab_D" fork="true">
      <description>
        <![CDATA[ Pause JupyterLab instance ]]>
      </description>
      <genericInformation>
        <info name="task.icon" value="/automation-dashboard/styles/patterns/img/wf-icons/jupyterlab.png"/>
        <info name="Documentation" value="PCA/PCAUserGuide.html"/>
      </genericInformation>
      <pre>
        <script>
          <file url="${PA_CATALOG_REST_URL}/buckets/cloud-automation-scripts/resources/Pre_Trigger_Action/raw" language="groovy">
            <arguments>
              <argument value="PAUSE_LAUNCHED"/>
            </arguments>
          </file>
        </script>
      </pre>
      <scriptExecutable>
        <script>
          <file url="${PA_CATALOG_REST_URL}/buckets/cloud-automation-scripts/resources/Pause_Action/raw" language="bash"></file>
        </script>
      </scriptExecutable>
      <post>
        <script>
          <file url="${PA_CATALOG_REST_URL}/buckets/cloud-automation-scripts/resources/Post_Trigger_Action/raw" language="groovy">
            <arguments>
              <argument value="PAUSED"/>
            </arguments>
          </file>
        </script>
      </post>
      <metadata>
        <positionTop>
          492
        </positionTop>
        <positionLeft>
          825
        </positionLeft>
      </metadata>
    </task>
    <task name="Pause_JupyterLab_S" fork="true">
      <description>
        <![CDATA[ Pause JupyterLab instance ]]>
      </description>
      <genericInformation>
        <info name="task.icon" value="/automation-dashboard/styles/patterns/img/wf-icons/jupyterlab.png"/>
        <info name="Documentation" value="PCA/PCAUserGuide.html"/>
      </genericInformation>
      <pre>
        <script>
          <file url="${PA_CATALOG_REST_URL}/buckets/cloud-automation-scripts/resources/Pre_Trigger_Action/raw" language="groovy">
            <arguments>
              <argument value="PAUSE_LAUNCHED"/>
            </arguments>
          </file>
        </script>
      </pre>
      <scriptExecutable>
        <script>
          <file url="${PA_CATALOG_REST_URL}/buckets/cloud-automation-scripts/resources/Pause_Action_Singularity/raw" language="bash"></file>
        </script>
      </scriptExecutable>
      <post>
        <script>
          <file url="${PA_CATALOG_REST_URL}/buckets/cloud-automation-scripts/resources/Post_Trigger_Action/raw" language="groovy">
            <arguments>
              <argument value="PAUSED"/>
            </arguments>
          </file>
        </script>
      </post>
      <metadata>
        <positionTop>
          499
        </positionTop>
        <positionLeft>
          592.5
        </positionLeft>
      </metadata>
    </task>
  </taskFlow>
  <metadata>
    <visualization>
      <![CDATA[ <html>
    <head>
    <link rel="stylesheet" href="/studio/styles/studio-standalone.css">
        <style>
        #workflow-designer {
            left:0 !important;
            top:0 !important;
            width:3824px;
            height:4780px;
            }
        </style>
    </head>
    <body>
    <div id="workflow-visualization-view"><div id="workflow-visualization" style="position:relative;top:-360px;left:-587.5px"><div class="task ui-draggable _jsPlumb_endpoint_anchor_" id="jsPlumb_1_401" style="top: 365px; left: 742px;"><a class="task-name" data-toggle="tooltip" data-placement="right" title="This task has no description"><img src="/automation-dashboard/styles/patterns/img/wf-icons/controls_if.png" width="20px">&nbsp;<span class="name">Condition</span></a></div><div class="task ui-draggable _jsPlumb_endpoint_anchor_" id="jsPlumb_1_404" style="top: 492px; left: 825px;"><a class="task-name" data-toggle="tooltip" data-placement="right" title="Pause JupyterLab instance"><img src="/automation-dashboard/styles/patterns/img/wf-icons/jupyterlab.png" width="20px">&nbsp;<span class="name">Pause_JupyterLab_D</span></a></div><div class="task ui-draggable _jsPlumb_endpoint_anchor_" id="jsPlumb_1_407" style="top: 499px; left: 592.5px;"><a class="task-name" data-toggle="tooltip" data-placement="right" title="Pause JupyterLab instance"><img src="/automation-dashboard/styles/patterns/img/wf-icons/jupyterlab.png" width="20px">&nbsp;<span class="name">Pause_JupyterLab_S</span></a></div><svg style="position:absolute;left:582.5px;top:404.5px" width="170" height="95" pointer-events="none" position="absolute" version="1.1" xmlns="http://www.w3.org/1999/xhtml" class="_jsPlumb_connector "><path d="M 0 94 C -10 44 159 50 149 0 " transform="translate(10.5,0.5)" pointer-events="visibleStroke" version="1.1" xmlns="http://www.w3.org/1999/xhtml" fill="none" stroke="#00f" style=""></path><path pointer-events="all" version="1.1" xmlns="http://www.w3.org/1999/xhtml" d="M20.46875,65.25 L41.57705034326369,63.395368872639686 L33.227258342165975,59.486280291089685 L35.81333063435338,50.636860530473705 L20.46875,65.25" class="" stroke="#00f" fill="#00f" transform="translate(10.5,0.5)"></path><path pointer-events="all" version="1.1" xmlns="http://www.w3.org/1999/xhtml" d="M20.46875,65.25 L41.57705034326369,63.395368872639686 L33.227258342165975,59.486280291089685 L35.81333063435338,50.636860530473705 L20.46875,65.25" class="" stroke="#00f" fill="#00f" transform="translate(10.5,0.5)"></path></svg><div class="_jsPlumb_overlay l1 component label" id="jsPlumb_1_415" style="position: absolute; transform: translate(-50%, -50%); left: 667px; top: 451.5px;">if</div><svg style="position:absolute;left:731.5px;top:404.5px" width="104" height="88" pointer-events="none" position="absolute" version="1.1" xmlns="http://www.w3.org/1999/xhtml" class="_jsPlumb_connector "><path d="M 83 87 C 93 37 -10 50 0 0 " transform="translate(10.5,0.5)" pointer-events="visibleStroke" version="1.1" xmlns="http://www.w3.org/1999/xhtml" fill="none" stroke="#00f" style=""></path><path pointer-events="all" version="1.1" xmlns="http://www.w3.org/1999/xhtml" d="M75.59884799999999,61.805952 L64.06833937504372,44.028230806050274 L64.5281150556908,53.236303694743405 L55.498691069787135,55.09896375035946 L75.59884799999999,61.805952" class="" stroke="#00f" fill="#00f" transform="translate(10.5,0.5)"></path><path pointer-events="all" version="1.1" xmlns="http://www.w3.org/1999/xhtml" d="M75.59884799999999,61.805952 L64.06833937504372,44.028230806050274 L64.5281150556908,53.236303694743405 L55.498691069787135,55.09896375035946 L75.59884799999999,61.805952" class="" stroke="#00f" fill="#00f" transform="translate(10.5,0.5)"></path></svg><div class="_jsPlumb_overlay l1 component label" id="jsPlumb_1_419" style="position: absolute; transform: translate(-50%, -50%); left: 783px; top: 448px;">else</div><div class="_jsPlumb_endpoint source-endpoint dependency-source-endpoint connected _jsPlumb_endpoint_anchor_ ui-draggable ui-droppable" style="position: absolute; height: 20px; width: 20px; left: 782px; top: 395px;"><svg style="position:absolute;left:0px;top:0px" width="20" height="20" pointer-events="all" position="absolute" version="1.1" xmlns="http://www.w3.org/1999/xhtml"><circle cx="10" cy="10" r="10" version="1.1" xmlns="http://www.w3.org/1999/xhtml" fill="#666" stroke="none" style=""></circle></svg></div><div class="_jsPlumb_endpoint source-endpoint if-source-endpoint _jsPlumb_endpoint_anchor_ ui-draggable ui-droppable _jsPlumb_endpoint_connected" style="position: absolute; height: 20px; width: 20px; left: 732px; top: 395px;"><svg style="position:absolute;left:0px;top:0px" width="20" height="20" pointer-events="all" position="absolute" version="1.1" xmlns="http://www.w3.org/1999/xhtml"><circle cx="10" cy="10" r="10" version="1.1" xmlns="http://www.w3.org/1999/xhtml" fill="#00f" stroke="none" style=""></circle></svg></div><div class="_jsPlumb_endpoint source-endpoint dependency-source-endpoint connected _jsPlumb_endpoint_anchor_ ui-draggable ui-droppable" style="position: absolute; height: 20px; width: 20px; left: 880.5px; top: 522px;"><svg style="position:absolute;left:0px;top:0px" width="20" height="20" pointer-events="all" position="absolute" version="1.1" xmlns="http://www.w3.org/1999/xhtml"><circle cx="10" cy="10" r="10" version="1.1" xmlns="http://www.w3.org/1999/xhtml" fill="#666" stroke="none" style=""></circle></svg></div><div class="_jsPlumb_endpoint target-endpoint if-target-endpoint _jsPlumb_endpoint_anchor_ ui-draggable ui-droppable _jsPlumb_endpoint_connected _jsPlumb_endpoint_full" style="position: absolute; height: 20px; width: 20px; left: 815px; top: 482px;"><svg style="position:absolute;left:0px;top:0px" width="20" height="20" pointer-events="all" position="absolute" version="1.1" xmlns="http://www.w3.org/1999/xhtml"><circle cx="10" cy="10" r="10" version="1.1" xmlns="http://www.w3.org/1999/xhtml" fill="#00f" stroke="none" style=""></circle></svg></div><div class="_jsPlumb_endpoint source-endpoint dependency-source-endpoint connected _jsPlumb_endpoint_anchor_ ui-draggable ui-droppable" style="position: absolute; height: 20px; width: 20px; left: 648px; top: 529px;"><svg style="position:absolute;left:0px;top:0px" width="20" height="20" pointer-events="all" position="absolute" version="1.1" xmlns="http://www.w3.org/1999/xhtml"><circle cx="10" cy="10" r="10" version="1.1" xmlns="http://www.w3.org/1999/xhtml" fill="#666" stroke="none" style=""></circle></svg></div><div class="_jsPlumb_endpoint target-endpoint if-target-endpoint _jsPlumb_endpoint_anchor_ ui-draggable ui-droppable _jsPlumb_endpoint_connected _jsPlumb_endpoint_full" style="position: absolute; height: 20px; width: 20px; left: 583px; top: 489px;"><svg style="position:absolute;left:0px;top:0px" width="20" height="20" pointer-events="all" position="absolute" version="1.1" xmlns="http://www.w3.org/1999/xhtml"><circle cx="10" cy="10" r="10" version="1.1" xmlns="http://www.w3.org/1999/xhtml" fill="#00f" stroke="none" style=""></circle></svg></div></div></div>
    </body>
</html>
 ]]>
    </visualization>
  </metadata>
</job>