<?xml version="1.0" encoding="UTF-8"?>
<job
  xmlns:xsi="http://www.w3.org/2001/XMLSchema-instance"
  xmlns="urn:proactive:jobdescriptor:3.11" xsi:schemaLocation="urn:proactive:jobdescriptor:3.11 http://www.activeeon.com/public_content/schemas/proactive/jobdescriptor/3.11/schedulerjob.xsd"  name="Desjardins_DataCup_Model_Training" projectName="4. Data Analytics" priority="normal" onTaskError="cancelJob"  maxNumberOfExecution="2" >
  <variables>
    <variable name="DOCKER_ENABLED" value="True" model="PA:Boolean"/>
    <variable name="DATA_URL" value="" />
  </variables>
  <description>
    <![CDATA[ This workflow shows the model training step used for Desjardins Data Cup (https://datacup.ca/). The input data is the file generated by the feature engineering workflow. ]]>
  </description>
  <genericInformation>
    <info name="bucketName" value="machine-learning-workflows"/>
    <info name="workflow.icon" value="/automation-dashboard/styles/patterns/img/wf-icons/data_analytics.png"/>
    <info name="Documentation" value="https://doc.activeeon.com/latest/MLOS/MLOSUserGuide.html#_import_data"/>
    <info name="group" value="public-objects"/>
  </genericInformation>
  <taskFlow>
    <task name="Import_Data" >
      <description>
        <![CDATA[ Load data from external sources. ]]>
      </description>
      <variables>
        <variable name="FILE_URL" value="$DATA_URL" inherited="false" />
        <variable name="FILE_DELIMITER" value="," inherited="false" />
        <variable name="DOCKER_ENABLED" value="True" inherited="true" model="PA:Boolean"/>
        <variable name="DOCKER_IMAGE" value="activeeon/dlm3" inherited="true" />
        <variable name="TASK_ENABLED" value="True" inherited="false" model="PA:Boolean"/>
        <variable name="LIMIT_OUTPUT_VIEW" value="5" inherited="false" model="PA:Integer"/>
      </variables>
      <genericInformation>
        <info name="task.icon" value="/automation-dashboard/styles/patterns/img/wf-icons/import_data.png"/>
        <info name="task.documentation" value="https://doc.activeeon.com/latest/MLOS/MLOSUserGuide.html#_import_data"/>
      </genericInformation>
      <forkEnvironment javaHome="/usr" >
        <envScript>
          <script>
            <code language="python">
              <![CDATA[
if str(variables.get("DOCKER_ENABLED")).lower() == 'true':
  #Be aware, that the prefix command is internally split by spaces. So paths with spaces won't work.
  # Prepare Docker parameters 
  containerName = variables.get("DOCKER_IMAGE") 
  dockerRunCommand =  'docker run ' 
  dockerParameters = '--rm ' 
  # Prepare ProActive home volume 
  paHomeHost = variables.get("PA_SCHEDULER_HOME") 
  paHomeContainer = variables.get("PA_SCHEDULER_HOME") 
  proActiveHomeVolume = '-v '+paHomeHost +':'+paHomeContainer+' ' 
  # Prepare working directory (For Dataspaces and serialized task file) 
  workspaceHost = localspace 
  workspaceContainer = localspace 
  workspaceVolume = '-v '+localspace +':'+localspace+' ' 
  # Prepare container working directory 
  containerWorkingDirectory = '-w '+workspaceContainer+' ' 
  # Save pre execution command into magic variable 'preJavaHomeCmd', which is picked up by the node 
  preJavaHomeCmd = dockerRunCommand + dockerParameters + proActiveHomeVolume + workspaceVolume + containerWorkingDirectory + containerName
else:
  print("Fork environment disabled")
]]>
            </code>
          </script>
        </envScript>
      </forkEnvironment>
      <scriptExecutable>
        <script>
          <code language="cpython">
            <![CDATA[
__file__ = variables.get("PA_TASK_NAME")

if str(variables.get("TASK_ENABLED")).lower() != 'true':
  print("Task " + __file__ + " disabled")
  quit()

print("BEGIN " + __file__)

import sys, bz2, uuid
import pandas as pd
import numpy as np

FILE_URL = variables.get("FILE_URL")
FILE_DELIMITER = variables.get("FILE_DELIMITER")
LIMIT_OUTPUT_VIEW = variables.get("LIMIT_OUTPUT_VIEW")

assert FILE_URL is not None and FILE_URL is not ""
assert FILE_DELIMITER is not None and FILE_DELIMITER is not ""

FILE_URL = variables.get(FILE_URL[1:]) if FILE_URL.startswith("$") else FILE_URL
dataframe = pd.read_csv(FILE_URL, FILE_DELIMITER)

dataframe_json = dataframe.to_json(orient='split').encode()
compressed_data = bz2.compress(dataframe_json)

dataframe_id = str(uuid.uuid4())
variables.put(dataframe_id, compressed_data)

print("dataframe id: ", dataframe_id)
print('dataframe size (original):   ', sys.getsizeof(dataframe_json), " bytes")
print('dataframe size (compressed): ', sys.getsizeof(compressed_data), " bytes")
print(dataframe.head())

resultMetadata.put("task.name", __file__)
resultMetadata.put("task.dataframe_id", dataframe_id)

LIMIT_OUTPUT_VIEW = 5 if LIMIT_OUTPUT_VIEW is None else int(LIMIT_OUTPUT_VIEW)
if LIMIT_OUTPUT_VIEW > 0:
  print("task result limited to: ", LIMIT_OUTPUT_VIEW, " rows")
  dataframe = dataframe.head(LIMIT_OUTPUT_VIEW).copy()

#============================== Preview results ===============================
#***************# HTML PREVIEW STYLING #***************#
styles = [
    dict(selector="th", props=[("font-weight", "bold"),
                               ("text-align", "center"),
                               ("font-size", "15px"),
                               ("background", "#0B6FA4"),
                               ("color", "#FFFFFF")]),
                               ("padding", "3px 7px"),
    dict(selector="td", props=[("text-align", "right"),
                               ("padding", "3px 3px"),
                               ("border", "1px solid #999999"),
                               ("font-size", "13px"),
                               ("border-bottom", "1px solid #0B6FA4")]),
    dict(selector="table", props=[("border", "1px solid #999999"),
                               ("text-align", "center"),
                               ("width", "100%"),
                               ("border-collapse", "collapse")])
]
#******************************************************#

with pd.option_context('display.max_colwidth', -1):
  result = dataframe.style.set_table_styles(styles).render().encode('utf-8')
  resultMetadata.put("file.extension", ".html")
  resultMetadata.put("file.name", "output.html")
  resultMetadata.put("content.type", "text/html")
#==============================================================================

print("END " + __file__)
]]>
            </code>
          </script>
        </scriptExecutable>
        <controlFlow block="none"></controlFlow>
      </task>
      <task name="Split_Data" >
        <description>
          <![CDATA[ Separate data into training and testing sets. ]]>
        </description>
        <variables>
          <variable name="TRAIN_SIZE" value="0.8" inherited="false" />
          <variable name="DOCKER_ENABLED" value="True" inherited="true" model="PA:Boolean"/>
          <variable name="DOCKER_IMAGE" value="activeeon/dlm3" inherited="true" />
          <variable name="TASK_ENABLED" value="True" inherited="false" model="PA:Boolean"/>
          <variable name="LIMIT_OUTPUT_VIEW" value="5" inherited="false" model="PA:Integer"/>
        </variables>
        <genericInformation>
          <info name="task.icon" value="/automation-dashboard/styles/patterns/img/wf-icons/split_data.png"/>
          <info name="task.documentation" value="https://doc.activeeon.com/latest/MLOS/MLOSUserGuide.html#_split_data"/>
        </genericInformation>
        <depends>
          <task ref="Fill_NaNs"/>
        </depends>
        <forkEnvironment javaHome="/usr" >
          <envScript>
            <script>
              <code language="python">
                <![CDATA[
if str(variables.get("DOCKER_ENABLED")).lower() == 'true':
  #Be aware, that the prefix command is internally split by spaces. So paths with spaces won't work.
  # Prepare Docker parameters 
  containerName = variables.get("DOCKER_IMAGE") 
  dockerRunCommand =  'docker run ' 
  dockerParameters = '--rm ' 
  # Prepare ProActive home volume 
  paHomeHost = variables.get("PA_SCHEDULER_HOME") 
  paHomeContainer = variables.get("PA_SCHEDULER_HOME") 
  proActiveHomeVolume = '-v '+paHomeHost +':'+paHomeContainer+' ' 
  # Prepare working directory (For Dataspaces and serialized task file) 
  workspaceHost = localspace 
  workspaceContainer = localspace 
  workspaceVolume = '-v '+localspace +':'+localspace+' ' 
  # Prepare container working directory 
  containerWorkingDirectory = '-w '+workspaceContainer+' ' 
  # Save pre execution command into magic variable 'preJavaHomeCmd', which is picked up by the node 
  preJavaHomeCmd = dockerRunCommand + dockerParameters + proActiveHomeVolume + workspaceVolume + containerWorkingDirectory + containerName
else:
  print("Fork environment disabled")
]]>
              </code>
            </script>
          </envScript>
        </forkEnvironment>
        <scriptExecutable>
          <script>
            <code language="cpython">
              <![CDATA[
__file__ = variables.get("PA_TASK_NAME")

if str(variables.get("TASK_ENABLED")).lower() != 'true':
  print("Task " + __file__ + " disabled")
  quit()

print("BEGIN " + __file__)

import sys, bz2, uuid
import pandas as pd
import numpy as np

#from sklearn.model_selection import train_test_split

TRAIN_SIZE = variables.get("TRAIN_SIZE")
assert TRAIN_SIZE is not None and TRAIN_SIZE is not ""
TRAIN_SIZE = float(TRAIN_SIZE)
test_size = 1 - TRAIN_SIZE

input_variables = {'task.dataframe_id': None}
for key in input_variables.keys():
  for res in results:
    value = res.getMetadata().get(key)
    if value is not None:
      input_variables[key] = value
      break

dataframe_id = input_variables['task.dataframe_id']
print("dataframe id (in): ", dataframe_id)

dataframe_json = variables.get(dataframe_id)
assert dataframe_json is not None
dataframe_json = bz2.decompress(dataframe_json).decode()

dataframe = pd.read_json(dataframe_json, orient='split')
print(dataframe.head())

# Split dataframe into train/test sets
#X_train, X_test = train_test_split(dataframe, test_size=test_size)
dataframe1 = dataframe.sample(frac=TRAIN_SIZE, random_state=200)
dataframe2 = dataframe.drop(dataframe1.index)

#dataframe1 = X_train.reset_index(drop=True)
#dataframe2 = X_test.reset_index(drop=True)
dataframe1.reset_index(drop=True, inplace=True)
dataframe2.reset_index(drop=True, inplace=True)

dataframe_json1 = dataframe1.to_json(orient='split').encode()
dataframe_json2 = dataframe2.to_json(orient='split').encode()

compressed_data1 = bz2.compress(dataframe_json1)
compressed_data2 = bz2.compress(dataframe_json2)

dataframe_id1 = str(uuid.uuid4())
dataframe_id2 = str(uuid.uuid4())

variables.put(dataframe_id1, compressed_data1)
variables.put(dataframe_id2, compressed_data2)

print("Train set:")
print("dataframe id1 (out): ", dataframe_id1)
print('dataframe size (original):   ', sys.getsizeof(dataframe_json1), " bytes")
print('dataframe size (compressed): ', sys.getsizeof(compressed_data1), " bytes")
print(dataframe1.head())

print("Test set:")
print("dataframe id2 (out): ", dataframe_id2)
print('dataframe size (original):   ', sys.getsizeof(dataframe_json2), " bytes")
print('dataframe size (compressed): ', sys.getsizeof(compressed_data2), " bytes")
print(dataframe2.head())

resultMetadata.put("task.name", __file__)
resultMetadata.put("task.dataframe_id_train", dataframe_id1)
resultMetadata.put("task.dataframe_id_test", dataframe_id2)

LIMIT_OUTPUT_VIEW = variables.get("LIMIT_OUTPUT_VIEW")
LIMIT_OUTPUT_VIEW = 5 if LIMIT_OUTPUT_VIEW is None else int(LIMIT_OUTPUT_VIEW)
if LIMIT_OUTPUT_VIEW > 0:
  print("task result limited to: ", LIMIT_OUTPUT_VIEW, " rows")
  dataframe = dataframe.head(LIMIT_OUTPUT_VIEW).copy()

#============================== Preview results ===============================
#***************# HTML PREVIEW STYLING #***************#
styles = [
    dict(selector="th", props=[("font-weight", "bold"),
                               ("text-align", "center"),
                               ("font-size", "15px"),
                               ("background", "#0B6FA4"),
                               ("color", "#FFFFFF")]),
                               ("padding", "3px 7px"),
    dict(selector="td", props=[("text-align", "right"),
                               ("padding", "3px 3px"),
                               ("border", "1px solid #999999"),
                               ("font-size", "13px"),
                               ("border-bottom", "1px solid #0B6FA4")]),
    dict(selector="table", props=[("border", "1px solid #999999"),
                               ("text-align", "center"),
                               ("width", "100%"),
                               ("border-collapse", "collapse")])
]
#******************************************************#

with pd.option_context('display.max_colwidth', -1):
  result = dataframe.style.set_table_styles(styles).render().encode('utf-8')
  resultMetadata.put("file.extension", ".html")
  resultMetadata.put("file.name", "output.html")
  resultMetadata.put("content.type", "text/html")
#==============================================================================

print("END " + __file__)
]]>
              </code>
            </script>
          </scriptExecutable>
          <controlFlow block="none"></controlFlow>
        </task>
        <task name="Train_Model" >
          <description>
            <![CDATA[ Train a model using a classification or regression algorithm. ]]>
          </description>
          <variables>
            <variable name="DOCKER_ENABLED" value="True" inherited="true" model="PA:Boolean"/>
            <variable name="DOCKER_IMAGE" value="activeeon/dlm3" inherited="true" />
            <variable name="TASK_ENABLED" value="True" inherited="false" model="PA:Boolean"/>
            <variable name="LABEL_COLUMN" value="Default" inherited="false" />
          </variables>
          <genericInformation>
            <info name="task.icon" value="/automation-dashboard/styles/patterns/img/wf-icons/train.png"/>
            <info name="task.documentation" value="https://doc.activeeon.com/latest/MLOS/MLOSUserGuide.html#_train_model"/>
          </genericInformation>
          <depends>
            <task ref="Split_Data"/>
            <task ref="Logistic_Regression"/>
          </depends>
          <forkEnvironment javaHome="/usr" >
            <envScript>
              <script>
                <code language="python">
                  <![CDATA[
if str(variables.get("DOCKER_ENABLED")).lower() == 'true':
  #Be aware, that the prefix command is internally split by spaces. So paths with spaces won't work.
  # Prepare Docker parameters 
  containerName = variables.get("DOCKER_IMAGE") 
  dockerRunCommand =  'docker run ' 
  dockerParameters = '--rm ' 
  # Prepare ProActive home volume 
  paHomeHost = variables.get("PA_SCHEDULER_HOME") 
  paHomeContainer = variables.get("PA_SCHEDULER_HOME") 
  proActiveHomeVolume = '-v '+paHomeHost +':'+paHomeContainer+' ' 
  # Prepare working directory (For Dataspaces and serialized task file) 
  workspaceHost = localspace 
  workspaceContainer = localspace 
  workspaceVolume = '-v '+localspace +':'+localspace+' ' 
  # Prepare container working directory 
  containerWorkingDirectory = '-w '+workspaceContainer+' ' 
  # Save pre execution command into magic variable 'preJavaHomeCmd', which is picked up by the node 
  preJavaHomeCmd = dockerRunCommand + dockerParameters + proActiveHomeVolume + workspaceVolume + containerWorkingDirectory + containerName
else:
  print("Fork environment disabled")
]]>
                </code>
              </script>
            </envScript>
          </forkEnvironment>
          <scriptExecutable>
            <script>
              <code language="cpython">
                <![CDATA[
__file__ = variables.get("PA_TASK_NAME")

if str(variables.get("TASK_ENABLED")).lower() != 'true':
  print("Task " + __file__ + " disabled")
  quit()

print("BEGIN " + __file__)

import sys, bz2, uuid, json
import random, pickle
import pandas as pd

is_labeled_data = False
LABEL_COLUMN = variables.get("LABEL_COLUMN")
if LABEL_COLUMN is not None and LABEL_COLUMN is not "":
  is_labeled_data = True

input_variables = {
  'task.dataframe_id': None, 
  'task.dataframe_id_train': None,
  'task.algorithm_json': None
}
for key in input_variables.keys():
  for res in results:
    value = res.getMetadata().get(key)
    if value is not None:
      input_variables[key] = value
      break

dataframe_id = None
if input_variables['task.dataframe_id'] is not None:
  dataframe_id = input_variables['task.dataframe_id']
if input_variables['task.dataframe_id_train'] is not None:
  dataframe_id = input_variables['task.dataframe_id_train']
print("dataframe id (in): ", dataframe_id)

dataframe_json = variables.get(dataframe_id)
assert dataframe_json is not None
dataframe_json = bz2.decompress(dataframe_json).decode()
dataframe = pd.read_json(dataframe_json, orient='split')

algorithm_json = input_variables['task.algorithm_json']
assert algorithm_json is not None
algorithm = json.loads(algorithm_json)
#-------------------------------------------------------------
class obj(object):
  def __init__(self, d):
    for a, b in d.items():
      if isinstance(b, (list, tuple)):
        setattr(self, a, [obj(x) if isinstance(x, dict) else x for x in b])
      else:
        setattr(self, a, obj(b) if isinstance(b, dict) else b)
#-------------------------------------------------------------
alg = obj(algorithm)

if alg.is_supervised and is_labeled_data:
  model = None
  columns = [LABEL_COLUMN]
  dataframe_train = dataframe.drop(columns, axis=1, inplace=False)
  dataframe_label = dataframe.filter(columns, axis=1)

  #-------------------------------------------------------------
  # Classification algorithms
  #
  if alg.name == 'SupportVectorMachines':
    from sklearn.svm import SVC
    model = SVC(
      C=alg.C, 
      kernel=alg.kernel
    )
   
  if alg.name == 'GaussianNaiveBayes':
    from sklearn.naive_bayes import GaussianNB
    model = GaussianNB()
  
  if alg.name == 'LogisticRegression':
    from sklearn.linear_model import LogisticRegression
    model = LogisticRegression(
      penalty=alg.penalty, 
      solver=alg.solver, 
      max_iter=alg.max_iter, 
      n_jobs=alg.n_jobs
    )

  #-------------------------------------------------------------
  # Regression algorithms
  if alg.name == 'LinearRegression':
    from sklearn.linear_model import LinearRegression
    model = LinearRegression(n_jobs=alg.n_jobs)

  if alg.name == 'SupportVectorRegression':
    from sklearn.svm import SVR
    model = SVR(
      C=alg.C, 
      kernel=alg.kernel, 
      epsilon=alg.epsilon
    )
  
  if alg.name == 'BayesianRidgeRegression':
    from sklearn.linear_model import BayesianRidge
    model = BayesianRidge(
      alpha_1=alg.alpha_1, 
      alpha_2=alg.alpha_2, 
      lambda_1=alg.lambda_1, 
      lambda_2=alg.lambda_2, 
      n_iter=alg.n_iter
    )
  #-------------------------------------------------------------

  if model is not None:
    model.fit(dataframe_train.values, dataframe_label.values.ravel())
    model_bin = pickle.dumps(model)
    model_compressed = bz2.compress(model_bin)
    model_id = str(uuid.uuid4())
    variables.put(model_id, model_compressed)
    print("model id: ", model_id)
    print('model size (original):   ', sys.getsizeof(model_bin), " bytes")
    print('model size (compressed): ', sys.getsizeof(model_compressed), " bytes")
    resultMetadata.put("task.model_id", model_id)
  else:
    print("Algorithm not found!")
else:
  print("The algorithm must be supervised and the dataframe must be labelled!")

dataframe_json = dataframe.to_json(orient='split').encode()
compressed_data = bz2.compress(dataframe_json)

dataframe_id = str(uuid.uuid4())
variables.put(dataframe_id, compressed_data)

print("dataframe id (out): ", dataframe_id)
print('dataframe size (original):   ', sys.getsizeof(dataframe_json), " bytes")
print('dataframe size (compressed): ', sys.getsizeof(compressed_data), " bytes")
print(dataframe.head())

resultMetadata.put("task.name", __file__)
#resultMetadata.put("task.dataframe_id", dataframe_id)
resultMetadata.put("task.algorithm_json", algorithm_json)
resultMetadata.put("task.label_column", LABEL_COLUMN)

LIMIT_OUTPUT_VIEW = variables.get("LIMIT_OUTPUT_VIEW")
LIMIT_OUTPUT_VIEW = 5 if LIMIT_OUTPUT_VIEW is None else int(LIMIT_OUTPUT_VIEW)
if LIMIT_OUTPUT_VIEW > 0:
  print("task result limited to: ", LIMIT_OUTPUT_VIEW, " rows")
  dataframe = dataframe.head(LIMIT_OUTPUT_VIEW).copy()

#============================== Preview results ===============================
#***************# HTML PREVIEW STYLING #***************#
styles = [
    dict(selector="th", props=[("font-weight", "bold"),
                               ("text-align", "center"),
                               ("font-size", "15px"),
                               ("background", "#0B6FA4"),
                               ("color", "#FFFFFF")]),
                               ("padding", "3px 7px"),
    dict(selector="td", props=[("text-align", "right"),
                               ("padding", "3px 3px"),
                               ("border", "1px solid #999999"),
                               ("font-size", "13px"),
                               ("border-bottom", "1px solid #0B6FA4")]),
    dict(selector="table", props=[("border", "1px solid #999999"),
                               ("text-align", "center"),
                               ("width", "100%"),
                               ("border-collapse", "collapse")])
]
#******************************************************#

with pd.option_context('display.max_colwidth', -1):
  result = dataframe.style.set_table_styles(styles).render().encode('utf-8')
  resultMetadata.put("file.extension", ".html")
  resultMetadata.put("file.name", "output.html")
  resultMetadata.put("content.type", "text/html")
#==============================================================================

print("END " + __file__)
]]>
                </code>
              </script>
            </scriptExecutable>
            <controlFlow block="none"></controlFlow>
          </task>
          <task name="Logistic_Regression" >
            <description>
              <![CDATA[ Logistic Regression is a regression model where the Dependent Variable (DV) is categorical. ]]>
            </description>
            <variables>
              <variable name="PENALTY" value="l2" inherited="false" />
              <variable name="SOLVER" value="liblinear" inherited="false" />
              <variable name="MAX_ITERATIONS" value="100" inherited="false" />
              <variable name="N_JOBS" value="1" inherited="false" />
              <variable name="DOCKER_ENABLED" value="True" inherited="true" model="PA:Boolean"/>
              <variable name="DOCKER_IMAGE" value="activeeon/dlm3" inherited="true" />
              <variable name="TASK_ENABLED" value="True" inherited="false" model="PA:Boolean"/>
            </variables>
            <genericInformation>
              <info name="task.icon" value="/automation-dashboard/styles/patterns/img/wf-icons/ml_classification.png"/>
              <info name="task.documentation" value="https://doc.activeeon.com/latest/MLOS/MLOSUserGuide.html#_logistic_regression"/>
            </genericInformation>
            <forkEnvironment javaHome="/usr" >
              <envScript>
                <script>
                  <code language="python">
                    <![CDATA[
if str(variables.get("DOCKER_ENABLED")).lower() == 'true':
  #Be aware, that the prefix command is internally split by spaces. So paths with spaces won't work.
  # Prepare Docker parameters 
  containerName = variables.get("DOCKER_IMAGE") 
  dockerRunCommand =  'docker run ' 
  dockerParameters = '--rm ' 
  # Prepare ProActive home volume 
  paHomeHost = variables.get("PA_SCHEDULER_HOME") 
  paHomeContainer = variables.get("PA_SCHEDULER_HOME") 
  proActiveHomeVolume = '-v '+paHomeHost +':'+paHomeContainer+' ' 
  # Prepare working directory (For Dataspaces and serialized task file) 
  workspaceHost = localspace 
  workspaceContainer = localspace 
  workspaceVolume = '-v '+localspace +':'+localspace+' ' 
  # Prepare container working directory 
  containerWorkingDirectory = '-w '+workspaceContainer+' ' 
  # Save pre execution command into magic variable 'preJavaHomeCmd', which is picked up by the node 
  preJavaHomeCmd = dockerRunCommand + dockerParameters + proActiveHomeVolume + workspaceVolume + containerWorkingDirectory + containerName
else:
  print("Fork environment disabled")
]]>
                  </code>
                </script>
              </envScript>
            </forkEnvironment>
            <scriptExecutable>
              <script>
                <code language="cpython">
                  <![CDATA[
__file__ = variables.get("PA_TASK_NAME")

if str(variables.get("TASK_ENABLED")).lower() != 'true':
  print("Task " + __file__ + " disabled")
  quit()

print("BEGIN " + __file__)

import json

algorithm = {
  'name': 'LogisticRegression',
  'is_supervised': True,
  'type': 'classification',
  'n_jobs': int(variables.get("N_JOBS")),
  'max_iter': int(variables.get("MAX_ITERATIONS")),
  'solver': variables.get("SOLVER"),
  'penalty': variables.get("PENALTY")
}

algorithm_json = json.dumps(algorithm)
resultMetadata.put("task.algorithm_json", algorithm_json)

print("END " + __file__)
]]>
                </code>
              </script>
            </scriptExecutable>
            <controlFlow block="none"></controlFlow>
          </task>
          <task name="Predict_Model" >
            <description>
              <![CDATA[ Generate predictions using a trained model. ]]>
            </description>
            <variables>
              <variable name="DOCKER_ENABLED" value="True" inherited="true" model="PA:Boolean"/>
              <variable name="DOCKER_IMAGE" value="activeeon/dlm3" inherited="true" />
              <variable name="TASK_ENABLED" value="True" inherited="false" model="PA:Boolean"/>
              <variable name="LABEL_COLUMN" value="" inherited="false" />
            </variables>
            <genericInformation>
              <info name="task.icon" value="/automation-dashboard/styles/patterns/img/wf-icons/predict.png"/>
              <info name="task.documentation" value="https://doc.activeeon.com/latest/MLOS/MLOSUserGuide.html#_predict_model"/>
            </genericInformation>
            <depends>
              <task ref="Train_Model"/>
              <task ref="Split_Data"/>
            </depends>
            <forkEnvironment javaHome="/usr" >
              <envScript>
                <script>
                  <code language="python">
                    <![CDATA[
if str(variables.get("DOCKER_ENABLED")).lower() == 'true':
  #Be aware, that the prefix command is internally split by spaces. So paths with spaces won't work.
  # Prepare Docker parameters 
  containerName = variables.get("DOCKER_IMAGE") 
  dockerRunCommand =  'docker run ' 
  dockerParameters = '--rm ' 
  # Prepare ProActive home volume 
  paHomeHost = variables.get("PA_SCHEDULER_HOME") 
  paHomeContainer = variables.get("PA_SCHEDULER_HOME") 
  proActiveHomeVolume = '-v '+paHomeHost +':'+paHomeContainer+' ' 
  # Prepare working directory (For Dataspaces and serialized task file) 
  workspaceHost = localspace 
  workspaceContainer = localspace 
  workspaceVolume = '-v '+localspace +':'+localspace+' ' 
  # Prepare container working directory 
  containerWorkingDirectory = '-w '+workspaceContainer+' ' 
  # Save pre execution command into magic variable 'preJavaHomeCmd', which is picked up by the node 
  preJavaHomeCmd = dockerRunCommand + dockerParameters + proActiveHomeVolume + workspaceVolume + containerWorkingDirectory + containerName
else:
  print("Fork environment disabled")
]]>
                  </code>
                </script>
              </envScript>
            </forkEnvironment>
            <scriptExecutable>
              <script>
                <code language="cpython">
                  <![CDATA[
__file__ = variables.get("PA_TASK_NAME")

if str(variables.get("TASK_ENABLED")).lower() != 'true':
  print("Task " + __file__ + " disabled")
  quit()

print("BEGIN " + __file__)

import os, sys, bz2, uuid, json
import random, pickle, sklearn
import numpy as np
import pandas as pd

from sklearn.metrics import mean_absolute_error
from sklearn.metrics import mean_squared_error
from sklearn.metrics import confusion_matrix
from sklearn.metrics import precision_score
from sklearn.metrics import accuracy_score
from sklearn.metrics import r2_score

input_variables = {
  'task.dataframe_id': None, 
  'task.dataframe_id_test': None,
  'task.algorithm_json': None,
  'task.label_column': None,
  'task.model_id': None
}
for key in input_variables.keys():
  for res in results:
    value = res.getMetadata().get(key)
    if value is not None:
      input_variables[key] = value
      break

dataframe_id = None
if input_variables['task.dataframe_id'] is not None:
  dataframe_id = input_variables['task.dataframe_id']
if input_variables['task.dataframe_id_test'] is not None:
  dataframe_id = input_variables['task.dataframe_id_test']
print("dataframe id (in): ", dataframe_id)

dataframe_json = variables.get(dataframe_id)
assert dataframe_json is not None
dataframe_json = bz2.decompress(dataframe_json).decode()

dataframe = pd.read_json(dataframe_json, orient='split')

is_labeled_data = False
LABEL_COLUMN = variables.get("LABEL_COLUMN")
if LABEL_COLUMN is not None and LABEL_COLUMN is not "":
  is_labeled_data = True
else:
  LABEL_COLUMN = input_variables['task.label_column']
  if LABEL_COLUMN is not None and LABEL_COLUMN is not "":
    is_labeled_data = True

model_id = input_variables['task.model_id']
model_compressed = variables.get(model_id)
model_bin = bz2.decompress(model_compressed)
assert model_bin is not None
print("model id (in): ", model_id)
print("model size: ", sys.getsizeof(model_compressed), " bytes")
print("model size (decompressed): ", sys.getsizeof(model_bin), " bytes")

algorithm_json = input_variables['task.algorithm_json']
assert algorithm_json is not None
algorithm = json.loads(algorithm_json)
#-------------------------------------------------------------
class obj(object):
  def __init__(self, d):
    for a, b in d.items():
      if isinstance(b, (list, tuple)):
        setattr(self, a, [obj(x) if isinstance(x, dict) else x for x in b])
      else:
        setattr(self, a, obj(b) if isinstance(b, dict) else b)
#-------------------------------------------------------------
alg = obj(algorithm)

dataframe_predictions = None
if alg.is_supervised and is_labeled_data:
  columns = [LABEL_COLUMN]
  dataframe_test = dataframe.drop(columns, axis=1, inplace=False)
  dataframe_label = dataframe.filter(columns, axis=1)

  loaded_model = pickle.loads(model_bin)
  score = loaded_model.score(dataframe_test.values, dataframe_label.values.ravel())
  predictions = list(loaded_model.predict(dataframe_test.values))

  dataframe_predictions = pd.DataFrame(predictions)
  dataframe = dataframe.assign(predictions=dataframe_predictions)
  
  print("MODEL SCORE: %.2f" % score)

  #-------------------------------------------------------------
  # CLASSIFICATION SCORE
  #
  if alg.type == 'classification':
    dataframe['accuracy'] = np.where((dataframe[LABEL_COLUMN] == dataframe['predictions']), 1, 0)
    accuracy_score_result = accuracy_score(dataframe_label.values.ravel(), predictions)
    precision_score_result = precision_score(dataframe_label.values.ravel(), predictions, average='micro')
    confusion_matrix_result = confusion_matrix(dataframe_label.values.ravel(), predictions)
    print("********************** CLASSIFICATION SCORE **********************")
    print("ACCURACY SCORE: %.2f" % accuracy_score_result)
    print("PRECISION SCORE: %.2f" % precision_score_result)
    print("CONFUSION MATRIX:\n%s" % confusion_matrix_result)
    print("*******************************************************************")

  #-------------------------------------------------------------
  # REGRESSION SCORE
  #
  if alg.type == 'regression':
    dataframe['absolute_error'] = dataframe[LABEL_COLUMN] - dataframe['predictions']
    mean_squared_error_result = mean_squared_error(dataframe_label.values.ravel(), predictions)
    mean_absolute_error_result = mean_absolute_error(dataframe_label.values.ravel(), predictions)
    r2_score_result = r2_score(dataframe_label.values.ravel(), predictions) 
    print("********************** REGRESSION SCORES **********************")
    print("MEAN SQUARED ERROR: %.2f" % mean_squared_error_result)
    print("MEAN ABSOLUTE ERROR: %.2f" % mean_absolute_error_result)
    print("R2 SCORE: %.2f" % r2_score_result)
    print("***************************************************************")

dataframe_json = dataframe.to_json(orient='split').encode()
compressed_data = bz2.compress(dataframe_json)

dataframe_id = str(uuid.uuid4())
variables.put(dataframe_id, compressed_data)

print("dataframe id (out): ", dataframe_id)
print('dataframe size (original):   ', sys.getsizeof(dataframe_json), " bytes")
print('dataframe size (compressed): ', sys.getsizeof(compressed_data), " bytes")
print(dataframe.head())

resultMetadata.put("task.name", __file__)
resultMetadata.put("task.dataframe_id", dataframe_id)

LIMIT_OUTPUT_VIEW = variables.get("LIMIT_OUTPUT_VIEW")
LIMIT_OUTPUT_VIEW = 5 if LIMIT_OUTPUT_VIEW is None else int(LIMIT_OUTPUT_VIEW)
if LIMIT_OUTPUT_VIEW > 0:
  print("task result limited to: ", LIMIT_OUTPUT_VIEW, " rows")
  dataframe = dataframe.head(LIMIT_OUTPUT_VIEW).copy()

#============================== Preview results ===============================
#***************# HTML PREVIEW STYLING #***************#
styles = [
    dict(selector="th", props=[("font-weight", "bold"),
                               ("text-align", "center"),
                               ("font-size", "15px"),
                               ("background", "#0B6FA4"),
                               ("color", "#FFFFFF")]),
                               ("padding", "3px 7px"),
    dict(selector="td", props=[("text-align", "right"),
                               ("padding", "3px 3px"),
                               ("border", "1px solid #999999"),
                               ("font-size", "13px"),
                               ("border-bottom", "1px solid #0B6FA4")]),
    dict(selector="table", props=[("border", "1px solid #999999"),
                               ("text-align", "center"),
                               ("width", "100%"),
                               ("border-collapse", "collapse")])
]
#******************************************************#

with pd.option_context('display.max_colwidth', -1):
  result = dataframe.style.set_table_styles(styles).render().encode('utf-8')
  resultMetadata.put("file.extension", ".html")
  resultMetadata.put("file.name", "output.html")
  resultMetadata.put("content.type", "text/html")
#==============================================================================

print("END " + __file__)
]]>
                  </code>
                </script>
              </scriptExecutable>
              <controlFlow block="none"></controlFlow>
            </task>
            <task name="Download_Model" >
              <description>
                <![CDATA[ Download a trained model. ]]>
              </description>
              <variables>
                <variable name="DOCKER_ENABLED" value="True" inherited="true" model="PA:Boolean"/>
                <variable name="DOCKER_IMAGE" value="activeeon/dlm3" inherited="true" />
                <variable name="TASK_ENABLED" value="True" inherited="false" model="PA:Boolean"/>
              </variables>
              <genericInformation>
                <info name="task.icon" value="/automation-dashboard/styles/patterns/img/wf-icons/download_model.png"/>
                <info name="task.documentation" value="https://doc.activeeon.com/latest/MLOS/MLOSUserGuide.html#_download_model"/>
              </genericInformation>
              <depends>
                <task ref="Train_Model"/>
              </depends>
              <forkEnvironment javaHome="/usr" >
                <envScript>
                  <script>
                    <code language="python">
                      <![CDATA[
if str(variables.get("DOCKER_ENABLED")).lower() == 'true':
  #Be aware, that the prefix command is internally split by spaces. So paths with spaces won't work.
  # Prepare Docker parameters 
  containerName = variables.get("DOCKER_IMAGE") 
  dockerRunCommand =  'docker run ' 
  dockerParameters = '--rm ' 
  # Prepare ProActive home volume 
  paHomeHost = variables.get("PA_SCHEDULER_HOME") 
  paHomeContainer = variables.get("PA_SCHEDULER_HOME") 
  proActiveHomeVolume = '-v '+paHomeHost +':'+paHomeContainer+' ' 
  # Prepare working directory (For Dataspaces and serialized task file) 
  workspaceHost = localspace 
  workspaceContainer = localspace 
  workspaceVolume = '-v '+localspace +':'+localspace+' ' 
  # Prepare container working directory 
  containerWorkingDirectory = '-w '+workspaceContainer+' ' 
  # Save pre execution command into magic variable 'preJavaHomeCmd', which is picked up by the node 
  preJavaHomeCmd = dockerRunCommand + dockerParameters + proActiveHomeVolume + workspaceVolume + containerWorkingDirectory + containerName
else:
  print("Fork environment disabled")
]]>
                    </code>
                  </script>
                </envScript>
              </forkEnvironment>
              <scriptExecutable>
                <script>
                  <code language="cpython">
                    <![CDATA[
__file__ = variables.get("PA_TASK_NAME")

if str(variables.get("TASK_ENABLED")).lower() != 'true':
  print("Task " + __file__ + " disabled")
  quit()

print("BEGIN " + __file__)

import os, sys, bz2

input_variables = {'task.model_id': None}
for key in input_variables.keys():
  for res in results:
    value = res.getMetadata().get(key)
    if value is not None:
      input_variables[key] = value
      break

model_id = input_variables['task.model_id']
model_compressed = variables.get(model_id)
model_bin = bz2.decompress(model_compressed)
assert model_bin is not None

print("model id (in): ", model_id)
print("model size: ", sys.getsizeof(model_compressed), " bytes")
print("model size (decompressed): ", sys.getsizeof(model_bin), " bytes")

assert model_bin is not None
result = model_bin

#resultMetadata.put("task.name", __file__)
#resultMetadata.put("task.model_bin", model_bin)

resultMetadata.put("file.extension", ".model")
resultMetadata.put("file.name", "myModel.model")
resultMetadata.put("content.type", "application/octet-stream")

print("END " + __file__)
]]>
                  </code>
                </script>
              </scriptExecutable>
              <controlFlow block="none"></controlFlow>
            </task>
            <task name="Preview_Results" >
              <description>
                <![CDATA[ Export the results. ]]>
              </description>
              <variables>
                <variable name="DOCKER_ENABLED" value="True" inherited="true" model="PA:Boolean"/>
                <variable name="DOCKER_IMAGE" value="activeeon/dlm3" inherited="true" />
                <variable name="TASK_ENABLED" value="True" inherited="false" model="PA:Boolean"/>
                <variable name="OUTPUT_TYPE" value="HTML" inherited="false" model="PA:LIST(CSV,JSON,HTML)"/>
                <variable name="LIMIT_OUTPUT_VIEW" value="500" inherited="false" model="PA:Integer"/>
              </variables>
              <genericInformation>
                <info name="task.icon" value="/automation-dashboard/styles/patterns/img/wf-icons/export_data.png"/>
                <info name="task.documentation" value="https://doc.activeeon.com/latest/MLOS/MLOSUserGuide.html#_export_results"/>
              </genericInformation>
              <depends>
                <task ref="Predict_Model"/>
              </depends>
              <forkEnvironment javaHome="/usr" >
                <envScript>
                  <script>
                    <code language="python">
                      <![CDATA[
if str(variables.get("DOCKER_ENABLED")).lower() == 'true':
  #Be aware, that the prefix command is internally split by spaces. So paths with spaces won't work.
  # Prepare Docker parameters 
  containerName = variables.get("DOCKER_IMAGE") 
  dockerRunCommand =  'docker run ' 
  dockerParameters = '--rm ' 
  # Prepare ProActive home volume 
  paHomeHost = variables.get("PA_SCHEDULER_HOME") 
  paHomeContainer = variables.get("PA_SCHEDULER_HOME") 
  proActiveHomeVolume = '-v '+paHomeHost +':'+paHomeContainer+' ' 
  # Prepare working directory (For Dataspaces and serialized task file) 
  workspaceHost = localspace 
  workspaceContainer = localspace 
  workspaceVolume = '-v '+localspace +':'+localspace+' ' 
  # Prepare container working directory 
  containerWorkingDirectory = '-w '+workspaceContainer+' ' 
  # Save pre execution command into magic variable 'preJavaHomeCmd', which is picked up by the node 
  preJavaHomeCmd = dockerRunCommand + dockerParameters + proActiveHomeVolume + workspaceVolume + containerWorkingDirectory + containerName
else:
  print("Fork environment disabled")
]]>
                    </code>
                  </script>
                </envScript>
              </forkEnvironment>
              <scriptExecutable>
                <script>
                  <code language="cpython">
                    <![CDATA[
__file__ = variables.get("PA_TASK_NAME")

if str(variables.get("TASK_ENABLED")).lower() != 'true':
  print("Task " + __file__ + " disabled")
  quit()

print("BEGIN " + __file__)

import pandas as pd
import numpy as np
import bz2

OUTPUT_TYPE = variables.get("OUTPUT_TYPE")
assert OUTPUT_TYPE is not None and OUTPUT_TYPE is not ""

input_variables = {'task.dataframe_id': None}
for key in input_variables.keys():
  for res in results:
    value = res.getMetadata().get(key)
    if value is not None:
      input_variables[key] = value
      break

dataframe_id = input_variables['task.dataframe_id']
print("dataframe id (in): ", dataframe_id)

dataframe_json = variables.get(dataframe_id)
assert dataframe_json is not None
dataframe_json = bz2.decompress(dataframe_json).decode()

dataframe = pd.read_json(dataframe_json, orient='split')
print(dataframe.head())

OUTPUT_TYPE = OUTPUT_TYPE.upper()
if OUTPUT_TYPE == "S3":
  import s3fs, uuid

  UserAccessKeyID=str(variables.get('UserAccessKeyID'))
  UserSecretAccessKey=str(variables.get('UserSecretAccessKey'))
  UserBucketPath=variables.get('UserBucketPath')

  dataframe_id = str(uuid.uuid4())
  print("dataframe id (out): ", dataframe_id)
  bytes_to_write = dataframe.to_csv(index=False).encode()

  fs = s3fs.S3FileSystem(
      key=UserAccessKeyID, 
      secret=UserSecretAccessKey,
      s3_additional_kwargs={'ACL': 'public-read'}
  )

  bucket_path=str(UserBucketPath) if UserBucketPath is not None else 's3://activeeon-public/results/'
  s3file_path = bucket_path+dataframe_id+'.csv'
  with fs.open(s3file_path, 'wb') as f:
    f.write(bytes_to_write)

  dataframe_url = fs.url(s3file_path).split('?')[0]
  dataframe_info = fs.info(s3file_path)
  print("The dataframe was uploaded successfully to the following url:")
  print(dataframe_url)
  print("File info:")
  print(dataframe_info)

if OUTPUT_TYPE == "CSV":
  #result = dataframe.to_csv(encoding='utf-8', index=False)
  result = dataframe.to_csv(index=False)
  resultMetadata.put("file.extension", ".csv")
  resultMetadata.put("file.name", "dataframe.csv")
  resultMetadata.put("content.type", "text/csv")

if OUTPUT_TYPE == "JSON":
  result = dataframe.to_json(orient='split', encoding='utf-8')
  resultMetadata.put("file.extension", ".json")
  resultMetadata.put("file.name", "dataframe.json")
  resultMetadata.put("content.type", "application/json")

if OUTPUT_TYPE == "HTML":
  LIMIT_OUTPUT_VIEW = variables.get("LIMIT_OUTPUT_VIEW")
  LIMIT_OUTPUT_VIEW = 5 if LIMIT_OUTPUT_VIEW is None else int(LIMIT_OUTPUT_VIEW)
  if LIMIT_OUTPUT_VIEW > 0:
    print("task result limited to: ", LIMIT_OUTPUT_VIEW, " rows")
    dataframe = dataframe.head(LIMIT_OUTPUT_VIEW).copy()
  
  #***************# HTML PREVIEW STYLING #***************#
  styles = [
    dict(selector="th", props=[("font-weight", "bold"),
                               ("text-align", "center"),
                               ("font-size", "15px"),
                               ("background", "#0B6FA4"),
                               ("color", "#FFFFFF")]),
                               ("padding", "3px 7px"),
    dict(selector="td", props=[("text-align", "right"),
                               ("padding", "3px 3px"),
                               ("border", "1px solid #999999"),
                               ("font-size", "13px"),
                               ("border-bottom", "1px solid #0B6FA4")]),
    dict(selector="table", props=[("border", "1px solid #999999"),
                               ("text-align", "center"),
                               ("width", "100%"),
                               ("border-collapse", "collapse")])
  ]
  #******************************************************#

  with pd.option_context('display.max_colwidth', -1):
    result = dataframe.style.set_table_styles(styles).render().encode('utf-8')
    resultMetadata.put("file.extension", ".html")
    resultMetadata.put("file.name", "output.html")
    resultMetadata.put("content.type", "text/html")

print("END " + __file__)
]]>
                    </code>
                  </script>
                </scriptExecutable>
                <controlFlow block="none"></controlFlow>
              </task>
              <task name="Fill_NaNs" >
                <description>
                  <![CDATA[ Replace all NaN elements of the data. ]]>
                </description>
                <variables>
                  <variable name="DOCKER_ENABLED" value="True" inherited="true" model="PA:Boolean"/>
                  <variable name="DOCKER_IMAGE" value="activeeon/dlm3" inherited="true" />
                  <variable name="TASK_ENABLED" value="True" inherited="false" model="PA:Boolean"/>
                  <variable name="FILL_MAP" value="" inherited="false" />
                </variables>
                <genericInformation>
                  <info name="task.icon" value="/automation-dashboard/styles/patterns/img/wf-icons/filled_filter.png"/>
                  <info name="task.documentation" value="https://doc.activeeon.com/latest/MLOS/MLOSUserGuide.html#_filter_data"/>
                </genericInformation>
                <depends>
                  <task ref="Import_Data"/>
                </depends>
                <forkEnvironment javaHome="/usr" >
                  <envScript>
                    <script>
                      <code language="python">
                        <![CDATA[
if str(variables.get("DOCKER_ENABLED")).lower() == 'true':
  #Be aware, that the prefix command is internally split by spaces. So paths with spaces won't work.
  # Prepare Docker parameters 
  containerName = variables.get("DOCKER_IMAGE") 
  dockerRunCommand =  'docker run ' 
  dockerParameters = '--rm ' 
  # Prepare ProActive home volume 
  paHomeHost = variables.get("PA_SCHEDULER_HOME") 
  paHomeContainer = variables.get("PA_SCHEDULER_HOME") 
  proActiveHomeVolume = '-v '+paHomeHost +':'+paHomeContainer+' ' 
  # Prepare working directory (For Dataspaces and serialized task file) 
  workspaceHost = localspace 
  workspaceContainer = localspace 
  workspaceVolume = '-v '+localspace +':'+localspace+' ' 
  # Prepare container working directory 
  containerWorkingDirectory = '-w '+workspaceContainer+' ' 
  # Save pre execution command into magic variable 'preJavaHomeCmd', which is picked up by the node 
  preJavaHomeCmd = dockerRunCommand + dockerParameters + proActiveHomeVolume + workspaceVolume + containerWorkingDirectory + containerName
else:
  print("Fork environment disabled")
]]>
                      </code>
                    </script>
                  </envScript>
                </forkEnvironment>
                <scriptExecutable>
                  <script>
                    <code language="cpython">
                      <![CDATA[
__file__ = variables.get("PA_TASK_NAME")

if str(variables.get("TASK_ENABLED")).lower() != 'true':
  print("Task " + __file__ + " disabled")
  quit()

print("BEGIN " + __file__)

import sys, bz2, uuid, json
import pandas as pd
import numpy as np

input_variables = {'task.dataframe_id': None}
for key in input_variables.keys():
  for res in results:
    value = res.getMetadata().get(key)
    if value is not None:
      input_variables[key] = value
      break

dataframe_id = input_variables['task.dataframe_id']
print("dataframe id (in): ", dataframe_id)

dataframe_json = variables.get(dataframe_id)
assert dataframe_json is not None
dataframe_json = bz2.decompress(dataframe_json).decode()

dataframe = pd.read_json(dataframe_json, orient='split')
dataframe.replace([np.inf, -np.inf], np.nan, inplace=True)

FILL_MAP = variables.get("FILL_MAP")
if FILL_MAP is not None and FILL_MAP is not "":
  fill_map = json.loads(FILL_MAP)
  dataframe.fillna(value=fill_map, inplace=True)
else:
  dataframe.fillna(0, inplace=True)

dataframe_json = dataframe.to_json(orient='split').encode()
compressed_data = bz2.compress(dataframe_json)

dataframe_id = str(uuid.uuid4())
variables.put(dataframe_id, compressed_data)

print("dataframe id (out): ", dataframe_id)
print('dataframe size (original):   ', sys.getsizeof(dataframe_json), " bytes")
print('dataframe size (compressed): ', sys.getsizeof(compressed_data), " bytes")
print(dataframe.head())

resultMetadata.put("task.name", __file__)
resultMetadata.put("task.dataframe_id", dataframe_id)

LIMIT_OUTPUT_VIEW = variables.get("LIMIT_OUTPUT_VIEW")
LIMIT_OUTPUT_VIEW = 5 if LIMIT_OUTPUT_VIEW is None else int(LIMIT_OUTPUT_VIEW)
if LIMIT_OUTPUT_VIEW > 0:
  print("task result limited to: ", LIMIT_OUTPUT_VIEW, " rows")
  dataframe = dataframe.head(LIMIT_OUTPUT_VIEW).copy()

#============================== Preview results ===============================
#***************# HTML PREVIEW STYLING #***************#
styles = [
    dict(selector="th", props=[("font-weight", "bold"),
                               ("text-align", "center"),
                               ("font-size", "15px"),
                               ("background", "#0B6FA4"),
                               ("color", "#FFFFFF")]),
                               ("padding", "3px 7px"),
    dict(selector="td", props=[("text-align", "right"),
                               ("padding", "3px 3px"),
                               ("border", "1px solid #999999"),
                               ("font-size", "13px"),
                               ("border-bottom", "1px solid #0B6FA4")]),
    dict(selector="table", props=[("border", "1px solid #999999"),
                               ("text-align", "center"),
                               ("width", "100%"),
                               ("border-collapse", "collapse")])
]
#******************************************************#

with pd.option_context('display.max_colwidth', -1):
  result = dataframe.style.set_table_styles(styles).render().encode('utf-8')
  resultMetadata.put("file.extension", ".html")
  resultMetadata.put("file.name", "output.html")
  resultMetadata.put("content.type", "text/html")
#==============================================================================

print("END " + __file__)
]]>
                      </code>
                    </script>
                  </scriptExecutable>
                  <controlFlow block="none"></controlFlow>
                </task>
              </taskFlow>
              <metadata>
                <visualization>
                  <![CDATA[ <html><head><link rel="stylesheet" href="/studio/styles/studio-standalone.css"><style>
        #workflow-designer {
            left:0 !important;
            top:0 !important;
            width:1122px;
            height:803px;
            }
        </style></head><body><div id="workflow-visualization-view"><div id="workflow-visualization" style="position:relative;top:-108px;left:-400.375px"><div class="task _jsPlumb_endpoint_anchor_ ui-draggable" id="jsPlumb_1_2325" style="top: 113px; left: 429.129px;"><a class="task-name"><img src="/automation-dashboard/styles/patterns/img/wf-icons/import_data.png" width="20px">&nbsp;<span class="name">Import_Data</span></a></div><div class="task ui-draggable _jsPlumb_endpoint_anchor_" id="jsPlumb_1_2328" style="top: 369px; left: 429.129px;"><a class="task-name"><img src="/automation-dashboard/styles/patterns/img/wf-icons/split_data.png" width="20px">&nbsp;<span class="name">Split_Data</span></a></div><div class="task ui-draggable _jsPlumb_endpoint_anchor_" id="jsPlumb_1_2331" style="top: 497px; left: 405.38px;"><a class="task-name"><img src="/automation-dashboard/styles/patterns/img/wf-icons/train.png" width="20px">&nbsp;<span class="name">Train_Model</span></a></div><div class="task _jsPlumb_endpoint_anchor_ ui-draggable" id="jsPlumb_1_2334" style="top: 369px; left: 579.63px;"><a class="task-name"><img src="/automation-dashboard/styles/patterns/img/wf-icons/ml_classification.png" width="20px">&nbsp;<span class="name">Logistic_Regression</span></a></div><div class="task ui-draggable _jsPlumb_endpoint_anchor_" id="jsPlumb_1_2337" style="top: 625px; left: 439.129px;"><a class="task-name"><img src="/automation-dashboard/styles/patterns/img/wf-icons/predict.png" width="20px">&nbsp;<span class="name">Predict_Model</span></a></div><div class="task ui-draggable _jsPlumb_endpoint_anchor_" id="jsPlumb_1_2340" style="top: 625px; left: 599.63px;"><a class="task-name"><img src="/automation-dashboard/styles/patterns/img/wf-icons/download_model.png" width="20px">&nbsp;<span class="name">Download_Model</span></a></div><div class="task ui-draggable _jsPlumb_endpoint_anchor_" id="jsPlumb_1_2343" style="top: 753px; left: 439.129px;"><a class="task-name"><img src="/automation-dashboard/styles/patterns/img/wf-icons/export_data.png" width="20px">&nbsp;<span class="name">Preview_Results</span></a></div><div class="task ui-draggable _jsPlumb_endpoint_anchor_" id="jsPlumb_1_2346" style="top: 241px; left: 429.129px;"><a class="task-name"><img src="/automation-dashboard/styles/patterns/img/wf-icons/filled_filter.png" width="20px">&nbsp;<span class="name">Fill_NaNs</span></a></div><svg style="position:absolute;left:463.98171321138256px;top:280.5px" width="15.518286788617468" height="89" pointer-events="none" position="absolute" version="1.1"
                  xmlns="http://www.w3.org/1999/xhtml" class="_jsPlumb_connector "><path d="M 0 88 C -10 38 -10 50 0 0 " transform="translate(15.018286788617468,0.5)" pointer-events="visibleStroke" version="1.1"
                  xmlns="http://www.w3.org/1999/xhtml" fill="none" stroke="#666" style=""></path><path pointer-events="all" version="1.1"
                  xmlns="http://www.w3.org/1999/xhtml" d="M-4.427999999999998,66.303232 L-1.2615185838583702,45.35154005301801 L-7.026331880366543,52.546463795240896 L-15.018286788617468,47.94987193338456 L-4.427999999999998,66.303232" class="" stroke="#666" fill="#666" transform="translate(15.018286788617468,0.5)"></path><path pointer-events="all" version="1.1"
                  xmlns="http://www.w3.org/1999/xhtml" d="M-4.427999999999998,66.303232 L-1.2615185838583702,45.35154005301801 L-7.026331880366543,52.546463795240896 L-15.018286788617468,47.94987193338456 L-4.427999999999998,66.303232" class="" stroke="#666" fill="#666" transform="translate(15.018286788617468,0.5)"></path></svg><svg style="position:absolute;left:445.5px;top:408.5px" width="44" height="89" pointer-events="none" position="absolute" version="1.1"
                  xmlns="http://www.w3.org/1999/xhtml" class="_jsPlumb_connector "><path d="M 0 88 C -10 38 33 50 23 0 " transform="translate(10.5,0.5)" pointer-events="visibleStroke" version="1.1"
                  xmlns="http://www.w3.org/1999/xhtml" fill="none" stroke="#666" style=""></path><path pointer-events="all" version="1.1"
                  xmlns="http://www.w3.org/1999/xhtml" d="M-0.7793772500000016,65.8307285 L12.31489900918228,49.17119881731642 L3.75016271362594,52.58371873485242 L-0.932110755965307,44.64165885369049 L-0.7793772500000016,65.8307285" class="" stroke="#666" fill="#666" transform="translate(10.5,0.5)"></path><path pointer-events="all" version="1.1"
                  xmlns="http://www.w3.org/1999/xhtml" d="M-0.7793772500000016,65.8307285 L12.31489900918228,49.17119881731642 L3.75016271362594,52.58371873485242 L-0.932110755965307,44.64165885369049 L-0.7793772500000016,65.8307285" class="" stroke="#666" fill="#666" transform="translate(10.5,0.5)"></path></svg><svg style="position:absolute;left:445.5px;top:408.5px" width="207.5" height="89" pointer-events="none" position="absolute" version="1.1"
                  xmlns="http://www.w3.org/1999/xhtml" class="_jsPlumb_connector "><path d="M 0 88 C -10 38 196.5 50 186.5 0 " transform="translate(10.5,0.5)" pointer-events="visibleStroke" version="1.1"
                  xmlns="http://www.w3.org/1999/xhtml" fill="none" stroke="#666" style=""></path><path pointer-events="all" version="1.1"
                  xmlns="http://www.w3.org/1999/xhtml" d="M27.404002125,59.788559500000005 L48.589441720532186,60.209450393292855 L40.70727694524881,55.42703693821792 L44.227919158750105,46.90617557304405 L27.404002125,59.788559500000005" class="" stroke="#666" fill="#666" transform="translate(10.5,0.5)"></path><path pointer-events="all" version="1.1"
                  xmlns="http://www.w3.org/1999/xhtml" d="M27.404002125,59.788559500000005 L48.589441720532186,60.209450393292855 L40.70727694524881,55.42703693821792 L44.227919158750105,46.90617557304405 L27.404002125,59.788559500000005" class="" stroke="#666" fill="#666" transform="translate(10.5,0.5)"></path></svg><svg style="position:absolute;left:445.5px;top:536.5px" width="54" height="89" pointer-events="none" position="absolute" version="1.1"
                  xmlns="http://www.w3.org/1999/xhtml" class="_jsPlumb_connector "><path d="M 33 88 C 43 38 -10 50 0 0 " transform="translate(10.5,0.5)" pointer-events="visibleStroke" version="1.1"
                  xmlns="http://www.w3.org/1999/xhtml" fill="none" stroke="#666" style=""></path><path pointer-events="all" version="1.1"
                  xmlns="http://www.w3.org/1999/xhtml" d="M32.74133400000001,65.364084 L30.31602032215816,44.31371931042579 L26.634377275336327,52.766263570930334 L17.71819989308849,50.420676035089464 L32.74133400000001,65.364084" class="" stroke="#666" fill="#666" transform="translate(10.5,0.5)"></path><path pointer-events="all" version="1.1"
                  xmlns="http://www.w3.org/1999/xhtml" d="M32.74133400000001,65.364084 L30.31602032215816,44.31371931042579 L26.634377275336327,52.766263570930334 L17.71819989308849,50.420676035089464 L32.74133400000001,65.364084" class="" stroke="#666" fill="#666" transform="translate(10.5,0.5)"></path></svg><svg style="position:absolute;left:468.5px;top:408.5px" width="31" height="217" pointer-events="none" position="absolute" version="1.1"
                  xmlns="http://www.w3.org/1999/xhtml" class="_jsPlumb_connector "><path d="M 10 216 C 20 166 -10 50 0 0 " transform="translate(10.5,0.5)" pointer-events="visibleStroke" version="1.1"
                  xmlns="http://www.w3.org/1999/xhtml" fill="none" stroke="#666" style=""></path><path pointer-events="all" version="1.1"
                  xmlns="http://www.w3.org/1999/xhtml" d="M11.173509999999998,167.0637915 L16.580135520139276,146.57554119683897 L10.07330201765972,153.10708908160638 L2.62343310174564,147.67574917917926 L11.173509999999998,167.0637915" class="" stroke="#666" fill="#666" transform="translate(10.5,0.5)"></path><path pointer-events="all" version="1.1"
                  xmlns="http://www.w3.org/1999/xhtml" d="M11.173509999999998,167.0637915 L16.580135520139276,146.57554119683897 L10.07330201765972,153.10708908160638 L2.62343310174564,147.67574917917926 L11.173509999999998,167.0637915" class="" stroke="#666" fill="#666" transform="translate(10.5,0.5)"></path></svg><svg style="position:absolute;left:445.5px;top:536.5px" width="221" height="89" pointer-events="none" position="absolute" version="1.1"
                  xmlns="http://www.w3.org/1999/xhtml" class="_jsPlumb_connector "><path d="M 200 88 C 210 38 -10 50 0 0 " transform="translate(10.5,0.5)" pointer-events="visibleStroke" version="1.1"
                  xmlns="http://www.w3.org/1999/xhtml" fill="none" stroke="#666" style=""></path><path pointer-events="all" version="1.1"
                  xmlns="http://www.w3.org/1999/xhtml" d="M169.24095999999997,59.394175999999995 L152.1257061439552,46.90145470145403 L155.84105406024486,55.33923816993211 L148.0707683138873,60.30136064120914 L169.24095999999997,59.394175999999995" class="" stroke="#666" fill="#666" transform="translate(10.5,0.5)"></path><path pointer-events="all" version="1.1"
                  xmlns="http://www.w3.org/1999/xhtml" d="M169.24095999999997,59.394175999999995 L152.1257061439552,46.90145470145403 L155.84105406024486,55.33923816993211 L148.0707683138873,60.30136064120914 L169.24095999999997,59.394175999999995" class="" stroke="#666" fill="#666" transform="translate(10.5,0.5)"></path></svg><svg style="position:absolute;left:478.5px;top:664.5px" width="26" height="89" pointer-events="none" position="absolute" version="1.1"
                  xmlns="http://www.w3.org/1999/xhtml" class="_jsPlumb_connector "><path d="M 5 88 C 15 38 -10 50 0 0 " transform="translate(10.5,0.5)" pointer-events="visibleStroke" version="1.1"
                  xmlns="http://www.w3.org/1999/xhtml" fill="none" stroke="#666" style=""></path><path pointer-events="all" version="1.1"
                  xmlns="http://www.w3.org/1999/xhtml" d="M7.409531250000001,66.78168750000002 L12.520990380459518,46.21781175738666 L6.108748919827519,52.84224829573104 L-1.4184488238094648,47.518594087559144 L7.409531250000001,66.78168750000002" class="" stroke="#666" fill="#666" transform="translate(10.5,0.5)"></path><path pointer-events="all" version="1.1"
                  xmlns="http://www.w3.org/1999/xhtml" d="M7.409531250000001,66.78168750000002 L12.520990380459518,46.21781175738666 L6.108748919827519,52.84224829573104 L-1.4184488238094648,47.518594087559144 L7.409531250000001,66.78168750000002" class="" stroke="#666" fill="#666" transform="translate(10.5,0.5)"></path></svg><svg style="position:absolute;left:463.98171321138256px;top:152.5px" width="15.518286788617468" height="89" pointer-events="none" position="absolute" version="1.1"
                  xmlns="http://www.w3.org/1999/xhtml" class="_jsPlumb_connector "><path d="M 0 88 C -10 38 -10 50 0 0 " transform="translate(15.018286788617468,0.5)" pointer-events="visibleStroke" version="1.1"
                  xmlns="http://www.w3.org/1999/xhtml" fill="none" stroke="#666" style=""></path><path pointer-events="all" version="1.1"
                  xmlns="http://www.w3.org/1999/xhtml" d="M-4.427999999999998,66.303232 L-1.2615185838583702,45.35154005301801 L-7.026331880366543,52.546463795240896 L-15.018286788617468,47.94987193338456 L-4.427999999999998,66.303232" class="" stroke="#666" fill="#666" transform="translate(15.018286788617468,0.5)"></path><path pointer-events="all" version="1.1"
                  xmlns="http://www.w3.org/1999/xhtml" d="M-4.427999999999998,66.303232 L-1.2615185838583702,45.35154005301801 L-7.026331880366543,52.546463795240896 L-15.018286788617468,47.94987193338456 L-4.427999999999998,66.303232" class="" stroke="#666" fill="#666" transform="translate(15.018286788617468,0.5)"></path></svg><div class="_jsPlumb_endpoint source-endpoint dependency-source-endpoint connected _jsPlumb_endpoint_anchor_ ui-draggable ui-droppable _jsPlumb_endpoint_connected" style="position: absolute; height: 20px; width: 20px; left: 469px; top: 143px;"><svg style="position:absolute;left:0px;top:0px" width="20" height="20" pointer-events="all" position="absolute" version="1.1"
                  xmlns="http://www.w3.org/1999/xhtml"><circle cx="10" cy="10" r="10" version="1.1"
                  xmlns="http://www.w3.org/1999/xhtml" fill="#666" stroke="none" style=""></circle></svg></div><div class="_jsPlumb_endpoint source-endpoint dependency-source-endpoint connected _jsPlumb_endpoint_anchor_ ui-draggable ui-droppable _jsPlumb_endpoint_connected" style="position: absolute; height: 20px; width: 20px; left: 469px; top: 399px;"><svg style="position:absolute;left:0px;top:0px" width="20" height="20" pointer-events="all" position="absolute" version="1.1"
                  xmlns="http://www.w3.org/1999/xhtml"><circle cx="10" cy="10" r="10" version="1.1"
                  xmlns="http://www.w3.org/1999/xhtml" fill="#666" stroke="none" style=""></circle></svg></div><div class="_jsPlumb_endpoint target-endpoint dependency-target-endpoint _jsPlumb_endpoint_anchor_ ui-draggable ui-droppable _jsPlumb_endpoint_connected" style="position: absolute; height: 20px; width: 20px; left: 469px; top: 359px;"><svg style="position:absolute;left:0px;top:0px" width="20" height="20" pointer-events="all" position="absolute" version="1.1"
                  xmlns="http://www.w3.org/1999/xhtml"><circle cx="10" cy="10" r="10" version="1.1"
                  xmlns="http://www.w3.org/1999/xhtml" fill="#666" stroke="none" style=""></circle></svg></div><div class="_jsPlumb_endpoint source-endpoint dependency-source-endpoint connected _jsPlumb_endpoint_anchor_ ui-draggable ui-droppable _jsPlumb_endpoint_connected" style="position: absolute; height: 20px; width: 20px; left: 446px; top: 527px;"><svg style="position:absolute;left:0px;top:0px" width="20" height="20" pointer-events="all" position="absolute" version="1.1"
                  xmlns="http://www.w3.org/1999/xhtml"><circle cx="10" cy="10" r="10" version="1.1"
                  xmlns="http://www.w3.org/1999/xhtml" fill="#666" stroke="none" style=""></circle></svg></div><div class="_jsPlumb_endpoint target-endpoint dependency-target-endpoint _jsPlumb_endpoint_anchor_ ui-draggable ui-droppable _jsPlumb_endpoint_connected" style="position: absolute; height: 20px; width: 20px; left: 446px; top: 487px;"><svg style="position:absolute;left:0px;top:0px" width="20" height="20" pointer-events="all" position="absolute" version="1.1"
                  xmlns="http://www.w3.org/1999/xhtml"><circle cx="10" cy="10" r="10" version="1.1"
                  xmlns="http://www.w3.org/1999/xhtml" fill="#666" stroke="none" style=""></circle></svg></div><div class="_jsPlumb_endpoint source-endpoint dependency-source-endpoint connected _jsPlumb_endpoint_anchor_ ui-draggable ui-droppable _jsPlumb_endpoint_connected" style="position: absolute; height: 20px; width: 20px; left: 632.5px; top: 399px;"><svg style="position:absolute;left:0px;top:0px" width="20" height="20" pointer-events="all" position="absolute" version="1.1"
                  xmlns="http://www.w3.org/1999/xhtml"><circle cx="10" cy="10" r="10" version="1.1"
                  xmlns="http://www.w3.org/1999/xhtml" fill="#666" stroke="none" style=""></circle></svg></div><div class="_jsPlumb_endpoint source-endpoint dependency-source-endpoint connected _jsPlumb_endpoint_anchor_ ui-draggable ui-droppable _jsPlumb_endpoint_connected" style="position: absolute; height: 20px; width: 20px; left: 479px; top: 655px;"><svg style="position:absolute;left:0px;top:0px" width="20" height="20" pointer-events="all" position="absolute" version="1.1"
                  xmlns="http://www.w3.org/1999/xhtml"><circle cx="10" cy="10" r="10" version="1.1"
                  xmlns="http://www.w3.org/1999/xhtml" fill="#666" stroke="none" style=""></circle></svg></div><div class="_jsPlumb_endpoint target-endpoint dependency-target-endpoint _jsPlumb_endpoint_anchor_ ui-draggable ui-droppable _jsPlumb_endpoint_connected" style="position: absolute; height: 20px; width: 20px; left: 479px; top: 615px;"><svg style="position:absolute;left:0px;top:0px" width="20" height="20" pointer-events="all" position="absolute" version="1.1"
                  xmlns="http://www.w3.org/1999/xhtml"><circle cx="10" cy="10" r="10" version="1.1"
                  xmlns="http://www.w3.org/1999/xhtml" fill="#666" stroke="none" style=""></circle></svg></div><div class="_jsPlumb_endpoint source-endpoint dependency-source-endpoint connected _jsPlumb_endpoint_anchor_ ui-draggable ui-droppable" style="position: absolute; height: 20px; width: 20px; left: 646px; top: 655px;"><svg style="position:absolute;left:0px;top:0px" width="20" height="20" pointer-events="all" position="absolute" version="1.1"
                  xmlns="http://www.w3.org/1999/xhtml"><circle cx="10" cy="10" r="10" version="1.1"
                  xmlns="http://www.w3.org/1999/xhtml" fill="#666" stroke="none" style=""></circle></svg></div><div class="_jsPlumb_endpoint target-endpoint dependency-target-endpoint _jsPlumb_endpoint_anchor_ ui-draggable ui-droppable _jsPlumb_endpoint_connected" style="position: absolute; height: 20px; width: 20px; left: 646px; top: 615px;"><svg style="position:absolute;left:0px;top:0px" width="20" height="20" pointer-events="all" position="absolute" version="1.1"
                  xmlns="http://www.w3.org/1999/xhtml"><circle cx="10" cy="10" r="10" version="1.1"
                  xmlns="http://www.w3.org/1999/xhtml" fill="#666" stroke="none" style=""></circle></svg></div><div class="_jsPlumb_endpoint source-endpoint dependency-source-endpoint connected _jsPlumb_endpoint_anchor_ ui-draggable ui-droppable" style="position: absolute; height: 20px; width: 20px; left: 484px; top: 783px;"><svg style="position:absolute;left:0px;top:0px" width="20" height="20" pointer-events="all" position="absolute" version="1.1"
                  xmlns="http://www.w3.org/1999/xhtml"><circle cx="10" cy="10" r="10" version="1.1"
                  xmlns="http://www.w3.org/1999/xhtml" fill="#666" stroke="none" style=""></circle></svg></div><div class="_jsPlumb_endpoint target-endpoint dependency-target-endpoint _jsPlumb_endpoint_anchor_ ui-draggable ui-droppable _jsPlumb_endpoint_connected" style="position: absolute; height: 20px; width: 20px; left: 484px; top: 743px;"><svg style="position:absolute;left:0px;top:0px" width="20" height="20" pointer-events="all" position="absolute" version="1.1"
                  xmlns="http://www.w3.org/1999/xhtml"><circle cx="10" cy="10" r="10" version="1.1"
                  xmlns="http://www.w3.org/1999/xhtml" fill="#666" stroke="none" style=""></circle></svg></div><div class="_jsPlumb_endpoint source-endpoint dependency-source-endpoint connected _jsPlumb_endpoint_anchor_ ui-draggable ui-droppable _jsPlumb_endpoint_connected" style="position: absolute; height: 20px; width: 20px; left: 469px; top: 271px;"><svg style="position:absolute;left:0px;top:0px" width="20" height="20" pointer-events="all" position="absolute" version="1.1"
                  xmlns="http://www.w3.org/1999/xhtml"><circle cx="10" cy="10" r="10" version="1.1"
                  xmlns="http://www.w3.org/1999/xhtml" fill="#666" stroke="none" style=""></circle></svg></div><div class="_jsPlumb_endpoint target-endpoint dependency-target-endpoint _jsPlumb_endpoint_anchor_ ui-draggable ui-droppable _jsPlumb_endpoint_connected" style="position: absolute; height: 20px; width: 20px; left: 469px; top: 231px;"><svg style="position:absolute;left:0px;top:0px" width="20" height="20" pointer-events="all" position="absolute" version="1.1"
                  xmlns="http://www.w3.org/1999/xhtml"><circle cx="10" cy="10" r="10" version="1.1"
                  xmlns="http://www.w3.org/1999/xhtml" fill="#666" stroke="none" style=""></circle></svg></div></div></div></body></html>
 ]]>
                </visualization>
              </metadata>
            </job>