<?xml version="1.0" encoding="UTF-8"?>
<job
  xmlns:xsi="http://www.w3.org/2001/XMLSchema-instance"
  xmlns="urn:proactive:jobdescriptor:3.11" xsi:schemaLocation="urn:proactive:jobdescriptor:3.11 http://www.activeeon.com/public_content/schemas/proactive/jobdescriptor/3.11/schedulerjob.xsd"  name="Docker_Exec_Env" projectName="2. Advanced Workflows" priority="normal" onTaskError="continueJobExecution"  maxNumberOfExecution="2" >
  <description>
    <![CDATA[ This workflow demonstrates the usage of a Docker Fork Execution Environment. Including the usage of variables passing and Dataspaces ]]>
  </description>
  <genericInformation>
    <info name="workflow.icon" value="/automation-dashboard/styles/patterns/img/wf-icons/docker-exec-env.png"/>
  </genericInformation>
  <taskFlow>
    <task name="CheckoutProactiveScheduling" >
      <description>
        <![CDATA[ The simplest task, ran by a bash engine. ]]>
      </description>
      <genericInformation>
        <info name="task.icon" value="/automation-dashboard/styles/patterns/img/wf-icons/docker-exec-env.png"/>
      </genericInformation>
      <forkEnvironment javaHome="/usr" >
        <envScript>
          <script>
            <file language="groovy" url="${PA_CATALOG_REST_URL}/buckets/scripts/resources/fork_env_docker_java/raw"/>
          </script>
        </envScript>
      </forkEnvironment>
      <scriptExecutable>
        <script>
          <code language="bash">
            <![CDATA[
echo '---------------------- Execute a task inside a Docker Container Example -----------------------------'
echo '---------------------- Start Task No. 1 ---------------------------------------------------------'
echo 'This task runs inside a Docker container. It can install new software or change software versions without impacting other software or tasks.'
echo "Now, lets install git in this container by executing 'apt-get install git -y'."
echo "We could clone a git repo."
echo 'Lets pretend we created some statistics about this git repo, we save it in a file (stats.log).'
echo "In the 'Data Management' tab, the stats.log file is setup to be transferred between tasks."
echo "This is a statistic, 1,2,3,4,5,6,7,8. Saved in stats.log." > stats.log
]]>
          </code>
        </script>
      </scriptExecutable>
      <controlFlow block="none"></controlFlow>
      <outputFiles>
        <files  includes="stats.log" accessMode="transferToUserSpace"/>
      </outputFiles>
    </task>
    <task name="Print_settings.properties" >
      <description>
        <![CDATA[ The simplest task, ran by a bash engine. ]]>
      </description>
      <genericInformation>
        <info name="task.icon" value="/automation-dashboard/styles/patterns/img/wf-icons/docker-exec-env.png"/>
      </genericInformation>
      <depends>
        <task ref="CheckoutProactiveScheduling"/>
      </depends>
      <inputFiles>
        <files  includes="stats.log" accessMode="transferFromUserSpace"/>
      </inputFiles>
      <scriptExecutable>
        <script>
          <code language="groovy">
            <![CDATA[
println "---------------------- Start Task No. 2 ---------------------------------------------------------"
println "This task receives a file from its preceding task, statsfile.log. It was configured in the 'Data Management' tab to do so."
statsContents = new File("stats.log").text
variables.put("statsfile", statsContents)
println "The file was read and put into the variables map. Variables which are placed inside the variables map are transferred along tasks. Those are accessible and changeable inside preceding tasks."
]]>
          </code>
        </script>
      </scriptExecutable>
      <controlFlow block="none"></controlFlow>
    </task>
    <task name="Linux_Bash_Task" >
      <description>
        <![CDATA[ The simplest task, ran by a bash engine. ]]>
      </description>
      <genericInformation>
        <info name="task.icon" value="/automation-dashboard/styles/patterns/img/wf-icons/docker-exec-env.png"/>
      </genericInformation>
      <depends>
        <task ref="Print_settings.properties"/>
      </depends>
      <scriptExecutable>
        <script>
          <code language="bash">
            <![CDATA[
echo '---------------------- Start Task No. 3 ---------------------------------------------------------'
echo "Print the content of the file from a variable. The variable was created in one of the succeeding tasks in a python script. Variables which are saved in the variables map are passed along tasks. So now we can access the output of the python script in this bash script. Which is: "
echo $variables_statsfile
]]>
          </code>
        </script>
      </scriptExecutable>
      <controlFlow block="none"></controlFlow>
    </task>
  </taskFlow>
  <metadata>
    <visualization>
      <![CDATA[ <html><head><link rel="stylesheet" href="/studio/styles/studio-standalone.css"><style>
        #workflow-designer {
            left:0 !important;
            top:0 !important;
            width:1139px;
            height:566px;
            }
        </style></head><body><div id="workflow-visualization-view"><div id="workflow-visualization" style="position:relative;top:-205.9875030517578px;left:-500.75px"><div class="task _jsPlumb_endpoint_anchor_ ui-draggable" id="jsPlumb_1_2739" style="top: 211px; left: 505.75px;"><a class="task-name"><img src="/automation-dashboard/styles/patterns/img/wf-icons/docker-exec-env.png" width="20px">&nbsp;<span class="name">CheckoutProactiveScheduling</span></a></div><div class="task ui-draggable _jsPlumb_endpoint_anchor_" id="jsPlumb_1_2742" style="top: 339px; left: 505.75px;"><a class="task-name"><img src="/automation-dashboard/styles/patterns/img/wf-icons/docker-exec-env.png" width="20px">&nbsp;<span class="name">Print_settings.properties</span></a></div><div class="task ui-draggable _jsPlumb_endpoint_anchor_" id="jsPlumb_1_2745" style="top: 467px; left: 505.75px;"><a class="task-name"><img src="/automation-dashboard/styles/patterns/img/wf-icons/docker-exec-env.png" width="20px">&nbsp;<span class="name">Linux_Bash_Task</span></a></div><svg style="position:absolute;left:567px;top:250.5px" width="34" height="89" pointer-events="none" position="absolute" version="1.1"
      xmlns="http://www.w3.org/1999/xhtml" class="_jsPlumb_connector "><path d="M 0 88 C -10 38 23 50 13 0 " transform="translate(10.5,0.5)" pointer-events="visibleStroke" version="1.1"
      xmlns="http://www.w3.org/1999/xhtml" fill="none" stroke="#666" style=""></path><path pointer-events="all" version="1.1"
      xmlns="http://www.w3.org/1999/xhtml" d="M-1.7219520000000006,66.303232 L9.11339332990344,48.093473858230524 L1.0605433106448878,52.582527942035654 L-4.607310728060904,45.310978547585634 L-1.7219520000000006,66.303232" class="" stroke="#666" fill="#666" transform="translate(10.5,0.5)"></path><path pointer-events="all" version="1.1"
      xmlns="http://www.w3.org/1999/xhtml" d="M-1.7219520000000006,66.303232 L9.11339332990344,48.093473858230524 L1.0605433106448878,52.582527942035654 L-4.607310728060904,45.310978547585634 L-1.7219520000000006,66.303232" class="" stroke="#666" fill="#666" transform="translate(10.5,0.5)"></path></svg><svg style="position:absolute;left:552.5px;top:378.5px" width="35.5" height="89" pointer-events="none" position="absolute" version="1.1"
      xmlns="http://www.w3.org/1999/xhtml" class="_jsPlumb_connector "><path d="M 0 88 C -10 38 24.5 50 14.5 0 " transform="translate(10.5,0.5)" pointer-events="visibleStroke" version="1.1"
      xmlns="http://www.w3.org/1999/xhtml" fill="none" stroke="#666" style=""></path><path pointer-events="all" version="1.1"
      xmlns="http://www.w3.org/1999/xhtml" d="M-1.5936480000000006,66.303232 L9.583726311642035,48.301390330397275 L1.4475197586608088,52.63753411574681 L-4.081971572611152,45.26022257173647 L-1.5936480000000006,66.303232" class="" stroke="#666" fill="#666" transform="translate(10.5,0.5)"></path><path pointer-events="all" version="1.1"
      xmlns="http://www.w3.org/1999/xhtml" d="M-1.5936480000000006,66.303232 L9.583726311642035,48.301390330397275 L1.4475197586608088,52.63753411574681 L-4.081971572611152,45.26022257173647 L-1.5936480000000006,66.303232" class="" stroke="#666" fill="#666" transform="translate(10.5,0.5)"></path></svg><div class="_jsPlumb_endpoint source-endpoint dependency-source-endpoint connected _jsPlumb_endpoint_anchor_ ui-draggable ui-droppable _jsPlumb_endpoint_connected" style="position: absolute; height: 20px; width: 20px; left: 580.5px; top: 241px;"><svg style="position:absolute;left:0px;top:0px" width="20" height="20" pointer-events="all" position="absolute" version="1.1"
      xmlns="http://www.w3.org/1999/xhtml"><circle cx="10" cy="10" r="10" version="1.1"
      xmlns="http://www.w3.org/1999/xhtml" fill="#666" stroke="none" style=""></circle></svg></div><div class="_jsPlumb_endpoint source-endpoint dependency-source-endpoint connected _jsPlumb_endpoint_anchor_ ui-draggable ui-droppable _jsPlumb_endpoint_connected" style="position: absolute; height: 20px; width: 20px; left: 567.5px; top: 369px;"><svg style="position:absolute;left:0px;top:0px" width="20" height="20" pointer-events="all" position="absolute" version="1.1"
      xmlns="http://www.w3.org/1999/xhtml"><circle cx="10" cy="10" r="10" version="1.1"
      xmlns="http://www.w3.org/1999/xhtml" fill="#666" stroke="none" style=""></circle></svg></div><div class="_jsPlumb_endpoint target-endpoint dependency-target-endpoint _jsPlumb_endpoint_anchor_ ui-draggable ui-droppable _jsPlumb_endpoint_connected" style="position: absolute; height: 20px; width: 20px; left: 567.5px; top: 329px;"><svg style="position:absolute;left:0px;top:0px" width="20" height="20" pointer-events="all" position="absolute" version="1.1"
      xmlns="http://www.w3.org/1999/xhtml"><circle cx="10" cy="10" r="10" version="1.1"
      xmlns="http://www.w3.org/1999/xhtml" fill="#666" stroke="none" style=""></circle></svg></div><div class="_jsPlumb_endpoint source-endpoint dependency-source-endpoint connected _jsPlumb_endpoint_anchor_ ui-draggable ui-droppable" style="position: absolute; height: 20px; width: 20px; left: 553px; top: 497px;"><svg style="position:absolute;left:0px;top:0px" width="20" height="20" pointer-events="all" position="absolute" version="1.1"
      xmlns="http://www.w3.org/1999/xhtml"><circle cx="10" cy="10" r="10" version="1.1"
      xmlns="http://www.w3.org/1999/xhtml" fill="#666" stroke="none" style=""></circle></svg></div><div class="_jsPlumb_endpoint target-endpoint dependency-target-endpoint _jsPlumb_endpoint_anchor_ ui-draggable ui-droppable _jsPlumb_endpoint_connected" style="position: absolute; height: 20px; width: 20px; left: 553px; top: 457px;"><svg style="position:absolute;left:0px;top:0px" width="20" height="20" pointer-events="all" position="absolute" version="1.1"
      xmlns="http://www.w3.org/1999/xhtml"><circle cx="10" cy="10" r="10" version="1.1"
      xmlns="http://www.w3.org/1999/xhtml" fill="#666" stroke="none" style=""></circle></svg></div></div></div></body></html>
 ]]>
    </visualization>
  </metadata>
</job>