{
	"metadata": {
		"slug": "dockerswarm",
		"name": "Docker Swarm",
		"short_description": "Lifecycle management and config workflows for Docker Swarm",
		"author": "ActiveEon's Team",
		"tags": ["Cloud Automation", "Docker", "Swarm"],
		"version": "1.0"
	},
	"catalog" : {
		"bucket" : "cloud-automation",
		"objects" : [
			{
				"name" : "Swarm",
				"metadata" : {
					"kind": "Workflow/pca",
					"commitMessage": "First commit",
					"contentType": "application/xml"
				},
				"file" : "resources/catalog/Swarm.xml"
			},
			{
				"name" : "Swarm_Delete",
				"metadata" : {
					"kind": "Workflow/pca",
					"commitMessage": "First commit",
					"contentType": "application/xml"
				},
				"file" : "resources/catalog/Swarm_delete.xml"
			}
		]
	}
}
