{
	"metadata": {
		"slug": "cron",
		"name": "Jobs Planning & CRON",
		"short_description": "Plan jobs on a regular basis with advanced controls",
		"author": "ActiveEon's Team",
		"tags": ["Building blocks", "Cron", "Job planning"],
		"version": "1.0"
	},
	"catalog" : {
		"bucket" : "basic-examples",
		"objects" : [
			{
				"name" : "2_Minutes_Cron",
				"metadata" : {
					"kind": "Workflow/standard",
					"commitMessage": "First commit",
					"contentType": "application/xml"
				},
				"file" : "resources/catalog/2_minutes_cron.xml"
			},
			{
				"name" : "Start_At",
				"metadata" : {
					"kind": "Workflow/standard",
					"commitMessage": "First commit",
					"contentType": "application/xml"
				},
				"file" : "resources/catalog/start_at.xml"
			}
		]
	}
}
