<?xml version="1.0" encoding="UTF-8"?>
<job
  xmlns:xsi="http://www.w3.org/2001/XMLSchema-instance"
  xmlns="urn:proactive:jobdescriptor:3.11" xsi:schemaLocation="urn:proactive:jobdescriptor:3.11 http://www.activeeon.com/public_content/schemas/proactive/jobdescriptor/3.11/schedulerjob.xsd"  name="Bing_Autosuggest" projectName="Search" priority="normal" onTaskError="continueJobExecution"  maxNumberOfExecution="2" >
  <variables>
    <variable name="SEARCH_TERM" value="activeeon" />
    <variable name="MARKET" value="" />
    <variable name="OUTPUT_FORMAT" value="HTML" model="PA:LIST(CSV, HTML, JSON)"/>
  </variables>
  <description>
    <![CDATA[ Bing Autosuggest API lets you send a partial search query term to Bing and get back a list of suggested queries that other users have searched on. For example, as the user enters each character of their search term, you'd call this API and populate the search box's drop-down list with the suggested query strings. Learn how to use Autosuggest API with our quickstarts, tutorials, and samples. ]]>
  </description>
  <genericInformation>
    <info name="bucketName" value="azure-cognitive-services"/>
    <info name="workflow.icon" value="/automation-dashboard/styles/patterns/img/wf-icons/azure/api_bing_autosuggest.png"/>
    <info name="Documentation" value="https://docs.microsoft.com/en-us/azure/cognitive-services/Bing-Autosuggest/"/>
    <info name="group" value="public-objects"/>
  </genericInformation>
  <taskFlow>
    <task name="Bing_Autosuggest" >
      <description>
        <![CDATA[ This task wraps the Bing Image Search API of Microsoft which lets you send a partial search query term to Bing and get back a list of suggested queries that other users have searched on. For example, as the user enters each character of their search term, you'd call this API and populate the search box's drop-down list with the suggested query strings. Learn how to use Autosuggest API with our quickstarts, tutorials, and samples.
The task requires this third-party credential : $BING_SEARCH_API_KEY which provides access to this API. Please refer to the User documentation to learn how to add third-party credentials.
$SEARCH_TERM (required) is the user's search query string.
$MARKET (optional) is the market where the results come from. See Market Codes: https://docs.microsoft.com/en-us/rest/api/cognitiveservices/bing-autosuggest-api-v7-reference#market-codes
The task's output $BING_AUTOSUGGEST_OUTPUT is the result of the API call in a JSON format. ]]>
      </description>
      <variables>
        <variable name="SEARCH_TERM" value="activeeon" inherited="true" />
        <variable name="MARKET" value="" inherited="true" />
        <variable name="OUTPUT_FORMAT" value="HTML" inherited="true" model="PA:LIST(CSV, HTML, JSON)"/>
      </variables>
      <genericInformation>
        <info name="task.icon" value="/automation-dashboard/styles/patterns/img/wf-icons/azure/api_bing_autosuggest.png"/>
        <info name="task.documentation" value="https://docs.microsoft.com/en-us/azure/cognitive-services/Bing-Autosuggest/"/>
      </genericInformation>
      <forkEnvironment javaHome="/usr" >
        <envScript>
          <script>
            <code language="python">
              <![CDATA[
#Be aware, that the prefix command is internally split by spaces. So paths with spaces won't work.
# Prepare Docker parameters 
containerName = 'activeeon/dlm3' 
dockerRunCommand =  'docker run ' 
dockerParameters = '--rm ' 
# Prepare ProActive home volume 
paHomeHost = variables.get("PA_SCHEDULER_HOME") 
paHomeContainer = variables.get("PA_SCHEDULER_HOME") 
proActiveHomeVolume = '-v '+paHomeHost +':'+paHomeContainer+' ' 
# Prepare working directory (For Dataspaces and serialized task file) 
workspaceHost = localspace 
workspaceContainer = localspace 
workspaceVolume = '-v '+localspace +':'+localspace+' ' 
# Prepare container working directory 
containerWorkingDirectory = '-w '+workspaceContainer+' ' 
# Save pre execution command into magic variable 'preJavaHomeCmd', which is picked up by the node 
preJavaHomeCmd = dockerRunCommand + dockerParameters + proActiveHomeVolume + workspaceVolume + containerWorkingDirectory + containerName
]]>
            </code>
          </script>
        </envScript>
      </forkEnvironment>
      <pre>
        <script>
          <code language="bash">
            <![CDATA[

]]>
          </code>
        </script>
      </pre>
      <scriptExecutable>
        <script>
          <code language="cpython">
            <![CDATA[
import requests
import json
import urllib
from pprint import pprint
import pandas as pd
import re

# You can customize the api server location
#api_location="westcentralus"

# Congitive Services - Bing Web Search API URL:
#bing_suggestions_url = "https://{0}.api.cognitive.microsoft.com/bing/v7.0/Suggestions".format(api_location)
bing_suggestions_url = "https://api.cognitive.microsoft.com/bing/v7.0/Suggestions"

if 'variables' in locals():
    if variables.get("SEARCH_TERM") is not None:
        SEARCH_TERM = variables.get("SEARCH_TERM")
    else:
        print("You first need to specify the search term")
        sys.exit(1)
    #see Market Codes: https://docs.microsoft.com/en-us/rest/api/cognitiveservices/bing-autosuggest-api-v7-reference#market-codes
    if variables.get("MARKET") is not None:
        MARKET = variables.get("MARKET")
    if variables.get("OUTPUT_FORMAT") is not None:
        OUTPUT_FORMAT = variables.get("OUTPUT_FORMAT")
    # Provide a valid subscription API token
    if credentials.get("BING_SEARCH_API_KEY") is not None:
        subscription_key = credentials.get("BING_SEARCH_API_KEY")
    else:
        print("You first need to add your Azure Cognitive Services API key (BING_ENTITY_API_KEY) to the third party credentials")
        sys.exit(1)

params={'q':SEARCH_TERM}

if MARKET is not None and len(MARKET)>0:
    params['mkt']=MARKET
    
print("******** Query params ********")
pprint(params)
   
#params  = {"q": "activeeon", "mkt":"fr-FR"}

params["responseFilter"]="Webpages"
# Send API request
headers   = {
    "Ocp-Apim-Subscription-Key": subscription_key,
    'Content-Type': 'text/plain'
}
response = requests.get(bing_suggestions_url, headers=headers, params=urllib.parse.urlencode(params))
response.raise_for_status()

# Get a JSON response
search_results = response.json()

# Print the results
pprint(search_results)

if 'variables' in locals():
    variables.put('BING_AUTOSUGGEST_OUTPUT', search_results)

print("BEGIN Export_Results")
OUTPUT_DATA = search_results["suggestionGroups"][0]["searchSuggestions"]
table = []
for document in OUTPUT_DATA:
    try: 
       url= document["url"]
    except KeyError:
        url = None        
        pass
    try: 
       query= document["query"]
    except KeyError:
        query = None        
        pass
    table.append("""<tr><td>{0}</td><td><a href="{1}">{1}</a></td>""".format(query, url))

css_style="""table {
  border: 1px solid #999999;
  text-align: center;
  border-collapse: collapse;
  width: 100%;
}
td {
  border: 1px solid #999999;
  padding: 3px 2px;
  font-size: 13px;
  border-bottom: 1px solid #999999;
}
th {
  font-size: 17px;
  font-weight: bold;
  color: #FFFFFF;
  text-align: center;
  background: #0B6FA4;
  border-left: 2px solid #999999;
}"""
html = ("""<table><tr><th>Suggestion</th><th>Url</th></tr>{0}</table>""").format("\n".join(table))
html_container="""<!DOCTYPE html>
            <html>
              <head>
                <meta charset="UTF-8">
                  <meta name="description" content="Bing Suggestions Search API Results">
                    <style>{0}</style>
                  </head>
                  <body>{1}</body></html>""".format(css_style,html)

if OUTPUT_DATA != None and 'resultMetadata' in locals(): 
    dataframe=pd.read_html(html_container,header=0, encoding='utf-8')[0]
    
    if OUTPUT_FORMAT == 'JSON':
        result = json.dumps(search_results).encode('utf-8')
        resultMetadata.put("file.extension", ".json")
        resultMetadata.put("file.name", "result.json")
        resultMetadata.put("content.type", "application/json")
    elif OUTPUT_FORMAT == 'CSV':
        result = dataframe.to_csv(index=False).encode('utf-8')
        resultMetadata.put("file.extension", ".csv")
        resultMetadata.put("file.name", "result.csv")
        resultMetadata.put("content.type", "text/csv")
    elif OUTPUT_FORMAT == 'HTML':
        result = html_container.encode('utf-8')
        resultMetadata.put("file.extension", ".html")
        resultMetadata.put("file.name", "result.html")
        resultMetadata.put("content.type", "text/html")
    print("END Export_Results")  
else:
    print('It is not possible to export the data')

# Uncomment this to render the HTML result locally in your python notebook
#from IPython.display import HTML
#HTML(html_container)
]]>
                </code>
              </script>
            </scriptExecutable>
          </task>
        </taskFlow>
        <metadata>
          <visualization>
            <![CDATA[ <html><head><link rel="stylesheet" href="/studio/styles/studio-standalone.css"><style>
        #workflow-designer {
            left:0 !important;
            top:0 !important;
            width:1139px;
            height:566px;
            }
        </style></head><body><div id="workflow-visualization-view"><div id="workflow-visualization" style="position:relative;top:-333.9875030517578px;left:-490px"><div class="task _jsPlumb_endpoint_anchor_ ui-draggable" id="jsPlumb_1_91" style="top: 339px; left: 495px;"><a class="task-name"><img src="/automation-dashboard/styles/patterns/img/wf-icons/azure/api_bing_autosuggest.png" width="20px">&nbsp;<span class="name">BingAutosuggest</span></a></div><div class="_jsPlumb_endpoint source-endpoint dependency-source-endpoint connected _jsPlumb_endpoint_anchor_ ui-draggable ui-droppable" style="position: absolute; height: 20px; width: 20px; left: 540px; top: 369px;"><svg style="position:absolute;left:0px;top:0px" width="20" height="20" pointer-events="all" position="absolute" version="1.1"
            xmlns="http://www.w3.org/1999/xhtml"><circle cx="10" cy="10" r="10" version="1.1"
            xmlns="http://www.w3.org/1999/xhtml" fill="#666" stroke="none" style=""></circle></svg></div></div></div></body></html>
 ]]>
          </visualization>
        </metadata>
      </job>