<?xml version="1.0" encoding="UTF-8"?>
<job
  xmlns:xsi="http://www.w3.org/2001/XMLSchema-instance"
  xmlns="urn:proactive:jobdescriptor:3.11" xsi:schemaLocation="urn:proactive:jobdescriptor:3.11 http://www.activeeon.com/public_content/schemas/proactive/jobdescriptor/3.11/schedulerjob.xsd"  name="Bing_Video_Search" projectName="Search" priority="normal" onTaskError="continueJobExecution"  maxNumberOfExecution="2" >
  <variables>
    <variable name="SEARCH_TERM" value="activeeon" />
    <variable name="COUNT" value="-1" model="PA:Integer"/>
    <variable name="PRICING" value="" />
    <variable name="VIDEO_LENGTH" value="" />
    <variable name="MARKET" value="" />
    <variable name="OUTPUT_FORMAT" value="HTML" model="PA:LIST(CSV, HTML, JSON)"/>
  </variables>
  <description>
    <![CDATA[ Bing Videos Search API provides an experience similar to Bing.com/videos by returning videos that Bing determines are relevant to a query. ]]>
  </description>
  <genericInformation>
    <info name="bucketName" value="azure-cognitive-services"/>
    <info name="workflow.icon" value="/automation-dashboard/styles/patterns/img/wf-icons/azure/api_bing_video_search.png"/>
    <info name="Documentation" value="https://docs.microsoft.com/en-us/azure/cognitive-services/Bing-Video-Search/"/>
    <info name="group" value="public-objects"/>
  </genericInformation>
  <taskFlow>
    <task name="Bing_Video_Search" >
      <description>
        <![CDATA[ This task wraps the Bing Video Search API of Microsoft which provides an experience similar to Bing.com/videos by returning videos that Bing determines are relevant to a query.
The task requires this third-party credential : $BING_SEARCH_API_KEY which provides access to this API. Please refer to the User documentation to learn how to add third-party credentials.
$SEARCH_TERM (required) is the user's search query string.
$COUNT (optional) is the number of videos to return in the response. 
$PRICING (optional) Filters videos by the following pricing options: Possible values {'free', 'paid', 'All'}
$VIDEO_LENGTH (optional) Filter videos by the following lengths. Possible values {'long', 'medium', 'short'}
$MARKET (optional) is the market where the results come from.
The task's output $BING_VIDEO_SEARCH_OUTPUT is the result of the API call in a JSON format. ]]>
      </description>
      <variables>
        <variable name="SEARCH_TERM" value="activeeon" inherited="true" />
        <variable name="COUNT" value="-1" inherited="true" model="PA:Integer"/>
        <variable name="PRICING" value="" inherited="true" />
        <variable name="VIDEO_LENGTH" value="" inherited="true" />
        <variable name="MARKET" value="" inherited="true" />
        <variable name="OUTPUT_FORMAT" value="HTML" inherited="true" model="PA:LIST(CSV, HTML, JSON)"/>
      </variables>
      <genericInformation>
        <info name="task.icon" value="/automation-dashboard/styles/patterns/img/wf-icons/azure/api_bing_video_search.png"/>
        <info name="task.documentation" value="https://docs.microsoft.com/en-us/azure/cognitive-services/Bing-Video-Search/"/>
      </genericInformation>
      <forkEnvironment javaHome="/usr" >
        <envScript>
          <script>
            <code language="python">
              <![CDATA[
#Be aware, that the prefix command is internally split by spaces. So paths with spaces won't work.
# Prepare Docker parameters 
containerName = 'activeeon/dlm3' 
dockerRunCommand =  'docker run ' 
dockerParameters = '--rm ' 
# Prepare ProActive home volume 
paHomeHost = variables.get("PA_SCHEDULER_HOME") 
paHomeContainer = variables.get("PA_SCHEDULER_HOME") 
proActiveHomeVolume = '-v '+paHomeHost +':'+paHomeContainer+' ' 
# Prepare working directory (For Dataspaces and serialized task file) 
workspaceHost = localspace 
workspaceContainer = localspace 
workspaceVolume = '-v '+localspace +':'+localspace+' ' 
# Prepare container working directory 
containerWorkingDirectory = '-w '+workspaceContainer+' ' 
# Save pre execution command into magic variable 'preJavaHomeCmd', which is picked up by the node 
preJavaHomeCmd = dockerRunCommand + dockerParameters + proActiveHomeVolume + workspaceVolume + containerWorkingDirectory + containerName
]]>
            </code>
          </script>
        </envScript>
      </forkEnvironment>
      <pre>
        <script>
          <code language="bash">
            <![CDATA[

]]>
          </code>
        </script>
      </pre>
      <scriptExecutable>
        <script>
          <code language="cpython">
            <![CDATA[
import requests
import json
import urllib
from pprint import pprint
import pandas as pd
import re

# You can customize the api server location
#api_location="westcentralus"

# Congitive Services - Bing Video Search API URL:
#bing_video_search_url = "https://{0}.api.cognitive.microsoft.com/bing/v7.0/videos/search".format(api_location)
bing_video_search_url = "https://api.cognitive.microsoft.com/bing/v7.0/videos/search"

# READ TASK VARIABLES
if 'variables' in locals():
    if variables.get("SEARCH_TERM") is not None:
        SEARCH_TERM = variables.get("SEARCH_TERM")
    else:
        print("You first need to specify the search term")
        sys.exit(1)
    if variables.get("COUNT") is not None:
        COUNT = int(variables.get("COUNT"))
    if variables.get("PRICING") is not None:
        PRICING = variables.get("PRICING")
    if variables.get("VIDEO_LENGTH") is not None:
        VIDEO_LENGTH = variables.get("VIDEO_LENGTH")
    if variables.get("MARKET") is not None:
        MARKET = variables.get("MARKET")
    if variables.get("OUTPUT_FORMAT") is not None:
        OUTPUT_FORMAT = variables.get("OUTPUT_FORMAT")
    # Provide a valid subscription API token
    if credentials.get("BING_SEARCH_API_KEY") is not None:
        subscription_key = credentials.get("BING_SEARCH_API_KEY")
    else:
        print("You first need to add your Azure Cognitive Services API key (BING_SEARCH_API_KEY) to the third party credentials")
        sys.exit(1)

# Set API request parameters
#params  = {"q": SEARCH_TERM, "count":COUNT, "pricing": PRICING, "videoLength": VIDEO_LENGTH}
params={'q':SEARCH_TERM}
if COUNT >0:
    params['count'] = COUNT
if PRICING is not None and len(PRICING)>0:
    params['pricing'] = PRICING
if VIDEO_LENGTH is not None and len(VIDEO_LENGTH)>0:
    params['videoLength'] = VIDEO_LENGTH
if MARKET is not None and len(MARKET)>0:
    params['mkt'] = MARKET

print("******** Query params ********")
pprint(params)

# Send API request
headers   = {
    "Ocp-Apim-Subscription-Key": subscription_key,
    'Content-Type': 'text/plain'
}
response = requests.get(bing_video_search_url, headers=headers, params=params)
response.raise_for_status()

# Get a JSON response
search_results = response.json()

# Print the results
#pprint(search_results)

if 'variables' in locals():
    variables.put('BING_VIDEO_SEARCH_OUTPUT', search_results)

print("BEGIN Export_Results")

OUTPUT_DATA = search_results["value"]
table = []
for document in OUTPUT_DATA:
    try:
        video=document["embedHtml"]
        if("autoplay=1" in video):
            video= video.replace("autoplay=1","autoplay=0")
        if("width=" in video):
            video= re.sub("""width=["']\d+['"]""",'width="300"',video)
        if("height=" in video):
            video= re.sub("""height=["']\d+['"]""",'height="170"',video)                
    except KeyError:
        video =None        
        pass
    try: 
       description = document["description"]
    except KeyError:
        description = None        
        pass
    try: 
       name= document["name"]
    except KeyError:
        name = None        
        pass 
    table.append("<tr><td>{0}</td><td>{1}</td><td>{2}</td>".format(video, name, description))

css_style="""table {
  border: 1px solid #999999;
  text-align: center;
  border-collapse: collapse;
  width: 100%;
}
td {
  border: 1px solid #999999;
  padding: 3px 2px;
  font-size: 13px;
  border-bottom: 1px solid #999999;
}
th {
  font-size: 17px;
  font-weight: bold;
  color: #FFFFFF;
  text-align: center;
  background: #0B6FA4;
  border-left: 2px solid #999999;
}"""
html = ("""<table><tr><th>Video</th><th>Title</th><th>Description</th></tr>{0}</table>""").format("\n".join(table))
html_container="""<!DOCTYPE html>
            <html>
              <head>
                <meta charset="UTF-8">
                  <meta name="description" content="Bing Video Search API Results">
                    <style>{0}</style>
                  </head>
                  <body>{1}</body></html>""".format(css_style,html)

if OUTPUT_DATA != None and 'resultMetadata' in locals(): 
    dataframe=pd.read_html(html_container,header=0, encoding='utf-8')[0]
    
    if OUTPUT_FORMAT == 'JSON':
        result = json.dumps(search_results).encode('utf-8')
        resultMetadata.put("file.extension", ".json")
        resultMetadata.put("file.name", "result.json")
        resultMetadata.put("content.type", "application/json")
    elif OUTPUT_FORMAT == 'CSV':
        result = dataframe.to_csv(index=False).encode('utf-8')
        resultMetadata.put("file.extension", ".csv")
        resultMetadata.put("file.name", "result.csv")
        resultMetadata.put("content.type", "text/csv")
    elif OUTPUT_FORMAT == 'HTML':
        result = html_container.encode('utf-8')
        resultMetadata.put("file.extension", ".html")
        resultMetadata.put("file.name", "result.html")
        resultMetadata.put("content.type", "text/html")
    print("END Export_Results")  
else:
    print('It is not possible to export the data')

# Uncomment this to render the HTML result locally in your python notebook
#from IPython.display import HTML
#HTML(html_container)
]]>
                </code>
              </script>
            </scriptExecutable>
          </task>
        </taskFlow>
        <metadata>
          <visualization>
            <![CDATA[ <html><head><link rel="stylesheet" href="/studio/styles/studio-standalone.css"><style>
        #workflow-designer {
            left:0 !important;
            top:0 !important;
            width:1139px;
            height:566px;
            }
        </style></head><body><div id="workflow-visualization-view"><div id="workflow-visualization" style="position:relative;top:-333.9875030517578px;left:-488.5px"><div class="task _jsPlumb_endpoint_anchor_ ui-draggable" id="jsPlumb_1_133" style="top: 339px; left: 493.5px;"><a class="task-name"><img src="/automation-dashboard/styles/patterns/img/wf-icons/azure/api_bing_video_search.png" width="20px">&nbsp;<span class="name">BingVideoSearch</span></a></div><div class="_jsPlumb_endpoint source-endpoint dependency-source-endpoint connected _jsPlumb_endpoint_anchor_ ui-draggable ui-droppable" style="position: absolute; height: 20px; width: 20px; left: 540px; top: 369px;"><svg style="position:absolute;left:0px;top:0px" width="20" height="20" pointer-events="all" position="absolute" version="1.1"
            xmlns="http://www.w3.org/1999/xhtml"><circle cx="10" cy="10" r="10" version="1.1"
            xmlns="http://www.w3.org/1999/xhtml" fill="#666" stroke="none" style=""></circle></svg></div></div></div></body></html>
 ]]>
          </visualization>
        </metadata>
      </job>