<?xml version="1.0" encoding="UTF-8"?>
<job
  xmlns:xsi="http://www.w3.org/2001/XMLSchema-instance"
  xmlns="urn:proactive:jobdescriptor:3.11" xsi:schemaLocation="urn:proactive:jobdescriptor:3.11 http://www.activeeon.com/public_content/schemas/proactive/jobdescriptor/3.11/schedulerjob.xsd"  name="Bing_Web_Search" projectName="Search" priority="normal" onTaskError="continueJobExecution"  maxNumberOfExecution="2" >
  <variables>
    <variable name="SEARCH_TERM" value="activeeon" />
    <variable name="TEXT_DECORATIONS" value="" />
    <variable name="TEXT_FORMAT" value="HTML" />
    <variable name="MARKET" value="" />
    <variable name="OUTPUT_FORMAT" value="HTML" model="PA:LIST(CSV, HTML, JSON)"/>
  </variables>
  <description>
    <![CDATA[ This task wraps the Text Analytics API of Microsoft which is a cloud-based service that provides advanced natural language processing over raw text, and includes three main functions: sentiment analysis, key phrase extraction, and language detection.
The task requires this third-party credential : $TEXT_ANALYTICS_API_KEY which provides access to this API. Please refer to the User documentation to learn how to add third-party credentials.
The task's output $TEXT_ANALYTICS_OUTPUT is the result of the API call in a JSON format. ]]>
  </description>
  <genericInformation>
    <info name="bucketName" value="azure-cognitive-services"/>
    <info name="workflow.icon" value="/automation-dashboard/styles/patterns/img/wf-icons/azure/api_bing_web_search.png"/>
    <info name="Documentation" value="https://docs.microsoft.com/en-us/azure/cognitive-services/bing-web-search/"/>
    <info name="group" value="public-objects"/>
  </genericInformation>
  <taskFlow>
    <task name="Bing_Web_Search" >
      <description>
        <![CDATA[ This task wraps the Bing Web Search API of Microsoft provides an experience similar to Bing.com/search by returning search results that Bing determines are relevant to a user's query. The results include Web pages and may also include images, videos, and more.
The task requires this third-party credential : $BING_SEARCH_API_KEY which provides access to this API. Please refer to the User documentation to learn how to add third-party credentials.
$SEARCH_TERM (required) is the user's search query string.
$TEXT-DECORATIONS (optional) A Boolean value that determines whether display strings should contain decoration markers such as hit highlighting characters.
$TEXT_FORMAT (optional)  is the type of markers to use for text decorations. Possible values: {'HTML', 'Raw'}
$MARKET (optional) is the market where the results come from.
The task's output $BING_WEB_SEARCH_OUTPUT is the result of the API call in a JSON format. ]]>
      </description>
      <variables>
        <variable name="SEARCH_TERM" value="activeeon" inherited="true" />
        <variable name="TEXT_DECORATIONS" value="True" inherited="true" />
        <variable name="TEXT_FORMAT" value="HTML" inherited="true" />
        <variable name="MARKET" value="" inherited="true" />
        <variable name="OUTPUT_FORMAT" value="HTML" inherited="true" model="PA:LIST(CSV, HTML, JSON)"/>
      </variables>
      <genericInformation>
        <info name="task.icon" value="/automation-dashboard/styles/patterns/img/wf-icons/azure/api_bing_web_search.png"/>
        <info name="task.documentation" value="https://docs.microsoft.com/en-us/azure/cognitive-services/bing-web-search/"/>
      </genericInformation>
      <forkEnvironment javaHome="/usr" >
        <envScript>
          <script>
            <file language="groovy" url="${PA_CATALOG_REST_URL}/buckets/scripts/resources/fork_env_docker_dlm3/raw"/>
          </script>
        </envScript>
      </forkEnvironment>
      <pre>
        <script>
          <code language="bash">
            <![CDATA[

]]>
          </code>
        </script>
      </pre>
      <scriptExecutable>
        <script>
          <code language="cpython">
            <![CDATA[
import requests
import json
import urllib
from pprint import pprint
import pandas as pd
import re

# You can customize the api server location
#api_location="westcentralus"

# Congitive Services - Bing Web Search API URL:
#bing_web_search_url = "https://{0}.api.cognitive.microsoft.com/bing/v7.0/search".format(api_location)
bing_web_search_url = "https://api.cognitive.microsoft.com/bing/v7.0/search"

if 'variables' in locals():
    if variables.get("SEARCH_TERM") is not None:
        SEARCH_TERM = variables.get("SEARCH_TERM")
    else:
        print("You first need to specify the search term")
        sys.exit(1)
    if variables.get("TEXT_DECORATIONS") is not None:
        TEXT_DECORATIONS = variables.get("TEXT_DECORATIONS")
    if variables.get("TEXT_FORMAT") is not None:
        TEXT_FORMAT = variables.get("TEXT_FORMAT")
    if variables.get("MARKET") is not None:
        MARKET = variables.get("MARKET")
    if variables.get("OUTPUT_FORMAT") is not None:
        OUTPUT_FORMAT = variables.get("OUTPUT_FORMAT")
    # Provide a valid subscription API token
    if credentials.get("BING_SEARCH_API_KEY") is not None:
        subscription_key = credentials.get("BING_SEARCH_API_KEY")
    else:
        print("You first need to add your Azure Cognitive Services API key (BING_SEARCH_API_KEY) to the third party credentials")
        sys.exit(1)

params={'q':SEARCH_TERM}

if TEXT_DECORATIONS is not None and len(TEXT_DECORATIONS)>0:
    params['textDecorations'] = TEXT_DECORATIONS
if TEXT_FORMAT is not None and len(TEXT_FORMAT)>0:
    params['textFormat'] = TEXT_FORMAT
if MARKET is not None and len(MARKET)>0:
    params['mkt'] = MARKET

#params  = {"q": search_term, "textDecorations":True, "textFormat":"HTML"}
params["responseFilter"]="Webpages"

print("******** Query params ********")
pprint(params)

# Send API request
headers   = {
    "Ocp-Apim-Subscription-Key": subscription_key,
    'Content-Type': 'text/plain'
}
response = requests.get(bing_web_search_url, headers=headers, params=urllib.parse.urlencode(params))
response.raise_for_status()

# Get a JSON response
search_results = response.json()

# Print the results
#pprint(search_results)

if 'variables' in locals():
    variables.put('BING_WEB_SEARCH_OUTPUT', search_results)

print("BEGIN Export_Results")

OUTPUT_DATA = search_results["webPages"]["value"]
table = []
for document in OUTPUT_DATA:
    try:
       url= document["url"]
    except KeyError:
        url=None
        pass
    try:
       snippet= document["snippet"]
    except KeyError:
        snippet=None
        pass
    
    try:
       name= document["name"]
    except KeyError:
        name=None
        pass    
    table.append("""<tr><td>{0}</td><td>{1}</td><td><a href="{2}">{2}</a></td>""".format(name, snippet, url))

css_style="""table {
  border: 1px solid #999999;
  text-align: center;
  border-collapse: collapse;
  width: 100%;
}
td {
  border: 1px solid #999999;
  padding: 3px 2px;
  font-size: 13px;
  border-bottom: 1px solid #999999;
}
th {
  font-size: 17px;
  font-weight: bold;
  color: #FFFFFF;
  text-align: center;
  background: #0B6FA4;
  border-left: 2px solid #999999;
}"""
html = ("""<table><tr><th>Name</th><th>Snippet</th><th>Url</th></tr>{0}</table>""").format("\n".join(table))
html_container="""<!DOCTYPE html>
            <html>
              <head>
                <meta charset="UTF-8">
                  <meta name="description" content="Bing Web Search API Results">
                    <style>{0}</style>
                  </head>
                  <body>{1}</body></html>""".format(css_style,html)

if OUTPUT_DATA != None and 'resultMetadata' in locals(): 
    dataframe=pd.read_html(html_container,header=0, encoding='utf-8')[0]
    
    if OUTPUT_FORMAT == 'JSON':
        result = json.dumps(search_results).encode('utf-8')
        resultMetadata.put("file.extension", ".json")
        resultMetadata.put("file.name", "result.json")
        resultMetadata.put("content.type", "application/json")
    elif  OUTPUT_FORMAT == 'CSV':
        result = dataframe.to_csv(index=False).encode('utf-8')
        resultMetadata.put("file.extension", ".csv")
        resultMetadata.put("file.name", "result.csv")
        resultMetadata.put("content.type", "text/csv")
    elif OUTPUT_FORMAT == 'HTML':
        result = html_container.encode('utf-8')
        resultMetadata.put("file.extension", ".html")
        resultMetadata.put("file.name", "result.html")
        resultMetadata.put("content.type", "text/html")
    print("END Export_Results")  
else:
    print('It is not possible to export the data')

# Uncomment this to render the HTML result locally in your python notebook
#from IPython.display import HTML
#HTML(html_container)
]]>
                </code>
              </script>
            </scriptExecutable>
          </task>
        </taskFlow>
        <metadata>
          <visualization>
            <![CDATA[ <html><head><link rel="stylesheet" href="/studio/styles/studio-standalone.css"><style>
        #workflow-designer {
            left:0 !important;
            top:0 !important;
            width:1139px;
            height:566px;
            }
        </style></head><body><div id="workflow-visualization-view"><div id="workflow-visualization" style="position:relative;top:-333.9875030517578px;left:-493px"><div class="task _jsPlumb_endpoint_anchor_ ui-draggable" id="jsPlumb_1_139" style="top: 339px; left: 498px;"><a class="task-name"><img src="/automation-dashboard/styles/patterns/img/wf-icons/azure/api_bing_web_search.png" width="20px">&nbsp;<span class="name">BingWebSearch</span></a></div><div class="_jsPlumb_endpoint source-endpoint dependency-source-endpoint connected _jsPlumb_endpoint_anchor_ ui-draggable ui-droppable" style="position: absolute; height: 20px; width: 20px; left: 541px; top: 369px;"><svg style="position:absolute;left:0px;top:0px" width="20" height="20" pointer-events="all" position="absolute" version="1.1"
            xmlns="http://www.w3.org/1999/xhtml"><circle cx="10" cy="10" r="10" version="1.1"
            xmlns="http://www.w3.org/1999/xhtml" fill="#666" stroke="none" style=""></circle></svg></div></div></div></body></html>
 ]]>
          </visualization>
        </metadata>
      </job>