<?xml version="1.0" encoding="UTF-8"?>
<job
  xmlns:xsi="http://www.w3.org/2001/XMLSchema-instance"
  xmlns="urn:proactive:jobdescriptor:3.11" xsi:schemaLocation="urn:proactive:jobdescriptor:3.11 http://www.activeeon.com/public_content/schemas/proactive/jobdescriptor/3.11/schedulerjob.xsd"  name="Custom_Decision_Service" projectName="Knowledge" priority="normal" onTaskError="continueJobExecution"  maxNumberOfExecution="2" >
  <description>
    <![CDATA[ Contact us for the implementation of this Workflow: contact@activeeon.com
Azure Custom Decision Service helps you create intelligent systems with a cloud-based contextual decision-making API that sharpens with experience. Custom Decision Service harnesses the power of reinforcement learning and adapts the content in your application to maximize the overall engagement of users. The system incorporates user feedback into its decisions in real time and responds to emergent trends and breaking stories in minutes. ]]>
  </description>
  <genericInformation>
    <info name="workflow.icon" value="/automation-dashboard/styles/patterns/img/wf-icons/azure/api_custom_decision_service.png"/>
    <info name="Documentation" value="https://docs.microsoft.com/en-us/azure/cognitive-services/custom-decision-service/custom-decision-service-overview"/>
  </genericInformation>
  <taskFlow>
    <task name="Custom_Decision_Service" >
      <description>
        <![CDATA[ Contact us for the implementation of this Workflow: contact@activeeon.com
Azure Custom Decision Service helps you create intelligent systems with a cloud-based contextual decision-making API that sharpens with experience. Custom Decision Service harnesses the power of reinforcement learning and adapts the content in your application to maximize the overall engagement of users. The system incorporates user feedback into its decisions in real time and responds to emergent trends and breaking stories in minutes. ]]>
      </description>
      <genericInformation>
        <info name="task.icon" value="/automation-dashboard/styles/patterns/img/wf-icons/azure/api_custom_decision_service.png"/>
        <info name="task.documentation" value="https://docs.microsoft.com/en-us/azure/cognitive-services/custom-decision-service/custom-decision-service-overview"/>
      </genericInformation>
      <scriptExecutable>
        <script>
          <code language="python">
            <![CDATA[

]]>
          </code>
        </script>
      </scriptExecutable>
    </task>
  </taskFlow>
  <metadata>
    <visualization>
      <![CDATA[ <html><head><link rel="stylesheet" href="/studio/styles/studio-standalone.css"><style>
        #workflow-designer {
            left:0 !important;
            top:0 !important;
            width:1139px;
            height:566px;
            }
        </style></head><body><div id="workflow-visualization-view"><div id="workflow-visualization" style="position:relative;top:-333.9875030517578px;left:-466.75px"><div class="task _jsPlumb_endpoint_anchor_ ui-draggable" id="jsPlumb_1_157" style="top: 339px; left: 471.75px;"><a class="task-name"><img src="/automation-dashboard/styles/patterns/img/wf-icons/azure/api_custom_decision_service.png" width="20px">&nbsp;<span class="name">CustomDecisionService</span></a></div><div class="_jsPlumb_endpoint source-endpoint dependency-source-endpoint connected _jsPlumb_endpoint_anchor_ ui-draggable ui-droppable" style="position: absolute; height: 20px; width: 20px; left: 532.5px; top: 369px;"><svg style="position:absolute;left:0px;top:0px" width="20" height="20" pointer-events="all" position="absolute" version="1.1"
      xmlns="http://www.w3.org/1999/xhtml"><circle cx="10" cy="10" r="10" version="1.1"
      xmlns="http://www.w3.org/1999/xhtml" fill="#666" stroke="none" style=""></circle></svg></div></div></div></body></html>
 ]]>
    </visualization>
  </metadata>
</job>