<?xml version="1.0" encoding="UTF-8"?>
<job
  xmlns:xsi="http://www.w3.org/2001/XMLSchema-instance"
  xmlns="urn:proactive:jobdescriptor:3.11" xsi:schemaLocation="urn:proactive:jobdescriptor:3.11 http://www.activeeon.com/public_content/schemas/proactive/jobdescriptor/3.11/schedulerjob.xsd"  name="Knowledge_Exploration_Service" projectName="Knowledge" priority="normal" onTaskError="continueJobExecution"  maxNumberOfExecution="2" >
  <description>
    <![CDATA[ Contact us for the implementation of this Workflow: contact@activeeon.com
Knowledge Exploration Service (KES) offers a fast and effective way to add interactive search and refinement to applications. With KES, you can build a compressed index from structured data, author a grammar that interprets natural language queries, and provide interactive query formulation with auto-completion suggestions. ]]>
  </description>
  <genericInformation>
    <info name="workflow.icon" value="/automation-dashboard/styles/patterns/img/wf-icons/azure/api_knowledgeexploration.png"/>
    <info name="Documentation" value="https://docs.microsoft.com/en-us/azure/cognitive-services/kes/overview"/>
  </genericInformation>
  <taskFlow>
    <task name="Knowledge_Exploration_Service" >
      <description>
        <![CDATA[ Contact us for the implementation of this Workflow: contact@activeeon.com
Knowledge Exploration Service (KES) offers a fast and effective way to add interactive search and refinement to applications. With KES, you can build a compressed index from structured data, author a grammar that interprets natural language queries, and provide interactive query formulation with auto-completion suggestions. ]]>
      </description>
      <genericInformation>
        <info name="task.icon" value="/automation-dashboard/styles/patterns/img/wf-icons/azure/api_knowledgeexploration.png"/>
        <info name="task.documentation" value="https://docs.microsoft.com/en-us/azure/cognitive-services/kes/overview"/>
      </genericInformation>
      <scriptExecutable>
        <script>
          <code language="python">
            <![CDATA[

]]>
          </code>
        </script>
      </scriptExecutable>
    </task>
  </taskFlow>
  <metadata>
    <visualization>
      <![CDATA[ <html><head><link rel="stylesheet" href="/studio/styles/studio-standalone.css"><style>
        #workflow-designer {
            left:0 !important;
            top:0 !important;
            width:1139px;
            height:566px;
            }
        </style></head><body><div id="workflow-visualization-view"><div id="workflow-visualization" style="position:relative;top:-333.9875030517578px;left:-447.25px"><div class="task _jsPlumb_endpoint_anchor_ ui-draggable" id="jsPlumb_1_193" style="top: 339px; left: 452.25px;"><a class="task-name"><img src="/automation-dashboard/styles/patterns/img/wf-icons/azure/api_knowledgeexploration.png" width="20px">&nbsp;<span class="name">KnowledgeExplorationService</span></a></div><div class="_jsPlumb_endpoint source-endpoint dependency-source-endpoint connected _jsPlumb_endpoint_anchor_ ui-draggable ui-droppable" style="position: absolute; height: 20px; width: 20px; left: 525.5px; top: 369px;"><svg style="position:absolute;left:0px;top:0px" width="20" height="20" pointer-events="all" position="absolute" version="1.1"
      xmlns="http://www.w3.org/1999/xhtml"><circle cx="10" cy="10" r="10" version="1.1"
      xmlns="http://www.w3.org/1999/xhtml" fill="#666" stroke="none" style=""></circle></svg></div></div></div></body></html>
 ]]>
    </visualization>
  </metadata>
</job>