{
  "metadata": {
    "slug": "database-services",
    "name": "Data Visualization",
    "short_description": "Database services to automate database deployment and use",
    "author": "ActiveEon's Team",
    "tags": [
      "Samples",
      "MySQL",
      "PostgreSQL",
      "MongoDB",
      "Cassandra",
      "Elasticsearch",
      "Database",
      "SQL",
      "NoSQL"
    ],
    "version": "1.0"
  },
  "dataspace" : {
    "target" : "global",
    "files" : ["resources/dataspace/pima-indians-diabetes.csv",
               "resources/dataspace/star_wars_people.json"]
  },
  "test": {
    "scenarios": "resources/test/scenarios.json"
  },
  "catalog": {
    "bucket": "database-services",
    "objects": [
      {
        "name": "MySQL_Service_Start",
        "metadata": {
          "kind": "Workflow/standard",
          "commitMessage": "First commit",
          "contentType": "application/xml"
        },
        "file": "resources/catalog/MySQL_Service_Start.xml"
      },
      {
        "name": "MySQL_Database_Interaction",
        "metadata": {
          "kind": "Workflow/standard",
          "commitMessage": "First commit",
          "contentType": "application/xml"
        },
        "file": "resources/catalog/MySQL_Database_Interaction.xml"
      },
      {
        "name": "MySQL_Service_Actions",
        "metadata": {
          "kind": "Workflow/standard",
          "commitMessage": "First commit",
          "contentType": "application/xml"
        },
        "file": "resources/catalog/MySQL_Service_Actions.xml"
      },
      {
        "name": "PostgreSQL_Service_Start",
        "metadata": {
          "kind": "Workflow/standard",
          "commitMessage": "First commit",
          "contentType": "application/xml"
        },
        "file": "resources/catalog/PostgreSQL_Service_Start.xml"
      },
      {
        "name": "PostgreSQL_Database_Interaction",
        "metadata": {
          "kind": "Workflow/standard",
          "commitMessage": "First commit",
          "contentType": "application/xml"
        },
        "file": "resources/catalog/PostgreSQL_Database_Interaction.xml"
      },
      {
        "name": "PostgreSQL_Service_Actions",
        "metadata": {
          "kind": "Workflow/standard",
          "commitMessage": "First commit",
          "contentType": "application/xml"
        },
        "file": "resources/catalog/PostgreSQL_Service_Actions.xml"
      },
      {
        "name": "MongoDB_Service_Start",
        "metadata": {
          "kind": "Workflow/standard",
          "commitMessage": "First commit",
          "contentType": "application/xml"
        },
        "file": "resources/catalog/MongoDB_Service_Start.xml"
      },
      {
        "name": "MongoDB_Service_Actions",
        "metadata": {
          "kind": "Workflow/standard",
          "commitMessage": "First commit",
          "contentType": "application/xml"
        },
        "file": "resources/catalog/MongoDB_Service_Actions.xml"
      },
      {
        "name": "MongoDB_Database_Interaction",
        "metadata": {
          "kind": "Workflow/standard",
          "commitMessage": "First commit",
          "contentType": "application/xml"
        },
        "file": "resources/catalog/MongoDB_Database_Interaction.xml"
      },
      {
        "name": "Elasticsearch_Database_Interaction",
        "metadata": {
          "kind": "Workflow/standard",
          "commitMessage": "First commit",
          "contentType": "application/xml"
        },
        "file": "resources/catalog/Elasticsearch_Database_Interaction.xml"
      },
      {
        "name": "Elasticsearch_Service_Start",
        "metadata": {
          "kind": "Workflow/standard",
          "commitMessage": "First commit",
          "contentType": "application/xml"
        },
        "file": "resources/catalog/Elasticsearch_Service_Start.xml"
      },
      {
        "name": "Elasticsearch_Service_Actions",
        "metadata": {
          "kind": "Workflow/standard",
          "commitMessage": "First commit",
          "contentType": "application/xml"
        },
        "file": "resources/catalog/Elasticsearch_Service_Actions.xml"
      },
      {
        "name": "Cassandra_Service_Start",
        "metadata": {
          "kind": "Workflow/standard",
          "commitMessage": "First commit",
          "contentType": "application/xml"
        },
        "file": "resources/catalog/Cassandra_Service_Start.xml"
      },
      {
        "name": "Cassandra_Service_Actions",
        "metadata": {
          "kind": "Workflow/standard",
          "commitMessage": "First commit",
          "contentType": "application/xml"
        },
        "file": "resources/catalog/Cassandra_Service_Actions.xml"
      },
      {
        "name": "Cassandra_Database_Interaction",
        "metadata": {
          "kind": "Workflow/standard",
          "commitMessage": "First commit",
          "contentType": "application/xml"
        },
        "file": "resources/catalog/Cassandra_Database_Interaction.xml"
      },
      {
        "name": "Oracle_Service_Start",
        "metadata": {
          "kind": "Workflow/standard",
          "commitMessage": "First commit",
          "contentType": "application/xml"
        },
        "file": "resources/catalog/Oracle_Service_Start.xml"
      },
      {
        "name": "Oracle_Service_Actions",
        "metadata": {
          "kind": "Workflow/standard",
          "commitMessage": "First commit",
          "contentType": "application/xml"
        },
        "file": "resources/catalog/Oracle_Service_Actions.xml"
      },
      {
        "name": "Oracle_Database_Interaction",
        "metadata": {
          "kind": "Workflow/standard",
          "commitMessage": "First commit",
          "contentType": "application/xml"
        },
        "file": "resources/catalog/Oracle_Database_Interaction.xml"
      }
    ]
  }
}
