{
	"metadata": {
		"slug": "PCA_Template",
		"name": "PCA Template",
		"short_description": "Template for building new docker-based PCA services including pre-built Lifecycle management actions",
		"author": "ActiveEon's Team",
		"tags": ["Cloud Automation", "Docker", "Template", "Image"],
		"version": "1.0"
	},
	"catalog" : {
		"bucket" : "cloud-automation",
		"objects" : [
			{
				"name" : "PCA_Template",
				"metadata" : {
					"kind": "Workflow/pca",
					"commitMessage": "First commit",
					"contentType": "application/xml"
				},
				"file" : "resources/catalog/PCA_Template.xml"
			},
			{
				"name" : "Finish_PCA_Template",
				"metadata" : {
					"kind": "Workflow/pca",
					"commitMessage": "First commit",
					"contentType": "application/xml"
				},
				"file" : "resources/catalog/Finish_PCA_Template.xml"
			},
			{
				"name" : "Resume_PCA_Template",
				"metadata" : {
					"kind": "Workflow/pca",
					"commitMessage": "First commit",
					"contentType": "application/xml"
				},
				"file" : "resources/catalog/Resume_PCA_Template.xml"
			},
			{
				"name" : "Pause_PCA_Template",
				"metadata" : {
					"kind": "Workflow/pca",
					"commitMessage": "First commit",
					"contentType": "application/xml"
				},
				"file" : "resources/catalog/Pause_PCA_Template.xml"
			}
		]
	}
}
