{
	"metadata": {
		"slug": "dockerbasics",
		"name": "Docker",
		"short_description": "Use docker environment within a task",
		"author": "ActiveEon's Team",
		"tags": ["Samples", "Building blocks", "Docker"],
		"version": "1.0"
	},
	"test": {
		"scenarios": "resources/test/scenarios.json"
	},
	"catalog" : {
		"bucket" : "basic-examples",
		"objects" : [
			{
				"name" : "Docker_Exec_Env",
				"metadata" : {
					"kind": "Workflow/standard",
					"commitMessage": "First commit",
					"contentType": "application/xml"
				},
				"file" : "resources/catalog/docker_exec_env.xml"
			}
		]
	}
}
