{
	"metadata": {
		"slug": "synchronization-examples",
		"name": "Synchronization Examples",
		"short_description": "Workflow examples which use the Synchronization API",
		"author": "ActiveEon's Team",
		"tags": ["Synchronization", "API", "Critical Section"],
		"version": "1.0"
	},
	"test": {
		"scenarios": "resources/test/scenarios.json"
	},
	"catalog" : {
		"bucket" : "basic-examples",
		"objects" : [
			{
				"name" : "Key_Value",
				"metadata" : {
					"kind": "Workflow/standard",
					"commitMessage": "First commit",
					"contentType": "application/xml"
				},
				"file" : "resources/catalog/KeyValue.xml"
			},
			{
				"name" : "Key_Value_Wait",
				"metadata" : {
					"kind": "Workflow/standard",
					"commitMessage": "First commit",
					"contentType": "application/xml"
				},
				"file" : "resources/catalog/KeyValueWait.xml"
			},
			{
				"name" : "Critical_Section",
				"metadata" : {
					"kind": "Workflow/standard",
					"commitMessage": "First commit",
					"contentType": "application/xml"
				},
				"file" : "resources/catalog/CriticalSection.xml"
			},
			{
				"name" : "Critical_Section_With_Selection_Scripts",
				"metadata" : {
					"kind": "Workflow/standard",
					"commitMessage": "First commit",
					"contentType": "application/xml"
				},
				"file" : "resources/catalog/CriticalSectionWithSelectionScripts.xml"
			},
			{
				"name" : "Service_Deployer_Consumer",
				"metadata" : {
					"kind": "Workflow/standard",
					"commitMessage": "First commit",
					"contentType": "application/xml"
				},
				"file" : "resources/catalog/ServiceDeployerConsumer.xml"
			}
		]
	}
}
