{
  "metadata": {
    "slug": "visdom",
    "name": "Visdom Service",
    "short_description": "Lifecycle management workflow of Visdom Server for Cloud Automation",
    "author": "ActiveEon's Team",
    "tags": [
      "Cloud Automation",
      "Visdom",
      "Data Visualization"
    ],
    "version": "1.0"
  },
  "catalog": {
    "bucket": "cloud-automation",
    "objects": [
      {
        "name": "Visdom",
        "metadata": {
          "kind": "Workflow/pca",
          "commitMessage": "First commit",
          "contentType": "application/xml"
        },
        "file": "resources/catalog/Visdom.xml"
      },
      {
        "name": "Finish_Visdom",
        "metadata": {
          "kind": "Workflow/pca",
          "commitMessage": "First commit",
          "contentType": "application/xml"
        },
        "file": "resources/catalog/Finish_Visdom.xml"
      },
      {
        "name": "Pause_Visdom",
        "metadata": {
          "kind": "Workflow/pca",
          "commitMessage": "First commit",
          "contentType": "application/xml"
        },
        "file": "resources/catalog/Pause_Visdom.xml"
      },
      {
        "name": "Resume_Visdom",
        "metadata": {
          "kind": "Workflow/pca",
          "commitMessage": "First commit",
          "contentType": "application/xml"
        },
        "file": "resources/catalog/Resume_Visdom.xml"
      }
    ]
  }
}
