<?xml version="1.0" encoding="UTF-8"?>
<job
  xmlns:xsi="http://www.w3.org/2001/XMLSchema-instance"
  xmlns="urn:proactive:jobdescriptor:3.11" xsi:schemaLocation="urn:proactive:jobdescriptor:3.11 http://www.activeeon.com/public_content/schemas/proactive/jobdescriptor/3.11/schedulerjob.xsd"  name="File_Trigger" projectName="1. Basic Workflows" priority="normal" onTaskError="cancelJob"  maxNumberOfExecution="2" >
  <variables>
    <variable name="FOLDER_TO_MONITOR" value="/tmp" />
    <variable name="WORKFLOW_URL" value="https://try.activeeon.com/catalog/buckets/basic-examples/resources/print_file_name/raw" model="PA:URL"/>
  </variables>
  <description>
    <![CDATA[ Trigger a job execution whenever a file is created in a specified folder. ]]>
  </description>
  <genericInformation>
    <info name="workflow.icon" value="/automation-dashboard/styles/patterns/img/wf-icons/file_trigger.png"/>
  </genericInformation>
  <taskFlow>
    <task name="FileTrigger" >
      <description>
        <![CDATA[ The simplest task, ran by a groovy engine. ]]>
      </description>
      <variables>
        <variable name="FOLDER_TO_MONITOR" value="/tmp" inherited="true" />
        <variable name="WORKFLOW_URL" value="https://try.activeeon.com/catalog/buckets/basic-examples/resources/print_file_name/raw" inherited="true" model="PA:URL"/>
      </variables>
      <genericInformation>
        <info name="task.icon" value="/automation-dashboard/styles/patterns/img/wf-icons/file_trigger.png"/>
      </genericInformation>
      <scriptExecutable>
        <script>
          <code language="groovy">
            <![CDATA[
inputFilesFolder = variables.get("FOLDER_TO_MONITOR");
processedFilesfolder = inputFilesFolder + "/.filetrigger";
println("Monitoring " + inputFilesFolder)

workflowURL = new URL(variables.get("WORKFLOW_URL")); // https://try.activeeon.com/catalog/buckets/basic-examples/resources/print_file_name/raw
//catalogObject = new File("catalogObject.xml") // an alternative way...

new File(processedFilesfolder).mkdirs();
schedulerapi.connect();

for ( ; ; ) {
	new File(inputFilesFolder).eachFile() { file->  
	if (!file.isDirectory()){
		File f = new File(processedFilesfolder + "/" + file.getName() );
		if(!f.exists()) { 
			variables = new HashMap()
			variables.put("file", file.getName())
			jobid = schedulerapi.submit(workflowURL, variables);
			f.createNewFile();
			println "Triggered job " + jobid + " to process " + file.getName();
		}
	}}
	sleep(3000)
}
]]>
          </code>
        </script>
      </scriptExecutable>
    </task>
  </taskFlow>
  <metadata>
    <visualization>
      <![CDATA[ <html><head><link rel="stylesheet" href="/studio/styles/studio-standalone.css"><style>
        #workflow-designer {
            left:0 !important;
            top:0 !important;
            width:1139px;
            height:566px;
            }
        </style></head><body><div id="workflow-visualization-view"><div id="workflow-visualization" style="position:relative;top:-333.9875030517578px;left:-497.5px"><div class="task _jsPlumb_endpoint_anchor_ ui-draggable" id="jsPlumb_1_368" style="top: 339px; left: 502.5px;"><a class="task-name"><img src="/automation-dashboard/styles/patterns/img/wf-icons/file_trigger.png" width="20px">&nbsp;<span class="name">FileTrigger</span></a></div><div class="_jsPlumb_endpoint source-endpoint dependency-source-endpoint connected _jsPlumb_endpoint_anchor_ ui-draggable ui-droppable" style="position: absolute; height: 20px; width: 20px; left: 542px; top: 369px;"><svg style="position:absolute;left:0px;top:0px" width="20" height="20" pointer-events="all" position="absolute" version="1.1"
      xmlns="http://www.w3.org/1999/xhtml"><circle cx="10" cy="10" r="10" version="1.1"
      xmlns="http://www.w3.org/1999/xhtml" fill="#666" stroke="none" style=""></circle></svg></div></div></div></body></html>
 ]]>
    </visualization>
  </metadata>
</job>