<?xml version="1.0" encoding="UTF-8"?>
<job
  xmlns:xsi="http://www.w3.org/2001/XMLSchema-instance"
  xmlns="urn:proactive:jobdescriptor:3.11" xsi:schemaLocation="urn:proactive:jobdescriptor:3.11 http://www.activeeon.com/public_content/schemas/proactive/jobdescriptor/3.11/schedulerjob.xsd"  name="Key_Value" projectName="3. Synchronization Examples" priority="normal" onTaskError="continueJobExecution"  maxNumberOfExecution="2" >
  <description>
    <![CDATA[ In this example usage of the Synchronization API, two sibling tasks wait for each other. Synchronization is made with selection scripts. ]]>
  </description>
  <genericInformation>
    <info name="workflow.icon" value="/automation-dashboard/styles/patterns/img/wf-icons/controls_wait_for_any_replicate.png"/>
  </genericInformation>
  <taskFlow>
    <task name="TaskA" >
      <description>
        <![CDATA[ Unblock TaskB after 5 seconds ]]>
      </description>
      <genericInformation>
        <info name="TASK.ICON" value="/automation-dashboard/styles/patterns/img/wf-icons/controls_wait_for_any_replicate.png"/>
      </genericInformation>
      <depends>
        <task ref="Init"/>
      </depends>
      <scriptExecutable>
        <script>
          <code language="groovy">
            <![CDATA[
println "Sleeping 5 seconds"
Thread.sleep(5000)
println "Unlocking Task B"
synchronizationapi.put(variables.get("PA_JOB_ID"), "lock", false)
]]>
          </code>
        </script>
      </scriptExecutable>
    </task>
    <task name="TaskB_Wait" >
      <description>
        <![CDATA[ Wait for unblock ]]>
      </description>
      <genericInformation>
        <info name="TASK.ICON" value="/automation-dashboard/styles/patterns/img/wf-icons/controls_wait_for_any_replicate.png"/>
      </genericInformation>
      <depends>
        <task ref="Init"/>
      </depends>
      <selection>
        <script type="dynamic">
          <code language="groovy">
            <![CDATA[
selected = !(synchronizationapi.get(variables.get("PA_JOB_ID"), "lock"))
]]>
          </code>
        </script>
      </selection>
      <scriptExecutable>
        <script>
          <code language="groovy">
            <![CDATA[
println "Task B has been unlocked by Task A"
]]>
          </code>
        </script>
      </scriptExecutable>
    </task>
    <task name="Init" >
      <description>
        <![CDATA[ Initialize Channel ]]>
      </description>
      <genericInformation>
        <info name="TASK.ICON" value="/automation-dashboard/styles/patterns/img/wf-icons/controls_wait_for_any_replicate.png"/>
      </genericInformation>
      <scriptExecutable>
        <script>
          <code language="groovy">
            <![CDATA[
jobid = variables.get("PA_JOB_ID")
synchronizationapi.createChannel(jobid, false)
synchronizationapi.put(jobid, "lock", true)
println "Channel " + jobid + " created."
]]>
          </code>
        </script>
      </scriptExecutable>
    </task>
    <task name="Clean" >
      <description>
        <![CDATA[ Clean channel ]]>
      </description>
      <genericInformation>
        <info name="TASK.ICON" value="/automation-dashboard/styles/patterns/img/wf-icons/controls_wait_for_any_replicate.png"/>
      </genericInformation>
      <depends>
        <task ref="TaskA"/>
        <task ref="TaskB_Wait"/>
      </depends>
      <scriptExecutable>
        <script>
          <code language="groovy">
            <![CDATA[
jobid = variables.get("PA_JOB_ID")
synchronizationapi.deleteChannel(jobid )
println "Channel " + jobid + " deleted."
]]>
          </code>
        </script>
      </scriptExecutable>
    </task>
  </taskFlow>
  <metadata>
    <visualization>
      <![CDATA[ <html><head><link rel="stylesheet" href="/studio/styles/studio-standalone.css"><style>
        #workflow-designer {
            left:0 !important;
            top:0 !important;
            width:1139px;
            height:566px;
            }
        </style></head><body><div id="workflow-visualization-view"><div id="workflow-visualization" style="position:relative;top:-205.9875030517578px;left:-428.5px"><div class="task ui-draggable _jsPlumb_endpoint_anchor_" id="jsPlumb_1_393" style="top: 339px; left: 433.5px;"><a class="task-name"><img src="/automation-dashboard/styles/patterns/img/wf-icons/controls_wait_for_any_replicate.png" width="20px">&nbsp;<span class="name">TaskA</span></a></div><div class="task ui-draggable _jsPlumb_endpoint_anchor_" id="jsPlumb_1_396" style="top: 339px; left: 571.5px;"><a class="task-name"><img src="/automation-dashboard/styles/patterns/img/wf-icons/controls_wait_for_any_replicate.png" width="20px">&nbsp;<span class="name">TaskB_Wait</span></a></div><div class="task _jsPlumb_endpoint_anchor_ ui-draggable" id="jsPlumb_1_399" style="top: 211px; left: 502.5px;"><a class="task-name"><img src="/automation-dashboard/styles/patterns/img/wf-icons/controls_wait_for_any_replicate.png" width="20px">&nbsp;<span class="name">Init</span></a></div><div class="task ui-draggable _jsPlumb_endpoint_anchor_" id="jsPlumb_1_402" style="top: 467px; left: 502.5px;"><a class="task-name"><img src="/automation-dashboard/styles/patterns/img/wf-icons/controls_wait_for_any_replicate.png" width="20px">&nbsp;<span class="name">Clean</span></a></div><svg style="position:absolute;left:473.5px;top:250.5px" width="89" height="89" pointer-events="none" position="absolute" version="1.1"
      xmlns="http://www.w3.org/1999/xhtml" class="_jsPlumb_connector "><path d="M 0 88 C -10 38 78 50 68 0 " transform="translate(10.5,0.5)" pointer-events="visibleStroke" version="1.1"
      xmlns="http://www.w3.org/1999/xhtml" fill="none" stroke="#666" style=""></path><path pointer-events="all" version="1.1"
      xmlns="http://www.w3.org/1999/xhtml" d="M4.850243999999998,63.55423600000001 L24.0397496732348,54.56741943255582 L14.855485792641902,53.76162977536441 L14.247143448599205,44.562177639913926 L4.850243999999998,63.55423600000001" class="" stroke="#666" fill="#666" transform="translate(10.5,0.5)"></path><path pointer-events="all" version="1.1"
      xmlns="http://www.w3.org/1999/xhtml" d="M4.850243999999998,63.55423600000001 L24.0397496732348,54.56741943255582 L14.855485792641902,53.76162977536441 L14.247143448599205,44.562177639913926 L4.850243999999998,63.55423600000001" class="" stroke="#666" fill="#666" transform="translate(10.5,0.5)"></path></svg><svg style="position:absolute;left:541.5px;top:250.5px" width="90" height="89" pointer-events="none" position="absolute" version="1.1"
      xmlns="http://www.w3.org/1999/xhtml" class="_jsPlumb_connector "><path d="M 69 88 C 79 38 -10 50 0 0 " transform="translate(10.5,0.5)" pointer-events="visibleStroke" version="1.1"
      xmlns="http://www.w3.org/1999/xhtml" fill="none" stroke="#666" style=""></path><path pointer-events="all" version="1.1"
      xmlns="http://www.w3.org/1999/xhtml" d="M64.03597800000001,63.55423600000001 L54.50762727519607,44.62778539601385 L53.963081870521734,53.831234222527094 L44.784625497723155,54.70068152549213 L64.03597800000001,63.55423600000001" class="" stroke="#666" fill="#666" transform="translate(10.5,0.5)"></path><path pointer-events="all" version="1.1"
      xmlns="http://www.w3.org/1999/xhtml" d="M64.03597800000001,63.55423600000001 L54.50762727519607,44.62778539601385 L53.963081870521734,53.831234222527094 L44.784625497723155,54.70068152549213 L64.03597800000001,63.55423600000001" class="" stroke="#666" fill="#666" transform="translate(10.5,0.5)"></path></svg><svg style="position:absolute;left:473.5px;top:378.5px" width="89" height="89" pointer-events="none" position="absolute" version="1.1"
      xmlns="http://www.w3.org/1999/xhtml" class="_jsPlumb_connector "><path d="M 68 88 C 78 38 -10 50 0 0 " transform="translate(10.5,0.5)" pointer-events="visibleStroke" version="1.1"
      xmlns="http://www.w3.org/1999/xhtml" fill="none" stroke="#666" style=""></path><path pointer-events="all" version="1.1"
      xmlns="http://www.w3.org/1999/xhtml" d="M63.14975600000001,63.55423600000001 L53.75285655140079,44.56217763991393 L53.1445142073581,53.761629775364426 L43.9602503267652,54.567419432555845 L63.14975600000001,63.55423600000001" class="" stroke="#666" fill="#666" transform="translate(10.5,0.5)"></path><path pointer-events="all" version="1.1"
      xmlns="http://www.w3.org/1999/xhtml" d="M63.14975600000001,63.55423600000001 L53.75285655140079,44.56217763991393 L53.1445142073581,53.761629775364426 L43.9602503267652,54.567419432555845 L63.14975600000001,63.55423600000001" class="" stroke="#666" fill="#666" transform="translate(10.5,0.5)"></path></svg><svg style="position:absolute;left:541.5px;top:378.5px" width="90" height="89" pointer-events="none" position="absolute" version="1.1"
      xmlns="http://www.w3.org/1999/xhtml" class="_jsPlumb_connector "><path d="M 0 88 C -10 38 79 50 69 0 " transform="translate(10.5,0.5)" pointer-events="visibleStroke" version="1.1"
      xmlns="http://www.w3.org/1999/xhtml" fill="none" stroke="#666" style=""></path><path pointer-events="all" version="1.1"
      xmlns="http://www.w3.org/1999/xhtml" d="M4.964021999999998,63.55423600000001 L24.215374502276845,54.70068152549211 L15.03691812947827,53.83123422252709 L14.49237272480392,44.62778539601384 L4.964021999999998,63.55423600000001" class="" stroke="#666" fill="#666" transform="translate(10.5,0.5)"></path><path pointer-events="all" version="1.1"
      xmlns="http://www.w3.org/1999/xhtml" d="M4.964021999999998,63.55423600000001 L24.215374502276845,54.70068152549211 L15.03691812947827,53.83123422252709 L14.49237272480392,44.62778539601384 L4.964021999999998,63.55423600000001" class="" stroke="#666" fill="#666" transform="translate(10.5,0.5)"></path></svg><div class="_jsPlumb_endpoint source-endpoint dependency-source-endpoint connected _jsPlumb_endpoint_anchor_ ui-draggable ui-droppable _jsPlumb_endpoint_connected" style="position: absolute; height: 20px; width: 20px; left: 474px; top: 369px;"><svg style="position:absolute;left:0px;top:0px" width="20" height="20" pointer-events="all" position="absolute" version="1.1"
      xmlns="http://www.w3.org/1999/xhtml"><circle cx="10" cy="10" r="10" version="1.1"
      xmlns="http://www.w3.org/1999/xhtml" fill="#666" stroke="none" style=""></circle></svg></div><div class="_jsPlumb_endpoint target-endpoint dependency-target-endpoint _jsPlumb_endpoint_anchor_ ui-draggable ui-droppable _jsPlumb_endpoint_connected" style="position: absolute; height: 20px; width: 20px; left: 474px; top: 329px;"><svg style="position:absolute;left:0px;top:0px" width="20" height="20" pointer-events="all" position="absolute" version="1.1"
      xmlns="http://www.w3.org/1999/xhtml"><circle cx="10" cy="10" r="10" version="1.1"
      xmlns="http://www.w3.org/1999/xhtml" fill="#666" stroke="none" style=""></circle></svg></div><div class="_jsPlumb_endpoint source-endpoint dependency-source-endpoint connected _jsPlumb_endpoint_anchor_ ui-draggable ui-droppable _jsPlumb_endpoint_connected" style="position: absolute; height: 20px; width: 20px; left: 611px; top: 369px;"><svg style="position:absolute;left:0px;top:0px" width="20" height="20" pointer-events="all" position="absolute" version="1.1"
      xmlns="http://www.w3.org/1999/xhtml"><circle cx="10" cy="10" r="10" version="1.1"
      xmlns="http://www.w3.org/1999/xhtml" fill="#666" stroke="none" style=""></circle></svg></div><div class="_jsPlumb_endpoint target-endpoint dependency-target-endpoint _jsPlumb_endpoint_anchor_ ui-draggable ui-droppable _jsPlumb_endpoint_connected" style="position: absolute; height: 20px; width: 20px; left: 611px; top: 329px;"><svg style="position:absolute;left:0px;top:0px" width="20" height="20" pointer-events="all" position="absolute" version="1.1"
      xmlns="http://www.w3.org/1999/xhtml"><circle cx="10" cy="10" r="10" version="1.1"
      xmlns="http://www.w3.org/1999/xhtml" fill="#666" stroke="none" style=""></circle></svg></div><div class="_jsPlumb_endpoint source-endpoint dependency-source-endpoint connected _jsPlumb_endpoint_anchor_ ui-draggable ui-droppable _jsPlumb_endpoint_connected" style="position: absolute; height: 20px; width: 20px; left: 542px; top: 241px;"><svg style="position:absolute;left:0px;top:0px" width="20" height="20" pointer-events="all" position="absolute" version="1.1"
      xmlns="http://www.w3.org/1999/xhtml"><circle cx="10" cy="10" r="10" version="1.1"
      xmlns="http://www.w3.org/1999/xhtml" fill="#666" stroke="none" style=""></circle></svg></div><div class="_jsPlumb_endpoint source-endpoint dependency-source-endpoint connected _jsPlumb_endpoint_anchor_ ui-draggable ui-droppable" style="position: absolute; height: 20px; width: 20px; left: 542px; top: 497px;"><svg style="position:absolute;left:0px;top:0px" width="20" height="20" pointer-events="all" position="absolute" version="1.1"
      xmlns="http://www.w3.org/1999/xhtml"><circle cx="10" cy="10" r="10" version="1.1"
      xmlns="http://www.w3.org/1999/xhtml" fill="#666" stroke="none" style=""></circle></svg></div><div class="_jsPlumb_endpoint target-endpoint dependency-target-endpoint _jsPlumb_endpoint_anchor_ ui-draggable ui-droppable _jsPlumb_endpoint_connected" style="position: absolute; height: 20px; width: 20px; left: 542px; top: 457px;"><svg style="position:absolute;left:0px;top:0px" width="20" height="20" pointer-events="all" position="absolute" version="1.1"
      xmlns="http://www.w3.org/1999/xhtml"><circle cx="10" cy="10" r="10" version="1.1"
      xmlns="http://www.w3.org/1999/xhtml" fill="#666" stroke="none" style=""></circle></svg></div></div></div></body></html>
 ]]>
    </visualization>
  </metadata>
</job>