<?xml version="1.0" encoding="UTF-8"?>
<job
  xmlns:xsi="http://www.w3.org/2001/XMLSchema-instance"
  xmlns="urn:proactive:jobdescriptor:3.11" xsi:schemaLocation="urn:proactive:jobdescriptor:3.11 http://www.activeeon.com/public_content/schemas/proactive/jobdescriptor/3.11/schedulerjob.xsd"  name="Start_At" projectName="1. Basic Workflows" priority="normal" onTaskError="continueJobExecution"  maxNumberOfExecution="2" >
  <variables>
    <variable name="DATE" value="2019-01-01" model="PA:DATETIME(yyyy-MM-dd)"/>
    <variable name="TIME" value="12:00:00+01:00" />
  </variables>
  <description>
    <![CDATA[ START_AT generic information is defined for Job Computing PI according to MonteCarlo method. ]]>
  </description>
  <genericInformation>
    <info name="bucketName" value="basic-examples"/>
    <info name="workflow.icon" value="/automation-dashboard/styles/patterns/img/wf-icons/start_at.png"/>
    <info name="START_AT" value="${DATE}T${TIME}"/>
    <info name="group" value="public-objects"/>
  </genericInformation>
  <taskFlow>
    <task name="Computation1" >
      <description>
        <![CDATA[ Compute Pi and return it ]]>
      </description>
      <javaExecutable class="org.ow2.proactive.scheduler.examples.MonteCarlo">
        <parameters>
          <parameter name="steps" value="20"/>
          <parameter name="iterations" value="100000000"/>
        </parameters>
      </javaExecutable>
    </task>
    <task name="Computation2" >
      <description>
        <![CDATA[ Compute Pi and return it ]]>
      </description>
      <javaExecutable class="org.ow2.proactive.scheduler.examples.MonteCarlo">
        <parameters>
          <parameter name="steps" value="20"/>
          <parameter name="iterations" value="100000000"/>
        </parameters>
      </javaExecutable>
    </task>
    <task name="Computation3" >
      <description>
        <![CDATA[ Compute Pi and return it ]]>
      </description>
      <javaExecutable class="org.ow2.proactive.scheduler.examples.MonteCarlo">
        <parameters>
          <parameter name="steps" value="20"/>
          <parameter name="iterations" value="100000000"/>
        </parameters>
      </javaExecutable>
    </task>
    <task name="Computation4" >
      <description>
        <![CDATA[ Compute Pi and return it ]]>
      </description>
      <javaExecutable class="org.ow2.proactive.scheduler.examples.MonteCarlo">
        <parameters>
          <parameter name="steps" value="20"/>
          <parameter name="iterations" value="100000000"/>
        </parameters>
      </javaExecutable>
    </task>
    <task name="Computation5" >
      <description>
        <![CDATA[ Compute Pi and return it ]]>
      </description>
      <javaExecutable class="org.ow2.proactive.scheduler.examples.MonteCarlo">
        <parameters>
          <parameter name="steps" value="20"/>
          <parameter name="iterations" value="100000000"/>
        </parameters>
      </javaExecutable>
    </task>
    <task name="Computation6" >
      <description>
        <![CDATA[ Compute Pi and return it ]]>
      </description>
      <javaExecutable class="org.ow2.proactive.scheduler.examples.MonteCarlo">
        <parameters>
          <parameter name="steps" value="20"/>
          <parameter name="iterations" value="100000000"/>
        </parameters>
      </javaExecutable>
    </task>
    <task name="Average1" >
      <description>
        <![CDATA[ Do the average of 1 2 3 and return it. ]]>
      </description>
      <depends>
        <task ref="Computation1"/>
        <task ref="Computation2"/>
        <task ref="Computation3"/>
      </depends>
      <javaExecutable class="org.ow2.proactive.scheduler.examples.MonteCarloAverage"></javaExecutable>
    </task>
    <task name="Average2" >
      <description>
        <![CDATA[ Do the average of 4 5 6 and return it. ]]>
      </description>
      <depends>
        <task ref="Computation4"/>
        <task ref="Computation5"/>
        <task ref="Computation6"/>
      </depends>
      <javaExecutable class="org.ow2.proactive.scheduler.examples.MonteCarloAverage"></javaExecutable>
    </task>
    <task name="LastAverage" preciousResult="true" >
      <description>
        <![CDATA[ Do the average of average 1 2 and return it. ]]>
      </description>
      <depends>
        <task ref="Average1"/>
        <task ref="Average2"/>
      </depends>
      <javaExecutable class="org.ow2.proactive.scheduler.examples.MonteCarloAverage"></javaExecutable>
    </task>
  </taskFlow>
  <metadata>
    <visualization>
      <![CDATA[ <html><head><link rel="stylesheet" href="/studio/styles/studio-standalone.css"><style>
        #workflow-designer {
            left:0 !important;
            top:0 !important;
            width:1139px;
            height:566px;
            }
        </style></head><body><div id="workflow-visualization-view"><div id="workflow-visualization" style="position:relative;top:-206.00001525878906px;left:-238.10003662109375px"><div class="task _jsPlumb_endpoint_anchor_ ui-draggable" id="jsPlumb_1_560" style="top: 211.007px; left: 243.109px;"><a class="task-name"><img src="/studio/images/Java.png" width="20px">&nbsp;<span class="name">Computation1</span></a></div><div class="task _jsPlumb_endpoint_anchor_ ui-draggable" id="jsPlumb_1_563" style="top: 211.007px; left: 381.109px;"><a class="task-name"><img src="/studio/images/Java.png" width="20px">&nbsp;<span class="name">Computation2</span></a></div><div class="task _jsPlumb_endpoint_anchor_ ui-draggable" id="jsPlumb_1_566" style="top: 211.007px; left: 519.109px;"><a class="task-name"><img src="/studio/images/Java.png" width="20px">&nbsp;<span class="name">Computation3</span></a></div><div class="task _jsPlumb_endpoint_anchor_ ui-draggable" id="jsPlumb_1_569" style="top: 211.007px; left: 657.109px;"><a class="task-name"><img src="/studio/images/Java.png" width="20px">&nbsp;<span class="name">Computation4</span></a></div><div class="task _jsPlumb_endpoint_anchor_ ui-draggable" id="jsPlumb_1_572" style="top: 211.007px; left: 795.109px;"><a class="task-name"><img src="/studio/images/Java.png" width="20px">&nbsp;<span class="name">Computation5</span></a></div><div class="task _jsPlumb_endpoint_anchor_ ui-draggable" id="jsPlumb_1_575" style="top: 211.007px; left: 933.105px;"><a class="task-name"><img src="/studio/images/Java.png" width="20px">&nbsp;<span class="name">Computation6</span></a></div><div class="task ui-draggable _jsPlumb_endpoint_anchor_" id="jsPlumb_1_578" style="top: 339.006px; left: 341.909px;"><a class="task-name"><img src="/studio/images/Java.png" width="20px">&nbsp;<span class="name">Average1</span></a></div><div class="task ui-draggable _jsPlumb_endpoint_anchor_" id="jsPlumb_1_581" style="top: 339.006px; left: 755.909px;"><a class="task-name"><img src="/studio/images/Java.png" width="20px">&nbsp;<span class="name">Average2</span></a></div><div class="task ui-draggable _jsPlumb_endpoint_anchor_" id="jsPlumb_1_584" style="top: 467.006px; left: 548.909px;"><a class="task-name"><img src="/studio/images/Java.png" width="20px">&nbsp;<span class="name">LastAverage</span></a></div><svg style="position:absolute;left:282.5px;top:250.5px" width="120" height="89" pointer-events="none" position="absolute" version="1.1"
      xmlns="http://www.w3.org/1999/xhtml" class="_jsPlumb_connector "><path d="M 99 88 C 109 38 -10 50 0 0 " transform="translate(10.5,0.5)" pointer-events="visibleStroke" version="1.1"
      xmlns="http://www.w3.org/1999/xhtml" fill="none" stroke="#666" style=""></path><path pointer-events="all" version="1.1"
      xmlns="http://www.w3.org/1999/xhtml" d="M88.566786,61.830692 L75.55500605095395,45.10664994798388 L76.80229934781632,54.24143289185301 L67.96574694280696,56.87113660016756 L88.566786,61.830692" class="" stroke="#666" fill="#666" transform="translate(10.5,0.5)"></path><path pointer-events="all" version="1.1"
      xmlns="http://www.w3.org/1999/xhtml" d="M88.566786,61.830692 L75.55500605095395,45.10664994798388 L76.80229934781632,54.24143289185301 L67.96574694280696,56.87113660016756 L88.566786,61.830692" class="" stroke="#666" fill="#666" transform="translate(10.5,0.5)"></path></svg><svg style="position:absolute;left:381.5px;top:250.5px" width="60" height="89" pointer-events="none" position="absolute" version="1.1"
      xmlns="http://www.w3.org/1999/xhtml" class="_jsPlumb_connector "><path d="M 0 88 C -10 38 49 50 39 0 " transform="translate(10.5,0.5)" pointer-events="visibleStroke" version="1.1"
      xmlns="http://www.w3.org/1999/xhtml" fill="none" stroke="#666" style=""></path><path pointer-events="all" version="1.1"
      xmlns="http://www.w3.org/1999/xhtml" d="M0.8261579999999977,65.364084 L16.769100218015062,51.4061975757224 L7.721817134665953,53.1800828058726 L4.58509902388766,44.510538441056454 L0.8261579999999977,65.364084" class="" stroke="#666" fill="#666" transform="translate(10.5,0.5)"></path><path pointer-events="all" version="1.1"
      xmlns="http://www.w3.org/1999/xhtml" d="M0.8261579999999977,65.364084 L16.769100218015062,51.4061975757224 L7.721817134665953,53.1800828058726 L4.58509902388766,44.510538441056454 L0.8261579999999977,65.364084" class="" stroke="#666" fill="#666" transform="translate(10.5,0.5)"></path></svg><svg style="position:absolute;left:381.5px;top:250.5px" width="198" height="89" pointer-events="none" position="absolute" version="1.1"
      xmlns="http://www.w3.org/1999/xhtml" class="_jsPlumb_connector "><path d="M 0 88 C -10 38 187 50 177 0 " transform="translate(10.5,0.5)" pointer-events="visibleStroke" version="1.1"
      xmlns="http://www.w3.org/1999/xhtml" fill="none" stroke="#666" style=""></path><path pointer-events="all" version="1.1"
      xmlns="http://www.w3.org/1999/xhtml" d="M25.86583575,59.788559500000005 L47.055241821146204,59.88379789599836 L39.100506268326896,55.22309169578444 L42.489774016930646,46.64912737767147 L25.86583575,59.788559500000005" class="" stroke="#666" fill="#666" transform="translate(10.5,0.5)"></path><path pointer-events="all" version="1.1"
      xmlns="http://www.w3.org/1999/xhtml" d="M25.86583575,59.788559500000005 L47.055241821146204,59.88379789599836 L39.100506268326896,55.22309169578444 L42.489774016930646,46.64912737767147 L25.86583575,59.788559500000005" class="" stroke="#666" fill="#666" transform="translate(10.5,0.5)"></path></svg><svg style="position:absolute;left:696.5px;top:250.5px" width="120" height="89" pointer-events="none" position="absolute" version="1.1"
      xmlns="http://www.w3.org/1999/xhtml" class="_jsPlumb_connector "><path d="M 99 88 C 109 38 -10 50 0 0 " transform="translate(10.5,0.5)" pointer-events="visibleStroke" version="1.1"
      xmlns="http://www.w3.org/1999/xhtml" fill="none" stroke="#666" style=""></path><path pointer-events="all" version="1.1"
      xmlns="http://www.w3.org/1999/xhtml" d="M88.566786,61.830692 L75.55500605095395,45.10664994798388 L76.80229934781632,54.24143289185301 L67.96574694280696,56.87113660016756 L88.566786,61.830692" class="" stroke="#666" fill="#666" transform="translate(10.5,0.5)"></path><path pointer-events="all" version="1.1"
      xmlns="http://www.w3.org/1999/xhtml" d="M88.566786,61.830692 L75.55500605095395,45.10664994798388 L76.80229934781632,54.24143289185301 L67.96574694280696,56.87113660016756 L88.566786,61.830692" class="" stroke="#666" fill="#666" transform="translate(10.5,0.5)"></path></svg><svg style="position:absolute;left:795.5px;top:250.5px" width="60" height="89" pointer-events="none" position="absolute" version="1.1"
      xmlns="http://www.w3.org/1999/xhtml" class="_jsPlumb_connector "><path d="M 0 88 C -10 38 49 50 39 0 " transform="translate(10.5,0.5)" pointer-events="visibleStroke" version="1.1"
      xmlns="http://www.w3.org/1999/xhtml" fill="none" stroke="#666" style=""></path><path pointer-events="all" version="1.1"
      xmlns="http://www.w3.org/1999/xhtml" d="M0.8261579999999977,65.364084 L16.769100218015062,51.4061975757224 L7.721817134665953,53.1800828058726 L4.58509902388766,44.510538441056454 L0.8261579999999977,65.364084" class="" stroke="#666" fill="#666" transform="translate(10.5,0.5)"></path><path pointer-events="all" version="1.1"
      xmlns="http://www.w3.org/1999/xhtml" d="M0.8261579999999977,65.364084 L16.769100218015062,51.4061975757224 L7.721817134665953,53.1800828058726 L4.58509902388766,44.510538441056454 L0.8261579999999977,65.364084" class="" stroke="#666" fill="#666" transform="translate(10.5,0.5)"></path></svg><svg style="position:absolute;left:795.5px;top:250.5px" width="198" height="89" pointer-events="none" position="absolute" version="1.1"
      xmlns="http://www.w3.org/1999/xhtml" class="_jsPlumb_connector "><path d="M 0 88 C -10 38 187 50 177 0 " transform="translate(10.5,0.5)" pointer-events="visibleStroke" version="1.1"
      xmlns="http://www.w3.org/1999/xhtml" fill="none" stroke="#666" style=""></path><path pointer-events="all" version="1.1"
      xmlns="http://www.w3.org/1999/xhtml" d="M25.86583575,59.788559500000005 L47.055241821146204,59.88379789599836 L39.100506268326896,55.22309169578444 L42.489774016930646,46.64912737767147 L25.86583575,59.788559500000005" class="" stroke="#666" fill="#666" transform="translate(10.5,0.5)"></path><path pointer-events="all" version="1.1"
      xmlns="http://www.w3.org/1999/xhtml" d="M25.86583575,59.788559500000005 L47.055241821146204,59.88379789599836 L39.100506268326896,55.22309169578444 L42.489774016930646,46.64912737767147 L25.86583575,59.788559500000005" class="" stroke="#666" fill="#666" transform="translate(10.5,0.5)"></path></svg><svg style="position:absolute;left:381.5px;top:378.5px" width="228" height="89" pointer-events="none" position="absolute" version="1.1"
      xmlns="http://www.w3.org/1999/xhtml" class="_jsPlumb_connector "><path d="M 207 88 C 217 38 -10 50 0 0 " transform="translate(10.5,0.5)" pointer-events="visibleStroke" version="1.1"
      xmlns="http://www.w3.org/1999/xhtml" fill="none" stroke="#666" style=""></path><path pointer-events="all" version="1.1"
      xmlns="http://www.w3.org/1999/xhtml" d="M175.067424,59.394175999999995 L157.83832228557694,47.05893971875818 L161.63089474476578,55.462295842462694 L153.90644212803963,60.495468973992374 L175.067424,59.394175999999995" class="" stroke="#666" fill="#666" transform="translate(10.5,0.5)"></path><path pointer-events="all" version="1.1"
      xmlns="http://www.w3.org/1999/xhtml" d="M175.067424,59.394175999999995 L157.83832228557694,47.05893971875818 L161.63089474476578,55.462295842462694 L153.90644212803963,60.495468973992374 L175.067424,59.394175999999995" class="" stroke="#666" fill="#666" transform="translate(10.5,0.5)"></path></svg><svg style="position:absolute;left:588.5px;top:378.5px" width="228" height="89" pointer-events="none" position="absolute" version="1.1"
      xmlns="http://www.w3.org/1999/xhtml" class="_jsPlumb_connector "><path d="M 0 88 C -10 38 217 50 207 0 " transform="translate(10.5,0.5)" pointer-events="visibleStroke" version="1.1"
      xmlns="http://www.w3.org/1999/xhtml" fill="none" stroke="#666" style=""></path><path pointer-events="all" version="1.1"
      xmlns="http://www.w3.org/1999/xhtml" d="M31.932576000000005,59.394175999999995 L53.09355787196037,60.495468973992374 L45.3691052552342,55.462295842462694 L49.161677714423064,47.05893971875818 L31.932576000000005,59.394175999999995" class="" stroke="#666" fill="#666" transform="translate(10.5,0.5)"></path><path pointer-events="all" version="1.1"
      xmlns="http://www.w3.org/1999/xhtml" d="M31.932576000000005,59.394175999999995 L53.09355787196037,60.495468973992374 L45.3691052552342,55.462295842462694 L49.161677714423064,47.05893971875818 L31.932576000000005,59.394175999999995" class="" stroke="#666" fill="#666" transform="translate(10.5,0.5)"></path></svg><div class="_jsPlumb_endpoint source-endpoint dependency-source-endpoint connected _jsPlumb_endpoint_anchor_ ui-draggable ui-droppable _jsPlumb_endpoint_connected" style="position: absolute; height: 20px; width: 20px; left: 283px; top: 241px;"><svg style="position:absolute;left:0px;top:0px" width="20" height="20" pointer-events="all" position="absolute" version="1.1"
      xmlns="http://www.w3.org/1999/xhtml"><circle cx="10" cy="10" r="10" version="1.1"
      xmlns="http://www.w3.org/1999/xhtml" fill="#666" stroke="none" style=""></circle></svg></div><div class="_jsPlumb_endpoint source-endpoint dependency-source-endpoint connected _jsPlumb_endpoint_anchor_ ui-draggable ui-droppable _jsPlumb_endpoint_connected" style="position: absolute; height: 20px; width: 20px; left: 421px; top: 241px;"><svg style="position:absolute;left:0px;top:0px" width="20" height="20" pointer-events="all" position="absolute" version="1.1"
      xmlns="http://www.w3.org/1999/xhtml"><circle cx="10" cy="10" r="10" version="1.1"
      xmlns="http://www.w3.org/1999/xhtml" fill="#666" stroke="none" style=""></circle></svg></div><div class="_jsPlumb_endpoint source-endpoint dependency-source-endpoint connected _jsPlumb_endpoint_anchor_ ui-draggable ui-droppable _jsPlumb_endpoint_connected" style="position: absolute; height: 20px; width: 20px; left: 559px; top: 241px;"><svg style="position:absolute;left:0px;top:0px" width="20" height="20" pointer-events="all" position="absolute" version="1.1"
      xmlns="http://www.w3.org/1999/xhtml"><circle cx="10" cy="10" r="10" version="1.1"
      xmlns="http://www.w3.org/1999/xhtml" fill="#666" stroke="none" style=""></circle></svg></div><div class="_jsPlumb_endpoint source-endpoint dependency-source-endpoint connected _jsPlumb_endpoint_anchor_ ui-draggable ui-droppable _jsPlumb_endpoint_connected" style="position: absolute; height: 20px; width: 20px; left: 697px; top: 241px;"><svg style="position:absolute;left:0px;top:0px" width="20" height="20" pointer-events="all" position="absolute" version="1.1"
      xmlns="http://www.w3.org/1999/xhtml"><circle cx="10" cy="10" r="10" version="1.1"
      xmlns="http://www.w3.org/1999/xhtml" fill="#666" stroke="none" style=""></circle></svg></div><div class="_jsPlumb_endpoint source-endpoint dependency-source-endpoint connected _jsPlumb_endpoint_anchor_ ui-draggable ui-droppable _jsPlumb_endpoint_connected" style="position: absolute; height: 20px; width: 20px; left: 835px; top: 241px;"><svg style="position:absolute;left:0px;top:0px" width="20" height="20" pointer-events="all" position="absolute" version="1.1"
      xmlns="http://www.w3.org/1999/xhtml"><circle cx="10" cy="10" r="10" version="1.1"
      xmlns="http://www.w3.org/1999/xhtml" fill="#666" stroke="none" style=""></circle></svg></div><div class="_jsPlumb_endpoint source-endpoint dependency-source-endpoint connected _jsPlumb_endpoint_anchor_ ui-draggable ui-droppable _jsPlumb_endpoint_connected" style="position: absolute; height: 20px; width: 20px; left: 973px; top: 241px;"><svg style="position:absolute;left:0px;top:0px" width="20" height="20" pointer-events="all" position="absolute" version="1.1"
      xmlns="http://www.w3.org/1999/xhtml"><circle cx="10" cy="10" r="10" version="1.1"
      xmlns="http://www.w3.org/1999/xhtml" fill="#666" stroke="none" style=""></circle></svg></div><div class="_jsPlumb_endpoint source-endpoint dependency-source-endpoint connected _jsPlumb_endpoint_anchor_ ui-draggable ui-droppable _jsPlumb_endpoint_connected" style="position: absolute; height: 20px; width: 20px; left: 382px; top: 369px;"><svg style="position:absolute;left:0px;top:0px" width="20" height="20" pointer-events="all" position="absolute" version="1.1"
      xmlns="http://www.w3.org/1999/xhtml"><circle cx="10" cy="10" r="10" version="1.1"
      xmlns="http://www.w3.org/1999/xhtml" fill="#666" stroke="none" style=""></circle></svg></div><div class="_jsPlumb_endpoint target-endpoint dependency-target-endpoint _jsPlumb_endpoint_anchor_ ui-draggable ui-droppable _jsPlumb_endpoint_connected" style="position: absolute; height: 20px; width: 20px; left: 382px; top: 329px;"><svg style="position:absolute;left:0px;top:0px" width="20" height="20" pointer-events="all" position="absolute" version="1.1"
      xmlns="http://www.w3.org/1999/xhtml"><circle cx="10" cy="10" r="10" version="1.1"
      xmlns="http://www.w3.org/1999/xhtml" fill="#666" stroke="none" style=""></circle></svg></div><div class="_jsPlumb_endpoint source-endpoint dependency-source-endpoint connected _jsPlumb_endpoint_anchor_ ui-draggable ui-droppable _jsPlumb_endpoint_connected" style="position: absolute; height: 20px; width: 20px; left: 796px; top: 369px;"><svg style="position:absolute;left:0px;top:0px" width="20" height="20" pointer-events="all" position="absolute" version="1.1"
      xmlns="http://www.w3.org/1999/xhtml"><circle cx="10" cy="10" r="10" version="1.1"
      xmlns="http://www.w3.org/1999/xhtml" fill="#666" stroke="none" style=""></circle></svg></div><div class="_jsPlumb_endpoint target-endpoint dependency-target-endpoint _jsPlumb_endpoint_anchor_ ui-draggable ui-droppable _jsPlumb_endpoint_connected" style="position: absolute; height: 20px; width: 20px; left: 796px; top: 329px;"><svg style="position:absolute;left:0px;top:0px" width="20" height="20" pointer-events="all" position="absolute" version="1.1"
      xmlns="http://www.w3.org/1999/xhtml"><circle cx="10" cy="10" r="10" version="1.1"
      xmlns="http://www.w3.org/1999/xhtml" fill="#666" stroke="none" style=""></circle></svg></div><div class="_jsPlumb_endpoint source-endpoint dependency-source-endpoint connected _jsPlumb_endpoint_anchor_ ui-draggable ui-droppable" style="position: absolute; height: 20px; width: 20px; left: 589px; top: 497px;"><svg style="position:absolute;left:0px;top:0px" width="20" height="20" pointer-events="all" position="absolute" version="1.1"
      xmlns="http://www.w3.org/1999/xhtml"><circle cx="10" cy="10" r="10" version="1.1"
      xmlns="http://www.w3.org/1999/xhtml" fill="#666" stroke="none" style=""></circle></svg></div><div class="_jsPlumb_endpoint target-endpoint dependency-target-endpoint _jsPlumb_endpoint_anchor_ ui-draggable ui-droppable _jsPlumb_endpoint_connected" style="position: absolute; height: 20px; width: 20px; left: 589px; top: 457px;"><svg style="position:absolute;left:0px;top:0px" width="20" height="20" pointer-events="all" position="absolute" version="1.1"
      xmlns="http://www.w3.org/1999/xhtml"><circle cx="10" cy="10" r="10" version="1.1"
      xmlns="http://www.w3.org/1999/xhtml" fill="#666" stroke="none" style=""></circle></svg></div></div></div></body></html>
 ]]>
    </visualization>
  </metadata>
</job>