{
	"metadata": {
		"slug": "job-exec-time-workflows",
		"name": "JOB_EXEC_TIME workflows",
		"short_description": "Workflows that have the generic information JOB_EXEC_TIME ",
		"author": "ActiveEon's Team",
		"tags": ["Samples", "Exec time", "Execution time", "JOB_EXEC_TIME"],
		"version": "1.0"
	},
	"catalog" : {
		"bucket" : "calendars",
                "objects" : [
		        {
				"name" : "Variables_Propagation_1_Minute",
				"metadata" : {
					"kind": "Workflow/standard",
					"commitMessage": "First commit",
					"contentType": "application/xml"
				},
				"file" : "resources/catalog/variables_propagation_1minute.xml"
			},
				        {
				"name" : "Variables_Propagation_2_Minutes",
				"metadata" : {
					"kind": "Workflow/standard",
					"commitMessage": "First commit",
					"contentType": "application/xml"
				},
				"file" : "resources/catalog/variables_propagation_2minutes.xml"
			},
		        {
				"name" : "Variables_Propagation_10_Minutes",
				"metadata" : {
					"kind": "Workflow/standard",
					"commitMessage": "First commit",
					"contentType": "application/xml"
				},
				"file" : "resources/catalog/variables_propagation_10minutes.xml"
			},
			{
				"name" : "Variables_Propagation_1_Hour",
				"metadata" : {
					"kind": "Workflow/standard",
					"commitMessage": "First commit",
					"contentType": "application/xml"
				},
				"file" : "resources/catalog/variables_propagation_1hour.xml"
			},
			{
				"name" : "Variables_Propagation_2_Hours",
				"metadata" : {
					"kind": "Workflow/standard",
					"commitMessage": "First commit",
					"contentType": "application/xml"
				},
				"file" : "resources/catalog/variables_propagation_2hours.xml"
			},
			{
				"name" : "Variables_Propagation_4_Hours",
				"metadata" : {
					"kind": "Workflow/standard",
					"commitMessage": "First commit",
					"contentType": "application/xml"
				},
				"file" : "resources/catalog/variables_propagation_4hours.xml"
			},
			{
				"name" : "Variables_Propagation_24_Hours",
				"metadata" : {
					"kind": "Workflow/standard",
					"commitMessage": "First commit",
					"contentType": "application/xml"
				},
				"file" : "resources/catalog/variables_propagation_24hours.xml"
			},
			{
				"name" : "Variables_Propagation_48_Hours",
				"metadata" : {
					"kind": "Workflow/standard",
					"commitMessage": "First commit",
					"contentType": "application/xml"
				},
				"file" : "resources/catalog/variables_propagation_48hours.xml"
			}
		]
	}
}
