{
	"metadata": {
		"slug": "applicationconnectors",
		"name": "ApplicationConnectors",
		"short_description": "Application Connectors",
		"author": "ActiveEon's Team",
		"tags": ["ERP", "SAP", "JD Edwards", "ETL", "SSIS package", "IBM InfoSphere DataStage", "LDAP", "IBM InfoSphere DataStage", "Centreon"],
		"version": "1.0"
	},
	"catalog" : {
		"bucket" : "application-connectors",
		"objects" : [
			{
				"name" : "SAP_ECC",
				"metadata" : {
					"kind": "Workflow/standard",
					"commitMessage": "Compact version",
					"contentType": "application/xml"
				},
				"file" : "resources/catalog/SAP_ECC.xml"
			},
			{
				"name" : "JD_Edwards_Scheduler",
				"metadata" : {
					"kind": "Workflow/standard",
					"commitMessage": "Compact version",
					"contentType": "application/xml"
				},
				"file" : "resources/catalog/JD_Edwards_Scheduler.xml"
			},
			{
				"name" : "JD_Edwards_Orchestrator",
				"metadata" : {
					"kind": "Workflow/standard",
					"commitMessage": "Compact version",
					"contentType": "application/xml"
				},
				"file" : "resources/catalog/JD_Edwards_Orchestrator.xml"
			},
			{
				"name" : "JD_Edwards_Server_Manager",
				"metadata" : {
					"kind": "Workflow/standard",
					"commitMessage": "Compact version",
					"contentType": "application/xml"
				},
				"file" : "resources/catalog/JD_Edwards_Server_Manager.xml"
			},
			{
				"name" : "Run_SSIS_Package",
				"metadata" : {
					"kind": "Workflow/standard",
					"commitMessage": "first version",
					"contentType": "application/xml"
				},
				"file" : "resources/catalog/Run_SSIS_Package.xml"
			},
			{
				"name" : "IBM_InfoSphere_DataStage",
				"metadata" : {
					"kind": "Workflow/standard",
					"commitMessage": "first version",
					"contentType": "application/xml"
				},
				"file" : "resources/catalog/IBM_InfoSphere_DataStage.xml"
			},
			{
				"name" : "Ldap_Query",
				"metadata" : {
					"kind": "Workflow/standard",
					"commitMessage": "first version",
					"contentType": "application/xml"
				},
				"file" : "resources/catalog/Ldap_Query.xml"
			},
			{
				"name" : "Centreon_Notification",
				"metadata" : {
					"kind": "Workflow/standard",
					"commitMessage": "first version",
					"contentType": "application/xml"
				},
				"file" : "resources/catalog/Centreon_Notification.xml"
			}
		]
	}
}
