<?xml version="1.0" encoding="UTF-8" standalone="no"?>
<job xmlns="urn:proactive:jobdescriptor:3.11" xmlns:xsi="http://www.w3.org/2001/XMLSchema-instance" maxNumberOfExecution="2" name="TensorFlow_Train_Image_Classifier" onTaskError="continueJobExecution" priority="normal" projectName="5. Custom AI workflows - Other libraries" xsi:schemaLocation="urn:proactive:jobdescriptor:3.11 http://www.activeeon.com/public_content/schemas/proactive/jobdescriptor/3.11/schedulerjob.xsd">
  <variables>
    <variable name="CONTAINER_NAME" value="ml"/>
    <variable name="DOCKER_IMAGE" value="activeeon/dlm3"/>
    <variable name="TRAINING_SET_ADDRESS" value="http://download.tensorflow.org/example_images/flower_photos.tgz"/>
    <variable name="TRAINING_SET_NAME" value="flower_photos.tgz"/>
    <variable name="TRAINING_SET_PATH" value="flower_photos"/>
  </variables>
  <description>
    <![CDATA[ Train a deep neural network to recognize flower species ]]>
  </description>
  <genericInformation>
<info name="bucketName" value="deep-learning-workflows-dev2"/>
<info name="workflow.icon" value="/automation-dashboard/styles/patterns/img/wf-icons/tensorflow.png"/>
<info name="Documentation" value="https://ow2-proactive.github.io/proactive-examples/MachineLearning/resources/doc/V1/automated-machine-learning-activeeon.pdf"/>
<info name="group" value="public-objects"/>
</genericInformation>
  <taskFlow>
    <task name="Download_Data">
      <description>
        <![CDATA[ The simplest task, ran by a bash engine. ]]>
      </description>
      <genericInformation>
        <info name="task.icon" value="/automation-dashboard/styles/patterns/img/wf-icons/tensorflow.png"/>
      </genericInformation>
      <scriptExecutable>
        <script>
          <code language="bash">
            <![CDATA[
#
# unset RUN_DOCKER
# docker stop ml && docker rm ml
# export variables_CONTAINER_NAME=ml 
# export variables_TRAINING_SET_ADDRESS=http://download.tensorflow.org/example_images/flower_photos.tgz
# export variables_TRAINING_SET_NAME=flower_photos.tgz
#
echo "Updating local docker image"
docker pull $variables_DOCKER_IMAGE
export RUN_DOCKER="docker run -dit -h dlm -w /root --name=$variables_CONTAINER_NAME $variables_DOCKER_IMAGE"
echo "Checking if docker container is running"
if [ $(docker inspect -f '{{.State.Running}}' $variables_CONTAINER_NAME) = "true" ]; 
then 
  echo "OK. The $variables_CONTAINER_NAME container is running!"
else 
  echo "$variables_CONTAINER_NAME container is not running."
  if [ $(docker inspect -f '{{.State.Running}}' $variables_CONTAINER_NAME) = "false" ]; 
  then 
    echo "Starting it..."
    docker start $variables_CONTAINER_NAME
  else 
    echo "Running it..."
    echo $RUN_DOCKER
    $($RUN_DOCKER)
    sleep 5
  fi
  if [ $(docker inspect -f '{{.State.Running}}' $variables_CONTAINER_NAME) = "true" ]; 
  then 
    echo "OK. The $variables_CONTAINER_NAME container is running now!"
  else 
    echo "$variables_CONTAINER_NAME container is not running."
    echo "An error occurred while running the container."
    exit
  fi
fi

echo docker exec $variables_CONTAINER_NAME /bin/sh -c 'curl -O '$variables_TRAINING_SET_ADDRESS
docker exec $variables_CONTAINER_NAME /bin/sh -c 'curl -O '$variables_TRAINING_SET_ADDRESS

echo docker exec $variables_CONTAINER_NAME /bin/sh -c 'tar xzf '$variables_TRAINING_SET_NAME
docker exec $variables_CONTAINER_NAME /bin/sh -c 'tar xzf '$variables_TRAINING_SET_NAME
]]>
          </code>
        </script>
      </scriptExecutable>
      <controlFlow block="none"/>
      <metadata/>
    </task>
    <task name="Train_Model">
      <description>
        <![CDATA[ The simplest task, ran by a bash engine. ]]>
      </description>
      <genericInformation>
        <info name="task.icon" value="/automation-dashboard/styles/patterns/img/wf-icons/tensorflow.png"/>
      </genericInformation>
      <depends>
        <task ref="Download_Data"/>
      </depends>
      <scriptExecutable>
        <script>
          <code language="bash">
            <![CDATA[
echo docker exec $variables_CONTAINER_NAME /bin/sh -c 'curl -O https://raw.githubusercontent.com/sophiesongge/tensorflow_demo/master/image_retrain.py'
docker exec $variables_CONTAINER_NAME /bin/sh -c 'curl -O https://raw.githubusercontent.com/sophiesongge/tensorflow_demo/master/image_retrain.py'

echo docker exec $variables_CONTAINER_NAME /bin/sh -c 'python image_retrain.py --image_dir '$variables_TRAINING_SET_PATH
docker exec $variables_CONTAINER_NAME /bin/sh -c 'python image_retrain.py --image_dir '$variables_TRAINING_SET_PATH
]]>
          </code>
        </script>
      </scriptExecutable>
      <controlFlow block="none"/>
      <cleaning>
        <script>
          <code language="bash">
            <![CDATA[
docker stop $variables_CONTAINER_NAME
]]>
          </code>
        </script>
      </cleaning>
      <metadata/>
    </task>
  </taskFlow>
  <metadata>
    <visualization>
      <![CDATA[ <html><head><link rel="stylesheet" href="/studio/styles/studio-standalone.css"><style>
        #workflow-designer {
            left:0 !important;
            top:0 !important;
            width:1427px;
            height:812px;
            }
        </style></head><body><div style="position:relative;top:-348px;left:-911px"><div class="task _jsPlumb_endpoint_anchor_ ui-draggable" id="jsPlumb_1_947" style="top: 398px; left: 1011px;"><a class="task-name"><img src="/automation-dashboard/styles/patterns/img/wf-icons/tensorflow.png" width="20px">&nbsp;<span class="name">Download_Data</span></a></div><div class="task ui-draggable _jsPlumb_endpoint_anchor_" id="jsPlumb_1_950" style="top: 526px; left: 1011px;"><a class="task-name"><img src="/automation-dashboard/styles/patterns/img/wf-icons/tensorflow.png" width="20px">&nbsp;<span class="name">Train_Model</span></a></div><svg style="position:absolute;left:1050.5px;top:437.5px" width="24" height="89" pointer-events="none" position="absolute" version="1.1"
      xmlns="http://www.w3.org/1999/xhtml" class="_jsPlumb_connector "><path d="M 0 88 C -10 38 13 50 3 0 " transform="translate(10.5,0.5)" pointer-events="visibleStroke" version="1.1"
      xmlns="http://www.w3.org/1999/xhtml" fill="none" stroke="#666" style=""></path><path pointer-events="all" version="1.1"
      xmlns="http://www.w3.org/1999/xhtml" d="M-2.5718437499999998,66.78168750000002 L5.7564728306810355,47.297356797305774 L-1.630943452167807,52.813340903872785 L-8.211873765446198,46.35645649947359 L-2.5718437499999998,66.78168750000002" class="" stroke="#666" fill="#666" transform="translate(10.5,0.5)"></path><path pointer-events="all" version="1.1"
      xmlns="http://www.w3.org/1999/xhtml" d="M-2.5718437499999998,66.78168750000002 L5.7564728306810355,47.297356797305774 L-1.630943452167807,52.813340903872785 L-8.211873765446198,46.35645649947359 L-2.5718437499999998,66.78168750000002" class="" stroke="#666" fill="#666" transform="translate(10.5,0.5)"></path></svg><div class="_jsPlumb_endpoint source-endpoint dependency-source-endpoint connected _jsPlumb_endpoint_anchor_ ui-draggable ui-droppable _jsPlumb_endpoint_connected" style="position: absolute; height: 20px; width: 20px; left: 1054px; top: 428px;"><svg style="position:absolute;left:0px;top:0px" width="20" height="20" pointer-events="all" position="absolute" version="1.1"
      xmlns="http://www.w3.org/1999/xhtml"><circle cx="10" cy="10" r="10" version="1.1"
      xmlns="http://www.w3.org/1999/xhtml" fill="#666" stroke="none" style=""></circle></svg></div><div class="_jsPlumb_endpoint source-endpoint dependency-source-endpoint connected _jsPlumb_endpoint_anchor_ ui-draggable ui-droppable" style="position: absolute; height: 20px; width: 20px; left: 1051px; top: 556px;"><svg style="position:absolute;left:0px;top:0px" width="20" height="20" pointer-events="all" position="absolute" version="1.1"
      xmlns="http://www.w3.org/1999/xhtml"><circle cx="10" cy="10" r="10" version="1.1"
      xmlns="http://www.w3.org/1999/xhtml" fill="#666" stroke="none" style=""></circle></svg></div><div class="_jsPlumb_endpoint target-endpoint dependency-target-endpoint _jsPlumb_endpoint_anchor_ ui-draggable ui-droppable _jsPlumb_endpoint_connected" style="position: absolute; height: 20px; width: 20px; left: 1051px; top: 516px;"><svg style="position:absolute;left:0px;top:0px" width="20" height="20" pointer-events="all" position="absolute" version="1.1"
      xmlns="http://www.w3.org/1999/xhtml"><circle cx="10" cy="10" r="10" version="1.1"
      xmlns="http://www.w3.org/1999/xhtml" fill="#666" stroke="none" style=""></circle></svg></div></div></body></html>
 ]]>
    </visualization>
  </metadata>
</job>
