<?xml version="1.0" encoding="UTF-8"?>
<job
  xmlns:xsi="http://www.w3.org/2001/XMLSchema-instance"
  xmlns="urn:proactive:jobdescriptor:3.12" xsi:schemaLocation="urn:proactive:jobdescriptor:3.12 http://www.activeeon.com/public_content/schemas/proactive/jobdescriptor/3.12/schedulerjob.xsd"  name="Kafka_Storm_Visdom_Dataflow" projectName="Data Stream Processing" priority="normal" onTaskError="continueJobExecution"  maxNumberOfExecution="2"  >
  <variables>
    <variable name="automatic_kill" value="true" model="PA:Boolean"/>
    <variable name="dataflow_name" value="BitcoinExchangeDataflow" />
    <variable name="execution_duration" value="60" />
    <variable name="kafka_instance_name" value="kafka-server-1" />
    <variable name="kafka_service_id" value="Kafka" />
    <variable name="message_topic" value="BitCoinExchangeTopic" />
    <variable name="storm_instance_name" value="storm-cluster-1" />
    <variable name="storm_service_id" value="Storm" />
    <variable name="zookeeper_instance_name" value="zookeeper-server-1" />
    <variable name="zookeeper_service_id" value="Zookeeper" />
    <variable name="visdom_instance_name" value="visdom-server-1" />
    <variable name="visdom_service_id" value="Visdom" />
    <variable name="VISDOM_ENABLE_LOGIN" value="False" model="PA:Boolean"/>
    <variable name="PROXYFIED" value="False" model="PA:Boolean"/>
    <variable name="VISDOM_USERNAME" value="" />
    <variable name="VISDOM_PASSWORD" value="" />
  </variables>
  <description>
    <![CDATA[ This workflow calls ProActive-Cloud-Automation service to deploy instances of (i) Apache Zookeeper coordination server (https://zookeeper.apache.org/), (ii) Apache Kafka publish/subscribe system (https://kafka.apache.org/), and (iii) Apache Storm stream processing system (http://storm.apache.org). It further runs a (Apache Storm) dataflow application that processes a stream of real-time data dealing with the Chinese Yuan to Bitcoin exchange rate. ]]>
  </description>
  <genericInformation>
    <info name="bucketName" value="big-data"/>
    <info name="workflow.icon" value="/automation-dashboard/styles/patterns/img/wf-icons/bigdata.png"/>
    <info name="Documentation" value="https://ow2-proactive.github.io/proactive-examples/DeepLearningWorkflows/resources/doc/V1/ActiveEon-Data+Streaming-Doc.pdf"/>
    <info name="group" value="public-objects"/>
  </genericInformation>
  <taskFlow>
    <task name="Start_Kafka" 
    
    
    
    
    fork="true">
      <genericInformation>
        <info name="task.icon" value="/automation-dashboard/styles/patterns/img/wf-icons/kafka.png"/>
      </genericInformation>
      <depends>
        <task ref="Start_Zookeeper"/>
      </depends>
      <scriptExecutable>
        <script>
          <code language="groovy">
            <![CDATA[
import org.ow2.proactive.pca.service.client.ApiClient
import org.ow2.proactive.pca.service.client.api.ServiceInstanceRestApi
import org.ow2.proactive.pca.service.client.model.ServiceInstanceData
import org.ow2.proactive.pca.service.client.model.ServiceDescription


// Get schedulerapi access
schedulerapi.connect()

// Acquire session id
def session_id = schedulerapi.getSession()
println(session_id)

// Define PCA URL
def pca_url = variables.get('PA_CLOUD_AUTOMATION_REST_URL')

// Connect to APIs
def api_client = new ApiClient()
api_client.setBasePath(pca_url)
//api_client.setDebugging(true)
def service_instance_rest_api = new ServiceInstanceRestApi(api_client)

// Check existing Kafka instances
def kafka_service_id = variables.get("kafka_service_id") 
def kafka_instance_name = variables.get("kafka_instance_name")
boolean instance_exists = false
List<ServiceInstanceData> service_instances = service_instance_rest_api.getServiceInstancesUsingGET(session_id)

for (ServiceInstanceData service_instance_data : service_instances) {
  
	if ( (service_instance_data.getServiceId() == kafka_service_id) && (service_instance_data.getInstanceStatus()  == "RUNNING")){
      
      if (service_instance_data.getVariables().get("INSTANCE_NAME") == kafka_instance_name) {
        instance_exists = true
        variables.put("kafka_instance_id", service_instance_data.getInstanceId())
        variables.put("kafka_endpoint", service_instance_data.getDeployments().iterator().next().getEndpoint().getUrl())
        println(variables.get("kafka_endpoint"))
        break
      }
  	}
}

if (!instance_exists){
  // Prepare kafka description
  ServiceDescription serviceDescription = new ServiceDescription()
  serviceDescription.setBucketName("cloud-automation")
  serviceDescription.setWorkflowName(kafka_service_id)
  serviceDescription.putVariablesItem("INSTANCE_NAME",kafka_instance_name)
  
  // Run kafka
  def service_instance_data = service_instance_rest_api.createRunningServiceInstanceUsingPOST(session_id, serviceDescription, variables.get("PA_JOB_ID"))
  
  // Acquire kafka Instance ID
  def service_instance_id  = service_instance_data.getInstanceId()
  
  // Create synchro channel
  channel = "Service_Instance_" + service_instance_id  
  synchronizationapi.createChannelIfAbsent(channel, false)
  synchronizationapi.waitUntil(channel, "RUNNING", "{k,x -> x == true}")
  
  // Acquire kafka endpoint
  service_instance_data = service_instance_rest_api.getServiceInstanceUsingGET(session_id, service_instance_id)
  variables.put("kafka_instance_id", service_instance_data.getInstanceId())
  variables.put("kafka_endpoint", service_instance_data.getDeployments().iterator().next().getEndpoint().getUrl())
  println(variables.get("kafka_endpoint"))
}
]]>
          </code>
        </script>
      </scriptExecutable>
      <metadata>
        <positionTop>
            210.82386779785156
        </positionTop>
        <positionLeft>
            509.5738220214844
        </positionLeft>
      </metadata>
    </task>
    <task name="Create_Topic" 
    
    
    
    
    fork="true">
      <description>
        <![CDATA[ Create Kafa topic (input of the dataflow) ]]>
      </description>
      <genericInformation>
        <info name="task.icon" value="/automation-dashboard/styles/patterns/img/wf-icons/kafka.png"/>
      </genericInformation>
      <depends>
        <task ref="Start_Kafka"/>
        <task ref="Start_Storm"/>
        <task ref="Start_Visdom_Service"/>
      </depends>
      <scriptExecutable>
        <script>
          <code language="bash">
            <![CDATA[
KAFKA=$variables_kafka_instance_name
TOPIC=$variables_message_topic

res=$(docker exec $KAFKA /opt/kafka/bin/kafka-topics.sh --list --bootstrap-server localhost:9092 | grep $TOPIC)

echo $res

if [[ $res != $TOPIC ]]; then
echo "create kafka topic: $TOPIC"
   docker exec $KAFKA /opt/kafka/bin/kafka-topics.sh --create --topic $TOPIC --replication-factor 1 --partitions 1 --bootstrap-server localhost:9092 --config compression.type=lz4
fi
]]>
          </code>
        </script>
      </scriptExecutable>
      <metadata>
        <positionTop>
            338.8068084716797
        </positionTop>
        <positionLeft>
            655.0710144042969
        </positionLeft>
      </metadata>
    </task>
    <task name="Submit_Dataflow" 
    
    
    
    
    fork="true">
      <description>
        <![CDATA[ Submit Storm topology ]]>
      </description>
      <genericInformation>
        <info name="task.icon" value="/automation-dashboard/styles/patterns/img/wf-icons/storm.png"/>
      </genericInformation>
      <depends>
        <task ref="Create_Topic"/>
      </depends>
      <inputFiles>
        <files  includes="BitcoinExchangeDataflow-1.0.jar" accessMode="transferFromGlobalSpace"/>
        <files  includes="BitcoinExchangeDataflow.yaml" accessMode="transferFromGlobalSpace"/>
        <files  includes="BitcoinExchangeDataflow.properties" accessMode="transferFromGlobalSpace"/>
      </inputFiles>
      <scriptExecutable>
        <script>
          <code language="bash">
            <![CDATA[
NIMBUS=$variables_storm_instance_name"-nimbus"
DATAFLOW=$variables_dataflow_name

ZOOKEEPER_ENDPOINT=$variables_zookeeper_endpoint
KAFKA_ENDPOINT=$variables_kafka_endpoint

echo "kafka.zookeeper.hosts: $ZOOKEEPER_ENDPOINT" >> BitcoinExchangeDataflow.properties
echo "kafka.bootstrap.servers: $KAFKA_ENDPOINT" >> BitcoinExchangeDataflow.properties

docker exec $NIMBUS mkdir -p /topologies

docker cp BitcoinExchangeDataflow-1.0.jar $NIMBUS:/topologies/
docker cp BitcoinExchangeDataflow.yaml $NIMBUS:/topologies/
docker cp BitcoinExchangeDataflow.properties $NIMBUS:/topologies/

##test if dataflow exists
docker exec -i  $NIMBUS storm list | grep -w "$DATAFLOW" && result=$?

if [[ "$result" == 0 ]]; then
	echo "Dataflow $DATAFLOW already exists, killing it"
    docker exec -i  $NIMBUS storm kill $DATAFLOW -w 1
    sleep 10
fi

## deploy dataflow
docker exec -i $NIMBUS storm jar /topologies/BitcoinExchangeDataflow-1.0.jar org.apache.storm.flux.Flux --remote /topologies/BitcoinExchangeDataflow.yaml --filter /topologies/BitcoinExchangeDataflow.properties
]]>
          </code>
        </script>
      </scriptExecutable>
      <metadata>
        <positionTop>
            453.7357635498047
        </positionTop>
        <positionLeft>
            647.7272644042969
        </positionLeft>
      </metadata>
    </task>
    <task name="Vis-Rate" 
    
    
    
    
    fork="true">
      <description>
        <![CDATA[ Send bitcoin rate data to Visdom server ]]>
      </description>
      <genericInformation>
        <info name="task.icon" value="/automation-dashboard/styles/patterns/img/wf-icons/visdom.png"/>
      </genericInformation>
      <depends>
        <task ref="Submit_Dataflow"/>
      </depends>
      <inputFiles>
        <files  includes="visdomRateClient.py" accessMode="transferFromGlobalSpace"/>
      </inputFiles>
      <scriptExecutable>
        <script>
          <code language="bash">
            <![CDATA[
KAFKA=$variables_kafka_instance_name
VISDOM=$variables_visdom_instance_name
TOPIC=BitCoinRateTopic

pyscript=visdomRateClient.py
timeout=$variables_execution_duration

docker cp $pyscript $VISDOM:/root/$pyscript

docker exec $VISDOM /bin/bash -c 'rm rate.pckl'

timeout $timeout docker exec -i $KAFKA /opt/kafka/bin/kafka-console-consumer.sh --bootstrap-server localhost:9092 --topic $TOPIC | \
while read LINE; do
    docker exec $VISDOM /bin/bash -c "python $pyscript --value $LINE"
done

exit 0
]]>
          </code>
        </script>
      </scriptExecutable>
      <metadata>
        <positionTop>
            589.8152923583984
        </positionTop>
        <positionLeft>
            462.3011169433594
        </positionLeft>
      </metadata>
    </task>
    <task name="Vis_Variation" 
    
    
    
    
    fork="true">
      <description>
        <![CDATA[ Send bitcoin rate variation to Visdom server ]]>
      </description>
      <genericInformation>
        <info name="task.icon" value="/automation-dashboard/styles/patterns/img/wf-icons/visdom.png"/>
      </genericInformation>
      <depends>
        <task ref="Submit_Dataflow"/>
      </depends>
      <inputFiles>
        <files  includes="visdomGapClient.py" accessMode="transferFromGlobalSpace"/>
      </inputFiles>
      <scriptExecutable>
        <script>
          <code language="bash">
            <![CDATA[
KAFKA=$variables_kafka_instance_name
VISDOM=$variables_visdom_instance_name
TOPIC=BitCoinGapTopic

pyscript=visdomGapClient.py
timeout=$variables_execution_duration

docker cp $pyscript $VISDOM:/root/$pyscript

docker exec $VISDOM /bin/bash -c 'rm gap.pckl'

timeout $timeout docker exec -i $KAFKA /opt/kafka/bin/kafka-console-consumer.sh --bootstrap-server localhost:9092 --topic $TOPIC | \
while read LINE; do
    docker exec $VISDOM /bin/bash -c "python $pyscript --value $LINE"
done

exit 0
]]>
          </code>
        </script>
      </scriptExecutable>
      <metadata>
        <positionTop>
            589.8152923583984
        </positionTop>
        <positionLeft>
            569.3181457519531
        </positionLeft>
      </metadata>
    </task>
    <task name="View_Result" 
    
    
    
    
    fork="true">
      <description>
        <![CDATA[ Give link to view results on Visdom and dataflow status on Storm ]]>
      </description>
      <depends>
        <task ref="Submit_Dataflow"/>
      </depends>
      <scriptExecutable>
        <script>
          <code language="groovy">
            <![CDATA[
visdomInstanceName =  variables.get("visdom_instance_name")
visdomEndpointKey = "ENDPOINT_" + visdomInstanceName
visdomEndpoint = variables.get(visdomEndpointKey)

result = '<meta http-equiv="refresh" content="1; url=' + visdomEndpoint + '/" />'
result+= '<h2><span style="color:black">Please wait while redirecting...</span></h2>'
resultMetadata.put("content.type", "text/html")
]]>
          </code>
        </script>
      </scriptExecutable>
      <metadata>
        <positionTop>
            586.8039398193359
        </positionTop>
        <positionLeft>
            847.2585144042969
        </positionLeft>
      </metadata>
    </task>
    <task name="Poll_Data" 
    
    
    
    
    fork="true">
      <description>
        <![CDATA[ Poll online data and send it to Kafka topic (input of the dataflow) ]]>
      </description>
      <genericInformation>
        <info name="task.icon" value="/automation-dashboard/styles/patterns/img/wf-icons/kafka.png"/>
      </genericInformation>
      <depends>
        <task ref="Submit_Dataflow"/>
      </depends>
      <scriptExecutable>
        <script>
          <code language="bash">
            <![CDATA[
KAFKA=$variables_kafka_instance_name
TOPIC=$variables_message_topic

end=$((SECONDS+$variables_execution_duration))

counter=0
while [ $SECONDS -lt $end ]; do

	message1=$(curl -s "https://www.alphavantage.co/query?function=CURRENCY_EXCHANGE_RATE&from_currency=BTC&to_currency=CNY&apikey=PVCAYZTDBSG37ARW")
	message2=$(curl -s "https://www.alphavantage.co/query?function=CURRENCY_EXCHANGE_RATE&from_currency=BTC&to_currency=CNY&apikey=PVCAYZTDBSG37ARW")
	message3=$(curl -s "https://www.alphavantage.co/query?function=CURRENCY_EXCHANGE_RATE&from_currency=BTC&to_currency=CNY&apikey=PVCAYZTDBSG37ARW")

 	docker exec -i $KAFKA /opt/kafka/bin/kafka-console-producer.sh --broker-list localhost:9092 --topic $TOPIC <<< $message1$'\n'$message2$'\n'$message3
    (( counter=counter+3 ))

done
echo $counter
]]>
          </code>
        </script>
      </scriptExecutable>
      <metadata>
        <positionTop>
            590.7812347412109
        </positionTop>
        <positionLeft>
            301.2641906738281
        </positionLeft>
      </metadata>
    </task>
    <task name="Vis_Alerts" 
    
    
    
    
    fork="true">
      <description>
        <![CDATA[ Send bitcoin alerts to Visdom server ]]>
      </description>
      <genericInformation>
        <info name="task.icon" value="/automation-dashboard/styles/patterns/img/wf-icons/visdom.png"/>
      </genericInformation>
      <depends>
        <task ref="Submit_Dataflow"/>
      </depends>
      <inputFiles>
        <files  includes="visdomAlertClient.py" accessMode="transferFromGlobalSpace"/>
      </inputFiles>
      <scriptExecutable>
        <script>
          <code language="bash">
            <![CDATA[
KAFKA=$variables_kafka_instance_name
VISDOM=$variables_visdom_instance_name
TOPIC=BitCoinAlertTopic

pyscript=visdomAlertClient.py
timeout=$variables_execution_duration

docker cp $pyscript $VISDOM:/root/$pyscript

docker exec $VISDOM /bin/bash -c 'rm alerts.pckl'

timeout $timeout docker exec -i $KAFKA /opt/kafka/bin/kafka-console-consumer.sh --bootstrap-server localhost:9092 --topic $TOPIC | \
while read LINE; do
    docker exec $VISDOM /bin/bash -c "python $pyscript --value '$LINE'"
done

exit 0
]]>
          </code>
        </script>
      </scriptExecutable>
      <metadata>
        <positionTop>
            588.8068084716797
        </positionTop>
        <positionLeft>
            674.3180847167969
        </positionLeft>
      </metadata>
    </task>
    <task name="Kill_Services" 
    
    
    
    
    fork="true">
      <description>
        <![CDATA[ Stop PCA services, Zookeeper, Kafka, Storm and Visdom. ]]>
      </description>
      <genericInformation>
        <info name="task.icon" value="/automation-dashboard/styles/patterns/img/wf-icons/proactive.png"/>
      </genericInformation>
      <depends>
        <task ref="Kill_Dataflow"/>
      </depends>
      <scriptExecutable>
        <script>
          <code language="groovy">
            <![CDATA[
import org.ow2.proactive.pca.service.client.ApiClient
import org.ow2.proactive.pca.service.client.api.ServiceInstanceRestApi
import org.ow2.proactive.pca.service.client.model.ServiceInstanceData
import org.ow2.proactive.pca.service.client.model.ServiceDescription

// Get schedulerapi access
schedulerapi.connect()

// Acquire session id
def session_id = schedulerapi.getSession()
println(session_id)

// Define PCA URL
def pca_url = variables.get('PA_CLOUD_AUTOMATION_REST_URL')

// Connect to APIs
def api_client = new ApiClient()
api_client.setBasePath(pca_url)
//api_client.setDebugging(true)
def service_instance_rest_api = new ServiceInstanceRestApi(api_client)

// Finish Zookeeper
ServiceDescription zookeeperFinishService = new ServiceDescription()
zookeeperFinishService.setBucketName("cloud-automation")
zookeeperFinishService.setWorkflowName("Finish_Zookeeper")
service_instance_rest_api.launchServiceInstanceActionUsingPUT(session_id, variables.get("zookeeper_instance_id"), zookeeperFinishService, variables.get("PA_JOB_ID"))

// Finish Kafka
ServiceDescription kafkaFinishService = new ServiceDescription()
kafkaFinishService.setBucketName("cloud-automation")
kafkaFinishService.setWorkflowName("Finish_Kafka")
service_instance_rest_api.launchServiceInstanceActionUsingPUT(session_id, variables.get("kafka_instance_id"), kafkaFinishService, variables.get("PA_JOB_ID"))

// Finish Storm
ServiceDescription stormFinishService = new ServiceDescription()
stormFinishService.setBucketName("cloud-automation")
stormFinishService.setWorkflowName("Finish_Storm")
service_instance_rest_api.launchServiceInstanceActionUsingPUT(session_id, variables.get("storm_instance_id"), stormFinishService, variables.get("PA_JOB_ID"))
]]>
          </code>
        </script>
      </scriptExecutable>
      <metadata>
        <positionTop>
            978.8210296630859
        </positionTop>
        <positionLeft>
            659.5738220214844
        </positionLeft>
      </metadata>
    </task>
    <task name="Finish" 
    
    
    
    
    fork="true">
      <depends>
        <task ref="Vis-Rate"/>
        <task ref="Vis_Variation"/>
        <task ref="Vis_Alerts"/>
        <task ref="View_Result"/>
        <task ref="Poll_Data"/>
      </depends>
      <scriptExecutable>
        <script>
          <code language="bash">
            <![CDATA[

]]>
          </code>
        </script>
      </scriptExecutable>
      <controlFlow >
        <if target="Immediately"
        else="After_Web_Validation"
        continuation="Kill_Dataflow">
          <script>
            <code language="javascript">
              <![CDATA[
kill=variables.get("automatic_kill")
if(kill=="true"){
    branch = "if";
} else {
    branch = "else";
}
]]>
            </code>
          </script>
        </if>
      </controlFlow>
      <metadata>
        <positionTop>
            722.8267059326172
        </positionTop>
        <positionLeft>
            575.8238220214844
        </positionLeft>
      </metadata>
    </task>
    <task name="Immediately" 
    
    
    
    
    fork="true">
      <scriptExecutable>
        <script>
          <code language="bash">
            <![CDATA[
echo "Stopping dataflow and removing PCA platforms immediately"
]]>
          </code>
        </script>
      </scriptExecutable>
      <metadata>
        <positionTop>
            850.8238372802734
        </positionTop>
        <positionLeft>
            433.8210144042969
        </positionLeft>
      </metadata>
    </task>
    <task name="After_Web_Validation" 
    
    
    
    
    fork="true">
      <scriptExecutable>
        <script>
          <file url="${PA_CATALOG_REST_URL}/buckets/notification-tools/resources/Web_Validation_Script/raw" language="groovy">
            <arguments>
              <argument value="Please validate to terminate the Kafka-Storm-Visdom Dataflow"/>
            </arguments>
          </file>
        </script>
      </scriptExecutable>
      <metadata>
        <positionTop>
            850.8238372802734
        </positionTop>
        <positionLeft>
            586.8181457519531
        </positionLeft>
      </metadata>
    </task>
    <task name="Kill_Dataflow" 
    
    
    
    
    fork="true">
      <description>
        <![CDATA[ Remove Storm topology ]]>
      </description>
      <genericInformation>
        <info name="task.icon" value="/automation-dashboard/styles/patterns/img/wf-icons/storm.png"/>
      </genericInformation>
      <scriptExecutable>
        <script>
          <code language="bash">
            <![CDATA[
ZOOKEEPER=$variables_zookeeper_endpoint
NIMBUS=$variables_storm_instance_name"-nimbus"
KAFKA=$variables_kafka_instance_name

docker exec -i $NIMBUS storm kill $variables_dataflow_name -w 5

docker exec $KAFKA /opt/kafka/bin/kafka-topics.sh --zookeeper $ZOOKEEPER --delete --topic BitCoinRateTopic
docker exec $KAFKA /opt/kafka/bin/kafka-topics.sh --zookeeper $ZOOKEEPER --delete --topic BitCoinGapTopic
docker exec $KAFKA /opt/kafka/bin/kafka-topics.sh --zookeeper $ZOOKEEPER --delete --topic BitCoinAlertTopic
]]>
          </code>
        </script>
      </scriptExecutable>
      <metadata>
        <positionTop>
            850.8238372802734
        </positionTop>
        <positionLeft>
            739.8152770996094
        </positionLeft>
      </metadata>
    </task>
    <task name="Start_Zookeeper" 
    
    
    
    
    fork="true">
      <genericInformation>
        <info name="task.icon" value="/automation-dashboard/styles/patterns/img/wf-icons/zookeeper.jpg"/>
      </genericInformation>
      <scriptExecutable>
        <script>
          <code language="groovy">
            <![CDATA[
import org.ow2.proactive.pca.service.client.ApiClient
import org.ow2.proactive.pca.service.client.api.ServiceInstanceRestApi
import org.ow2.proactive.pca.service.client.model.ServiceInstanceData
import org.ow2.proactive.pca.service.client.model.ServiceDescription


// Get schedulerapi access
schedulerapi.connect()

// Acquire session id
def session_id = schedulerapi.getSession()
println(session_id)

// Define PCA URL
def pca_url = variables.get('PA_CLOUD_AUTOMATION_REST_URL')

// Connect to APIs
def api_client = new ApiClient()
api_client.setBasePath(pca_url)
def service_instance_rest_api = new ServiceInstanceRestApi(api_client)

// Check existing Zookeeper instances
def zookeeper_service_id = variables.get("zookeeper_service_id")
def zookeeper_instance_name = variables.get("zookeeper_instance_name")
boolean instance_exists = false
List<ServiceInstanceData> service_instances = service_instance_rest_api.getServiceInstancesUsingGET(session_id)

for (ServiceInstanceData service_instance_data : service_instances) {

	if ( (service_instance_data.getServiceId() == zookeeper_service_id) && (service_instance_data.getInstanceStatus()  == "RUNNING")){

      if (service_instance_data.getVariables().get("INSTANCE_NAME") == zookeeper_instance_name) {
        instance_exists = true
        variables.put("zookeeper_instance_id", service_instance_data.getInstanceId())
        variables.put("zookeeper_endpoint", service_instance_data.getDeployments().iterator().next().getEndpoint().getUrl())
        println(variables.get("zookeeper_endpoint"))
        break
      }
  	}
}

if (!instance_exists){
  // Prepare Zookeeper description
  ServiceDescription serviceDescription = new ServiceDescription()
  serviceDescription.setBucketName("cloud-automation")
  serviceDescription.setWorkflowName(zookeeper_service_id)
  serviceDescription.putVariablesItem("INSTANCE_NAME",zookeeper_instance_name)

  // Run Zookeeper
  def service_instance_data = service_instance_rest_api.createRunningServiceInstanceUsingPOST(session_id, serviceDescription, variables.get("PA_JOB_ID"))

  // Acquire Zookeeper Instance ID
  def service_instance_id  = service_instance_data.getInstanceId()

  // Create synchro channel
  channel = "Service_Instance_" + service_instance_id
  synchronizationapi.createChannelIfAbsent(channel, false)
  synchronizationapi.waitUntil(channel, "RUNNING", "{k,x -> x == true}")

  // Acquire Zookeeper endpoint
  service_instance_data = service_instance_rest_api.getServiceInstanceUsingGET(session_id, service_instance_id)
  variables.put("zookeeper_instance_id", service_instance_data.getInstanceId())
  variables.put("zookeeper_endpoint", service_instance_data.getDeployments().iterator().next().getEndpoint().getUrl())
  println(variables.get("zookeeper_endpoint"))
}
]]>
          </code>
        </script>
      </scriptExecutable>
      <metadata>
        <positionTop>
            81.81817626953125
        </positionTop>
        <positionLeft>
            578.5511169433594
        </positionLeft>
      </metadata>
    </task>
    <task name="Start_Storm" 
    
    
    
    
    fork="true">
      <genericInformation>
        <info name="task.icon" value="/automation-dashboard/styles/patterns/img/wf-icons/storm.png"/>
      </genericInformation>
      <depends>
        <task ref="Start_Zookeeper"/>
      </depends>
      <scriptExecutable>
        <script>
          <code language="groovy">
            <![CDATA[
import org.ow2.proactive.pca.service.client.ApiClient
import org.ow2.proactive.pca.service.client.api.ServiceInstanceRestApi
import org.ow2.proactive.pca.service.client.model.ServiceInstanceData
import org.ow2.proactive.pca.service.client.model.ServiceDescription


// Get schedulerapi access
schedulerapi.connect()

// Acquire session id
def session_id = schedulerapi.getSession()
println(session_id)

// Define PCA URL
def pca_url = variables.get('PA_CLOUD_AUTOMATION_REST_URL')

// Connect to APIs
def api_client = new ApiClient()
api_client.setBasePath(pca_url)
//api_client.setDebugging(true)
def service_instance_rest_api = new ServiceInstanceRestApi(api_client)

// Check existing storm instances
def storm_service_id = variables.get("storm_service_id")
def storm_instance_name = variables.get("storm_instance_name")
boolean instance_exists = false
List<ServiceInstanceData> service_instances = service_instance_rest_api.getServiceInstancesUsingGET(session_id)

for (ServiceInstanceData service_instance_data : service_instances) {

	if ( (service_instance_data.getServiceId() == storm_service_id) && (service_instance_data.getInstanceStatus()  == "RUNNING")){

      if (service_instance_data.getVariables().get("INSTANCE_NAME") == storm_instance_name) {
        instance_exists = true
        variables.put("storm_instance_id", service_instance_data.getInstanceId())
        variables.put("storm_endpoint", service_instance_data.getDeployments().iterator().next().getEndpoint().getUrl())
        println(variables.get("storm_endpoint"))
        break
      }
  	}
}

if (!instance_exists){
  // Prepare storm description
  ServiceDescription serviceDescription = new ServiceDescription()
  serviceDescription.setBucketName("cloud-automation")
  serviceDescription.setWorkflowName(storm_service_id)
  serviceDescription.putVariablesItem("INSTANCE_NAME",storm_instance_name)

  // Run storm
  def service_instance_data = service_instance_rest_api.createRunningServiceInstanceUsingPOST(session_id, serviceDescription, variables.get("PA_JOB_ID"))

  // Acquire storm Instance ID
  def service_instance_id  = service_instance_data.getInstanceId()

  // Create synchro channel
  channel = "Service_Instance_" + service_instance_id
  synchronizationapi.createChannelIfAbsent(channel, false)
  synchronizationapi.waitUntil(channel, "RUNNING", "{k,x -> x == true}")

  // Acquire storm endpoint
  service_instance_data = service_instance_rest_api.getServiceInstanceUsingGET(session_id, service_instance_id)
  variables.put("storm_instance_id", service_instance_data.getInstanceId())
  variables.put("storm_endpoint", service_instance_data.getDeployments().iterator().next().getEndpoint().getUrl())
  println(variables.get("storm_endpoint"))
}
]]>
          </code>
        </script>
      </scriptExecutable>
      <metadata>
        <positionTop>
            210.82386779785156
        </positionTop>
        <positionLeft>
            647.5710144042969
        </positionLeft>
      </metadata>
    </task>
    <task name="Start_Visdom_Service" 
    
    onTaskError="cancelJob" 
    
    
    fork="true">
      <description>
        <![CDATA[ Start the Visdom server as a service. ]]>
      </description>
      <variables>
        <variable name="SERVICE_ID" value="$visdom_service_id" inherited="true" />
        <variable name="INSTANCE_NAME" value="$visdom_instance_name" inherited="true" />
      </variables>
      <genericInformation>
        <info name="task.icon" value="/automation-dashboard/styles/patterns/img/wf-icons/visdom.png"/>
        <info name="task.documentation" value="MLOS/MLOSUserGuide.html"/>
      </genericInformation>
      <scriptExecutable>
        <script>
          <file url="${PA_CATALOG_REST_URL}/buckets/cloud-automation-scripts/resources/Service_Start/raw" language="groovy">
            <arguments>
              <argument value="PROXYFIED"/>
              <argument value="VISDOM_ENABLE_LOGIN"/>
              <argument value="VISDOM_USERNAME"/>
              <argument value="VISDOM_PASSWORD"/>
            </arguments>
          </file>
        </script>
      </scriptExecutable>
      <controlFlow block="none"></controlFlow>
      <metadata>
        <positionTop>
            210.82386779785156
        </positionTop>
        <positionLeft>
            802.0738220214844
        </positionLeft>
      </metadata>
    </task>
    <task name="Visdom_Service_Actions" 
    
    onTaskError="cancelJob" 
    
    
    fork="true">
      <description>
        <![CDATA[ Manage the life-cycle of Visdom PCA service. It allows to trigger the following action: Finish_Visdom.
It requires the following variables:
INSTANCE_ID: if used alone or;
INSTANCE_NAME: if used within the same workflow as a Visdom_Service_Start task. In this case there is no need for an INSTANCE_ID.
ACTION: the action to execute on the Visdom service among the aforementioned actions. ]]>
      </description>
      <variables>
        <variable name="INSTANCE_NAME" value="$visdom_instance_name" inherited="true" />
        <variable name="ACTION" value="Finish_Visdom" inherited="false" model="PA:LIST(Finish_Visdom)"/>
        <variable name="INSTANCE_ID" value="" inherited="false" />
      </variables>
      <genericInformation>
        <info name="task.icon" value="/automation-dashboard/styles/patterns/img/wf-icons/visdom.png"/>
        <info name="task.documentation" value="MLOS/MLOSUserGuide.html"/>
      </genericInformation>
      <depends>
        <task ref="Kill_Dataflow"/>
      </depends>
      <scriptExecutable>
        <script>
          <file url="${PA_CATALOG_REST_URL}/buckets/cloud-automation-scripts/resources/Service_Action/raw" language="groovy">
            <arguments>
              <argument value="INSTANCE_NAME"/>
            </arguments>
          </file>
        </script>
      </scriptExecutable>
      <controlFlow block="none"></controlFlow>
      <metadata>
        <positionTop>
            978.8210296630859
        </positionTop>
        <positionLeft>
            820.0710144042969
        </positionLeft>
      </metadata>
    </task>
  </taskFlow>
  <metadata>
    <visualization>
      <![CDATA[ <html><head><link rel="stylesheet" href="/studio/styles/studio-standalone.css"><style>
        #workflow-designer {
            left:0 !important;
            top:0 !important;
            width:2487px;
            height:2901px;
            }
        </style></head><body><div id="workflow-visualization-view"><div id="workflow-visualization" style="position:relative;top:-76.81817626953125px;left:-296.2641906738281px"><div class="task ui-draggable _jsPlumb_endpoint_anchor_" id="jsPlumb_1_1062" style="top: 210.824px; left: 509.588px;"><a class="task-name" data-toggle="tooltip" data-placement="right" title="This task has no description"><img src="/automation-dashboard/styles/patterns/img/wf-icons/kafka.png" width="20px">&nbsp;<span class="name">Start_Kafka</span></a></div><div class="task ui-draggable _jsPlumb_endpoint_anchor_" id="jsPlumb_1_1065" style="top: 338.807px; left: 655.085px;"><a class="task-name" data-toggle="tooltip" data-placement="right" title="Create Kafa topic (input of the dataflow)"><img src="/automation-dashboard/styles/patterns/img/wf-icons/kafka.png" width="20px">&nbsp;<span class="name">Create_Topic</span></a></div><div class="task ui-draggable _jsPlumb_endpoint_anchor_" id="jsPlumb_1_1068" style="top: 453.736px; left: 647.741px;"><a class="task-name" data-toggle="tooltip" data-placement="right" title="Submit Storm topology"><img src="/automation-dashboard/styles/patterns/img/wf-icons/storm.png" width="20px">&nbsp;<span class="name">Submit_Dataflow</span></a></div><div class="task ui-draggable _jsPlumb_endpoint_anchor_" id="jsPlumb_1_1071" style="top: 589.816px; left: 462.315px;"><a class="task-name" data-toggle="tooltip" data-placement="right" title="Send bitcoin rate data to Visdom server"><img src="/automation-dashboard/styles/patterns/img/wf-icons/visdom.png" width="20px">&nbsp;<span class="name">Vis-Rate</span></a></div><div class="task ui-draggable _jsPlumb_endpoint_anchor_" id="jsPlumb_1_1074" style="top: 589.816px; left: 569.332px;"><a class="task-name" data-toggle="tooltip" data-placement="right" title="Send bitcoin rate variation to Visdom server"><img src="/automation-dashboard/styles/patterns/img/wf-icons/visdom.png" width="20px">&nbsp;<span class="name">Vis_Variation</span></a></div><div class="task ui-draggable _jsPlumb_endpoint_anchor_" id="jsPlumb_1_1077" style="top: 586.804px; left: 847.272px;"><a class="task-name" data-toggle="tooltip" data-placement="right" title="Give link to view results on Visdom and dataflow status on Storm"><img src="/studio/images/Groovy.png" width="20px">&nbsp;<span class="name">View_Result</span></a></div><div class="task ui-draggable _jsPlumb_endpoint_anchor_" id="jsPlumb_1_1080" style="top: 590.781px; left: 301.278px;"><a class="task-name" data-toggle="tooltip" data-placement="right" title="Poll online data and send it to Kafka topic (input of the dataflow)"><img src="/automation-dashboard/styles/patterns/img/wf-icons/kafka.png" width="20px">&nbsp;<span class="name">Poll_Data</span></a></div><div class="task ui-draggable _jsPlumb_endpoint_anchor_" id="jsPlumb_1_1083" style="top: 588.807px; left: 674.332px;"><a class="task-name" data-toggle="tooltip" data-placement="right" title="Send bitcoin alerts to Visdom server"><img src="/automation-dashboard/styles/patterns/img/wf-icons/visdom.png" width="20px">&nbsp;<span class="name">Vis_Alerts</span></a></div><div class="task ui-draggable _jsPlumb_endpoint_anchor_" id="jsPlumb_1_1086" style="top: 978.821px; left: 659.588px;"><a class="task-name" data-toggle="tooltip" data-placement="right" title="Stop PCA services, Zookeeper, Kafka, Storm and Visdom."><img src="/automation-dashboard/styles/patterns/img/wf-icons/proactive.png" width="20px">&nbsp;<span class="name">Kill_Services</span></a></div><div class="task ui-draggable _jsPlumb_endpoint_anchor_" id="jsPlumb_1_1089" style="top: 722.827px; left: 575.838px;"><a class="task-name" data-toggle="tooltip" data-placement="right" title="This task has no description"><img src="/studio/images/LinuxBash.png" width="20px">&nbsp;<span class="name">Finish</span></a></div><div class="task ui-draggable _jsPlumb_endpoint_anchor_" id="jsPlumb_1_1092" style="top: 850.824px; left: 433.835px;"><a class="task-name" data-toggle="tooltip" data-placement="right" title="This task has no description"><img src="/studio/images/LinuxBash.png" width="20px">&nbsp;<span class="name">Immediately</span></a></div><div class="task ui-draggable _jsPlumb_endpoint_anchor_" id="jsPlumb_1_1095" style="top: 850.824px; left: 586.832px;"><a class="task-name" data-toggle="tooltip" data-placement="right" title="This task has no description"><img src="/studio/images/Groovy.png" width="20px">&nbsp;<span class="name">After_Web_Validation</span></a></div><div class="task ui-draggable _jsPlumb_endpoint_anchor_" id="jsPlumb_1_1098" style="top: 850.824px; left: 739.829px;"><a class="task-name" data-toggle="tooltip" data-placement="right" title="Remove Storm topology"><img src="/automation-dashboard/styles/patterns/img/wf-icons/storm.png" width="20px">&nbsp;<span class="name">Kill_Dataflow</span></a></div><div class="task _jsPlumb_endpoint_anchor_ ui-draggable" id="jsPlumb_1_1101" style="top: 81.8184px; left: 578.565px;"><a class="task-name" data-toggle="tooltip" data-placement="right" title="This task has no description"><img src="/automation-dashboard/styles/patterns/img/wf-icons/zookeeper.jpg" width="20px">&nbsp;<span class="name">Start_Zookeeper</span></a></div><div class="task ui-draggable _jsPlumb_endpoint_anchor_" id="jsPlumb_1_1104" style="top: 210.824px; left: 647.585px;"><a class="task-name" data-toggle="tooltip" data-placement="right" title="This task has no description"><img src="/automation-dashboard/styles/patterns/img/wf-icons/storm.png" width="20px">&nbsp;<span class="name">Start_Storm</span></a></div><div class="task _jsPlumb_endpoint_anchor_ ui-draggable" id="jsPlumb_1_1107" style="top: 210.824px; left: 802.088px;"><a class="task-name" data-toggle="tooltip" data-placement="right" title="Start the Visdom server as a service."><img src="/automation-dashboard/styles/patterns/img/wf-icons/visdom.png" width="20px">&nbsp;<span class="name">Start_Visdom_Service</span></a></div><div class="task ui-draggable _jsPlumb_endpoint_anchor_" id="jsPlumb_1_1110" style="top: 978.821px; left: 820.085px;"><a class="task-name" data-toggle="tooltip" data-placement="right" title="Manage the life-cycle of Visdom PCA service. It allows to trigger the following action: Finish_Visdom.
It requires the following variables:
INSTANCE_ID: if used alone or;
INSTANCE_NAME: if used within the same workflow as a Visdom_Service_Start task. In this case there is no need for an INSTANCE_ID.
ACTION: the action to execute on the Visdom service among the aforementioned actions."><img src="/automation-dashboard/styles/patterns/img/wf-icons/visdom.png" width="20px">&nbsp;<span class="name">Visdom_Service_Actions</span></a></div><svg style="position:absolute;left:549.5px;top:121.5px" width="93.5" height="90" pointer-events="none" position="absolute" version="1.1"
      xmlns="http://www.w3.org/1999/xhtml" class="_jsPlumb_connector "><path d="M 0 89 C -10 39 82.5 50 72.5 0 " transform="translate(10.5,0.5)" pointer-events="visibleStroke" version="1.1"
      xmlns="http://www.w3.org/1999/xhtml" fill="none" stroke="#666" style=""></path><path pointer-events="all" version="1.1"
      xmlns="http://www.w3.org/1999/xhtml" d="M5.7268206249999976,63.99669325 L25.184488289746664,55.60627198237153 L16.02946129738636,54.517474127324846 L15.70526916707151,45.30363130998517 L5.7268206249999976,63.99669325" class="" stroke="#666" fill="#666" transform="translate(10.5,0.5)"></path><path pointer-events="all" version="1.1"
      xmlns="http://www.w3.org/1999/xhtml" d="M5.7268206249999976,63.99669325 L25.184488289746664,55.60627198237153 L16.02946129738636,54.517474127324846 L15.70526916707151,45.30363130998517 L5.7268206249999976,63.99669325" class="" stroke="#666" fill="#666" transform="translate(10.5,0.5)"></path></svg><svg style="position:absolute;left:549.5px;top:250.5px" width="166" height="89" pointer-events="none" position="absolute" version="1.1"
      xmlns="http://www.w3.org/1999/xhtml" class="_jsPlumb_connector "><path d="M 145 88 C 155 38 -10 50 0 0 " transform="translate(10.5,0.5)" pointer-events="visibleStroke" version="1.1"
      xmlns="http://www.w3.org/1999/xhtml" fill="none" stroke="#666" style=""></path><path pointer-events="all" version="1.1"
      xmlns="http://www.w3.org/1999/xhtml" d="M125.98401875,60.59109050000001 L110.36589410184584,46.27067910665242 L113.11881781897277,55.06962285051623 L104.84442645236206,59.135880037679655 L125.98401875,60.59109050000001" class="" stroke="#666" fill="#666" transform="translate(10.5,0.5)"></path><path pointer-events="all" version="1.1"
      xmlns="http://www.w3.org/1999/xhtml" d="M125.98401875,60.59109050000001 L110.36589410184584,46.27067910665242 L113.11881781897277,55.06962285051623 L104.84442645236206,59.135880037679655 L125.98401875,60.59109050000001" class="" stroke="#666" fill="#666" transform="translate(10.5,0.5)"></path></svg><svg style="position:absolute;left:686.5px;top:250.5px" width="29" height="89" pointer-events="none" position="absolute" version="1.1"
      xmlns="http://www.w3.org/1999/xhtml" class="_jsPlumb_connector "><path d="M 8 88 C 18 38 -10 50 0 0 " transform="translate(10.5,0.5)" pointer-events="visibleStroke" version="1.1"
      xmlns="http://www.w3.org/1999/xhtml" fill="none" stroke="#666" style=""></path><path pointer-events="all" version="1.1"
      xmlns="http://www.w3.org/1999/xhtml" d="M10.149632,66.303232 L14.370633382220372,45.538282028201515 L8.249666052974282,52.43275510120006 L0.5001564834204357,47.438247975227235 L10.149632,66.303232" class="" stroke="#666" fill="#666" transform="translate(10.5,0.5)"></path><path pointer-events="all" version="1.1"
      xmlns="http://www.w3.org/1999/xhtml" d="M10.149632,66.303232 L14.370633382220372,45.538282028201515 L8.249666052974282,52.43275510120006 L0.5001564834204357,47.438247975227235 L10.149632,66.303232" class="" stroke="#666" fill="#666" transform="translate(10.5,0.5)"></path></svg><svg style="position:absolute;left:694.5px;top:250.5px" width="185" height="89" pointer-events="none" position="absolute" version="1.1"
      xmlns="http://www.w3.org/1999/xhtml" class="_jsPlumb_connector "><path d="M 0 88 C -10 38 174 50 164 0 " transform="translate(10.5,0.5)" pointer-events="visibleStroke" version="1.1"
      xmlns="http://www.w3.org/1999/xhtml" fill="none" stroke="#666" style=""></path><path pointer-events="all" version="1.1"
      xmlns="http://www.w3.org/1999/xhtml" d="M22.8125,60.1875 L43.996482787264696,59.69875336945079 L35.91632630432136,55.25903815210308 L39.06802093936777,46.59492706512943 L22.8125,60.1875" class="" stroke="#666" fill="#666" transform="translate(10.5,0.5)"></path><path pointer-events="all" version="1.1"
      xmlns="http://www.w3.org/1999/xhtml" d="M22.8125,60.1875 L43.996482787264696,59.69875336945079 L35.91632630432136,55.25903815210308 L39.06802093936777,46.59492706512943 L22.8125,60.1875" class="" stroke="#666" fill="#666" transform="translate(10.5,0.5)"></path></svg><svg style="position:absolute;left:692.5px;top:378.5px" width="23" height="76" pointer-events="none" position="absolute" version="1.1"
      xmlns="http://www.w3.org/1999/xhtml" class="_jsPlumb_connector "><path d="M 0 75 C -10 25 12 50 2 0 " transform="translate(10.5,0.5)" pointer-events="visibleStroke" version="1.1"
      xmlns="http://www.w3.org/1999/xhtml" fill="none" stroke="#666" style=""></path><path pointer-events="all" version="1.1"
      xmlns="http://www.w3.org/1999/xhtml" d="M-2.581927999999999,56.597043750000005 L5.359247547088778,36.95174581562601 L-1.917585114440521,42.61281518599239 L-8.624981016918838,36.287402930066534 L-2.581927999999999,56.597043750000005" class="" stroke="#666" fill="#666" transform="translate(10.5,0.5)"></path><path pointer-events="all" version="1.1"
      xmlns="http://www.w3.org/1999/xhtml" d="M-2.581927999999999,56.597043750000005 L5.359247547088778,36.95174581562601 L-1.917585114440521,42.61281518599239 L-8.624981016918838,36.287402930066534 L-2.581927999999999,56.597043750000005" class="" stroke="#666" fill="#666" transform="translate(10.5,0.5)"></path></svg><svg style="position:absolute;left:502.5px;top:493.5px" width="211" height="97" pointer-events="none" position="absolute" version="1.1"
      xmlns="http://www.w3.org/1999/xhtml" class="_jsPlumb_connector "><path d="M 0 96 C -10 46 200 50 190 0 " transform="translate(10.5,0.5)" pointer-events="visibleStroke" version="1.1"
      xmlns="http://www.w3.org/1999/xhtml" fill="none" stroke="#666" style=""></path><path pointer-events="all" version="1.1"
      xmlns="http://www.w3.org/1999/xhtml" d="M29.082559999999997,66.05299199999999 L50.27148764073587,65.8816869047486 L42.25875563490292,61.321409961108 L45.539905601843884,52.70549126984569 L29.082559999999997,66.05299199999999" class="" stroke="#666" fill="#666" transform="translate(10.5,0.5)"></path><path pointer-events="all" version="1.1"
      xmlns="http://www.w3.org/1999/xhtml" d="M29.082559999999997,66.05299199999999 L50.27148764073587,65.8816869047486 L42.25875563490292,61.321409961108 L45.539905601843884,52.70549126984569 L29.082559999999997,66.05299199999999" class="" stroke="#666" fill="#666" transform="translate(10.5,0.5)"></path></svg><svg style="position:absolute;left:608.5px;top:493.5px" width="105" height="97" pointer-events="none" position="absolute" version="1.1"
      xmlns="http://www.w3.org/1999/xhtml" class="_jsPlumb_connector "><path d="M 0 96 C -10 46 94 50 84 0 " transform="translate(10.5,0.5)" pointer-events="visibleStroke" version="1.1"
      xmlns="http://www.w3.org/1999/xhtml" fill="none" stroke="#666" style=""></path><path pointer-events="all" version="1.1"
      xmlns="http://www.w3.org/1999/xhtml" d="M7.966687499999998,69.2210625 L27.71103886584224,61.529470392889564 L18.60063484062139,60.115066455805206 L18.60504282164745,50.895523052268175 L7.966687499999998,69.2210625" class="" stroke="#666" fill="#666" transform="translate(10.5,0.5)"></path><path pointer-events="all" version="1.1"
      xmlns="http://www.w3.org/1999/xhtml" d="M7.966687499999998,69.2210625 L27.71103886584224,61.529470392889564 L18.60063484062139,60.115066455805206 L18.60504282164745,50.895523052268175 L7.966687499999998,69.2210625" class="" stroke="#666" fill="#666" transform="translate(10.5,0.5)"></path></svg><svg style="position:absolute;left:692.5px;top:493.5px" width="215" height="93" pointer-events="none" position="absolute" version="1.1"
      xmlns="http://www.w3.org/1999/xhtml" class="_jsPlumb_connector "><path d="M 194 92 C 204 42 -10 50 0 0 " transform="translate(10.5,0.5)" pointer-events="visibleStroke" version="1.1"
      xmlns="http://www.w3.org/1999/xhtml" fill="none" stroke="#666" style=""></path><path pointer-events="all" version="1.1"
      xmlns="http://www.w3.org/1999/xhtml" d="M164.246848,62.723583999999995 L147.46897507549394,49.78128976253472 L150.95921046295481,58.31465117174012 L143.06004224723407,63.068927299579904 L164.246848,62.723583999999995" class="" stroke="#666" fill="#666" transform="translate(10.5,0.5)"></path><path pointer-events="all" version="1.1"
      xmlns="http://www.w3.org/1999/xhtml" d="M164.246848,62.723583999999995 L147.46897507549394,49.78128976253472 L150.95921046295481,58.31465117174012 L143.06004224723407,63.068927299579904 L164.246848,62.723583999999995" class="" stroke="#666" fill="#666" transform="translate(10.5,0.5)"></path></svg><svg style="position:absolute;left:340.5px;top:493.5px" width="373" height="98" pointer-events="none" position="absolute" version="1.1"
      xmlns="http://www.w3.org/1999/xhtml" class="_jsPlumb_connector "><path d="M 0 97 C -10 47 362 50 352 0 " transform="translate(10.5,0.5)" pointer-events="visibleStroke" version="1.1"
      xmlns="http://www.w3.org/1999/xhtml" fill="none" stroke="#666" style=""></path><path pointer-events="all" version="1.1"
      xmlns="http://www.w3.org/1999/xhtml" d="M62.52743750000001,65.56990625 L83.4920708930887,68.64954043174806 L76.27332057322081,62.914591101596365 L80.83675574468505,54.90365735852726 L62.52743750000001,65.56990625" class="" stroke="#666" fill="#666" transform="translate(10.5,0.5)"></path><path pointer-events="all" version="1.1"
      xmlns="http://www.w3.org/1999/xhtml" d="M62.52743750000001,65.56990625 L83.4920708930887,68.64954043174806 L76.27332057322081,62.914591101596365 L80.83675574468505,54.90365735852726 L62.52743750000001,65.56990625" class="" stroke="#666" fill="#666" transform="translate(10.5,0.5)"></path></svg><svg style="position:absolute;left:692.5px;top:493.5px" width="43" height="96" pointer-events="none" position="absolute" version="1.1"
      xmlns="http://www.w3.org/1999/xhtml" class="_jsPlumb_connector "><path d="M 22 95 C 32 45 -10 50 0 0 " transform="translate(10.5,0.5)" pointer-events="visibleStroke" version="1.1"
      xmlns="http://www.w3.org/1999/xhtml" fill="none" stroke="#666" style=""></path><path pointer-events="all" version="1.1"
      xmlns="http://www.w3.org/1999/xhtml" d="M22.781736,71.70201000000002 L23.607059509168135,50.528468937976065 L18.675017867458195,58.31788260297288 L10.222932112140999,54.635187070517865 L22.781736,71.70201000000002" class="" stroke="#666" fill="#666" transform="translate(10.5,0.5)"></path><path pointer-events="all" version="1.1"
      xmlns="http://www.w3.org/1999/xhtml" d="M22.781736,71.70201000000002 L23.607059509168135,50.528468937976065 L18.675017867458195,58.31788260297288 L10.222932112140999,54.635187070517865 L22.781736,71.70201000000002" class="" stroke="#666" fill="#666" transform="translate(10.5,0.5)"></path></svg><svg style="position:absolute;left:699.5px;top:890.5px" width="101" height="89" pointer-events="none" position="absolute" version="1.1"
      xmlns="http://www.w3.org/1999/xhtml" class="_jsPlumb_connector "><path d="M 0 88 C -10 38 90 50 80 0 " transform="translate(10.5,0.5)" pointer-events="visibleStroke" version="1.1"
      xmlns="http://www.w3.org/1999/xhtml" fill="none" stroke="#666" style=""></path><path pointer-events="all" version="1.1"
      xmlns="http://www.w3.org/1999/xhtml" d="M6.617807499999998,63.115491500000005 L26.49664200533075,55.778466305163086 L17.413008373938954,54.20125355773553 L17.58240406306627,44.98326543122413 L6.617807499999998,63.115491500000005" class="" stroke="#666" fill="#666" transform="translate(10.5,0.5)"></path><path pointer-events="all" version="1.1"
      xmlns="http://www.w3.org/1999/xhtml" d="M6.617807499999998,63.115491500000005 L26.49664200533075,55.778466305163086 L17.413008373938954,54.20125355773553 L17.58240406306627,44.98326543122413 L6.617807499999998,63.115491500000005" class="" stroke="#666" fill="#666" transform="translate(10.5,0.5)"></path></svg><svg style="position:absolute;left:502.5px;top:629.5px" width="133" height="94" pointer-events="none" position="absolute" version="1.1"
      xmlns="http://www.w3.org/1999/xhtml" class="_jsPlumb_connector "><path d="M 112 93 C 122 43 -10 50 0 0 " transform="translate(10.5,0.5)" pointer-events="visibleStroke" version="1.1"
      xmlns="http://www.w3.org/1999/xhtml" fill="none" stroke="#666" style=""></path><path pointer-events="all" version="1.1"
      xmlns="http://www.w3.org/1999/xhtml" d="M99.2098665,65.71399725 L85.75966224627949,49.340481881173474 L87.2484818737489,58.43902111100932 L78.4846861072888,61.30186650742458 L99.2098665,65.71399725" class="" stroke="#666" fill="#666" transform="translate(10.5,0.5)"></path><path pointer-events="all" version="1.1"
      xmlns="http://www.w3.org/1999/xhtml" d="M99.2098665,65.71399725 L85.75966224627949,49.340481881173474 L87.2484818737489,58.43902111100932 L78.4846861072888,61.30186650742458 L99.2098665,65.71399725" class="" stroke="#666" fill="#666" transform="translate(10.5,0.5)"></path></svg><svg style="position:absolute;left:608.5px;top:629.5px" width="27" height="94" pointer-events="none" position="absolute" version="1.1"
      xmlns="http://www.w3.org/1999/xhtml" class="_jsPlumb_connector "><path d="M 6 93 C 16 43 -10 50 0 0 " transform="translate(10.5,0.5)" pointer-events="visibleStroke" version="1.1"
      xmlns="http://www.w3.org/1999/xhtml" fill="none" stroke="#666" style=""></path><path pointer-events="all" version="1.1"
      xmlns="http://www.w3.org/1999/xhtml" d="M8.309577,70.38066975000001 L13.125320964147626,49.745539266482936 L6.808832061417955,56.46133914004177 L-0.7940096458106121,51.24628420506498 L8.309577,70.38066975000001" class="" stroke="#666" fill="#666" transform="translate(10.5,0.5)"></path><path pointer-events="all" version="1.1"
      xmlns="http://www.w3.org/1999/xhtml" d="M8.309577,70.38066975000001 L13.125320964147626,49.745539266482936 L6.808832061417955,56.46133914004177 L-0.7940096458106121,51.24628420506498 L8.309577,70.38066975000001" class="" stroke="#666" fill="#666" transform="translate(10.5,0.5)"></path></svg><svg style="position:absolute;left:614.5px;top:628.5px" width="121" height="95" pointer-events="none" position="absolute" version="1.1"
      xmlns="http://www.w3.org/1999/xhtml" class="_jsPlumb_connector "><path d="M 0 94 C -10 44 110 50 100 0 " transform="translate(10.5,0.5)" pointer-events="visibleStroke" version="1.1"
      xmlns="http://www.w3.org/1999/xhtml" fill="none" stroke="#666" style=""></path><path pointer-events="all" version="1.1"
      xmlns="http://www.w3.org/1999/xhtml" d="M10.56758,67.024496 L30.980073058567218,61.338537230017124 L22.05594101768485,59.02339850482229 L22.978975563389508,49.85017621233227 L10.56758,67.024496" class="" stroke="#666" fill="#666" transform="translate(10.5,0.5)"></path><path pointer-events="all" version="1.1"
      xmlns="http://www.w3.org/1999/xhtml" d="M10.56758,67.024496 L30.980073058567218,61.338537230017124 L22.05594101768485,59.02339850482229 L22.978975563389508,49.85017621233227 L10.56758,67.024496" class="" stroke="#666" fill="#666" transform="translate(10.5,0.5)"></path></svg><svg style="position:absolute;left:614.5px;top:625.5px" width="293" height="98" pointer-events="none" position="absolute" version="1.1"
      xmlns="http://www.w3.org/1999/xhtml" class="_jsPlumb_connector "><path d="M 0 97 C -10 47 282 50 272 0 " transform="translate(10.5,0.5)" pointer-events="visibleStroke" version="1.1"
      xmlns="http://www.w3.org/1999/xhtml" fill="none" stroke="#666" style=""></path><path pointer-events="all" version="1.1"
      xmlns="http://www.w3.org/1999/xhtml" d="M46.058868000000004,66.004702 L67.16185918569333,67.91879787444041 L59.63663844028796,62.592349458007504 L63.74950664370085,54.341027434152466 L46.058868000000004,66.004702" class="" stroke="#666" fill="#666" transform="translate(10.5,0.5)"></path><path pointer-events="all" version="1.1"
      xmlns="http://www.w3.org/1999/xhtml" d="M46.058868000000004,66.004702 L67.16185918569333,67.91879787444041 L59.63663844028796,62.592349458007504 L63.74950664370085,54.341027434152466 L46.058868000000004,66.004702" class="" stroke="#666" fill="#666" transform="translate(10.5,0.5)"></path></svg><svg style="position:absolute;left:340.5px;top:630.5px" width="295" height="93" pointer-events="none" position="absolute" version="1.1"
      xmlns="http://www.w3.org/1999/xhtml" class="_jsPlumb_connector "><path d="M 274 92 C 284 42 -10 50 0 0 " transform="translate(10.5,0.5)" pointer-events="visibleStroke" version="1.1"
      xmlns="http://www.w3.org/1999/xhtml" fill="none" stroke="#666" style=""></path><path pointer-events="all" version="1.1"
      xmlns="http://www.w3.org/1999/xhtml" d="M227.582464,61.901372 L209.6778931372437,50.56883732233245 L213.94355923389043,58.74221439377106 L206.51873553101473,64.207742088442 L227.582464,61.901372" class="" stroke="#666" fill="#666" transform="translate(10.5,0.5)"></path><path pointer-events="all" version="1.1"
      xmlns="http://www.w3.org/1999/xhtml" d="M227.582464,61.901372 L209.6778931372437,50.56883732233245 L213.94355923389043,58.74221439377106 L206.51873553101473,64.207742088442 L227.582464,61.901372" class="" stroke="#666" fill="#666" transform="translate(10.5,0.5)"></path></svg><svg style="position:absolute;left:423.5px;top:762.5px" width="162" height="89" pointer-events="none" position="absolute" version="1.1"
      xmlns="http://www.w3.org/1999/xhtml" class="_jsPlumb_connector "><path d="M 0 88 C -10 38 151 50 141 0 " transform="translate(10.5,0.5)" pointer-events="visibleStroke" version="1.1"
      xmlns="http://www.w3.org/1999/xhtml" fill="none" stroke="#00f" style=""></path><path pointer-events="all" version="1.1"
      xmlns="http://www.w3.org/1999/xhtml" d="M18.413330249999998,60.59109050000001 L39.537473516545795,58.92658719437167 L31.223216198065135,54.94247810423737 L33.888861120783154,46.116701246306526 L18.413330249999998,60.59109050000001" class="" stroke="#00f" fill="#00f" transform="translate(10.5,0.5)"></path><path pointer-events="all" version="1.1"
      xmlns="http://www.w3.org/1999/xhtml" d="M18.413330249999998,60.59109050000001 L39.537473516545795,58.92658719437167 L31.223216198065135,54.94247810423737 L33.888861120783154,46.116701246306526 L18.413330249999998,60.59109050000001" class="" stroke="#00f" fill="#00f" transform="translate(10.5,0.5)"></path></svg><div class="_jsPlumb_overlay l1 component label" id="jsPlumb_1_1154" style="position: absolute; transform: translate(-50%, -50%); left: 504px; top: 806.5px;">if</div><svg style="position:absolute;left:564.5px;top:762.5px" width="33" height="89" pointer-events="none" position="absolute" version="1.1"
      xmlns="http://www.w3.org/1999/xhtml" class="_jsPlumb_connector "><path d="M 12 88 C 22 38 -10 50 0 0 " transform="translate(10.5,0.5)" pointer-events="visibleStroke" version="1.1"
      xmlns="http://www.w3.org/1999/xhtml" fill="none" stroke="#00f" style=""></path><path pointer-events="all" version="1.1"
      xmlns="http://www.w3.org/1999/xhtml" d="M13.807488,66.303232 L16.95868678791453,45.34923605175552 L11.199122872356591,52.54836263090405 L3.2038174188185877,47.95760117939893 L13.807488,66.303232" class="" stroke="#00f" fill="#00f" transform="translate(10.5,0.5)"></path><path pointer-events="all" version="1.1"
      xmlns="http://www.w3.org/1999/xhtml" d="M13.807488,66.303232 L16.95868678791453,45.34923605175552 L11.199122872356591,52.54836263090405 L3.2038174188185877,47.95760117939893 L13.807488,66.303232" class="" stroke="#00f" fill="#00f" transform="translate(10.5,0.5)"></path></svg><div class="_jsPlumb_overlay l1 component label" id="jsPlumb_1_1158" style="position: absolute; transform: translate(-50%, -50%); left: 580.5px; top: 806.5px;">else</div><svg style="position:absolute;left:564.5px;top:762.5px" width="186" height="89" pointer-events="none" position="absolute" version="1.1"
      xmlns="http://www.w3.org/1999/xhtml" class="_jsPlumb_connector "><path d="M 165 88 C 175 38 -10 50 0 0 " transform="translate(10.5,0.5)" pointer-events="visibleStroke" version="1.1"
      xmlns="http://www.w3.org/1999/xhtml" fill="none" stroke="#00f" style=""></path><path pointer-events="all" version="1.1"
      xmlns="http://www.w3.org/1999/xhtml" d="M142.03125,60.1875 L125.74937877703124,46.626501899614404 L128.91788305953443,55.28447975889303 L120.84635853592428,59.73986884007997 L142.03125,60.1875" class="" stroke="#00f" fill="#00f" transform="translate(10.5,0.5)"></path><path pointer-events="all" version="1.1"
      xmlns="http://www.w3.org/1999/xhtml" d="M142.03125,60.1875 L125.74937877703124,46.626501899614404 L128.91788305953443,55.28447975889303 L120.84635853592428,59.73986884007997 L142.03125,60.1875" class="" stroke="#00f" fill="#00f" transform="translate(10.5,0.5)"></path></svg><div class="_jsPlumb_overlay l1 component label" id="jsPlumb_1_1162" style="position: absolute; transform: translate(-50%, -50%); left: 657px; top: 806.5px;">continuation</div><svg style="position:absolute;left:622px;top:121.5px" width="85.5" height="90" pointer-events="none" position="absolute" version="1.1"
      xmlns="http://www.w3.org/1999/xhtml" class="_jsPlumb_connector "><path d="M 64.5 89 C 74.5 39 -10 50 0 0 " transform="translate(10.5,0.5)" pointer-events="visibleStroke" version="1.1"
      xmlns="http://www.w3.org/1999/xhtml" fill="none" stroke="#666" style=""></path><path pointer-events="all" version="1.1"
      xmlns="http://www.w3.org/1999/xhtml" d="M60.047979000000005,64.440458 L51.26627082379257,45.156226060201845 L50.362604791896885,54.33137661497739 L41.15718943876995,54.84160026830497 L60.047979000000005,64.440458" class="" stroke="#666" fill="#666" transform="translate(10.5,0.5)"></path><path pointer-events="all" version="1.1"
      xmlns="http://www.w3.org/1999/xhtml" d="M60.047979000000005,64.440458 L51.26627082379257,45.156226060201845 L50.362604791896885,54.33137661497739 L41.15718943876995,54.84160026830497 L60.047979000000005,64.440458" class="" stroke="#666" fill="#666" transform="translate(10.5,0.5)"></path></svg><svg style="position:absolute;left:779.5px;top:890.5px" width="123.5" height="89" pointer-events="none" position="absolute" version="1.1"
      xmlns="http://www.w3.org/1999/xhtml" class="_jsPlumb_connector "><path d="M 102.5 88 C 112.5 38 -10 50 0 0 " transform="translate(10.5,0.5)" pointer-events="visibleStroke" version="1.1"
      xmlns="http://www.w3.org/1999/xhtml" fill="none" stroke="#666" style=""></path><path pointer-events="all" version="1.1"
      xmlns="http://www.w3.org/1999/xhtml" d="M91.596505,61.830692 L78.33408297797747,45.304707547938705 L79.71894454906834,54.41964904138317 L70.92304001936064,57.18226799887036 L91.596505,61.830692" class="" stroke="#666" fill="#666" transform="translate(10.5,0.5)"></path><path pointer-events="all" version="1.1"
      xmlns="http://www.w3.org/1999/xhtml" d="M91.596505,61.830692 L78.33408297797747,45.304707547938705 L79.71894454906834,54.41964904138317 L70.92304001936064,57.18226799887036 L91.596505,61.830692" class="" stroke="#666" fill="#666" transform="translate(10.5,0.5)"></path></svg><div class="_jsPlumb_endpoint source-endpoint dependency-source-endpoint connected _jsPlumb_endpoint_anchor_ ui-draggable ui-droppable _jsPlumb_endpoint_connected" style="position: absolute; height: 20px; width: 20px; left: 550px; top: 241px;"><svg style="position:absolute;left:0px;top:0px" width="20" height="20" pointer-events="all" position="absolute" version="1.1"
      xmlns="http://www.w3.org/1999/xhtml"><circle cx="10" cy="10" r="10" version="1.1"
      xmlns="http://www.w3.org/1999/xhtml" fill="#666" stroke="none" style=""></circle></svg></div><div class="_jsPlumb_endpoint target-endpoint dependency-target-endpoint _jsPlumb_endpoint_anchor_ ui-draggable ui-droppable _jsPlumb_endpoint_connected" style="position: absolute; height: 20px; width: 20px; left: 550px; top: 201px;"><svg style="position:absolute;left:0px;top:0px" width="20" height="20" pointer-events="all" position="absolute" version="1.1"
      xmlns="http://www.w3.org/1999/xhtml"><circle cx="10" cy="10" r="10" version="1.1"
      xmlns="http://www.w3.org/1999/xhtml" fill="#666" stroke="none" style=""></circle></svg></div><div class="_jsPlumb_endpoint source-endpoint dependency-source-endpoint connected _jsPlumb_endpoint_anchor_ ui-draggable ui-droppable _jsPlumb_endpoint_connected" style="position: absolute; height: 20px; width: 20px; left: 695px; top: 369px;"><svg style="position:absolute;left:0px;top:0px" width="20" height="20" pointer-events="all" position="absolute" version="1.1"
      xmlns="http://www.w3.org/1999/xhtml"><circle cx="10" cy="10" r="10" version="1.1"
      xmlns="http://www.w3.org/1999/xhtml" fill="#666" stroke="none" style=""></circle></svg></div><div class="_jsPlumb_endpoint target-endpoint dependency-target-endpoint _jsPlumb_endpoint_anchor_ ui-draggable ui-droppable _jsPlumb_endpoint_connected" style="position: absolute; height: 20px; width: 20px; left: 695px; top: 329px;"><svg style="position:absolute;left:0px;top:0px" width="20" height="20" pointer-events="all" position="absolute" version="1.1"
      xmlns="http://www.w3.org/1999/xhtml"><circle cx="10" cy="10" r="10" version="1.1"
      xmlns="http://www.w3.org/1999/xhtml" fill="#666" stroke="none" style=""></circle></svg></div><div class="_jsPlumb_endpoint source-endpoint dependency-source-endpoint connected _jsPlumb_endpoint_anchor_ ui-draggable ui-droppable _jsPlumb_endpoint_connected" style="position: absolute; height: 20px; width: 20px; left: 693px; top: 484px;"><svg style="position:absolute;left:0px;top:0px" width="20" height="20" pointer-events="all" position="absolute" version="1.1"
      xmlns="http://www.w3.org/1999/xhtml"><circle cx="10" cy="10" r="10" version="1.1"
      xmlns="http://www.w3.org/1999/xhtml" fill="#666" stroke="none" style=""></circle></svg></div><div class="_jsPlumb_endpoint target-endpoint dependency-target-endpoint _jsPlumb_endpoint_anchor_ ui-draggable ui-droppable _jsPlumb_endpoint_connected" style="position: absolute; height: 20px; width: 20px; left: 693px; top: 444px;"><svg style="position:absolute;left:0px;top:0px" width="20" height="20" pointer-events="all" position="absolute" version="1.1"
      xmlns="http://www.w3.org/1999/xhtml"><circle cx="10" cy="10" r="10" version="1.1"
      xmlns="http://www.w3.org/1999/xhtml" fill="#666" stroke="none" style=""></circle></svg></div><div class="_jsPlumb_endpoint source-endpoint dependency-source-endpoint connected _jsPlumb_endpoint_anchor_ ui-draggable ui-droppable _jsPlumb_endpoint_connected" style="position: absolute; height: 20px; width: 20px; left: 503px; top: 620px;"><svg style="position:absolute;left:0px;top:0px" width="20" height="20" pointer-events="all" position="absolute" version="1.1"
      xmlns="http://www.w3.org/1999/xhtml"><circle cx="10" cy="10" r="10" version="1.1"
      xmlns="http://www.w3.org/1999/xhtml" fill="#666" stroke="none" style=""></circle></svg></div><div class="_jsPlumb_endpoint target-endpoint dependency-target-endpoint _jsPlumb_endpoint_anchor_ ui-draggable ui-droppable _jsPlumb_endpoint_connected" style="position: absolute; height: 20px; width: 20px; left: 503px; top: 580px;"><svg style="position:absolute;left:0px;top:0px" width="20" height="20" pointer-events="all" position="absolute" version="1.1"
      xmlns="http://www.w3.org/1999/xhtml"><circle cx="10" cy="10" r="10" version="1.1"
      xmlns="http://www.w3.org/1999/xhtml" fill="#666" stroke="none" style=""></circle></svg></div><div class="_jsPlumb_endpoint source-endpoint dependency-source-endpoint connected _jsPlumb_endpoint_anchor_ ui-draggable ui-droppable _jsPlumb_endpoint_connected" style="position: absolute; height: 20px; width: 20px; left: 609px; top: 620px;"><svg style="position:absolute;left:0px;top:0px" width="20" height="20" pointer-events="all" position="absolute" version="1.1"
      xmlns="http://www.w3.org/1999/xhtml"><circle cx="10" cy="10" r="10" version="1.1"
      xmlns="http://www.w3.org/1999/xhtml" fill="#666" stroke="none" style=""></circle></svg></div><div class="_jsPlumb_endpoint target-endpoint dependency-target-endpoint _jsPlumb_endpoint_anchor_ ui-draggable ui-droppable _jsPlumb_endpoint_connected" style="position: absolute; height: 20px; width: 20px; left: 609px; top: 580px;"><svg style="position:absolute;left:0px;top:0px" width="20" height="20" pointer-events="all" position="absolute" version="1.1"
      xmlns="http://www.w3.org/1999/xhtml"><circle cx="10" cy="10" r="10" version="1.1"
      xmlns="http://www.w3.org/1999/xhtml" fill="#666" stroke="none" style=""></circle></svg></div><div class="_jsPlumb_endpoint source-endpoint dependency-source-endpoint connected _jsPlumb_endpoint_anchor_ ui-draggable ui-droppable _jsPlumb_endpoint_connected" style="position: absolute; height: 20px; width: 20px; left: 887px; top: 616px;"><svg style="position:absolute;left:0px;top:0px" width="20" height="20" pointer-events="all" position="absolute" version="1.1"
      xmlns="http://www.w3.org/1999/xhtml"><circle cx="10" cy="10" r="10" version="1.1"
      xmlns="http://www.w3.org/1999/xhtml" fill="#666" stroke="none" style=""></circle></svg></div><div class="_jsPlumb_endpoint target-endpoint dependency-target-endpoint _jsPlumb_endpoint_anchor_ ui-draggable ui-droppable _jsPlumb_endpoint_connected" style="position: absolute; height: 20px; width: 20px; left: 887px; top: 576px;"><svg style="position:absolute;left:0px;top:0px" width="20" height="20" pointer-events="all" position="absolute" version="1.1"
      xmlns="http://www.w3.org/1999/xhtml"><circle cx="10" cy="10" r="10" version="1.1"
      xmlns="http://www.w3.org/1999/xhtml" fill="#666" stroke="none" style=""></circle></svg></div><div class="_jsPlumb_endpoint source-endpoint dependency-source-endpoint connected _jsPlumb_endpoint_anchor_ ui-draggable ui-droppable _jsPlumb_endpoint_connected" style="position: absolute; height: 20px; width: 20px; left: 341px; top: 621px;"><svg style="position:absolute;left:0px;top:0px" width="20" height="20" pointer-events="all" position="absolute" version="1.1"
      xmlns="http://www.w3.org/1999/xhtml"><circle cx="10" cy="10" r="10" version="1.1"
      xmlns="http://www.w3.org/1999/xhtml" fill="#666" stroke="none" style=""></circle></svg></div><div class="_jsPlumb_endpoint target-endpoint dependency-target-endpoint _jsPlumb_endpoint_anchor_ ui-draggable ui-droppable _jsPlumb_endpoint_connected" style="position: absolute; height: 20px; width: 20px; left: 341px; top: 581px;"><svg style="position:absolute;left:0px;top:0px" width="20" height="20" pointer-events="all" position="absolute" version="1.1"
      xmlns="http://www.w3.org/1999/xhtml"><circle cx="10" cy="10" r="10" version="1.1"
      xmlns="http://www.w3.org/1999/xhtml" fill="#666" stroke="none" style=""></circle></svg></div><div class="_jsPlumb_endpoint source-endpoint dependency-source-endpoint connected _jsPlumb_endpoint_anchor_ ui-draggable ui-droppable _jsPlumb_endpoint_connected" style="position: absolute; height: 20px; width: 20px; left: 715px; top: 619px;"><svg style="position:absolute;left:0px;top:0px" width="20" height="20" pointer-events="all" position="absolute" version="1.1"
      xmlns="http://www.w3.org/1999/xhtml"><circle cx="10" cy="10" r="10" version="1.1"
      xmlns="http://www.w3.org/1999/xhtml" fill="#666" stroke="none" style=""></circle></svg></div><div class="_jsPlumb_endpoint target-endpoint dependency-target-endpoint _jsPlumb_endpoint_anchor_ ui-draggable ui-droppable _jsPlumb_endpoint_connected" style="position: absolute; height: 20px; width: 20px; left: 715px; top: 579px;"><svg style="position:absolute;left:0px;top:0px" width="20" height="20" pointer-events="all" position="absolute" version="1.1"
      xmlns="http://www.w3.org/1999/xhtml"><circle cx="10" cy="10" r="10" version="1.1"
      xmlns="http://www.w3.org/1999/xhtml" fill="#666" stroke="none" style=""></circle></svg></div><div class="_jsPlumb_endpoint source-endpoint dependency-source-endpoint connected _jsPlumb_endpoint_anchor_ ui-draggable ui-droppable" style="position: absolute; height: 20px; width: 20px; left: 700px; top: 1009px;"><svg style="position:absolute;left:0px;top:0px" width="20" height="20" pointer-events="all" position="absolute" version="1.1"
      xmlns="http://www.w3.org/1999/xhtml"><circle cx="10" cy="10" r="10" version="1.1"
      xmlns="http://www.w3.org/1999/xhtml" fill="#666" stroke="none" style=""></circle></svg></div><div class="_jsPlumb_endpoint target-endpoint dependency-target-endpoint _jsPlumb_endpoint_anchor_ ui-draggable ui-droppable _jsPlumb_endpoint_connected" style="position: absolute; height: 20px; width: 20px; left: 700px; top: 969px;"><svg style="position:absolute;left:0px;top:0px" width="20" height="20" pointer-events="all" position="absolute" version="1.1"
      xmlns="http://www.w3.org/1999/xhtml"><circle cx="10" cy="10" r="10" version="1.1"
      xmlns="http://www.w3.org/1999/xhtml" fill="#666" stroke="none" style=""></circle></svg></div><div class="_jsPlumb_endpoint source-endpoint dependency-source-endpoint connected _jsPlumb_endpoint_anchor_ ui-draggable ui-droppable" style="position: absolute; height: 20px; width: 20px; left: 615px; top: 753px;"><svg style="position:absolute;left:0px;top:0px" width="20" height="20" pointer-events="all" position="absolute" version="1.1"
      xmlns="http://www.w3.org/1999/xhtml"><circle cx="10" cy="10" r="10" version="1.1"
      xmlns="http://www.w3.org/1999/xhtml" fill="#666" stroke="none" style=""></circle></svg></div><div class="_jsPlumb_endpoint target-endpoint dependency-target-endpoint _jsPlumb_endpoint_anchor_ ui-draggable ui-droppable _jsPlumb_endpoint_connected" style="position: absolute; height: 20px; width: 20px; left: 615px; top: 713px;"><svg style="position:absolute;left:0px;top:0px" width="20" height="20" pointer-events="all" position="absolute" version="1.1"
      xmlns="http://www.w3.org/1999/xhtml"><circle cx="10" cy="10" r="10" version="1.1"
      xmlns="http://www.w3.org/1999/xhtml" fill="#666" stroke="none" style=""></circle></svg></div><div class="_jsPlumb_endpoint source-endpoint if-source-endpoint _jsPlumb_endpoint_anchor_ ui-draggable ui-droppable _jsPlumb_endpoint_connected _jsPlumb_endpoint_full" style="position: absolute; height: 20px; width: 20px; left: 565px; top: 753px;"><svg style="position:absolute;left:0px;top:0px" width="20" height="20" pointer-events="all" position="absolute" version="1.1"
      xmlns="http://www.w3.org/1999/xhtml"><circle cx="10" cy="10" r="10" version="1.1"
      xmlns="http://www.w3.org/1999/xhtml" fill="#00f" stroke="none" style=""></circle></svg></div><div class="_jsPlumb_endpoint source-endpoint dependency-source-endpoint connected _jsPlumb_endpoint_anchor_ ui-draggable ui-droppable" style="position: absolute; height: 20px; width: 20px; left: 474px; top: 881px;"><svg style="position:absolute;left:0px;top:0px" width="20" height="20" pointer-events="all" position="absolute" version="1.1"
      xmlns="http://www.w3.org/1999/xhtml"><circle cx="10" cy="10" r="10" version="1.1"
      xmlns="http://www.w3.org/1999/xhtml" fill="#666" stroke="none" style=""></circle></svg></div><div class="_jsPlumb_endpoint target-endpoint if-target-endpoint _jsPlumb_endpoint_anchor_ ui-draggable ui-droppable _jsPlumb_endpoint_connected _jsPlumb_endpoint_full" style="position: absolute; height: 20px; width: 20px; left: 424px; top: 841px;"><svg style="position:absolute;left:0px;top:0px" width="20" height="20" pointer-events="all" position="absolute" version="1.1"
      xmlns="http://www.w3.org/1999/xhtml"><circle cx="10" cy="10" r="10" version="1.1"
      xmlns="http://www.w3.org/1999/xhtml" fill="#00f" stroke="none" style=""></circle></svg></div><div class="_jsPlumb_endpoint source-endpoint dependency-source-endpoint connected _jsPlumb_endpoint_anchor_ ui-draggable ui-droppable" style="position: absolute; height: 20px; width: 20px; left: 642px; top: 881px;"><svg style="position:absolute;left:0px;top:0px" width="20" height="20" pointer-events="all" position="absolute" version="1.1"
      xmlns="http://www.w3.org/1999/xhtml"><circle cx="10" cy="10" r="10" version="1.1"
      xmlns="http://www.w3.org/1999/xhtml" fill="#666" stroke="none" style=""></circle></svg></div><div class="_jsPlumb_endpoint target-endpoint if-target-endpoint _jsPlumb_endpoint_anchor_ ui-draggable ui-droppable _jsPlumb_endpoint_connected _jsPlumb_endpoint_full" style="position: absolute; height: 20px; width: 20px; left: 577px; top: 841px;"><svg style="position:absolute;left:0px;top:0px" width="20" height="20" pointer-events="all" position="absolute" version="1.1"
      xmlns="http://www.w3.org/1999/xhtml"><circle cx="10" cy="10" r="10" version="1.1"
      xmlns="http://www.w3.org/1999/xhtml" fill="#00f" stroke="none" style=""></circle></svg></div><div class="_jsPlumb_endpoint source-endpoint dependency-source-endpoint connected _jsPlumb_endpoint_anchor_ ui-draggable ui-droppable _jsPlumb_endpoint_connected" style="position: absolute; height: 20px; width: 20px; left: 780px; top: 881px;"><svg style="position:absolute;left:0px;top:0px" width="20" height="20" pointer-events="all" position="absolute" version="1.1"
      xmlns="http://www.w3.org/1999/xhtml"><circle cx="10" cy="10" r="10" version="1.1"
      xmlns="http://www.w3.org/1999/xhtml" fill="#666" stroke="none" style=""></circle></svg></div><div class="_jsPlumb_endpoint target-endpoint if-target-endpoint _jsPlumb_endpoint_anchor_ ui-draggable ui-droppable _jsPlumb_endpoint_connected _jsPlumb_endpoint_full" style="position: absolute; height: 20px; width: 20px; left: 730px; top: 841px;"><svg style="position:absolute;left:0px;top:0px" width="20" height="20" pointer-events="all" position="absolute" version="1.1"
      xmlns="http://www.w3.org/1999/xhtml"><circle cx="10" cy="10" r="10" version="1.1"
      xmlns="http://www.w3.org/1999/xhtml" fill="#00f" stroke="none" style=""></circle></svg></div><div class="_jsPlumb_endpoint source-endpoint dependency-source-endpoint connected _jsPlumb_endpoint_anchor_ ui-draggable ui-droppable _jsPlumb_endpoint_connected" style="position: absolute; height: 20px; width: 20px; left: 622.5px; top: 112px;"><svg style="position:absolute;left:0px;top:0px" width="20" height="20" pointer-events="all" position="absolute" version="1.1"
      xmlns="http://www.w3.org/1999/xhtml"><circle cx="10" cy="10" r="10" version="1.1"
      xmlns="http://www.w3.org/1999/xhtml" fill="#666" stroke="none" style=""></circle></svg></div><div class="_jsPlumb_endpoint source-endpoint dependency-source-endpoint connected _jsPlumb_endpoint_anchor_ ui-draggable ui-droppable _jsPlumb_endpoint_connected" style="position: absolute; height: 20px; width: 20px; left: 687px; top: 241px;"><svg style="position:absolute;left:0px;top:0px" width="20" height="20" pointer-events="all" position="absolute" version="1.1"
      xmlns="http://www.w3.org/1999/xhtml"><circle cx="10" cy="10" r="10" version="1.1"
      xmlns="http://www.w3.org/1999/xhtml" fill="#666" stroke="none" style=""></circle></svg></div><div class="_jsPlumb_endpoint target-endpoint dependency-target-endpoint _jsPlumb_endpoint_anchor_ ui-draggable ui-droppable _jsPlumb_endpoint_connected" style="position: absolute; height: 20px; width: 20px; left: 687px; top: 201px;"><svg style="position:absolute;left:0px;top:0px" width="20" height="20" pointer-events="all" position="absolute" version="1.1"
      xmlns="http://www.w3.org/1999/xhtml"><circle cx="10" cy="10" r="10" version="1.1"
      xmlns="http://www.w3.org/1999/xhtml" fill="#666" stroke="none" style=""></circle></svg></div><div class="_jsPlumb_endpoint source-endpoint dependency-source-endpoint connected _jsPlumb_endpoint_anchor_ ui-draggable ui-droppable _jsPlumb_endpoint_connected" style="position: absolute; height: 20px; width: 20px; left: 859px; top: 241px;"><svg style="position:absolute;left:0px;top:0px" width="20" height="20" pointer-events="all" position="absolute" version="1.1"
      xmlns="http://www.w3.org/1999/xhtml"><circle cx="10" cy="10" r="10" version="1.1"
      xmlns="http://www.w3.org/1999/xhtml" fill="#666" stroke="none" style=""></circle></svg></div><div class="_jsPlumb_endpoint source-endpoint dependency-source-endpoint connected _jsPlumb_endpoint_anchor_ ui-draggable ui-droppable" style="position: absolute; height: 20px; width: 20px; left: 882.5px; top: 1009px;"><svg style="position:absolute;left:0px;top:0px" width="20" height="20" pointer-events="all" position="absolute" version="1.1"
      xmlns="http://www.w3.org/1999/xhtml"><circle cx="10" cy="10" r="10" version="1.1"
      xmlns="http://www.w3.org/1999/xhtml" fill="#666" stroke="none" style=""></circle></svg></div><div class="_jsPlumb_endpoint target-endpoint dependency-target-endpoint _jsPlumb_endpoint_anchor_ ui-draggable ui-droppable _jsPlumb_endpoint_connected" style="position: absolute; height: 20px; width: 20px; left: 882.5px; top: 969px;"><svg style="position:absolute;left:0px;top:0px" width="20" height="20" pointer-events="all" position="absolute" version="1.1"
      xmlns="http://www.w3.org/1999/xhtml"><circle cx="10" cy="10" r="10" version="1.1"
      xmlns="http://www.w3.org/1999/xhtml" fill="#666" stroke="none" style=""></circle></svg></div></div></div></body></html>
 ]]>
    </visualization>
  </metadata>
</job>
