{
	"metadata": {
		"slug": "scripts",
		"name": "Scripts",
		"short_description": "PCA service scripts",
		"author": "ActiveEon's Team",
		"tags": ["Scripts", "PCA", "Service", "Docker", "Database"],
		"version": "1.0"
	},
	"catalog" : {
		"bucket" : "cloud-automation-scripts",
		"objects" : [
			{
				"name" : "Check_Instance_Status",
				"metadata" : {
					"kind": "Script/task",
					"commitMessage": "First commit",
					"contentType": "text/x-groovy"
				},
				"file" : "resources/catalog/Check_Instance_Status.groovy"
			},
			{
				"name" : "Post_Trigger_Action",
				"metadata" : {
					"kind": "Script/post",
					"commitMessage": "First commit",
					"contentType": "text/x-groovy"
				},
				"file" : "resources/catalog/Post_Trigger_Action.groovy"
			},
			{
				"name" : "Pre_Trigger_Action",
				"metadata" : {
					"kind": "Script/pre",
					"commitMessage": "First commit",
					"contentType": "text/x-groovy"
				},
				"file" : "resources/catalog/Pre_Trigger_Action.groovy"
			},
			{
				"name" : "Service_Action",
				"metadata" : {
					"kind": "Script/task",
					"commitMessage": "First commit",
					"contentType": "text/x-groovy"
				},
				"file" : "resources/catalog/Service_Action.groovy"
			},
			{
				"name" : "Service_Start",
				"metadata" : {
					"kind": "Script/task",
					"commitMessage": "First commit",
					"contentType": "text/x-groovy"
				},
				"file" : "resources/catalog/Service_Start.groovy"
			},
			{
				"name" : "Pause_Action",
				"metadata" : {
					"kind": "Script/task",
					"commitMessage": "First commit",
					"contentType": "text/x-sh"
				},
				"file" : "resources/catalog/Pause_Action.bash"
			},
			{
				"name" : "Resume_Action",
				"metadata" : {
					"kind": "Script/task",
					"commitMessage": "First commit",
					"contentType": "text/x-sh"
				},
				"file" : "resources/catalog/Resume_Action.bash"
			},
			{
				"name" : "Finish_Action",
				"metadata" : {
					"kind": "Script/task",
					"commitMessage": "First commit",
					"contentType": "text/x-sh"
				},
				"file" : "resources/catalog/Finish_Action.bash"
			},
			{
				"name" : "Fetch_Logs",
				"metadata" : {
					"kind": "Script/flow",
					"commitMessage": "First commit",
					"contentType": "text/x-groovy"
				},
				"file" : "resources/catalog/Fetch_Logs.groovy"
			}
        ]
	}
}
