<?xml version="1.0" encoding="UTF-8"?>
<job
  xmlns:xsi="http://www.w3.org/2001/XMLSchema-instance"
  xmlns="urn:proactive:jobdescriptor:3.11" xsi:schemaLocation="urn:proactive:jobdescriptor:3.11 http://www.activeeon.com/public_content/schemas/proactive/jobdescriptor/3.11/schedulerjob.xsd"  name="PCA_Example_Start" projectName="Cloud Automation - Proactive Template" priority="normal" onTaskError="continueJobExecution"  maxNumberOfExecution="2" >
  <variables>
    <variable name="nodesUsed" value="1" model="PA:Integer"/>
  </variables>
  <description>
    <![CDATA[ Reserve ProActive nodes in order to install service on them. ]]>
  </description>
  <genericInformation>
    <info name="bucketName" value="cloud-automation"/>
    <info name="workflow.icon" value="/automation-dashboard/styles/patterns/img/wf-icons/proactive.png"/>
    <info name="pca.states" value="(VOID,RUNNING)"/>
    <info name="pca.service.id" value="ProActive"/>
    <info name="group" value="public-objects"/>
  </genericInformation>
  <taskFlow>
    <task name="reserve_nodes" >
      <description>
        <![CDATA[ Reserves the service until it leaves the status RUNNING ]]>
      </description>
      <variables>
        <variable name="sleepDelay" value="1000" inherited="false" model="PA:LONG"/>
      </variables>
      <genericInformation>
        <info name="task.icon" value="/automation-dashboard/styles/patterns/img/wf-icons/proactive.png"/>
      </genericInformation>
      <depends>
        <task ref="deploy"/>
      </depends>
      <forkEnvironment >
        <envScript>
          <script>
            <code language="groovy">
              <![CDATA[
import org.objectweb.proactive.api.PAActiveObject
def node_url = PAActiveObject.getNode().getNodeInformation().getURL()
new File(localspace, "node_url.txt").text = node_url
]]>
            </code>
          </script>
        </envScript>
      </forkEnvironment>
      <scriptExecutable>
        <script>
          <code language="groovy">
            <![CDATA[
import org.ow2.proactive.pca.service.client.ApiClient
import org.ow2.proactive.pca.service.client.api.ServiceInstanceRestApi
import org.ow2.proactive.pca.service.client.model.ServiceInstanceData

// Retrieve variables
def scheduler_rest_url = variables.get("PA_SCHEDULER_REST_URL")
def service_instance_id = variables.get("PCA_INSTANCE_ID") as Long
def pca_url = scheduler_rest_url.replaceAll("/rest\\z", "/cloud-automation-service")
int replication = variables.get('PA_TASK_REPLICATION')
def node_url_name = "node"+replication+"_url"
def node_url = new File(localspace, "node_url.txt").text


// Connect to APIs
def api_client = new ApiClient()
api_client.setBasePath(pca_url)
api_client.setDebugging(true)
def service_instance_rest_api = new ServiceInstanceRestApi(api_client)

// Update the related service instance status
def newVariables = new HashMap<>();
newVariables.put(node_url_name,node_url);
def service_instance_data = service_instance_rest_api.createNewInstanceVariablesUsingPUT(service_instance_id,newVariables);

// Get status and keeping nodes used until it left RUNNING status
def status = service_instance_data.getInstanceStatus()

while(status.equals("RUNNING")){
	println "Waiting leaving RUNNING status"
	sleep(Long.parseLong(variables.get("sleepDelay")))
    status = service_instance_rest_api.getServiceInstanceUsingGET(service_instance_id).getInstanceStatus()
}
]]>
          </code>
        </script>
      </scriptExecutable>
    </task>
    <task name="deploy" >
      <description>
        <![CDATA[ Deploy the service ]]>
      </description>
      <genericInformation>
        <info name="TASK.ICON" value="/automation-dashboard/styles/patterns/img/wf-icons/proactive.png"/>
      </genericInformation>
      <scriptExecutable>
        <script>
          <code language="groovy">
            <![CDATA[
import org.ow2.proactive.pca.service.client.ApiClient
import org.ow2.proactive.pca.service.client.api.ServiceInstanceRestApi
import org.ow2.proactive.pca.service.client.model.ServiceInstanceData

// Retrieve variables
def scheduler_rest_url = variables.get("PA_SCHEDULER_REST_URL")
def service_instance_id = variables.get("PCA_INSTANCE_ID") as Long

// Define other variables
def pca_url = scheduler_rest_url.replaceAll("/rest\\z", "/cloud-automation-service")
def status = "RUNNING"
def endpointKey = "documentation"
def endpointValue = "http://doc.activeeon.com/latest/user/ProActiveUserGuide.html"


// Connect to APIs
def api_client = new ApiClient()
api_client.setBasePath(pca_url)
api_client.setDebugging(true)
def service_instance_rest_api = new ServiceInstanceRestApi(api_client)


//Deploying instance
print "Deploying ProActive instance"
print "ProActive instance deployed"

// Update the related service instance status
def service_instance_data = service_instance_rest_api.getServiceInstanceUsingGET(service_instance_id)
service_instance_data.getInstanceEndpoints().put(endpointKey,endpointValue)
service_instance_data.setInstanceStatus(status)
service_instance_rest_api.updateServiceInstanceUsingPUT(service_instance_id, service_instance_data)
]]>
          </code>
        </script>
      </scriptExecutable>
      <controlFlow >
        <replicate>
          <script>
            <code language="groovy">
              <![CDATA[
runs=variables.get("nodesUsed")
]]>
            </code>
          </script>
        </replicate>
      </controlFlow>
    </task>
    <task name="free_nodes" >
      <depends>
        <task ref="reserve_nodes"/>
      </depends>
      <scriptExecutable>
        <script>
          <code language="groovy">
            <![CDATA[
println "Leaving RUNNING status, unlocking nodes"
]]>
          </code>
        </script>
      </scriptExecutable>
    </task>
  </taskFlow>
  <metadata>
    <visualization>
      <![CDATA[ <html><head><link rel="stylesheet" href="/studio/styles/studio-standalone.css"><style>
        #workflow-designer {
            left:0 !important;
            top:0 !important;
            width:1025px;
            height:632px;
            }
        </style></head><body><div id="workflow-visualization-view"><div id="workflow-visualization" style="position:relative;top:-239px;left:-461.75px"><div class="task ui-draggable _jsPlumb_endpoint_anchor_" id="jsPlumb_1_340" style="top: 372px; left: 466.75px;"><a class="task-name"><img src="/automation-dashboard/styles/patterns/img/wf-icons/proactive.png" width="20px">&nbsp;<span class="name">reserve_nodes</span></a></div><div class="task ui-draggable _jsPlumb_endpoint_anchor_" id="jsPlumb_1_343" style="top: 244px; left: 466.75px;"><a class="task-name"><img src="/automation-dashboard/styles/patterns/img/wf-icons/proactive.png" width="20px">&nbsp;<span class="name">deploy</span></a></div><div class="task ui-draggable _jsPlumb_endpoint_anchor_ active-task" id="jsPlumb_1_346" style="top: 500px; left: 466.75px;"><a class="task-name"><img src="/studio/images/Groovy.png" width="20px">&nbsp;<span class="name">free_nodes</span></a></div><svg style="position:absolute;left:506.5px;top:283.5px" width="21.5" height="89" pointer-events="none" position="absolute" version="1.1"
      xmlns="http://www.w3.org/1999/xhtml" class="_jsPlumb_connector"><path d="M 0.5 88 C 10.5 38 -10 50 0 0 " transform="translate(10.5,0.5)" pointer-events="visibleStroke" version="1.1"
      xmlns="http://www.w3.org/1999/xhtml" fill="none" stroke="#666" style=""></path><path pointer-events="all" version="1.1"
      xmlns="http://www.w3.org/1999/xhtml" d="M3.274734375,66.78168750000002 L9.572638757893003,46.54962382908555 L2.7862510508584033,52.790212093809444 L-4.4188366482975665,47.038107153227145 L3.274734375,66.78168750000002" class="" stroke="#666" fill="#666" transform="translate(10.5,0.5)"></path><path pointer-events="all" version="1.1"
      xmlns="http://www.w3.org/1999/xhtml" d="M3.274734375,66.78168750000002 L9.572638757893003,46.54962382908555 L2.7862510508584033,52.790212093809444 L-4.4188366482975665,47.038107153227145 L3.274734375,66.78168750000002" class="" stroke="#666" fill="#666" transform="translate(10.5,0.5)"></path></svg><svg style="position:absolute;left:536.5px;top:273.5px" width="21.799999999999955" height="99" pointer-events="none" position="absolute" version="1.1"
      xmlns="http://www.w3.org/1999/xhtml" class="_jsPlumb_connector "><path d="M 0.7999999999999545 88 C 10.799999999999955 88 -10 -10 0 0 " transform="translate(10.5,10.5)" pointer-events="visibleStroke" version="1.1"
      xmlns="http://www.w3.org/1999/xhtml" fill="none" stroke="#e5db3d" style=""></path><path pointer-events="all" version="1.1"
      xmlns="http://www.w3.org/1999/xhtml" d="M3.59758169999996,77.41936575 L9.71869677839532,57.13311547556434 L2.987024227964338,63.4326856731075 L-4.267983298497176,57.74367294759996 L3.59758169999996,77.41936575" class="" stroke="rgba(229,219,61,0.5)" fill="rgba(229,219,61,0.5)" transform="translate(10.5,10.5)"></path><path pointer-events="all" version="1.1"
      xmlns="http://www.w3.org/1999/xhtml" d="M3.59758169999996,77.41936575 L9.71869677839532,57.13311547556434 L2.987024227964338,63.4326856731075 L-4.267983298497176,57.74367294759996 L3.59758169999996,77.41936575" class="" stroke="rgba(229,219,61,0.5)" fill="rgba(229,219,61,0.5)" transform="translate(10.5,10.5)"></path></svg><div class="_jsPlumb_overlay l1 component label" id="jsPlumb_1_357" style="position: absolute; transform: translate(-50%, -50%); left: 546.9px; top: 323.75px;">replicate</div><svg style="position:absolute;left:506.5px;top:411.5px" width="21.5" height="89" pointer-events="none" position="absolute" version="1.1"
      xmlns="http://www.w3.org/1999/xhtml" class="_jsPlumb_connector"><path d="M 0 88 C -10 38 10.5 50 0.5 0 " transform="translate(10.5,0.5)" pointer-events="visibleStroke" version="1.1"
      xmlns="http://www.w3.org/1999/xhtml" fill="none" stroke="#666" style=""></path><path pointer-events="all" version="1.1"
      xmlns="http://www.w3.org/1999/xhtml" d="M-2.7747343749999995,66.78168750000002 L4.918836648297567,47.038107153227145 L-2.286251050858403,52.790212093809444 L-9.072638757893003,46.54962382908555 L-2.7747343749999995,66.78168750000002" class="" stroke="#666" fill="#666" transform="translate(10.5,0.5)"></path><path pointer-events="all" version="1.1"
      xmlns="http://www.w3.org/1999/xhtml" d="M-2.7747343749999995,66.78168750000002 L4.918836648297567,47.038107153227145 L-2.286251050858403,52.790212093809444 L-9.072638757893003,46.54962382908555 L-2.7747343749999995,66.78168750000002" class="" stroke="#666" fill="#666" transform="translate(10.5,0.5)"></path></svg><div class="_jsPlumb_endpoint source-endpoint dependency-source-endpoint connected _jsPlumb_endpoint_anchor_ ui-draggable ui-droppable _jsPlumb_endpoint_connected" style="position: absolute; height: 20px; width: 20px; left: 507.5px; top: 402px;"><svg style="position:absolute;left:0px;top:0px" width="20" height="20" pointer-events="all" position="absolute" version="1.1"
      xmlns="http://www.w3.org/1999/xhtml"><circle cx="10" cy="10" r="10" version="1.1"
      xmlns="http://www.w3.org/1999/xhtml" fill="#666" stroke="none" style=""></circle></svg></div><div class="_jsPlumb_endpoint target-endpoint dependency-target-endpoint _jsPlumb_endpoint_anchor_ ui-draggable ui-droppable _jsPlumb_endpoint_connected" style="position: absolute; height: 20px; width: 20px; left: 507.5px; top: 362px;"><svg style="position:absolute;left:0px;top:0px" width="20" height="20" pointer-events="all" position="absolute" version="1.1"
      xmlns="http://www.w3.org/1999/xhtml"><circle cx="10" cy="10" r="10" version="1.1"
      xmlns="http://www.w3.org/1999/xhtml" fill="#666" stroke="none" style=""></circle></svg></div><div class="_jsPlumb_endpoint target-endpoint replicate-target-endpoint _jsPlumb_endpoint_anchor_ ui-draggable ui-droppable _jsPlumb_endpoint_connected _jsPlumb_endpoint_full" style="position: absolute; height: 20px; width: 20px; left: 537.8px; top: 362px;"><svg style="position:absolute;left:0px;top:0px" width="20" height="20" pointer-events="all" position="absolute" version="1.1"
      xmlns="http://www.w3.org/1999/xhtml"><circle cx="10" cy="10" r="10" version="1.1"
      xmlns="http://www.w3.org/1999/xhtml" fill="#e5db3d" stroke="none" style=""></circle></svg></div><div class="_jsPlumb_endpoint source-endpoint dependency-source-endpoint connected _jsPlumb_endpoint_anchor_ ui-draggable ui-droppable _jsPlumb_endpoint_connected" style="position: absolute; height: 20px; width: 20px; left: 507px; top: 274px;"><svg style="position:absolute;left:0px;top:0px" width="20" height="20" pointer-events="all" position="absolute" version="1.1"
      xmlns="http://www.w3.org/1999/xhtml"><circle cx="10" cy="10" r="10" version="1.1"
      xmlns="http://www.w3.org/1999/xhtml" fill="#666" stroke="none" style=""></circle></svg></div><div class="_jsPlumb_endpoint source-endpoint replicate-source-endpoint _jsPlumb_endpoint_anchor_ ui-draggable ui-droppable _jsPlumb_endpoint_connected _jsPlumb_endpoint_full" style="position: absolute; height: 20px; width: 20px; left: 537px; top: 274px;"><svg style="position:absolute;left:0px;top:0px" width="20" height="20" pointer-events="all" position="absolute" version="1.1"
      xmlns="http://www.w3.org/1999/xhtml"><circle cx="10" cy="10" r="10" version="1.1"
      xmlns="http://www.w3.org/1999/xhtml" fill="#e5db3d" stroke="none" style=""></circle></svg></div><div class="_jsPlumb_endpoint source-endpoint dependency-source-endpoint connected _jsPlumb_endpoint_anchor_ ui-draggable ui-droppable" style="position: absolute; height: 20px; width: 20px; left: 507px; top: 530px;"><svg style="position:absolute;left:0px;top:0px" width="20" height="20" pointer-events="all" position="absolute" version="1.1"
      xmlns="http://www.w3.org/1999/xhtml"><circle cx="10" cy="10" r="10" version="1.1"
      xmlns="http://www.w3.org/1999/xhtml" fill="#666" stroke="none" style=""></circle></svg></div><div class="_jsPlumb_endpoint target-endpoint dependency-target-endpoint _jsPlumb_endpoint_anchor_ ui-draggable ui-droppable _jsPlumb_endpoint_connected" style="position: absolute; height: 20px; width: 20px; left: 507px; top: 490px;"><svg style="position:absolute;left:0px;top:0px" width="20" height="20" pointer-events="all" position="absolute" version="1.1"
      xmlns="http://www.w3.org/1999/xhtml"><circle cx="10" cy="10" r="10" version="1.1"
      xmlns="http://www.w3.org/1999/xhtml" fill="#666" stroke="none" style=""></circle></svg></div></div></div></body></html>
 ]]>
    </visualization>
  </metadata>
</job>