<?xml version="1.0" encoding="UTF-8"?>
<job
  xmlns:xsi="http://www.w3.org/2001/XMLSchema-instance"
  xmlns="urn:proactive:jobdescriptor:3.11" xsi:schemaLocation="urn:proactive:jobdescriptor:3.11 http://www.activeeon.com/public_content/schemas/proactive/jobdescriptor/3.11/schedulerjob.xsd"  name="Swarm" projectName="Cloud Automation - Deployment" priority="normal" onTaskError="continueJobExecution"  maxNumberOfExecution="2" >
  <variables>
    <variable name="consul_UI_port" value="8500" />
    <variable name="swarm_manager_port" value="4000" />
    <variable name="instance_name" value="my-instance" />
    <variable name="network_name" value="my-net" />
    <variable name="subnet" value="25.25.25.0/24" />
  </variables>
  <description>
    <![CDATA[ Deployment of Docker Swarm. swarm_manager_port refers to the communication port of the swarm manager. consul_UI_port is the Consul web portal port. All started docker containers are prefixed with instance_name. network_name refers to the docker containers network name and subnet to the subnet mask. ]]>
  </description>
  <genericInformation>
    <info name="Documentation" value="https://ow2-proactive.github.io/proactive-examples/DockerSwarm/resources/doc/V1/activeeon-deploy-swarm-hdfs-spark.pdf"/>
    <info name="group" value="public-objects"/>
    <info name="pca.service.id" value="HDFS-Spark"/>
    <info name="pca.states" value="(PA_NODES_RESERVED,SWARM_DEPLOYED)"/>
    <info name="workflow.icon" value="/automation-dashboard/styles/patterns/img/wf-icons/swarm.png"/>
  </genericInformation>
  <taskFlow>
    <task name="get_resources_from_service_instance" >
      <scriptExecutable>
        <script>
          <code language="groovy">
            <![CDATA[
import org.ow2.proactive.pca.service.client.ApiClient
import org.ow2.proactive.pca.service.client.api.ServiceInstanceRestApi
import org.ow2.proactive.pca.service.client.model.ServiceInstanceData

// Retrieve variables
def service_instance_id = variables.get("PCA_INSTANCE_ID") as Long

// Define other variables
def pca_url = variables.get('PA_CLOUD_AUTOMATION_REST_URL')

// Get schedulerapi access and acquire session id
schedulerapi.connect()
def sessionId = schedulerapi.getSession()

// Connect to APIs
def api_client = new ApiClient()
api_client.setBasePath(pca_url)
def service_instance_rest_api = new ServiceInstanceRestApi(api_client)

// Get the targeted resources the PCA service instance
def service_instance_data = service_instance_rest_api.getServiceInstanceUsingGET(sessionId, service_instance_id)
def node_source_name = service_instance_data.getVariables().get("node_source_name")
def nb_nodes = service_instance_data.getVariables().get("nb_nodes")

variables.put("node_source_name", node_source_name)
variables.put("nb_nodes", nb_nodes)
]]>
          </code>
        </script>
      </scriptExecutable>
    </task>
    <task name="start_consul" >
      <depends>
        <task ref="get_resources_from_service_instance"/>
      </depends>
      <selection>
        <script>
          <code language="groovy">
            <![CDATA[
if (variables.get("node_source_name").equals(System.getProperty("proactive.node.nodesource"))) {
    selected = true
} else {
   selected = false
}
]]>
          </code>
        </script>
      </selection>
      <scriptExecutable>
        <script>
          <code language="groovy">
            <![CDATA[
// REQUIREMENTS
// http://www.thegeekstuff.com/2016/02/docker-machine-create-generic/
// passwordless or use ssh agent

// DOCKER ISSUE
// The only temporary fix is to let your user explicitly allow sudo to be used without a password.
// edit /etc/sudoers and add  YOURUSERNAME ALL=(ALL) NOPASSWD:ALL
// This is until #1586 is merged

// TIPS on try
// sudo journalctl -fu docker.service
// sudo systemctl start docker
// always check /etc/systemd/system/docker.service if daemon did not run


import org.objectweb.proactive.core.util.ProActiveInet

println "start_consul ..."

// Retrieve variables
def consul_UI_port = variables.get("consul_UI_port")
def instance_name = variables.get("instance_name")

// Get the current IP address and store it
def consul_IP_address = ProActiveInet.getInstance().getInetAddress().getHostAddress()
variables.put("consul_IP_address", consul_IP_address)

// Start consul
def cmd = ["docker", "run", "-d", "-p", consul_UI_port + ":8500", "--name", instance_name + "-consul", "progrium/consul", "-server", "-bootstrap", "-advertise", consul_IP_address]
cmd.execute().waitForProcessOutput(System.out, System.err)

println "... start_consul"
]]>
          </code>
        </script>
      </scriptExecutable>
    </task>
    <task name="start_swarm_manager" >
      <depends>
        <task ref="start_consul"/>
      </depends>
      <selection>
        <script>
          <code language="groovy">
            <![CDATA[
if (variables.get("node_source_name").equals(System.getProperty("proactive.node.nodesource"))) {
    selected = true
} else {
   selected = false
}
]]>
          </code>
        </script>
      </selection>
      <scriptExecutable>
        <script>
          <code language="groovy">
            <![CDATA[
import org.objectweb.proactive.core.util.ProActiveInet

println "start_swarm_manager ..."

// Retrieve variables
def consul_IP_address = variables.get("consul_IP_address")
def swarm_manager_port = variables.get("swarm_manager_port")
def instance_name = variables.get("instance_name")

// Get the current IP address and store it
def swarm_manager_IP_address = ProActiveInet.getInstance().getInetAddress().getHostAddress()
variables.put("swarm_manager_IP_address", swarm_manager_IP_address)

// Start the swarm manager
def cmd = ["docker", "run", "-d", "-p", swarm_manager_port + ":4000", "--name", instance_name + "-swarm_manager", "swarm", "manage", "-H", ":4000", "--replication", "--advertise", swarm_manager_IP_address + ":4000", "consul://" + consul_IP_address + ":8500"]
cmd.execute().waitForProcessOutput(System.out, System.err)

println "... start_swarm_manager"
]]>
          </code>
        </script>
      </scriptExecutable>
      <controlFlow >
        <replicate>
          <script>
            <code language="groovy">
              <![CDATA[
runs = variables.get("nb_nodes")
]]>
            </code>
          </script>
        </replicate>
      </controlFlow>
    </task>
    <task name="start_swarm_agents" >
      <depends>
        <task ref="start_swarm_manager"/>
      </depends>
      <selection>
        <script>
          <code language="groovy">
            <![CDATA[
if (variables.get("node_source_name").equals(System.getProperty("proactive.node.nodesource"))) {
    selected = true
} else {
   selected = false
}
]]>
          </code>
        </script>
      </selection>
      <scriptExecutable>
        <script>
          <code language="groovy">
            <![CDATA[
import org.objectweb.proactive.core.util.ProActiveInet

println "start_swarm_agents ..."

// Retrieve variables
def consul_IP_address = variables.get("consul_IP_address")
def instance_name = variables.get("instance_name")
def task_id = variables.get("PA_TASK_REPLICATION")

// Get the current IP address
def swarm_node_IP_address = ProActiveInet.getInstance().getInetAddress().getHostAddress()

// Start a swarm node
def cmd = ["docker", "run", "-d", "--name", instance_name + "-swarm_node_" + task_id, "swarm", "join",  "--advertise", swarm_node_IP_address + ":2375", "consul://" + consul_IP_address + ":8500"]
cmd.execute().waitForProcessOutput(System.out, System.err)

println "... start_swarm_agents"
]]>
          </code>
        </script>
      </scriptExecutable>
    </task>
    <task name="create_overlay_network" >
      <depends>
        <task ref="start_swarm_agents"/>
      </depends>
      <scriptExecutable>
        <script>
          <code language="groovy">
            <![CDATA[
println "create_overlay_network ..."

// Retrieve variables
def network_name = variables.get("network_name")
def subnet = variables.get("subnet")

// Create the overlay network across the entire Swarm cluster
def cmd = ["docker", "network", "create", network_name, "--subnet", subnet]
cmd.execute().waitForProcessOutput(System.out, System.err)

println "... create_overlay_network"
]]>
          </code>
        </script>
      </scriptExecutable>
    </task>
    <task name="update_service_instance" >
      <depends>
        <task ref="create_overlay_network"/>
      </depends>
      <scriptExecutable>
        <script>
          <code language="groovy">
            <![CDATA[
import org.ow2.proactive.pca.service.client.ApiClient
import org.ow2.proactive.pca.service.client.api.ServiceInstanceRestApi
import org.ow2.proactive.pca.service.client.model.ServiceInstanceData

println "update_service_state ..."

// Retrieve variables
def service_instance_id = variables.get("PCA_INSTANCE_ID") as Long
def consul_IP_address = variables.get("consul_IP_address")
def consul_UI_port = variables.get("consul_UI_port")

// Define other variables
def pca_url = variables.get('PA_CLOUD_AUTOMATION_REST_URL')

// Get schedulerapi access and acquire session id
schedulerapi.connect()
def sessionId = schedulerapi.getSession()

// Connect to APIs
def api_client = new ApiClient()
api_client.setBasePath(pca_url)
api_client.setDebugging(true)
def service_instance_rest_api = new ServiceInstanceRestApi(api_client)

//Update endpoints
def endpointsMap = [:]
endpointsMap.put("consul_UI", "http://" + consul_IP_address + ":" + consul_UI_port)
service_instance_rest_api.createNewInstanceEndpointsUsingPUT(sessionId, service_instance_id, endpointsMap)

// Update the related service instance
def service_instance_data = service_instance_rest_api.getServiceInstanceUsingGET(sessionId, service_instance_id)
service_instance_data.setInstanceStatus("SWARM_DEPLOYED")
service_instance_rest_api.updateServiceInstanceUsingPUT(sessionId, service_instance_id, service_instance_data)

println "... update_service_state"
]]>
          </code>
        </script>
      </scriptExecutable>
    </task>
  </taskFlow>
  <metadata>
    <visualization>
      <![CDATA[ <html><head><link rel="stylesheet" href="/studio/styles/studio-standalone.css"><style>
        #workflow-designer {
            left:0 !important;
            top:0 !important;
            width:1122px;
            height:803px;
            }
        </style></head><body><div id="workflow-visualization-view"><div id="workflow-visualization" style="position:relative;top:-108px;left:-477.5px"><div class="task _jsPlumb_endpoint_anchor_ ui-draggable" id="jsPlumb_1_2793" style="top: 113px; left: 482.5px;"><a class="task-name"><img src="/studio/images/Groovy.png" width="20px">&nbsp;<span class="name">get_resources_from_service_instance</span></a></div><div class="task ui-draggable _jsPlumb_endpoint_anchor_" id="jsPlumb_1_2796" style="top: 241px; left: 482.5px;"><a class="task-name"><img src="/studio/images/Groovy.png" width="20px">&nbsp;<span class="name">start_consul</span></a></div><div class="task ui-draggable _jsPlumb_endpoint_anchor_" id="jsPlumb_1_2799" style="top: 369px; left: 482.5px;"><a class="task-name"><img src="/studio/images/Groovy.png" width="20px">&nbsp;<span class="name">start_swarm_manager</span></a></div><div class="task ui-draggable _jsPlumb_endpoint_anchor_" id="jsPlumb_1_2802" style="top: 497px; left: 482.5px;"><a class="task-name"><img src="/studio/images/Groovy.png" width="20px">&nbsp;<span class="name">start_swarm_agents</span></a></div><div class="task ui-draggable _jsPlumb_endpoint_anchor_" id="jsPlumb_1_2805" style="top: 625px; left: 482.5px;"><a class="task-name"><img src="/studio/images/Groovy.png" width="20px">&nbsp;<span class="name">create_overlay_network</span></a></div><div class="task ui-draggable _jsPlumb_endpoint_anchor_" id="jsPlumb_1_2808" style="top: 753px; left: 482.5px;"><a class="task-name"><img src="/studio/images/Groovy.png" width="20px">&nbsp;<span class="name">update_service_instance</span></a></div><svg style="position:absolute;left:521.5px;top:152.5px" width="73" height="89" pointer-events="none" position="absolute" version="1.1"
      xmlns="http://www.w3.org/1999/xhtml" class="_jsPlumb_connector "><path d="M 0 88 C -10 38 62 50 52 0 " transform="translate(10.5,0.5)" pointer-events="visibleStroke" version="1.1"
      xmlns="http://www.w3.org/1999/xhtml" fill="none" stroke="#666" style=""></path><path pointer-events="all" version="1.1"
      xmlns="http://www.w3.org/1999/xhtml" d="M2.5279999999999982,64.44800000000001 L20.25889002471653,52.84560632751123 L11.052754180438145,53.342660466104505 L9.153550490821026,44.320852147073076 L2.5279999999999982,64.44800000000001" class="" stroke="#666" fill="#666" transform="translate(10.5,0.5)"></path><path pointer-events="all" version="1.1"
      xmlns="http://www.w3.org/1999/xhtml" d="M2.5279999999999982,64.44800000000001 L20.25889002471653,52.84560632751123 L11.052754180438145,53.342660466104505 L9.153550490821026,44.320852147073076 L2.5279999999999982,64.44800000000001" class="" stroke="#666" fill="#666" transform="translate(10.5,0.5)"></path></svg><svg style="position:absolute;left:521.5px;top:280.5px" width="38" height="89" pointer-events="none" position="absolute" version="1.1"
      xmlns="http://www.w3.org/1999/xhtml" class="_jsPlumb_connector "><path d="M 17 88 C 27 38 -10 50 0 0 " transform="translate(10.5,0.5)" pointer-events="visibleStroke" version="1.1"
      xmlns="http://www.w3.org/1999/xhtml" fill="none" stroke="#666" style=""></path><path pointer-events="all" version="1.1"
      xmlns="http://www.w3.org/1999/xhtml" d="M18.379808,66.303232 L20.2120063325601,45.19297266312391 L14.914797127178112,52.7388042696744 L6.6475786022345025,48.6579835359458 L18.379808,66.303232" class="" stroke="#666" fill="#666" transform="translate(10.5,0.5)"></path><path pointer-events="all" version="1.1"
      xmlns="http://www.w3.org/1999/xhtml" d="M18.379808,66.303232 L20.2120063325601,45.19297266312391 L14.914797127178112,52.7388042696744 L6.6475786022345025,48.6579835359458 L18.379808,66.303232" class="" stroke="#666" fill="#666" transform="translate(10.5,0.5)"></path></svg><svg style="position:absolute;left:571.5px;top:398.5px" width="28.200000000000045" height="99" pointer-events="none" position="absolute" version="1.1"
      xmlns="http://www.w3.org/1999/xhtml" class="_jsPlumb_connector "><path d="M 0 88 C -10 88 17.200000000000045 -10 7.2000000000000455 0 " transform="translate(10.5,10.5)" pointer-events="visibleStroke" version="1.1"
      xmlns="http://www.w3.org/1999/xhtml" fill="none" stroke="#e5db3d" style=""></path><path pointer-events="all" version="1.1"
      xmlns="http://www.w3.org/1999/xhtml" d="M-2.1009752999999947,77.41936575 L7.046180412470953,58.30577000320734 L-0.568522702436107,63.50349031809778 L-6.869695019431264,56.77331740564345 L-2.1009752999999947,77.41936575" class="" stroke="rgba(229,219,61,0.5)" fill="rgba(229,219,61,0.5)" transform="translate(10.5,10.5)"></path><path pointer-events="all" version="1.1"
      xmlns="http://www.w3.org/1999/xhtml" d="M-2.1009752999999947,77.41936575 L7.046180412470953,58.30577000320734 L-0.568522702436107,63.50349031809778 L-6.869695019431264,56.77331740564345 L-2.1009752999999947,77.41936575" class="" stroke="rgba(229,219,61,0.5)" fill="rgba(229,219,61,0.5)" transform="translate(10.5,10.5)"></path></svg><div class="_jsPlumb_overlay l1 component label" id="jsPlumb_1_2822" style="position: absolute; transform: translate(-50%, -50%); left: 585.1px; top: 448.75px;">replicate</div><svg style="position:absolute;left:534px;top:408.5px" width="25.5" height="89" pointer-events="none" position="absolute" version="1.1"
      xmlns="http://www.w3.org/1999/xhtml" class="_jsPlumb_connector "><path d="M 0 88 C -10 38 14.5 50 4.5 0 " transform="translate(10.5,0.5)" pointer-events="visibleStroke" version="1.1"
      xmlns="http://www.w3.org/1999/xhtml" fill="none" stroke="#666" style=""></path><path pointer-events="all" version="1.1"
      xmlns="http://www.w3.org/1999/xhtml" d="M-2.4501093750000003,66.78168750000002 L6.253690937044999,47.46216731630898 L-1.2390824053543916,52.834163932040326 L-7.69383263091469,46.25114034666338 L-2.4501093750000003,66.78168750000002" class="" stroke="#666" fill="#666" transform="translate(10.5,0.5)"></path><path pointer-events="all" version="1.1"
      xmlns="http://www.w3.org/1999/xhtml" d="M-2.4501093750000003,66.78168750000002 L6.253690937044999,47.46216731630898 L-1.2390824053543916,52.834163932040326 L-7.69383263091469,46.25114034666338 L-2.4501093750000003,66.78168750000002" class="" stroke="#666" fill="#666" transform="translate(10.5,0.5)"></path></svg><svg style="position:absolute;left:534px;top:536.5px" width="29.5" height="89" pointer-events="none" position="absolute" version="1.1"
      xmlns="http://www.w3.org/1999/xhtml" class="_jsPlumb_connector "><path d="M 8.5 88 C 18.5 38 -10 50 0 0 " transform="translate(10.5,0.5)" pointer-events="visibleStroke" version="1.1"
      xmlns="http://www.w3.org/1999/xhtml" fill="none" stroke="#666" style=""></path><path pointer-events="all" version="1.1"
      xmlns="http://www.w3.org/1999/xhtml" d="M10.606864,66.303232 L14.693748863203671,45.511469878551104 L8.617409821369794,52.44530747750635 L0.8358243407100243,47.500924057181315 L10.606864,66.303232" class="" stroke="#666" fill="#666" transform="translate(10.5,0.5)"></path><path pointer-events="all" version="1.1"
      xmlns="http://www.w3.org/1999/xhtml" d="M10.606864,66.303232 L14.693748863203671,45.511469878551104 L8.617409821369794,52.44530747750635 L0.8358243407100243,47.500924057181315 L10.606864,66.303232" class="" stroke="#666" fill="#666" transform="translate(10.5,0.5)"></path></svg><svg style="position:absolute;left:542.5px;top:664.5px" width="23" height="89" pointer-events="none" position="absolute" version="1.1"
      xmlns="http://www.w3.org/1999/xhtml" class="_jsPlumb_connector "><path d="M 2 88 C 12 38 -10 50 0 0 " transform="translate(10.5,0.5)" pointer-events="visibleStroke" version="1.1"
      xmlns="http://www.w3.org/1999/xhtml" fill="none" stroke="#666" style=""></path><path pointer-events="all" version="1.1"
      xmlns="http://www.w3.org/1999/xhtml" d="M4.652999999999999,66.78168750000002 L10.556660138865833,46.431090531734775 L3.8927913941925145,52.80234263424697 L-3.422684726887219,47.19129913754225 L4.652999999999999,66.78168750000002" class="" stroke="#666" fill="#666" transform="translate(10.5,0.5)"></path><path pointer-events="all" version="1.1"
      xmlns="http://www.w3.org/1999/xhtml" d="M4.652999999999999,66.78168750000002 L10.556660138865833,46.431090531734775 L3.8927913941925145,52.80234263424697 L-3.422684726887219,47.19129913754225 L4.652999999999999,66.78168750000002" class="" stroke="#666" fill="#666" transform="translate(10.5,0.5)"></path></svg><div class="_jsPlumb_endpoint source-endpoint dependency-source-endpoint connected _jsPlumb_endpoint_anchor_ ui-draggable ui-droppable _jsPlumb_endpoint_connected" style="position: absolute; height: 20px; width: 20px; left: 574px; top: 143px;"><svg style="position:absolute;left:0px;top:0px" width="20" height="20" pointer-events="all" position="absolute" version="1.1"
      xmlns="http://www.w3.org/1999/xhtml"><circle cx="10" cy="10" r="10" version="1.1"
      xmlns="http://www.w3.org/1999/xhtml" fill="#666" stroke="none" style=""></circle></svg></div><div class="_jsPlumb_endpoint source-endpoint dependency-source-endpoint connected _jsPlumb_endpoint_anchor_ ui-draggable ui-droppable _jsPlumb_endpoint_connected" style="position: absolute; height: 20px; width: 20px; left: 522px; top: 271px;"><svg style="position:absolute;left:0px;top:0px" width="20" height="20" pointer-events="all" position="absolute" version="1.1"
      xmlns="http://www.w3.org/1999/xhtml"><circle cx="10" cy="10" r="10" version="1.1"
      xmlns="http://www.w3.org/1999/xhtml" fill="#666" stroke="none" style=""></circle></svg></div><div class="_jsPlumb_endpoint target-endpoint dependency-target-endpoint _jsPlumb_endpoint_anchor_ ui-draggable ui-droppable _jsPlumb_endpoint_connected" style="position: absolute; height: 20px; width: 20px; left: 522px; top: 231px;"><svg style="position:absolute;left:0px;top:0px" width="20" height="20" pointer-events="all" position="absolute" version="1.1"
      xmlns="http://www.w3.org/1999/xhtml"><circle cx="10" cy="10" r="10" version="1.1"
      xmlns="http://www.w3.org/1999/xhtml" fill="#666" stroke="none" style=""></circle></svg></div><div class="_jsPlumb_endpoint source-endpoint dependency-source-endpoint connected _jsPlumb_endpoint_anchor_ ui-draggable ui-droppable _jsPlumb_endpoint_connected" style="position: absolute; height: 20px; width: 20px; left: 539px; top: 399px;"><svg style="position:absolute;left:0px;top:0px" width="20" height="20" pointer-events="all" position="absolute" version="1.1"
      xmlns="http://www.w3.org/1999/xhtml"><circle cx="10" cy="10" r="10" version="1.1"
      xmlns="http://www.w3.org/1999/xhtml" fill="#666" stroke="none" style=""></circle></svg></div><div class="_jsPlumb_endpoint target-endpoint dependency-target-endpoint _jsPlumb_endpoint_anchor_ ui-draggable ui-droppable _jsPlumb_endpoint_connected" style="position: absolute; height: 20px; width: 20px; left: 539px; top: 359px;"><svg style="position:absolute;left:0px;top:0px" width="20" height="20" pointer-events="all" position="absolute" version="1.1"
      xmlns="http://www.w3.org/1999/xhtml"><circle cx="10" cy="10" r="10" version="1.1"
      xmlns="http://www.w3.org/1999/xhtml" fill="#666" stroke="none" style=""></circle></svg></div><div class="_jsPlumb_endpoint source-endpoint replicate-source-endpoint _jsPlumb_endpoint_anchor_ ui-draggable ui-droppable _jsPlumb_endpoint_connected _jsPlumb_endpoint_full" style="position: absolute; height: 20px; width: 20px; left: 579.2px; top: 399px;"><svg style="position:absolute;left:0px;top:0px" width="20" height="20" pointer-events="all" position="absolute" version="1.1"
      xmlns="http://www.w3.org/1999/xhtml"><circle cx="10" cy="10" r="10" version="1.1"
      xmlns="http://www.w3.org/1999/xhtml" fill="#e5db3d" stroke="none" style=""></circle></svg></div><div class="_jsPlumb_endpoint source-endpoint dependency-source-endpoint connected _jsPlumb_endpoint_anchor_ ui-draggable ui-droppable _jsPlumb_endpoint_connected" style="position: absolute; height: 20px; width: 20px; left: 534.5px; top: 527px;"><svg style="position:absolute;left:0px;top:0px" width="20" height="20" pointer-events="all" position="absolute" version="1.1"
      xmlns="http://www.w3.org/1999/xhtml"><circle cx="10" cy="10" r="10" version="1.1"
      xmlns="http://www.w3.org/1999/xhtml" fill="#666" stroke="none" style=""></circle></svg></div><div class="_jsPlumb_endpoint target-endpoint replicate-target-endpoint _jsPlumb_endpoint_anchor_ ui-draggable ui-droppable _jsPlumb_endpoint_connected _jsPlumb_endpoint_full" style="position: absolute; height: 20px; width: 20px; left: 572px; top: 487px;"><svg style="position:absolute;left:0px;top:0px" width="20" height="20" pointer-events="all" position="absolute" version="1.1"
      xmlns="http://www.w3.org/1999/xhtml"><circle cx="10" cy="10" r="10" version="1.1"
      xmlns="http://www.w3.org/1999/xhtml" fill="#e5db3d" stroke="none" style=""></circle></svg></div><div class="_jsPlumb_endpoint target-endpoint dependency-target-endpoint _jsPlumb_endpoint_anchor_ ui-draggable ui-droppable _jsPlumb_endpoint_connected" style="position: absolute; height: 20px; width: 20px; left: 534.5px; top: 487px;"><svg style="position:absolute;left:0px;top:0px" width="20" height="20" pointer-events="all" position="absolute" version="1.1"
      xmlns="http://www.w3.org/1999/xhtml"><circle cx="10" cy="10" r="10" version="1.1"
      xmlns="http://www.w3.org/1999/xhtml" fill="#666" stroke="none" style=""></circle></svg></div><div class="_jsPlumb_endpoint source-endpoint dependency-source-endpoint connected _jsPlumb_endpoint_anchor_ ui-draggable ui-droppable _jsPlumb_endpoint_connected" style="position: absolute; height: 20px; width: 20px; left: 543px; top: 655px;"><svg style="position:absolute;left:0px;top:0px" width="20" height="20" pointer-events="all" position="absolute" version="1.1"
      xmlns="http://www.w3.org/1999/xhtml"><circle cx="10" cy="10" r="10" version="1.1"
      xmlns="http://www.w3.org/1999/xhtml" fill="#666" stroke="none" style=""></circle></svg></div><div class="_jsPlumb_endpoint target-endpoint dependency-target-endpoint _jsPlumb_endpoint_anchor_ ui-draggable ui-droppable _jsPlumb_endpoint_connected" style="position: absolute; height: 20px; width: 20px; left: 543px; top: 615px;"><svg style="position:absolute;left:0px;top:0px" width="20" height="20" pointer-events="all" position="absolute" version="1.1"
      xmlns="http://www.w3.org/1999/xhtml"><circle cx="10" cy="10" r="10" version="1.1"
      xmlns="http://www.w3.org/1999/xhtml" fill="#666" stroke="none" style=""></circle></svg></div><div class="_jsPlumb_endpoint source-endpoint dependency-source-endpoint connected _jsPlumb_endpoint_anchor_ ui-draggable ui-droppable" style="position: absolute; height: 20px; width: 20px; left: 545px; top: 783px;"><svg style="position:absolute;left:0px;top:0px" width="20" height="20" pointer-events="all" position="absolute" version="1.1"
      xmlns="http://www.w3.org/1999/xhtml"><circle cx="10" cy="10" r="10" version="1.1"
      xmlns="http://www.w3.org/1999/xhtml" fill="#666" stroke="none" style=""></circle></svg></div><div class="_jsPlumb_endpoint target-endpoint dependency-target-endpoint _jsPlumb_endpoint_anchor_ ui-draggable ui-droppable _jsPlumb_endpoint_connected" style="position: absolute; height: 20px; width: 20px; left: 545px; top: 743px;"><svg style="position:absolute;left:0px;top:0px" width="20" height="20" pointer-events="all" position="absolute" version="1.1"
      xmlns="http://www.w3.org/1999/xhtml"><circle cx="10" cy="10" r="10" version="1.1"
      xmlns="http://www.w3.org/1999/xhtml" fill="#666" stroke="none" style=""></circle></svg></div></div></div></body></html>
 ]]>
    </visualization>
  </metadata>
</job>