<?xml version="1.0" encoding="UTF-8"?>
<job
  xmlns:xsi="http://www.w3.org/2001/XMLSchema-instance"
  xmlns="urn:proactive:jobdescriptor:3.11" xsi:schemaLocation="urn:proactive:jobdescriptor:3.11 http://www.activeeon.com/public_content/schemas/proactive/jobdescriptor/3.11/schedulerjob.xsd"  name="Swarm_Delete" projectName="Cloud Automation - Lifecycle" priority="normal" onTaskError="continueJobExecution"  maxNumberOfExecution="2" >
  <description>
    <![CDATA[ Delete a Swarm installation. ]]>
  </description>
  <genericInformation>
    <info name="pca.service.id" value="HDFS-Spark"/>
    <info name="pca.states" value="(SWARM_DEPLOYED,PA_NODES_RESERVED)"/>
    <info name="Documentation" value="https://ow2-proactive.github.io/proactive-examples/DockerSwarm/resources/doc/V1/activeeon-deploy-swarm-hdfs-spark.pdf"/>
    <info name="workflow.icon" value="/automation-dashboard/styles/patterns/img/wf-icons/swarm.png"/>
    <info name="group" value="public-objects"/>
  </genericInformation>
  <taskFlow>
    <task name="delete_swarm_and_update_servince_instance" >
      <genericInformation>
        <info name="task.icon" value="/automation-dashboard/styles/patterns/img/wf-icons/swarm.png"/>
      </genericInformation>
      <scriptExecutable>
        <script>
          <code language="groovy">
            <![CDATA[
import org.ow2.proactive.pca.service.client.ApiClient
import org.ow2.proactive.pca.service.client.api.ServiceInstanceRestApi
import org.ow2.proactive.pca.service.client.model.ServiceInstanceData

// Retrieve variables
def scheduler_rest_url = variables.get("PA_SCHEDULER_REST_URL")
def service_instance_id = variables.get("PCA_INSTANCE_ID") as Long

// Define other variables
def pca_url = scheduler_rest_url.replaceAll("/rest\\z", "/cloud-automation-service")

// Connect to APIs
def api_client = new ApiClient()
api_client.setBasePath(pca_url)
def service_instance_rest_api = new ServiceInstanceRestApi(api_client)

// Get some service infos for the deletion
def service_instance_data = service_instance_rest_api.getServiceInstanceUsingGET(service_instance_id)
def instance_name = service_instance_data.getVariables().get("instance_name")
def network_name = service_instance_data.getVariables().get("network_name")

// List the swarm docker containers to remove
def containers_id = new StringBuilder()
def cmd = ["docker", "ps", "-a", "-q", "--filter", "name=" + instance_name + "-swarm"]
cmd.execute().waitForProcessOutput(containers_id, System.err)

// Remove them
cmd = ["docker", "rm", "-fv"] + containers_id.toString().split("\n").toList()
cmd.execute().waitForProcessOutput(System.out, System.err)

// Remove the consul docker container
cmd = ["docker", "rm", "-fv", instance_name + "-consul"]
cmd.execute().waitForProcessOutput(System.out, System.err)

// Remove the overlay network
cmd = ["docker", "network", "rm", network_name]
cmd.execute().waitForProcessOutput(System.out, System.err)

// Update the related service instance
service_instance_data.setInstanceStatus("PA_NODES_RESERVED")
service_instance_data.getInstanceEndpoints().remove("consul_UI")
service_instance_rest_api.updateServiceInstanceUsingPUT(service_instance_id, service_instance_data)
]]>
          </code>
        </script>
      </scriptExecutable>
    </task>
  </taskFlow>
  <metadata>
    <visualization>
      <![CDATA[ <html><head><link rel="stylesheet" href="/studio/styles/studio-standalone.css"><style>
        #workflow-designer {
            left:0 !important;
            top:0 !important;
            width:1139px;
            height:566px;
            }
        </style></head><body><div id="workflow-visualization-view"><div id="workflow-visualization" style="position:relative;top:-333.9875030517578px;left:-391.75px"><div class="task _jsPlumb_endpoint_anchor_ ui-draggable" id="jsPlumb_1_2865" style="top: 339px; left: 396.75px;"><a class="task-name"><img src="/automation-dashboard/styles/patterns/img/wf-icons/swarm.png" width="20px">&nbsp;<span class="name">delete_swarm_and_update_servince_instance</span></a></div><div class="_jsPlumb_endpoint source-endpoint dependency-source-endpoint connected _jsPlumb_endpoint_anchor_ ui-draggable ui-droppable" style="position: absolute; height: 20px; width: 20px; left: 507.5px; top: 369px;"><svg style="position:absolute;left:0px;top:0px" width="20" height="20" pointer-events="all" position="absolute" version="1.1"
      xmlns="http://www.w3.org/1999/xhtml"><circle cx="10" cy="10" r="10" version="1.1"
      xmlns="http://www.w3.org/1999/xhtml" fill="#666" stroke="none" style=""></circle></svg></div></div></div></body></html>
 ]]>
    </visualization>
  </metadata>
</job>