<?xml version="1.0" encoding="UTF-8"?>
<job
  xmlns:xsi="http://www.w3.org/2001/XMLSchema-instance"
  xmlns="urn:proactive:jobdescriptor:3.11" xsi:schemaLocation="urn:proactive:jobdescriptor:3.11 http://www.activeeon.com/public_content/schemas/proactive/jobdescriptor/3.11/schedulerjob.xsd"  name="Swarm_Remote_Deployment" projectName="Cloud Automation - Deployment" priority="normal" onTaskError="continueJobExecution"  maxNumberOfExecution="2" >
  <variables>
    <variable name="pca.platform.swarm.machineName" value="try.activeeon.com" />
    <variable name="host_name" value="try.activeeon.com" />
    <variable name="dashboard_port" value="8500" />
    <variable name="pca.platform.swarm.hostIP" value="localhost" />
    <variable name="pca.platform.swarm.masterIP" value="localhost" />
    <variable name="pca.platform.swarm.agentsIP" value="undefined" />
    <variable name="userSSH" value="ubuntu" />
    <variable name="subnet" value="25.25.25.0/24" />
    <variable name="pca.platform.swarm.networkName" value="my-net" />
    <variable name="key" value="activeeon.key" />
    <variable name="swarm_configuration_url" value="http://try.activeeon.com:8080/catalog/buckets/cloud-automation/resources/Swarm_Configuration/raw" />
    <variable name="swarm_workflow_url" value="http://try.activeeon.com:8080/catalog/buckets/cloud-automation/resources/Swarm/raw" />
  </variables>
  <description>
    <![CDATA[ Deployment of Swarm. ]]>
  </description>
  <genericInformation>
    <info name="group" value="public-objects"/>
    <info name="workflow.icon" value="/automation-dashboard/styles/patterns/img/wf-icons/swarm.png"/>
  </genericInformation>
  <taskFlow>
    <task name="check_job_result" >
      <description>
        <![CDATA[ Will run every minutes ]]>
      </description>
      <depends>
        <task ref="configure_vm"/>
      </depends>
      <scriptExecutable>
        <script>
          <code language="groovy">
            <![CDATA[
//check that all vm are configured

schedulerapi.connect()

variables.put("isFinished", true)

for( jobID in variables.get("jobID") ){
  if(! schedulerapi.isJobFinished(jobID)){
   	 variables.put("isFinished", false);
  }
}
]]>
          </code>
        </script>
      </scriptExecutable>
      <controlFlow >
        <loop target="check_job_result">
          <script>
            <code language="javascript">
              <![CDATA[
// You can use a Cron Expression here
              // examples http://www.sauronsoftware.it/projects/cron4j/manual.php#p02
if(!variables.get("isFinished")){
	loop = '* * * * *';
}else{
	loop = false;
}
]]>
            </code>
          </script>
        </loop>
      </controlFlow>
    </task>
    <task name="deploy_swarm" >
      <description>
        <![CDATA[ The simplest task, ran by a groovy engine. ]]>
      </description>
      <depends>
        <task ref="check_job_result"/>
      </depends>
      <scriptExecutable>
        <script>
          <code language="groovy">
            <![CDATA[
// set the job URL for the swarm workflow deployment
jobURL = new URL(variables.get("swarm_workflow_url"))


//setting the variables
def arguments = [:]
arguments.put("instance_name",variables.get("pca.platform.swarm.machineName"))
arguments.put("consulIP",variables.get("pca.platform.swarm.hostIP"))
arguments.put("swarmMasterAgentIP",variables.get("pca.platform.swarm.masterIP"))
arguments.put("swarmAgentIPsFile","agentsIP.txt")
arguments.put("networkName",variables.get("pca.platform.swarm.networkName"))
arguments.put("host_name", variables.get("host_name"))
arguments.put("dashboard_port", variables.get("dashboard_port"))
arguments.put("subnet", variables.get("subnet"))
arguments.put("userSSH", variables.get("userSSH"))

// connect to the scheduler
schedulerapi.connect()


// submitting the job
def generic_infos_map = ["PARENT_JOB_ID" : variables.get("PA_JOB_ID")]
jobID = schedulerapi.submit(jobURL,arguments, generic_infos_map)

variables.put("jobID", jobID)
]]>
          </code>
        </script>
      </scriptExecutable>
    </task>
    <task name="split_remote_url" >
      <description>
        <![CDATA[ This task defines some input, here strings to be processed. ]]>
      </description>
      <scriptExecutable>
        <script>
          <code language="groovy">
            <![CDATA[
//This workflow need docker-machine and docker to be installed on the local machine in order to work

def file = new File("agentsIP.txt")
def i = 0;
def result = [:];
def remote = [];
def agents = variables.get("pca.platform.swarm.agentsIP");
def host = variables.get("pca.platform.swarm.hostIP");
def master = variables.get("pca.platform.swarm.masterIP");
remote = agents.split(",");
              
if( master != host ) {
	result.put(i,master);
	i++;
	result.put(i,host);
 	i++;
}
else {
	result.put(i,master);
    i++;
}              
              
for ( url in remote) {
	// creating a file with the agents IP              
    file << url+"\n"
              
    //gather the machine ip to configure
    if( url != variables.get("pca.platform.swarm.hostIP") && url != variables.get("pca.platform.swarm.masterIP")){
		result.put(i,url);
        i++;
    }
}
                           
              
variables.put("configureIP",result);
]]>
          </code>
        </script>
      </scriptExecutable>
      <outputFiles>
        <files  includes="agentsIP.txt" accessMode="transferToUserSpace"/>
      </outputFiles>
    </task>
    <task name="configure_vm" >
      <description>
        <![CDATA[ This task will be replicated according to the 'runs' value specified in the replication script.                The replication index is used in each task's instance to select the input. ]]>
      </description>
      <depends>
        <task ref="split_remote_url"/>
      </depends>
      <scriptExecutable>
        <script>
          <code language="groovy">
            <![CDATA[
// set the job URL for the configuration workflow
jobURL = new URL(variables.get("swarm_configuration_url"))


def configureIP = variables.get("configureIP")
def jobID = new String[configureIP.size()]
def generic_infos_map = ["PARENT_JOB_ID" : variables.get("PA_JOB_ID")]

// connect to the scheduler
schedulerapi.connect()

for( i=0; i<configureIP.size(); i++){
  	//setting the variables
	def arguments = [:]

	arguments.put("userSSH",variables.get("userSSH"))
	arguments.put("key", variables.get("key"))
	arguments.put("remote",configureIP[i])

	// submitting the job
	jobID[i] = schedulerapi.submit(jobURL,arguments, generic_infos_map).value()
}
               
variables.put("jobID", jobID)
]]>
          </code>
        </script>
      </scriptExecutable>
    </task>
    <task name="end_deployment" >
      <depends>
        <task ref="check_swarm_result"/>
      </depends>
      <scriptExecutable>
        <script>
          <code language="python">
            <![CDATA[
import json

instanceOutput = {}
instanceOutput["instance_status"]="RUNNING"
instanceOutput["instance_endpoint"]=variables.get("pca.platform.swarm.hostIP")+":8500"
instanceOutput["instance_id"]=variables.get("pca.platform.swarm.machineName")
result = json.dumps(instanceOutput)
print result
]]>
          </code>
        </script>
      </scriptExecutable>
    </task>
    <task name="check_swarm_result" >
      <description>
        <![CDATA[ Will run every minutes ]]>
      </description>
      <depends>
        <task ref="deploy_swarm"/>
      </depends>
      <scriptExecutable>
        <script>
          <code language="groovy">
            <![CDATA[
schedulerapi.connect()

isFinished = schedulerapi.isJobFinished(variables.get("jobID"))

variables.put("isFinished", isFinished)
]]>
          </code>
        </script>
      </scriptExecutable>
      <controlFlow >
        <loop target="check_swarm_result">
          <script>
            <code language="javascript">
              <![CDATA[
// You can use a Cron Expression here
              // examples http://www.sauronsoftware.it/projects/cron4j/manual.php#p02
if(!variables.get("isFinished")){
	loop = '* * * * *';
}else{
	loop = false;
}
]]>
            </code>
          </script>
        </loop>
      </controlFlow>
    </task>
  </taskFlow>
  <metadata>
    <visualization>
      <![CDATA[ <html><head><link rel="stylesheet" href="/studio/styles/studio-standalone.css"><style>
        #workflow-designer {
            left:0 !important;
            top:0 !important;
            width:1122px;
            height:803px;
            }
        </style></head><body><div id="workflow-visualization-view"><div id="workflow-visualization" style="position:relative;top:-108px;left:-478px"><div class="task ui-draggable _jsPlumb_endpoint_anchor_" id="jsPlumb_1_2913" style="top: 369px; left: 483px;"><a class="task-name"><img src="/studio/images/Groovy.png" width="20px">&nbsp;<span class="name">check_job_result</span></a></div><div class="task ui-draggable _jsPlumb_endpoint_anchor_" id="jsPlumb_1_2916" style="top: 497px; left: 483px;"><a class="task-name"><img src="/studio/images/Groovy.png" width="20px">&nbsp;<span class="name">deploy_swarm</span></a></div><div class="task _jsPlumb_endpoint_anchor_ ui-draggable" id="jsPlumb_1_2919" style="top: 113px; left: 483px;"><a class="task-name"><img src="/studio/images/Groovy.png" width="20px">&nbsp;<span class="name">split_remote_url</span></a></div><div class="task ui-draggable _jsPlumb_endpoint_anchor_" id="jsPlumb_1_2922" style="top: 241px; left: 483px;"><a class="task-name"><img src="/studio/images/Groovy.png" width="20px">&nbsp;<span class="name">configure_vm</span></a></div><div class="task ui-draggable _jsPlumb_endpoint_anchor_" id="jsPlumb_1_2925" style="top: 753px; left: 483px;"><a class="task-name"><img src="/studio/images/Jython.png" width="20px">&nbsp;<span class="name">end_deployment</span></a></div><div class="task ui-draggable _jsPlumb_endpoint_anchor_" id="jsPlumb_1_2928" style="top: 625px; left: 483px;"><a class="task-name"><img src="/studio/images/Groovy.png" width="20px">&nbsp;<span class="name">check_swarm_result</span></a></div><svg style="position:absolute;left:522.5px;top:280.5px" width="26" height="89" pointer-events="none" position="absolute" version="1.1"
      xmlns="http://www.w3.org/1999/xhtml" class="_jsPlumb_connector "><path d="M 5 88 C 15 38 -10 50 0 0 " transform="translate(10.5,0.5)" pointer-events="visibleStroke" version="1.1"
      xmlns="http://www.w3.org/1999/xhtml" fill="none" stroke="#666" style=""></path><path pointer-events="all" version="1.1"
      xmlns="http://www.w3.org/1999/xhtml" d="M7.409531250000001,66.78168750000002 L12.520990380459518,46.21781175738666 L6.108748919827519,52.84224829573104 L-1.4184488238094648,47.518594087559144 L7.409531250000001,66.78168750000002" class="" stroke="#666" fill="#666" transform="translate(10.5,0.5)"></path><path pointer-events="all" version="1.1"
      xmlns="http://www.w3.org/1999/xhtml" d="M7.409531250000001,66.78168750000002 L12.520990380459518,46.21781175738666 L6.108748919827519,52.84224829573104 L-1.4184488238094648,47.518594087559144 L7.409531250000001,66.78168750000002" class="" stroke="#666" fill="#666" transform="translate(10.5,0.5)"></path></svg><svg style="position:absolute;left:573.0266769263776px;top:318.5px" width="20.473323073622403" height="141" pointer-events="none" position="absolute" version="1.1"
      xmlns="http://www.w3.org/1999/xhtml" class="_jsPlumb_connector "><path d="M 0 40 C -10 90 -10 -50 0 0 " transform="translate(19.973323073622403,50.5)" pointer-events="visibleStroke" version="1.1"
      xmlns="http://www.w3.org/1999/xhtml" fill="none" stroke="#316b31" style=""></path><path pointer-events="all" version="1.1"
      xmlns="http://www.w3.org/1999/xhtml" d="M-2.4569999999999963,49.16001999999999 L-8.714346841294152,28.91537600442066 L-10.77778447022079,37.90104376767174 L-19.973323073622403,37.23616047464146 L-2.4569999999999963,49.16001999999999" class="" stroke="#316b31" fill="#316b31" transform="translate(19.973323073622403,50.5)"></path><path pointer-events="all" version="1.1"
      xmlns="http://www.w3.org/1999/xhtml" d="M-2.4569999999999963,49.16001999999999 L-8.714346841294152,28.91537600442066 L-10.77778447022079,37.90104376767174 L-19.973323073622403,37.23616047464146 L-2.4569999999999963,49.16001999999999" class="" stroke="#316b31" fill="#316b31" transform="translate(19.973323073622403,50.5)"></path></svg><div class="_jsPlumb_overlay l1 component label" id="jsPlumb_1_2939" style="position: absolute; transform: translate(-50%, -50%); left: 585px; top: 388.5px;">loop</div><svg style="position:absolute;left:522.5px;top:408.5px" width="26" height="89" pointer-events="none" position="absolute" version="1.1"
      xmlns="http://www.w3.org/1999/xhtml" class="_jsPlumb_connector "><path d="M 0 88 C -10 38 15 50 5 0 " transform="translate(10.5,0.5)" pointer-events="visibleStroke" version="1.1"
      xmlns="http://www.w3.org/1999/xhtml" fill="none" stroke="#666" style=""></path><path pointer-events="all" version="1.1"
      xmlns="http://www.w3.org/1999/xhtml" d="M-2.40953125,66.78168750000002 L6.41844882380946,47.518594087559144 L-1.1087489198275216,52.84224829573104 L-7.520990380459522,46.21781175738666 L-2.40953125,66.78168750000002" class="" stroke="#666" fill="#666" transform="translate(10.5,0.5)"></path><path pointer-events="all" version="1.1"
      xmlns="http://www.w3.org/1999/xhtml" d="M-2.40953125,66.78168750000002 L6.41844882380946,47.518594087559144 L-1.1087489198275216,52.84224829573104 L-7.520990380459522,46.21781175738666 L-2.40953125,66.78168750000002" class="" stroke="#666" fill="#666" transform="translate(10.5,0.5)"></path></svg><svg style="position:absolute;left:522.5px;top:152.5px" width="24" height="89" pointer-events="none" position="absolute" version="1.1"
      xmlns="http://www.w3.org/1999/xhtml" class="_jsPlumb_connector "><path d="M 0 88 C -10 38 13 50 3 0 " transform="translate(10.5,0.5)" pointer-events="visibleStroke" version="1.1"
      xmlns="http://www.w3.org/1999/xhtml" fill="none" stroke="#666" style=""></path><path pointer-events="all" version="1.1"
      xmlns="http://www.w3.org/1999/xhtml" d="M-2.5718437499999998,66.78168750000002 L5.7564728306810355,47.297356797305774 L-1.630943452167807,52.813340903872785 L-8.211873765446198,46.35645649947359 L-2.5718437499999998,66.78168750000002" class="" stroke="#666" fill="#666" transform="translate(10.5,0.5)"></path><path pointer-events="all" version="1.1"
      xmlns="http://www.w3.org/1999/xhtml" d="M-2.5718437499999998,66.78168750000002 L5.7564728306810355,47.297356797305774 L-1.630943452167807,52.813340903872785 L-8.211873765446198,46.35645649947359 L-2.5718437499999998,66.78168750000002" class="" stroke="#666" fill="#666" transform="translate(10.5,0.5)"></path></svg><svg style="position:absolute;left:527px;top:664.5px" width="29.5" height="89" pointer-events="none" position="absolute" version="1.1"
      xmlns="http://www.w3.org/1999/xhtml" class="_jsPlumb_connector "><path d="M 0 88 C -10 38 18.5 50 8.5 0 " transform="translate(10.5,0.5)" pointer-events="visibleStroke" version="1.1"
      xmlns="http://www.w3.org/1999/xhtml" fill="none" stroke="#666" style=""></path><path pointer-events="all" version="1.1"
      xmlns="http://www.w3.org/1999/xhtml" d="M-2.1068640000000003,66.303232 L7.664175659289976,47.500924057181315 L-0.11740982136979405,52.44530747750635 L-6.1937488632036715,45.511469878551104 L-2.1068640000000003,66.303232" class="" stroke="#666" fill="#666" transform="translate(10.5,0.5)"></path><path pointer-events="all" version="1.1"
      xmlns="http://www.w3.org/1999/xhtml" d="M-2.1068640000000003,66.303232 L7.664175659289976,47.500924057181315 L-0.11740982136979405,52.44530747750635 L-6.1937488632036715,45.511469878551104 L-2.1068640000000003,66.303232" class="" stroke="#666" fill="#666" transform="translate(10.5,0.5)"></path></svg><svg style="position:absolute;left:522.5px;top:536.5px" width="34" height="89" pointer-events="none" position="absolute" version="1.1"
      xmlns="http://www.w3.org/1999/xhtml" class="_jsPlumb_connector "><path d="M 13 88 C 23 38 -10 50 0 0 " transform="translate(10.5,0.5)" pointer-events="visibleStroke" version="1.1"
      xmlns="http://www.w3.org/1999/xhtml" fill="none" stroke="#666" style=""></path><path pointer-events="all" version="1.1"
      xmlns="http://www.w3.org/1999/xhtml" d="M14.721952,66.303232 L17.607310728060902,45.310978547585634 L11.939456689355112,52.582527942035654 L3.88660667009656,48.093473858230524 L14.721952,66.303232" class="" stroke="#666" fill="#666" transform="translate(10.5,0.5)"></path><path pointer-events="all" version="1.1"
      xmlns="http://www.w3.org/1999/xhtml" d="M14.721952,66.303232 L17.607310728060902,45.310978547585634 L11.939456689355112,52.582527942035654 L3.88660667009656,48.093473858230524 L14.721952,66.303232" class="" stroke="#666" fill="#666" transform="translate(10.5,0.5)"></path></svg><svg style="position:absolute;left:589.0266769263776px;top:574.5px" width="20.473323073622403" height="141" pointer-events="none" position="absolute" version="1.1"
      xmlns="http://www.w3.org/1999/xhtml" class="_jsPlumb_connector "><path d="M 0 40 C -10 90 -10 -50 0 0 " transform="translate(19.973323073622403,50.5)" pointer-events="visibleStroke" version="1.1"
      xmlns="http://www.w3.org/1999/xhtml" fill="none" stroke="#316b31" style=""></path><path pointer-events="all" version="1.1"
      xmlns="http://www.w3.org/1999/xhtml" d="M-2.4569999999999963,49.16001999999999 L-8.714346841294152,28.91537600442066 L-10.77778447022079,37.90104376767174 L-19.973323073622403,37.23616047464146 L-2.4569999999999963,49.16001999999999" class="" stroke="#316b31" fill="#316b31" transform="translate(19.973323073622403,50.5)"></path><path pointer-events="all" version="1.1"
      xmlns="http://www.w3.org/1999/xhtml" d="M-2.4569999999999963,49.16001999999999 L-8.714346841294152,28.91537600442066 L-10.77778447022079,37.90104376767174 L-19.973323073622403,37.23616047464146 L-2.4569999999999963,49.16001999999999" class="" stroke="#316b31" fill="#316b31" transform="translate(19.973323073622403,50.5)"></path></svg><div class="_jsPlumb_overlay l1 component label" id="jsPlumb_1_2957" style="position: absolute; transform: translate(-50%, -50%); left: 601px; top: 644.5px;">loop</div><div class="_jsPlumb_endpoint source-endpoint dependency-source-endpoint connected _jsPlumb_endpoint_anchor_ ui-draggable ui-droppable _jsPlumb_endpoint_connected" style="position: absolute; height: 20px; width: 20px; left: 528px; top: 399px;"><svg style="position:absolute;left:0px;top:0px" width="20" height="20" pointer-events="all" position="absolute" version="1.1"
      xmlns="http://www.w3.org/1999/xhtml"><circle cx="10" cy="10" r="10" version="1.1"
      xmlns="http://www.w3.org/1999/xhtml" fill="#666" stroke="none" style=""></circle></svg></div><div class="_jsPlumb_endpoint target-endpoint dependency-target-endpoint _jsPlumb_endpoint_anchor_ ui-draggable ui-droppable _jsPlumb_endpoint_connected" style="position: absolute; height: 20px; width: 20px; left: 528px; top: 359px;"><svg style="position:absolute;left:0px;top:0px" width="20" height="20" pointer-events="all" position="absolute" version="1.1"
      xmlns="http://www.w3.org/1999/xhtml"><circle cx="10" cy="10" r="10" version="1.1"
      xmlns="http://www.w3.org/1999/xhtml" fill="#666" stroke="none" style=""></circle></svg></div><div class="_jsPlumb_endpoint source-endpoint loop-source-endpoint _jsPlumb_endpoint_anchor_ ui-draggable ui-droppable _jsPlumb_endpoint_connected _jsPlumb_endpoint_full" style="position: absolute; height: 20px; width: 20px; left: 583px; top: 359px;"><svg style="position:absolute;left:0px;top:0px" width="20" height="20" pointer-events="all" position="absolute" version="1.1"
      xmlns="http://www.w3.org/1999/xhtml"><circle cx="10" cy="10" r="10" version="1.1"
      xmlns="http://www.w3.org/1999/xhtml" fill="#316b31" stroke="none" style=""></circle></svg></div><div class="_jsPlumb_endpoint target-endpoint loop-target-endpoint _jsPlumb_endpoint_anchor_ ui-draggable ui-droppable _jsPlumb_endpoint_connected _jsPlumb_endpoint_full" style="position: absolute; height: 20px; width: 20px; left: 583px; top: 399px;"><svg style="position:absolute;left:0px;top:0px" width="20" height="20" pointer-events="all" position="absolute" version="1.1"
      xmlns="http://www.w3.org/1999/xhtml"><circle cx="10" cy="10" r="10" version="1.1"
      xmlns="http://www.w3.org/1999/xhtml" fill="#316b31" stroke="none" style=""></circle></svg></div><div class="_jsPlumb_endpoint source-endpoint dependency-source-endpoint connected _jsPlumb_endpoint_anchor_ ui-draggable ui-droppable _jsPlumb_endpoint_connected" style="position: absolute; height: 20px; width: 20px; left: 523px; top: 527px;"><svg style="position:absolute;left:0px;top:0px" width="20" height="20" pointer-events="all" position="absolute" version="1.1"
      xmlns="http://www.w3.org/1999/xhtml"><circle cx="10" cy="10" r="10" version="1.1"
      xmlns="http://www.w3.org/1999/xhtml" fill="#666" stroke="none" style=""></circle></svg></div><div class="_jsPlumb_endpoint target-endpoint dependency-target-endpoint _jsPlumb_endpoint_anchor_ ui-draggable ui-droppable _jsPlumb_endpoint_connected" style="position: absolute; height: 20px; width: 20px; left: 523px; top: 487px;"><svg style="position:absolute;left:0px;top:0px" width="20" height="20" pointer-events="all" position="absolute" version="1.1"
      xmlns="http://www.w3.org/1999/xhtml"><circle cx="10" cy="10" r="10" version="1.1"
      xmlns="http://www.w3.org/1999/xhtml" fill="#666" stroke="none" style=""></circle></svg></div><div class="_jsPlumb_endpoint source-endpoint dependency-source-endpoint connected _jsPlumb_endpoint_anchor_ ui-draggable ui-droppable _jsPlumb_endpoint_connected" style="position: absolute; height: 20px; width: 20px; left: 526px; top: 143px;"><svg style="position:absolute;left:0px;top:0px" width="20" height="20" pointer-events="all" position="absolute" version="1.1"
      xmlns="http://www.w3.org/1999/xhtml"><circle cx="10" cy="10" r="10" version="1.1"
      xmlns="http://www.w3.org/1999/xhtml" fill="#666" stroke="none" style=""></circle></svg></div><div class="_jsPlumb_endpoint source-endpoint dependency-source-endpoint connected _jsPlumb_endpoint_anchor_ ui-draggable ui-droppable _jsPlumb_endpoint_connected" style="position: absolute; height: 20px; width: 20px; left: 523px; top: 271px;"><svg style="position:absolute;left:0px;top:0px" width="20" height="20" pointer-events="all" position="absolute" version="1.1"
      xmlns="http://www.w3.org/1999/xhtml"><circle cx="10" cy="10" r="10" version="1.1"
      xmlns="http://www.w3.org/1999/xhtml" fill="#666" stroke="none" style=""></circle></svg></div><div class="_jsPlumb_endpoint target-endpoint dependency-target-endpoint _jsPlumb_endpoint_anchor_ ui-draggable ui-droppable _jsPlumb_endpoint_connected" style="position: absolute; height: 20px; width: 20px; left: 523px; top: 231px;"><svg style="position:absolute;left:0px;top:0px" width="20" height="20" pointer-events="all" position="absolute" version="1.1"
      xmlns="http://www.w3.org/1999/xhtml"><circle cx="10" cy="10" r="10" version="1.1"
      xmlns="http://www.w3.org/1999/xhtml" fill="#666" stroke="none" style=""></circle></svg></div><div class="_jsPlumb_endpoint source-endpoint dependency-source-endpoint connected _jsPlumb_endpoint_anchor_ ui-draggable ui-droppable" style="position: absolute; height: 20px; width: 20px; left: 527.5px; top: 783px;"><svg style="position:absolute;left:0px;top:0px" width="20" height="20" pointer-events="all" position="absolute" version="1.1"
      xmlns="http://www.w3.org/1999/xhtml"><circle cx="10" cy="10" r="10" version="1.1"
      xmlns="http://www.w3.org/1999/xhtml" fill="#666" stroke="none" style=""></circle></svg></div><div class="_jsPlumb_endpoint target-endpoint dependency-target-endpoint _jsPlumb_endpoint_anchor_ ui-draggable ui-droppable _jsPlumb_endpoint_connected" style="position: absolute; height: 20px; width: 20px; left: 527.5px; top: 743px;"><svg style="position:absolute;left:0px;top:0px" width="20" height="20" pointer-events="all" position="absolute" version="1.1"
      xmlns="http://www.w3.org/1999/xhtml"><circle cx="10" cy="10" r="10" version="1.1"
      xmlns="http://www.w3.org/1999/xhtml" fill="#666" stroke="none" style=""></circle></svg></div><div class="_jsPlumb_endpoint source-endpoint dependency-source-endpoint connected _jsPlumb_endpoint_anchor_ ui-draggable ui-droppable _jsPlumb_endpoint_connected" style="position: absolute; height: 20px; width: 20px; left: 536px; top: 655px;"><svg style="position:absolute;left:0px;top:0px" width="20" height="20" pointer-events="all" position="absolute" version="1.1"
      xmlns="http://www.w3.org/1999/xhtml"><circle cx="10" cy="10" r="10" version="1.1"
      xmlns="http://www.w3.org/1999/xhtml" fill="#666" stroke="none" style=""></circle></svg></div><div class="_jsPlumb_endpoint target-endpoint dependency-target-endpoint _jsPlumb_endpoint_anchor_ ui-draggable ui-droppable _jsPlumb_endpoint_connected" style="position: absolute; height: 20px; width: 20px; left: 536px; top: 615px;"><svg style="position:absolute;left:0px;top:0px" width="20" height="20" pointer-events="all" position="absolute" version="1.1"
      xmlns="http://www.w3.org/1999/xhtml"><circle cx="10" cy="10" r="10" version="1.1"
      xmlns="http://www.w3.org/1999/xhtml" fill="#666" stroke="none" style=""></circle></svg></div><div class="_jsPlumb_endpoint source-endpoint loop-source-endpoint _jsPlumb_endpoint_anchor_ ui-draggable ui-droppable _jsPlumb_endpoint_connected _jsPlumb_endpoint_full" style="position: absolute; height: 20px; width: 20px; left: 599px; top: 615px;"><svg style="position:absolute;left:0px;top:0px" width="20" height="20" pointer-events="all" position="absolute" version="1.1"
      xmlns="http://www.w3.org/1999/xhtml"><circle cx="10" cy="10" r="10" version="1.1"
      xmlns="http://www.w3.org/1999/xhtml" fill="#316b31" stroke="none" style=""></circle></svg></div><div class="_jsPlumb_endpoint target-endpoint loop-target-endpoint _jsPlumb_endpoint_anchor_ ui-draggable ui-droppable _jsPlumb_endpoint_connected _jsPlumb_endpoint_full" style="position: absolute; height: 20px; width: 20px; left: 599px; top: 655px;"><svg style="position:absolute;left:0px;top:0px" width="20" height="20" pointer-events="all" position="absolute" version="1.1"
      xmlns="http://www.w3.org/1999/xhtml"><circle cx="10" cy="10" r="10" version="1.1"
      xmlns="http://www.w3.org/1999/xhtml" fill="#316b31" stroke="none" style=""></circle></svg></div></div></div></body></html>
 ]]>
    </visualization>
  </metadata>
</job>