<?xml version="1.0" encoding="UTF-8"?>
<job xmlns:xsi="http://www.w3.org/2001/XMLSchema-instance" xmlns="urn:proactive:jobdescriptor:3.11"
     xsi:schemaLocation="urn:proactive:jobdescriptor:3.11 http://www.activeeon.com/public_content/schemas/proactive/jobdescriptor/3.11/schedulerjob.xsd"
     name="Branch" projectName="1. Flow Controls">
    <description>
        <![CDATA[ The Branch construct allows to run a task or a set of tasks conditionally. A script is used to choose whether to run the If or the Else task. Then the continuation task is ran. ]]>
    </description>
    <genericInformation>
        <info name="workflow.icon" value="/automation-dashboard/styles/patterns/img/wf-icons/controls_if.png"/>
        <info name="Documentation" value="user/ProActiveUserGuide.html#_branch"/>
    </genericInformation>
    <taskFlow>
        <task name="Condition">
            <genericInformation>
                <info name="task.icon" value="/automation-dashboard/styles/patterns/img/wf-icons/controls_if.png"/>
                <info name="Documentation" value="user/ProActiveUserGuide.html#_branch"/>
            </genericInformation>
            <scriptExecutable>
                <script>
                    <code language="groovy">
                        <![CDATA[
println("I will run a script to select a branch")
]]>
                    </code>
                </script>
            </scriptExecutable>
            <controlFlow>
                <if target="If" else="Else" continuation="Continuation">
                    <script>
                        <code language="groovy">
                            <![CDATA[
if(System.getProperty("os.name").toLowerCase().contains("win")){
    branch = "if";
} else {
    branch = "else";
}
]]>
                        </code>
                    </script>
                </if>
            </controlFlow>
        </task>
        <task name="If">
            <genericInformation>
                <info name="task.icon" value="/automation-dashboard/styles/patterns/img/wf-icons/controls_if.png"/>
            </genericInformation>
            <scriptExecutable>
                <script>
                    <code language="groovy">
                        <![CDATA[
println("I am running on Windows in the If branch")
]]>
                    </code>
                </script>
            </scriptExecutable>
        </task>
        <task name="Else">
            <genericInformation>
                <info name="task.icon" value="/automation-dashboard/styles/patterns/img/wf-icons/controls_if.png"/>
            </genericInformation>
            <scriptExecutable>
                <script>
                    <code language="groovy">
                        <![CDATA[
println("I am running on Linux in the If branch")
]]>
                    </code>
                </script>
            </scriptExecutable>
        </task>
        <task name="Continuation">
            <genericInformation>
                <info name="task.icon" value="/automation-dashboard/styles/patterns/img/wf-icons/controls_if.png"/>
            </genericInformation>
            <scriptExecutable>
                <script>
                    <code language="groovy">
                        <![CDATA[
println("I am ran after the If or the Else task")
]]>
                    </code>
                </script>
            </scriptExecutable>
        </task>
    </taskFlow>
    <metadata>
        <visualization>
            <![CDATA[ <html><head><link rel="stylesheet" href="/studio/styles/studio-standalone.css"><style>
        #workflow-designer {
            left:0 !important;
            top:0 !important;
            width:2864px;
            height:3568px;
            }
        </style></head><body><div id="workflow-visualization-view"><div id="workflow-visualization" style="position:relative;top:-403px;left:-506px"><div class="task ui-draggable _jsPlumb_endpoint_anchor_" id="jsPlumb_1_34" style="top: 408px; left: 649px;"><a class="task-name"><img src="/automation-dashboard/styles/patterns/img/wf-icons/controls_if.png" width="20px">&nbsp;<span class="name">Condition</span></a></div><div class="task ui-draggable _jsPlumb_endpoint_anchor_" id="jsPlumb_1_37" style="top: 536px; left: 511px;"><a class="task-name"><img src="/automation-dashboard/styles/patterns/img/wf-icons/controls_if.png" width="20px">&nbsp;<span class="name">If</span></a></div><div class="task ui-draggable _jsPlumb_endpoint_anchor_" id="jsPlumb_1_40" style="top: 536px; left: 649px;"><a class="task-name"><img src="/automation-dashboard/styles/patterns/img/wf-icons/controls_if.png" width="20px">&nbsp;<span class="name">Else</span></a></div><div class="task ui-draggable _jsPlumb_endpoint_anchor_" id="jsPlumb_1_43" style="top: 536px; left: 787px;"><a class="task-name"><img src="/automation-dashboard/styles/patterns/img/wf-icons/controls_if.png" width="20px">&nbsp;<span class="name">Continuation</span></a></div><svg style="position:absolute;left:500.5px;top:447.5px" width="159" height="89" pointer-events="none" position="absolute" version="1.1"
      xmlns="http://www.w3.org/1999/xhtml" class="_jsPlumb_connector "><path d="M 0 88 C -10 38 148 50 138 0 " transform="translate(10.5,0.5)" pointer-events="visibleStroke" version="1.1"
      xmlns="http://www.w3.org/1999/xhtml" fill="none" stroke="#00f" style=""></path><path pointer-events="all" version="1.1"
      xmlns="http://www.w3.org/1999/xhtml" d="M17.961342,60.59109050000001 L39.07198391220434,58.76330548674452 L30.72717007153269,54.843601165684724 L33.32449457788905,45.997477415211826 L17.961342,60.59109050000001" class="" stroke="#00f" fill="#00f" transform="translate(10.5,0.5)"></path><path pointer-events="all" version="1.1"
      xmlns="http://www.w3.org/1999/xhtml" d="M17.961342,60.59109050000001 L39.07198391220434,58.76330548674452 L30.72717007153269,54.843601165684724 L33.32449457788905,45.997477415211826 L17.961342,60.59109050000001" class="" stroke="#00f" fill="#00f" transform="translate(10.5,0.5)"></path></svg><div class="_jsPlumb_overlay l1 component label" id="jsPlumb_1_51" style="position: absolute; transform: translate(-50%, -50%); left: 579.5px; top: 491.5px;">if</div><svg style="position:absolute;left:633.9817132113825px;top:447.5px" width="15.518286788617468" height="89" pointer-events="none" position="absolute" version="1.1"
      xmlns="http://www.w3.org/1999/xhtml" class="_jsPlumb_connector "><path d="M 0 88 C -10 38 -10 50 0 0 " transform="translate(15.018286788617468,0.5)" pointer-events="visibleStroke" version="1.1"
      xmlns="http://www.w3.org/1999/xhtml" fill="none" stroke="#00f" style=""></path><path pointer-events="all" version="1.1"
      xmlns="http://www.w3.org/1999/xhtml" d="M-4.427999999999998,66.303232 L-1.2615185838583702,45.35154005301801 L-7.026331880366543,52.546463795240896 L-15.018286788617468,47.94987193338456 L-4.427999999999998,66.303232" class="" stroke="#00f" fill="#00f" transform="translate(15.018286788617468,0.5)"></path><path pointer-events="all" version="1.1"
      xmlns="http://www.w3.org/1999/xhtml" d="M-4.427999999999998,66.303232 L-1.2615185838583702,45.35154005301801 L-7.026331880366543,52.546463795240896 L-15.018286788617468,47.94987193338456 L-4.427999999999998,66.303232" class="" stroke="#00f" fill="#00f" transform="translate(15.018286788617468,0.5)"></path></svg><div class="_jsPlumb_overlay l1 component label" id="jsPlumb_1_55" style="position: absolute; transform: translate(-50%, -50%); left: 641px; top: 491.5px;">else</div><svg style="position:absolute;left:638.5px;top:447.5px" width="159" height="89" pointer-events="none" position="absolute" version="1.1"
      xmlns="http://www.w3.org/1999/xhtml" class="_jsPlumb_connector "><path d="M 138 88 C 148 38 -10 50 0 0 " transform="translate(10.5,0.5)" pointer-events="visibleStroke" version="1.1"
      xmlns="http://www.w3.org/1999/xhtml" fill="none" stroke="#00f" style=""></path><path pointer-events="all" version="1.1"
      xmlns="http://www.w3.org/1999/xhtml" d="M120.038658,60.59109050000001 L104.67550542211094,45.997477415211826 L107.2728299284673,54.843601165684724 L98.92801608779567,58.76330548674452 L120.038658,60.59109050000001" class="" stroke="#00f" fill="#00f" transform="translate(10.5,0.5)"></path><path pointer-events="all" version="1.1"
      xmlns="http://www.w3.org/1999/xhtml" d="M120.038658,60.59109050000001 L104.67550542211094,45.997477415211826 L107.2728299284673,54.843601165684724 L98.92801608779567,58.76330548674452 L120.038658,60.59109050000001" class="" stroke="#00f" fill="#00f" transform="translate(10.5,0.5)"></path></svg><div class="_jsPlumb_overlay l1 component label" id="jsPlumb_1_59" style="position: absolute; transform: translate(-50%, -50%); left: 717.5px; top: 491.5px;">continuation</div><div class="_jsPlumb_endpoint source-endpoint dependency-source-endpoint connected _jsPlumb_endpoint_anchor_ ui-draggable ui-droppable" style="position: absolute; height: 20px; width: 20px; left: 689px; top: 438px;"><svg style="position:absolute;left:0px;top:0px" width="20" height="20" pointer-events="all" position="absolute" version="1.1"
      xmlns="http://www.w3.org/1999/xhtml"><circle cx="10" cy="10" r="10" version="1.1"
      xmlns="http://www.w3.org/1999/xhtml" fill="#666" stroke="none" style=""></circle></svg></div><div class="_jsPlumb_endpoint source-endpoint if-source-endpoint _jsPlumb_endpoint_anchor_ ui-draggable ui-droppable _jsPlumb_endpoint_connected _jsPlumb_endpoint_full" style="position: absolute; height: 20px; width: 20px; left: 639px; top: 438px;"><svg style="position:absolute;left:0px;top:0px" width="20" height="20" pointer-events="all" position="absolute" version="1.1"
      xmlns="http://www.w3.org/1999/xhtml"><circle cx="10" cy="10" r="10" version="1.1"
      xmlns="http://www.w3.org/1999/xhtml" fill="#00f" stroke="none" style=""></circle></svg></div><div class="_jsPlumb_endpoint source-endpoint dependency-source-endpoint connected _jsPlumb_endpoint_anchor_ ui-draggable ui-droppable" style="position: absolute; height: 20px; width: 20px; left: 551px; top: 566px;"><svg style="position:absolute;left:0px;top:0px" width="20" height="20" pointer-events="all" position="absolute" version="1.1"
      xmlns="http://www.w3.org/1999/xhtml"><circle cx="10" cy="10" r="10" version="1.1"
      xmlns="http://www.w3.org/1999/xhtml" fill="#666" stroke="none" style=""></circle></svg></div><div class="_jsPlumb_endpoint target-endpoint if-target-endpoint _jsPlumb_endpoint_anchor_ ui-draggable ui-droppable _jsPlumb_endpoint_connected _jsPlumb_endpoint_full" style="position: absolute; height: 20px; width: 20px; left: 501px; top: 526px;"><svg style="position:absolute;left:0px;top:0px" width="20" height="20" pointer-events="all" position="absolute" version="1.1"
      xmlns="http://www.w3.org/1999/xhtml"><circle cx="10" cy="10" r="10" version="1.1"
      xmlns="http://www.w3.org/1999/xhtml" fill="#00f" stroke="none" style=""></circle></svg></div><div class="_jsPlumb_endpoint source-endpoint dependency-source-endpoint connected _jsPlumb_endpoint_anchor_ ui-draggable ui-droppable" style="position: absolute; height: 20px; width: 20px; left: 689px; top: 566px;"><svg style="position:absolute;left:0px;top:0px" width="20" height="20" pointer-events="all" position="absolute" version="1.1"
      xmlns="http://www.w3.org/1999/xhtml"><circle cx="10" cy="10" r="10" version="1.1"
      xmlns="http://www.w3.org/1999/xhtml" fill="#666" stroke="none" style=""></circle></svg></div><div class="_jsPlumb_endpoint target-endpoint if-target-endpoint _jsPlumb_endpoint_anchor_ ui-draggable ui-droppable _jsPlumb_endpoint_connected _jsPlumb_endpoint_full" style="position: absolute; height: 20px; width: 20px; left: 639px; top: 526px;"><svg style="position:absolute;left:0px;top:0px" width="20" height="20" pointer-events="all" position="absolute" version="1.1"
      xmlns="http://www.w3.org/1999/xhtml"><circle cx="10" cy="10" r="10" version="1.1"
      xmlns="http://www.w3.org/1999/xhtml" fill="#00f" stroke="none" style=""></circle></svg></div><div class="_jsPlumb_endpoint source-endpoint dependency-source-endpoint connected _jsPlumb_endpoint_anchor_ ui-draggable ui-droppable" style="position: absolute; height: 20px; width: 20px; left: 827px; top: 566px;"><svg style="position:absolute;left:0px;top:0px" width="20" height="20" pointer-events="all" position="absolute" version="1.1"
      xmlns="http://www.w3.org/1999/xhtml"><circle cx="10" cy="10" r="10" version="1.1"
      xmlns="http://www.w3.org/1999/xhtml" fill="#666" stroke="none" style=""></circle></svg></div><div class="_jsPlumb_endpoint target-endpoint if-target-endpoint _jsPlumb_endpoint_anchor_ ui-draggable ui-droppable _jsPlumb_endpoint_connected _jsPlumb_endpoint_full" style="position: absolute; height: 20px; width: 20px; left: 777px; top: 526px;"><svg style="position:absolute;left:0px;top:0px" width="20" height="20" pointer-events="all" position="absolute" version="1.1"
      xmlns="http://www.w3.org/1999/xhtml"><circle cx="10" cy="10" r="10" version="1.1"
      xmlns="http://www.w3.org/1999/xhtml" fill="#00f" stroke="none" style=""></circle></svg></div></div></div></body></html>
 ]]>
        </visualization>
    </metadata>
</job>