<?xml version="1.0" encoding="UTF-8"?>
<job xmlns:xsi="http://www.w3.org/2001/XMLSchema-instance" xmlns="urn:proactive:jobdescriptor:3.11"
     xsi:schemaLocation="urn:proactive:jobdescriptor:3.11 http://www.activeeon.com/public_content/schemas/proactive/jobdescriptor/3.11/schedulerjob.xsd"
     name="Loop" projectName="1. Flow Controls">
    <description>
        <![CDATA[ A loop is a set of tasks that will be duplicated and rescheduled. A script allows to control the number of replication by setting the variable 'loop' to true or false. ]]>
    </description>
    <genericInformation>
        <info name="workflow.icon" value="/automation-dashboard/styles/patterns/img/wf-icons/controls_loop.png"/>
        <info name="Documentation" value="user/ProActiveUserGuide.html#_loop"/>
    </genericInformation>
    <taskFlow>
        <task name="Start">
            <genericInformation>
                <info name="task.icon" value="/automation-dashboard/styles/patterns/img/wf-icons/controls_loop.png"/>
                <info name="Documentation" value="user/ProActiveUserGuide.html#_loop"/>
            </genericInformation>
            <scriptExecutable>
                <script>
                    <code language="javascript">
                        <![CDATA[
print('Loop block start ' + variables.get('PA_TASK_ITERATION'))
]]>
                    </code>
                </script>
            </scriptExecutable>
            <controlFlow block="start"/>
        </task>
        <task name="Loop">
            <genericInformation>
                <info name="task.icon" value="/automation-dashboard/styles/patterns/img/wf-icons/controls_loop.png"/>
            </genericInformation>
            <depends>
                <task ref="Start"/>
            </depends>
            <scriptExecutable>
                <script>
                    <code language="javascript">
                        <![CDATA[
print('Loop block end ' + variables.get('PA_TASK_ITERATION'))
]]>
                    </code>
                </script>
            </scriptExecutable>
            <controlFlow block="end">
                <loop target="Start">
                    <script>
                        <code language="javascript">
                            <![CDATA[
if(variables.get('PA_TASK_ITERATION') < 5) {
    loop = true;
} else {
    loop = false;
}
]]>
                        </code>
                    </script>
                </loop>
            </controlFlow>
        </task>
    </taskFlow>
    <metadata>
        <visualization>
            <![CDATA[ <html><head><link rel="stylesheet" href="/studio/styles/studio-standalone.css"><style>
        #workflow-designer {
            left:0 !important;
            top:0 !important;
            width:2864px;
            height:3568px;
            }
        </style></head><body><div id="workflow-visualization-view"><div id="workflow-visualization" style="position:relative;top:-404px;left:-644px"><div class="task block-start ui-draggable _jsPlumb_endpoint_anchor_" id="jsPlumb_1_63" style="top: 409px; left: 649px;"><a class="task-name"><img src="/automation-dashboard/styles/patterns/img/wf-icons/controls_loop.png" width="20px">&nbsp;<span class="name">Start</span></a></div><div class="task block-end ui-draggable _jsPlumb_endpoint_anchor_" id="jsPlumb_1_66" style="top: 533px; left: 649px;"><a class="task-name"><img src="/automation-dashboard/styles/patterns/img/wf-icons/controls_loop.png" width="20px">&nbsp;<span class="name">Loop</span></a></div><svg style="position:absolute;left:683.8846994657227px;top:448.5px" width="15.615300534277214" height="85" pointer-events="none" position="absolute" version="1.1"
      xmlns="http://www.w3.org/1999/xhtml" class="_jsPlumb_connector "><path d="M 0 84 C -10 34 -10 50 0 0 " transform="translate(15.115300534277214,0.5)" pointer-events="visibleStroke" version="1.1"
      xmlns="http://www.w3.org/1999/xhtml" fill="none" stroke="#666" style=""></path><path pointer-events="all" version="1.1"
      xmlns="http://www.w3.org/1999/xhtml" d="M-4.331249999999999,63.10631250000001 L-1.3868194094634143,42.122263117254256 L-7.075116980309219,49.37783137518621 L-15.115300534277214,44.86613009756348 L-4.331249999999999,63.10631250000001" class="" stroke="#666" fill="#666" transform="translate(15.115300534277214,0.5)"></path><path pointer-events="all" version="1.1"
      xmlns="http://www.w3.org/1999/xhtml" d="M-4.331249999999999,63.10631250000001 L-1.3868194094634143,42.122263117254256 L-7.075116980309219,49.37783137518621 L-15.115300534277214,44.86613009756348 L-4.331249999999999,63.10631250000001" class="" stroke="#666" fill="#666" transform="translate(15.115300534277214,0.5)"></path></svg><svg style="position:absolute;left:733.8846994657227px;top:448.5px" width="15.615300534277214" height="85" pointer-events="none" position="absolute" version="1.1"
      xmlns="http://www.w3.org/1999/xhtml" class="_jsPlumb_connector "><path d="M 0 0 C -10 50 -10 34 0 84 " transform="translate(15.115300534277214,0.5)" pointer-events="visibleStroke" version="1.1"
      xmlns="http://www.w3.org/1999/xhtml" fill="none" stroke="#316b31" style=""></path><path pointer-events="all" version="1.1"
      xmlns="http://www.w3.org/1999/xhtml" d="M-4.331249999999999,20.89368749999999 L-1.3868194094634143,41.877736882745744 L-7.075116980309219,34.62216862481379 L-15.115300534277214,39.13386990243652 L-4.331249999999999,20.89368749999999" class="" stroke="#316b31" fill="#316b31" transform="translate(15.115300534277214,0.5)"></path><path pointer-events="all" version="1.1"
      xmlns="http://www.w3.org/1999/xhtml" d="M-4.331249999999999,20.89368749999999 L-1.3868194094634143,41.877736882745744 L-7.075116980309219,34.62216862481379 L-15.115300534277214,39.13386990243652 L-4.331249999999999,20.89368749999999" class="" stroke="#316b31" fill="#316b31" transform="translate(15.115300534277214,0.5)"></path></svg><div class="_jsPlumb_overlay l1 component label" id="jsPlumb_1_77" style="position: absolute; transform: translate(-50%, -50%); left: 741px; top: 490.5px;">loop</div><div class="_jsPlumb_endpoint source-endpoint dependency-source-endpoint connected _jsPlumb_endpoint_anchor_ ui-draggable ui-droppable _jsPlumb_endpoint_connected" style="position: absolute; height: 20px; width: 20px; left: 689px; top: 439px;"><svg style="position:absolute;left:0px;top:0px" width="20" height="20" pointer-events="all" position="absolute" version="1.1"
      xmlns="http://www.w3.org/1999/xhtml"><circle cx="10" cy="10" r="10" version="1.1"
      xmlns="http://www.w3.org/1999/xhtml" fill="#666" stroke="none" style=""></circle></svg></div><div class="_jsPlumb_endpoint target-endpoint loop-target-endpoint _jsPlumb_endpoint_anchor_ ui-draggable ui-droppable _jsPlumb_endpoint_connected _jsPlumb_endpoint_full" style="position: absolute; height: 20px; width: 20px; left: 739px; top: 439px;"><svg style="position:absolute;left:0px;top:0px" width="20" height="20" pointer-events="all" position="absolute" version="1.1"
      xmlns="http://www.w3.org/1999/xhtml"><circle cx="10" cy="10" r="10" version="1.1"
      xmlns="http://www.w3.org/1999/xhtml" fill="#316b31" stroke="none" style=""></circle></svg></div><div class="_jsPlumb_endpoint source-endpoint dependency-source-endpoint connected _jsPlumb_endpoint_anchor_ ui-draggable ui-droppable" style="position: absolute; height: 20px; width: 20px; left: 689px; top: 563px;"><svg style="position:absolute;left:0px;top:0px" width="20" height="20" pointer-events="all" position="absolute" version="1.1"
      xmlns="http://www.w3.org/1999/xhtml"><circle cx="10" cy="10" r="10" version="1.1"
      xmlns="http://www.w3.org/1999/xhtml" fill="#666" stroke="none" style=""></circle></svg></div><div class="_jsPlumb_endpoint target-endpoint dependency-target-endpoint _jsPlumb_endpoint_anchor_ ui-draggable ui-droppable _jsPlumb_endpoint_connected" style="position: absolute; height: 20px; width: 20px; left: 689px; top: 523px;"><svg style="position:absolute;left:0px;top:0px" width="20" height="20" pointer-events="all" position="absolute" version="1.1"
      xmlns="http://www.w3.org/1999/xhtml"><circle cx="10" cy="10" r="10" version="1.1"
      xmlns="http://www.w3.org/1999/xhtml" fill="#666" stroke="none" style=""></circle></svg></div><div class="_jsPlumb_endpoint source-endpoint loop-source-endpoint _jsPlumb_endpoint_anchor_ ui-draggable ui-droppable _jsPlumb_endpoint_connected _jsPlumb_endpoint_full" style="position: absolute; height: 20px; width: 20px; left: 739px; top: 523px;"><svg style="position:absolute;left:0px;top:0px" width="20" height="20" pointer-events="all" position="absolute" version="1.1"
      xmlns="http://www.w3.org/1999/xhtml"><circle cx="10" cy="10" r="10" version="1.1"
      xmlns="http://www.w3.org/1999/xhtml" fill="#316b31" stroke="none" style=""></circle></svg></div></div></div></body></html>
 ]]>
        </visualization>
    </metadata>
</job>