<?xml version="1.0" encoding="UTF-8"?>
<job xmlns:xsi="http://www.w3.org/2001/XMLSchema-instance" xmlns="urn:proactive:jobdescriptor:3.11"
     xsi:schemaLocation="urn:proactive:jobdescriptor:3.11 http://www.activeeon.com/public_content/schemas/proactive/jobdescriptor/3.11/schedulerjob.xsd"
     name="Submit_And_Wait_For_Any" projectName="2. Tasks and Jobs Dependencies">
    <variables>
        <variable name="taskNames" value="Average1,Average2"/>
        <variable name="called_workflow" value="basic-examples/Distributed_Computing_Pi" model="PA:CATALOG_OBJECT"/>
        <variable name="workflow_variables_json" value="{}"/>
    </variables>
    <description>
        <![CDATA[ Submit a processing workflow, and wait for one task from the taskNames list to finish before continuing. ]]>
    </description>
    <genericInformation>
        <info name="workflow.icon"
              value="/automation-dashboard/styles/patterns/img/wf-icons/controls_submit_and_wait_for_any.png"/>
    </genericInformation>
    <taskFlow>
        <task name="Submit">
            <genericInformation>
                <info name="task.icon"
                      value="/automation-dashboard/styles/patterns/img/wf-icons/controls_submit_and_wait_for_any.png"/>
            </genericInformation>
            <scriptExecutable>
                <script>
                    <code language="groovy">
                        <![CDATA[
println "Submitting a processing job ..."

// Retrieve some variables
def PA_CATALOG_REST_URL = variables.get("PA_CATALOG_REST_URL")
def calledWorkflow = variables.get("called_workflow")
def workflow_variables_json = variables.get("workflow_variables_json")

// From variables json to map
def slurper = new groovy.json.JsonSlurper()
def variables_map = (Map) slurper.parseText(workflow_variables_json)

println "Submitting workflow " + calledWorkflow

// submitting the job
schedulerapi.connect()
def generic_infos_map = ["PARENT_JOB_ID" : variables.get("PA_JOB_ID")]
def job_id = schedulerapi.submitFromCatalog(PA_CATALOG_REST_URL, calledWorkflow, variables_map, generic_infos_map)

variables.put("jobID", job_id)
]]>
                    </code>
                </script>
            </scriptExecutable>
        </task>
        <task name="Wait_For_Task">
            <genericInformation>
                <info name="task.icon"
                      value="/automation-dashboard/styles/patterns/img/wf-icons/controls_submit_and_wait_for_any.png"/>
            </genericInformation>
            <depends>
                <task ref="Submit"/>
            </depends>
            <scriptExecutable>
                <script>
                    <code language="groovy">
                        <![CDATA[
def tasks_names = variables["taskNames"]
def job_id = variables["jobID"]

schedulerapi.connect()

// Wait any task end if no tasks_names
if (!tasks_names)
{
  println "(waiting for a task to finish)"
  while(schedulerapi.getJobInfo(job_id).getNumberOfFinishedTasks() == 0)
  	sleep(1000)
}
else // Wait one of the tasks_names end
{
  def tasks_names_list = variables["taskNames"].split(",") as List
  def time_out_in_sec = 30
  println "(waiting for a task in " + tasks_names_list + " to finish)"
  schedulerapi.waitForAnyTask(job_id.value(), tasks_names_list, time_out_in_sec * 1000)
}


variables["isFinished"] = "yes"
]]>
                    </code>
                </script>
            </scriptExecutable>
            <controlFlow>
                <loop target="Wait_For_Task">
                    <script>
                        <code language="javascript">
                            <![CDATA[
// You can use a Cron Expression here
              // examples http://www.sauronsoftware.it/projects/cron4j/manual.php#p02
if(!variables.get("isFinished")){
	loop = '* * * * *';
}else{
	loop = false;
}
]]>
                        </code>
                    </script>
                </loop>
            </controlFlow>
        </task>
        <task name="Next_process">
            <genericInformation>
                <info name="task.icon"
                      value="/automation-dashboard/styles/patterns/img/wf-icons/controls_submit_and_wait_for_any.png"/>
            </genericInformation>
            <depends>
                <task ref="Wait_For_Task"/>
            </depends>
            <scriptExecutable>
                <script>
                    <code language="groovy">
                        <![CDATA[
println "... " + variables.get("PA_TASK_NAME")
]]>
                    </code>
                </script>
            </scriptExecutable>
        </task>
    </taskFlow>
    <metadata>
        <visualization>
            <![CDATA[ <html><head><link rel="stylesheet" href="/studio/styles/studio-standalone.css"><style>
        #workflow-designer {
            left:0 !important;
            top:0 !important;
            width:2864px;
            height:3568px;
            }
        </style></head><body><div id="workflow-visualization-view"><div id="workflow-visualization" style="position:relative;top:-339px;left:-644.25px"><div class="task _jsPlumb_endpoint_anchor_ ui-draggable" id="jsPlumb_1_99" style="top: 344px; left: 649.25px;"><a class="task-name"><img src="/automation-dashboard/styles/patterns/img/wf-icons/controls_submit_and_wait_for_any.png" width="20px">&nbsp;<span class="name">Submit</span></a></div><div class="task ui-draggable _jsPlumb_endpoint_anchor_" id="jsPlumb_1_102" style="top: 472px; left: 649.25px;"><a class="task-name"><img src="/automation-dashboard/styles/patterns/img/wf-icons/controls_submit_and_wait_for_any.png" width="20px">&nbsp;<span class="name">Wait_For_Task</span></a></div><div class="task ui-draggable _jsPlumb_endpoint_anchor_" id="jsPlumb_1_105" style="top: 600px; left: 649.25px;"><a class="task-name"><img src="/automation-dashboard/styles/patterns/img/wf-icons/controls_submit_and_wait_for_any.png" width="20px">&nbsp;<span class="name">Next_process</span></a></div><svg style="position:absolute;left:688.5px;top:383.5px" width="21.5" height="89" pointer-events="none" position="absolute" version="1.1"
      xmlns="http://www.w3.org/1999/xhtml" class="_jsPlumb_connector "><path d="M 0.5 88 C 10.5 38 -10 50 0 0 " transform="translate(10.5,0.5)" pointer-events="visibleStroke" version="1.1"
      xmlns="http://www.w3.org/1999/xhtml" fill="none" stroke="#666" style=""></path><path pointer-events="all" version="1.1"
      xmlns="http://www.w3.org/1999/xhtml" d="M3.274734375,66.78168750000002 L9.572638757893003,46.54962382908555 L2.7862510508584033,52.790212093809444 L-4.4188366482975665,47.038107153227145 L3.274734375,66.78168750000002" class="" stroke="#666" fill="#666" transform="translate(10.5,0.5)"></path><path pointer-events="all" version="1.1"
      xmlns="http://www.w3.org/1999/xhtml" d="M3.274734375,66.78168750000002 L9.572638757893003,46.54962382908555 L2.7862510508584033,52.790212093809444 L-4.4188366482975665,47.038107153227145 L3.274734375,66.78168750000002" class="" stroke="#666" fill="#666" transform="translate(10.5,0.5)"></path></svg><svg style="position:absolute;left:730.0266769263776px;top:421.5px" width="20.473323073622403" height="141" pointer-events="none" position="absolute" version="1.1"
      xmlns="http://www.w3.org/1999/xhtml" class="_jsPlumb_connector "><path d="M 0 40 C -10 90 -10 -50 0 0 " transform="translate(19.973323073622403,50.5)" pointer-events="visibleStroke" version="1.1"
      xmlns="http://www.w3.org/1999/xhtml" fill="none" stroke="#316b31" style=""></path><path pointer-events="all" version="1.1"
      xmlns="http://www.w3.org/1999/xhtml" d="M-2.4569999999999963,49.16001999999999 L-8.714346841294152,28.91537600442066 L-10.77778447022079,37.90104376767174 L-19.973323073622403,37.23616047464146 L-2.4569999999999963,49.16001999999999" class="" stroke="#316b31" fill="#316b31" transform="translate(19.973323073622403,50.5)"></path><path pointer-events="all" version="1.1"
      xmlns="http://www.w3.org/1999/xhtml" d="M-2.4569999999999963,49.16001999999999 L-8.714346841294152,28.91537600442066 L-10.77778447022079,37.90104376767174 L-19.973323073622403,37.23616047464146 L-2.4569999999999963,49.16001999999999" class="" stroke="#316b31" fill="#316b31" transform="translate(19.973323073622403,50.5)"></path></svg><div class="_jsPlumb_overlay l1 component label" id="jsPlumb_1_116" style="position: absolute; transform: translate(-50%, -50%); left: 742px; top: 491.5px;">loop</div><svg style="position:absolute;left:688.5px;top:511.5px" width="21.5" height="89" pointer-events="none" position="absolute" version="1.1"
      xmlns="http://www.w3.org/1999/xhtml" class="_jsPlumb_connector "><path d="M 0 88 C -10 38 10.5 50 0.5 0 " transform="translate(10.5,0.5)" pointer-events="visibleStroke" version="1.1"
      xmlns="http://www.w3.org/1999/xhtml" fill="none" stroke="#666" style=""></path><path pointer-events="all" version="1.1"
      xmlns="http://www.w3.org/1999/xhtml" d="M-2.7747343749999995,66.78168750000002 L4.918836648297567,47.038107153227145 L-2.286251050858403,52.790212093809444 L-9.072638757893003,46.54962382908555 L-2.7747343749999995,66.78168750000002" class="" stroke="#666" fill="#666" transform="translate(10.5,0.5)"></path><path pointer-events="all" version="1.1"
      xmlns="http://www.w3.org/1999/xhtml" d="M-2.7747343749999995,66.78168750000002 L4.918836648297567,47.038107153227145 L-2.286251050858403,52.790212093809444 L-9.072638757893003,46.54962382908555 L-2.7747343749999995,66.78168750000002" class="" stroke="#666" fill="#666" transform="translate(10.5,0.5)"></path></svg><div class="_jsPlumb_endpoint source-endpoint dependency-source-endpoint connected _jsPlumb_endpoint_anchor_ ui-draggable ui-droppable _jsPlumb_endpoint_connected" style="position: absolute; height: 20px; width: 20px; left: 689px; top: 374px;"><svg style="position:absolute;left:0px;top:0px" width="20" height="20" pointer-events="all" position="absolute" version="1.1"
      xmlns="http://www.w3.org/1999/xhtml"><circle cx="10" cy="10" r="10" version="1.1"
      xmlns="http://www.w3.org/1999/xhtml" fill="#666" stroke="none" style=""></circle></svg></div><div class="_jsPlumb_endpoint source-endpoint dependency-source-endpoint connected _jsPlumb_endpoint_anchor_ ui-draggable ui-droppable _jsPlumb_endpoint_connected" style="position: absolute; height: 20px; width: 20px; left: 689.5px; top: 502px;"><svg style="position:absolute;left:0px;top:0px" width="20" height="20" pointer-events="all" position="absolute" version="1.1"
      xmlns="http://www.w3.org/1999/xhtml"><circle cx="10" cy="10" r="10" version="1.1"
      xmlns="http://www.w3.org/1999/xhtml" fill="#666" stroke="none" style=""></circle></svg></div><div class="_jsPlumb_endpoint target-endpoint dependency-target-endpoint _jsPlumb_endpoint_anchor_ ui-draggable ui-droppable _jsPlumb_endpoint_connected" style="position: absolute; height: 20px; width: 20px; left: 689.5px; top: 462px;"><svg style="position:absolute;left:0px;top:0px" width="20" height="20" pointer-events="all" position="absolute" version="1.1"
      xmlns="http://www.w3.org/1999/xhtml"><circle cx="10" cy="10" r="10" version="1.1"
      xmlns="http://www.w3.org/1999/xhtml" fill="#666" stroke="none" style=""></circle></svg></div><div class="_jsPlumb_endpoint source-endpoint loop-source-endpoint _jsPlumb_endpoint_anchor_ ui-draggable ui-droppable _jsPlumb_endpoint_connected _jsPlumb_endpoint_full" style="position: absolute; height: 20px; width: 20px; left: 740px; top: 462px;"><svg style="position:absolute;left:0px;top:0px" width="20" height="20" pointer-events="all" position="absolute" version="1.1"
      xmlns="http://www.w3.org/1999/xhtml"><circle cx="10" cy="10" r="10" version="1.1"
      xmlns="http://www.w3.org/1999/xhtml" fill="#316b31" stroke="none" style=""></circle></svg></div><div class="_jsPlumb_endpoint target-endpoint loop-target-endpoint _jsPlumb_endpoint_anchor_ ui-draggable ui-droppable _jsPlumb_endpoint_connected _jsPlumb_endpoint_full" style="position: absolute; height: 20px; width: 20px; left: 740px; top: 502px;"><svg style="position:absolute;left:0px;top:0px" width="20" height="20" pointer-events="all" position="absolute" version="1.1"
      xmlns="http://www.w3.org/1999/xhtml"><circle cx="10" cy="10" r="10" version="1.1"
      xmlns="http://www.w3.org/1999/xhtml" fill="#316b31" stroke="none" style=""></circle></svg></div><div class="_jsPlumb_endpoint source-endpoint dependency-source-endpoint connected _jsPlumb_endpoint_anchor_ ui-draggable ui-droppable" style="position: absolute; height: 20px; width: 20px; left: 689px; top: 630px;"><svg style="position:absolute;left:0px;top:0px" width="20" height="20" pointer-events="all" position="absolute" version="1.1"
      xmlns="http://www.w3.org/1999/xhtml"><circle cx="10" cy="10" r="10" version="1.1"
      xmlns="http://www.w3.org/1999/xhtml" fill="#666" stroke="none" style=""></circle></svg></div><div class="_jsPlumb_endpoint target-endpoint dependency-target-endpoint _jsPlumb_endpoint_anchor_ ui-draggable ui-droppable _jsPlumb_endpoint_connected" style="position: absolute; height: 20px; width: 20px; left: 689px; top: 590px;"><svg style="position:absolute;left:0px;top:0px" width="20" height="20" pointer-events="all" position="absolute" version="1.1"
      xmlns="http://www.w3.org/1999/xhtml"><circle cx="10" cy="10" r="10" version="1.1"
      xmlns="http://www.w3.org/1999/xhtml" fill="#666" stroke="none" style=""></circle></svg></div></div></div></body></html>
 ]]>
        </visualization>
    </metadata>
</job>