<?xml version="1.0" encoding="UTF-8"?>
<job xmlns:xsi="http://www.w3.org/2001/XMLSchema-instance" xmlns="urn:proactive:jobdescriptor:3.11"
     xsi:schemaLocation="urn:proactive:jobdescriptor:3.11 http://www.activeeon.com/public_content/schemas/proactive/jobdescriptor/3.11/schedulerjob.xsd"
     name="Wait_For_Any" projectName="2. Tasks and Jobs Dependencies">
    <description>
        <![CDATA[ Execute processing tasks, and wait for one task from the taskNames list to finish before continuing. ]]>
    </description>
    <genericInformation>
        <info name="workflow.icon"
              value="/automation-dashboard/styles/patterns/img/wf-icons/controls_wait_for_any.png"/>
    </genericInformation>
    <taskFlow>
        <task name="Wait_For_Task">
            <variables>
                <variable name="taskNames" value="Process_1,Process_2,Process_3" inherited="false"/>
            </variables>
            <genericInformation>
                <info name="task.icon"
                      value="/automation-dashboard/styles/patterns/img/wf-icons/controls_wait_for_any.png"/>
            </genericInformation>
            <scriptExecutable>
                <script>
                    <code language="groovy">
                        <![CDATA[
schedulerapi.connect()

def job_id = variables["PA_JOB_ID"]
def task_names_list = variables["taskNames"].split(",") as List
def time_out_in_sec = 30

println "(waiting for a task in " + task_names_list + " to finish)"
schedulerapi.waitForAnyTask(job_id, task_names_list, time_out_in_sec * 1000)

variables["isFinished"] = "true"
]]>
                    </code>
                </script>
            </scriptExecutable>
            <controlFlow>
                <loop target="Wait_For_Task">
                    <script>
                        <code language="javascript">
                            <![CDATA[
// You can use a Cron Expression here
              // examples http://www.sauronsoftware.it/projects/cron4j/manual.php#p02
if(!variables.get("isFinished")){
	loop = '* * * * *';
}else{
	loop = false;
}
]]>
                        </code>
                    </script>
                </loop>
            </controlFlow>
        </task>
        <task name="Next_Process">
            <genericInformation>
                <info name="task.icon"
                      value="/automation-dashboard/styles/patterns/img/wf-icons/controls_wait_for_any.png"/>
            </genericInformation>
            <depends>
                <task ref="Wait_For_Task"/>
            </depends>
            <scriptExecutable>
                <script>
                    <code language="groovy">
                        <![CDATA[
println "... " + variables.get("PA_TASK_NAME")
]]>
                    </code>
                </script>
            </scriptExecutable>
        </task>
        <task name="Process_1">
            <scriptExecutable>
                <script>
                    <code language="groovy">
                        <![CDATA[
def sleep_duration_in_sec = (new Random().nextInt(30-10)+10)

println variables.get("PA_TASK_NAME") + " ... (sleep during " + sleep_duration_in_sec + " seconds) ..."

sleep(sleep_duration_in_sec * 1000)
]]>
                    </code>
                </script>
            </scriptExecutable>
        </task>
        <task name="Process_2">
            <scriptExecutable>
                <script>
                    <code language="groovy">
                        <![CDATA[
def sleep_duration_in_sec = (new Random().nextInt(30-10)+10)

println variables.get("PA_TASK_NAME") + " ... (sleep during " + sleep_duration_in_sec + " seconds) ..."

sleep(sleep_duration_in_sec * 1000)
]]>
                    </code>
                </script>
            </scriptExecutable>
        </task>
        <task name="Process_3">
            <scriptExecutable>
                <script>
                    <code language="groovy">
                        <![CDATA[
def sleep_duration_in_sec = (new Random().nextInt(30-10)+10)

println variables.get("PA_TASK_NAME") + " ... (sleep during " + sleep_duration_in_sec + " seconds) ..."

sleep(sleep_duration_in_sec * 1000)
]]>
                    </code>
                </script>
            </scriptExecutable>
        </task>
    </taskFlow>
    <metadata>
        <visualization>
            <![CDATA[ <html><head><link rel="stylesheet" href="/studio/styles/studio-standalone.css"><style>
        #workflow-designer {
            left:0 !important;
            top:0 !important;
            width:2864px;
            height:3568px;
            }
        </style></head><body><div id="workflow-visualization-view"><div id="workflow-visualization" style="position:relative;top:-403px;left:-437px"><div class="task ui-draggable _jsPlumb_endpoint_anchor_" id="jsPlumb_1_1" style="top: 408px; left: 442px;"><a class="task-name"><img src="/automation-dashboard/styles/patterns/img/wf-icons/controls_wait_for_any.png" width="20px">&nbsp;<span class="name">Wait_For_Task</span></a></div><div class="task ui-draggable _jsPlumb_endpoint_anchor_" id="jsPlumb_1_4" style="top: 536px; left: 442px;"><a class="task-name"><img src="/automation-dashboard/styles/patterns/img/wf-icons/controls_wait_for_any.png" width="20px">&nbsp;<span class="name">Next_Process</span></a></div><div class="task _jsPlumb_endpoint_anchor_ ui-draggable" id="jsPlumb_1_7" style="top: 408px; left: 580.5px;"><a class="task-name"><img src="/studio/images/Groovy.png" width="20px">&nbsp;<span class="name">Process_1</span></a></div><div class="task _jsPlumb_endpoint_anchor_ ui-draggable" id="jsPlumb_1_10" style="top: 408px; left: 718.5px;"><a class="task-name"><img src="/studio/images/Groovy.png" width="20px">&nbsp;<span class="name">Process_2</span></a></div><div class="task _jsPlumb_endpoint_anchor_ ui-draggable" id="jsPlumb_1_13" style="top: 408px; left: 856.5px;"><a class="task-name"><img src="/studio/images/Groovy.png" width="20px">&nbsp;<span class="name">Process_3</span></a></div><svg style="position:absolute;left:523.0266769263776px;top:357.5px" width="20.473323073622403" height="141" pointer-events="none" position="absolute" version="1.1"
      xmlns="http://www.w3.org/1999/xhtml" class="_jsPlumb_connector "><path d="M 0 40 C -10 90 -10 -50 0 0 " transform="translate(19.973323073622403,50.5)" pointer-events="visibleStroke" version="1.1"
      xmlns="http://www.w3.org/1999/xhtml" fill="none" stroke="#316b31" style=""></path><path pointer-events="all" version="1.1"
      xmlns="http://www.w3.org/1999/xhtml" d="M-2.4569999999999963,49.16001999999999 L-8.714346841294152,28.91537600442066 L-10.77778447022079,37.90104376767174 L-19.973323073622403,37.23616047464146 L-2.4569999999999963,49.16001999999999" class="" stroke="#316b31" fill="#316b31" transform="translate(19.973323073622403,50.5)"></path><path pointer-events="all" version="1.1"
      xmlns="http://www.w3.org/1999/xhtml" d="M-2.4569999999999963,49.16001999999999 L-8.714346841294152,28.91537600442066 L-10.77778447022079,37.90104376767174 L-19.973323073622403,37.23616047464146 L-2.4569999999999963,49.16001999999999" class="" stroke="#316b31" fill="#316b31" transform="translate(19.973323073622403,50.5)"></path></svg><div class="_jsPlumb_overlay l1 component label" id="jsPlumb_1_21" style="position: absolute; transform: translate(-50%, -50%); left: 535px; top: 427.5px;">loop</div><svg style="position:absolute;left:481.5px;top:447.5px" width="21.5" height="89" pointer-events="none" position="absolute" version="1.1"
      xmlns="http://www.w3.org/1999/xhtml" class="_jsPlumb_connector "><path d="M 0 88 C -10 38 10.5 50 0.5 0 " transform="translate(10.5,0.5)" pointer-events="visibleStroke" version="1.1"
      xmlns="http://www.w3.org/1999/xhtml" fill="none" stroke="#666" style=""></path><path pointer-events="all" version="1.1"
      xmlns="http://www.w3.org/1999/xhtml" d="M-2.7747343749999995,66.78168750000002 L4.918836648297567,47.038107153227145 L-2.286251050858403,52.790212093809444 L-9.072638757893003,46.54962382908555 L-2.7747343749999995,66.78168750000002" class="" stroke="#666" fill="#666" transform="translate(10.5,0.5)"></path><path pointer-events="all" version="1.1"
      xmlns="http://www.w3.org/1999/xhtml" d="M-2.7747343749999995,66.78168750000002 L4.918836648297567,47.038107153227145 L-2.286251050858403,52.790212093809444 L-9.072638757893003,46.54962382908555 L-2.7747343749999995,66.78168750000002" class="" stroke="#666" fill="#666" transform="translate(10.5,0.5)"></path></svg><div class="_jsPlumb_endpoint source-endpoint dependency-source-endpoint connected _jsPlumb_endpoint_anchor_ ui-draggable ui-droppable _jsPlumb_endpoint_connected" style="position: absolute; height: 20px; width: 20px; left: 482.5px; top: 438px;"><svg style="position:absolute;left:0px;top:0px" width="20" height="20" pointer-events="all" position="absolute" version="1.1"
      xmlns="http://www.w3.org/1999/xhtml"><circle cx="10" cy="10" r="10" version="1.1"
      xmlns="http://www.w3.org/1999/xhtml" fill="#666" stroke="none" style=""></circle></svg></div><div class="_jsPlumb_endpoint source-endpoint loop-source-endpoint _jsPlumb_endpoint_anchor_ ui-draggable ui-droppable _jsPlumb_endpoint_connected _jsPlumb_endpoint_full" style="position: absolute; height: 20px; width: 20px; left: 533px; top: 398px;"><svg style="position:absolute;left:0px;top:0px" width="20" height="20" pointer-events="all" position="absolute" version="1.1"
      xmlns="http://www.w3.org/1999/xhtml"><circle cx="10" cy="10" r="10" version="1.1"
      xmlns="http://www.w3.org/1999/xhtml" fill="#316b31" stroke="none" style=""></circle></svg></div><div class="_jsPlumb_endpoint target-endpoint loop-target-endpoint _jsPlumb_endpoint_anchor_ ui-draggable ui-droppable _jsPlumb_endpoint_connected _jsPlumb_endpoint_full" style="position: absolute; height: 20px; width: 20px; left: 533px; top: 438px;"><svg style="position:absolute;left:0px;top:0px" width="20" height="20" pointer-events="all" position="absolute" version="1.1"
      xmlns="http://www.w3.org/1999/xhtml"><circle cx="10" cy="10" r="10" version="1.1"
      xmlns="http://www.w3.org/1999/xhtml" fill="#316b31" stroke="none" style=""></circle></svg></div><div class="_jsPlumb_endpoint source-endpoint dependency-source-endpoint connected _jsPlumb_endpoint_anchor_ ui-draggable ui-droppable" style="position: absolute; height: 20px; width: 20px; left: 482px; top: 566px;"><svg style="position:absolute;left:0px;top:0px" width="20" height="20" pointer-events="all" position="absolute" version="1.1"
      xmlns="http://www.w3.org/1999/xhtml"><circle cx="10" cy="10" r="10" version="1.1"
      xmlns="http://www.w3.org/1999/xhtml" fill="#666" stroke="none" style=""></circle></svg></div><div class="_jsPlumb_endpoint target-endpoint dependency-target-endpoint _jsPlumb_endpoint_anchor_ ui-draggable ui-droppable _jsPlumb_endpoint_connected" style="position: absolute; height: 20px; width: 20px; left: 482px; top: 526px;"><svg style="position:absolute;left:0px;top:0px" width="20" height="20" pointer-events="all" position="absolute" version="1.1"
      xmlns="http://www.w3.org/1999/xhtml"><circle cx="10" cy="10" r="10" version="1.1"
      xmlns="http://www.w3.org/1999/xhtml" fill="#666" stroke="none" style=""></circle></svg></div><div class="_jsPlumb_endpoint source-endpoint dependency-source-endpoint connected _jsPlumb_endpoint_anchor_ ui-draggable ui-droppable" style="position: absolute; height: 20px; width: 20px; left: 621px; top: 438px;"><svg style="position:absolute;left:0px;top:0px" width="20" height="20" pointer-events="all" position="absolute" version="1.1"
      xmlns="http://www.w3.org/1999/xhtml"><circle cx="10" cy="10" r="10" version="1.1"
      xmlns="http://www.w3.org/1999/xhtml" fill="#666" stroke="none" style=""></circle></svg></div><div class="_jsPlumb_endpoint source-endpoint dependency-source-endpoint connected _jsPlumb_endpoint_anchor_ ui-draggable ui-droppable" style="position: absolute; height: 20px; width: 20px; left: 759px; top: 438px;"><svg style="position:absolute;left:0px;top:0px" width="20" height="20" pointer-events="all" position="absolute" version="1.1"
      xmlns="http://www.w3.org/1999/xhtml"><circle cx="10" cy="10" r="10" version="1.1"
      xmlns="http://www.w3.org/1999/xhtml" fill="#666" stroke="none" style=""></circle></svg></div><div class="_jsPlumb_endpoint source-endpoint dependency-source-endpoint connected _jsPlumb_endpoint_anchor_ ui-draggable ui-droppable" style="position: absolute; height: 20px; width: 20px; left: 897px; top: 438px;"><svg style="position:absolute;left:0px;top:0px" width="20" height="20" pointer-events="all" position="absolute" version="1.1"
      xmlns="http://www.w3.org/1999/xhtml"><circle cx="10" cy="10" r="10" version="1.1"
      xmlns="http://www.w3.org/1999/xhtml" fill="#666" stroke="none" style=""></circle></svg></div></div></div></body></html>
 ]]>
        </visualization>
    </metadata>
</job>