<?xml version="1.0" encoding="UTF-8"?>
<job xmlns:xsi="http://www.w3.org/2001/XMLSchema-instance" xmlns="urn:proactive:jobdescriptor:3.11"
     xsi:schemaLocation="urn:proactive:jobdescriptor:3.11 http://www.activeeon.com/public_content/schemas/proactive/jobdescriptor/3.11/schedulerjob.xsd"
     name="Wait_For_Any_Replicate" projectName="2. Tasks and Jobs Dependencies">
    <variables>
        <variable name="nb_runs" value="4"/>
    </variables>
    <description>
        <![CDATA[ Execute replicated processing tasks, and wait for one task to finish before continuing. The first terminated task kill the others using a kill script from the catalog. ]]>
    </description>
    <genericInformation>
        <info name="workflow.icon"
              value="/automation-dashboard/styles/patterns/img/wf-icons/controls_wait_for_any_replicate.png"/>
    </genericInformation>
    <taskFlow>
        <task name="First_Process">
            <genericInformation>
                <info name="task.icon"
                      value="/automation-dashboard/styles/patterns/img/wf-icons/controls_wait_for_any_replicate.png"/>
            </genericInformation>
            <scriptExecutable>
                <script>
                    <code language="groovy">
                        <![CDATA[
println variables.get("PA_TASK_NAME") + " ..."
]]>
                    </code>
                </script>
            </scriptExecutable>
            <controlFlow>
                <replicate>
                    <script>
                        <code language="groovy">
                            <![CDATA[
runs = (variables["nb_runs"] as Integer)
]]>
                        </code>
                    </script>
                </replicate>
            </controlFlow>
        </task>
        <task name="Process">
            <genericInformation>
                <info name="task.icon"
                      value="/automation-dashboard/styles/patterns/img/wf-icons/controls_wait_for_any_replicate.png"/>
            </genericInformation>
            <depends>
                <task ref="First_Process"/>
            </depends>
            <scriptExecutable>
                <script>
                    <code language="groovy">
                        <![CDATA[
def sleep_duration_in_sec = (new Random().nextInt(30-10)+10)
println "... " + variables.get("PA_TASK_NAME") + " ... (sleep during " + sleep_duration_in_sec + " seconds) ..."
sleep(sleep_duration_in_sec * 1000)
]]>
                    </code>
                </script>
            </scriptExecutable>
            <post>
                <script>
                    <code language="groovy">
                        <![CDATA[
// Retrieve the running catalog url
schedulerapi.connect()
def sessionId = schedulerapi.getSession()
def catalog_url = variables.get("PA_CATALOG_REST_URL")

// Retrieve the kill script from the catalog
def kill_script_file = new File(localspace, "kill_other_replicated_tasks.groovy")
def get_script_query = catalog_url + "/buckets/1008/resources/kill_other_replicated_tasks_groovy/raw"
kill_script_file.text = new URL(get_script_query).getText(requestProperties: [sessionId: sessionId])

// Execute the kill script
new GroovyShell(binding).evaluate(kill_script_file)

println variables.get("PA_TASK_NAME") + " terminated!"
]]>
                    </code>
                </script>
            </post>
        </task>
        <task name="Next_Process">
            <genericInformation>
                <info name="task.icon"
                      value="/automation-dashboard/styles/patterns/img/wf-icons/controls_wait_for_any_replicate.png"/>
            </genericInformation>
            <depends>
                <task ref="Process"/>
            </depends>
            <scriptExecutable>
                <script>
                    <code language="groovy">
                        <![CDATA[
println "... " + variables.get("PA_TASK_NAME")
]]>
                    </code>
                </script>
            </scriptExecutable>
        </task>
    </taskFlow>
    <metadata>
        <visualization>
            <![CDATA[ <html><head><link rel="stylesheet" href="/studio/styles/studio-standalone.css"><style>
        #workflow-designer {
            left:0 !important;
            top:0 !important;
            width:2864px;
            height:3568px;
            }
        </style></head><body><div id="workflow-visualization-view"><div id="workflow-visualization" style="position:relative;top:-339px;left:-644px"><div class="task ui-draggable _jsPlumb_endpoint_anchor_" id="jsPlumb_1_172" style="top: 344px; left: 649px;"><a class="task-name"><img src="/automation-dashboard/styles/patterns/img/wf-icons/controls_wait_for_any_replicate.png" width="20px">&nbsp;<span class="name">First_Process</span></a></div><div class="task ui-draggable _jsPlumb_endpoint_anchor_" id="jsPlumb_1_175" style="top: 472px; left: 649px;"><a class="task-name"><img src="/automation-dashboard/styles/patterns/img/wf-icons/controls_wait_for_any_replicate.png" width="20px">&nbsp;<span class="name">Process</span></a></div><div class="task ui-draggable _jsPlumb_endpoint_anchor_" id="jsPlumb_1_178" style="top: 600px; left: 649px;"><a class="task-name"><img src="/automation-dashboard/styles/patterns/img/wf-icons/controls_wait_for_any_replicate.png" width="20px">&nbsp;<span class="name">Next_Process</span></a></div><svg style="position:absolute;left:714.4657867477086px;top:373.5px" width="15.034213252291345" height="99" pointer-events="none" position="absolute" version="1.1"
      xmlns="http://www.w3.org/1999/xhtml" class="_jsPlumb_connector "><path d="M 0 88 C -10 88 -10 -10 0 0 " transform="translate(14.534213252291345,10.5)" pointer-events="visibleStroke" version="1.1"
      xmlns="http://www.w3.org/1999/xhtml" fill="none" stroke="#e5db3d" style=""></path><path pointer-events="all" version="1.1"
      xmlns="http://www.w3.org/1999/xhtml" d="M-4.889249999999999,77.41936575 L-0.6632823303137547,56.65542592021898 L-6.785898453911784,63.54843482802241 L-14.534213252291345,58.55207437413076 L-4.889249999999999,77.41936575" class="" stroke="rgba(229,219,61,0.5)" fill="rgba(229,219,61,0.5)" transform="translate(14.534213252291345,10.5)"></path><path pointer-events="all" version="1.1"
      xmlns="http://www.w3.org/1999/xhtml" d="M-4.889249999999999,77.41936575 L-0.6632823303137547,56.65542592021898 L-6.785898453911784,63.54843482802241 L-14.534213252291345,58.55207437413076 L-4.889249999999999,77.41936575" class="" stroke="rgba(229,219,61,0.5)" fill="rgba(229,219,61,0.5)" transform="translate(14.534213252291345,10.5)"></path></svg><div class="_jsPlumb_overlay l1 component label" id="jsPlumb_1_186" style="position: absolute; transform: translate(-50%, -50%); left: 721px; top: 423.75px;">replicate</div><svg style="position:absolute;left:683.9817132113825px;top:383.5px" width="15.518286788617468" height="89" pointer-events="none" position="absolute" version="1.1"
      xmlns="http://www.w3.org/1999/xhtml" class="_jsPlumb_connector "><path d="M 0 88 C -10 38 -10 50 0 0 " transform="translate(15.018286788617468,0.5)" pointer-events="visibleStroke" version="1.1"
      xmlns="http://www.w3.org/1999/xhtml" fill="none" stroke="#666" style=""></path><path pointer-events="all" version="1.1"
      xmlns="http://www.w3.org/1999/xhtml" d="M-4.427999999999998,66.303232 L-1.2615185838583702,45.35154005301801 L-7.026331880366543,52.546463795240896 L-15.018286788617468,47.94987193338456 L-4.427999999999998,66.303232" class="" stroke="#666" fill="#666" transform="translate(15.018286788617468,0.5)"></path><path pointer-events="all" version="1.1"
      xmlns="http://www.w3.org/1999/xhtml" d="M-4.427999999999998,66.303232 L-1.2615185838583702,45.35154005301801 L-7.026331880366543,52.546463795240896 L-15.018286788617468,47.94987193338456 L-4.427999999999998,66.303232" class="" stroke="#666" fill="#666" transform="translate(15.018286788617468,0.5)"></path></svg><svg style="position:absolute;left:683.9817132113825px;top:511.5px" width="15.518286788617468" height="89" pointer-events="none" position="absolute" version="1.1"
      xmlns="http://www.w3.org/1999/xhtml" class="_jsPlumb_connector "><path d="M 0 88 C -10 38 -10 50 0 0 " transform="translate(15.018286788617468,0.5)" pointer-events="visibleStroke" version="1.1"
      xmlns="http://www.w3.org/1999/xhtml" fill="none" stroke="#666" style=""></path><path pointer-events="all" version="1.1"
      xmlns="http://www.w3.org/1999/xhtml" d="M-4.427999999999998,66.303232 L-1.2615185838583702,45.35154005301801 L-7.026331880366543,52.546463795240896 L-15.018286788617468,47.94987193338456 L-4.427999999999998,66.303232" class="" stroke="#666" fill="#666" transform="translate(15.018286788617468,0.5)"></path><path pointer-events="all" version="1.1"
      xmlns="http://www.w3.org/1999/xhtml" d="M-4.427999999999998,66.303232 L-1.2615185838583702,45.35154005301801 L-7.026331880366543,52.546463795240896 L-15.018286788617468,47.94987193338456 L-4.427999999999998,66.303232" class="" stroke="#666" fill="#666" transform="translate(15.018286788617468,0.5)"></path></svg><div class="_jsPlumb_endpoint source-endpoint dependency-source-endpoint connected _jsPlumb_endpoint_anchor_ ui-draggable ui-droppable _jsPlumb_endpoint_connected" style="position: absolute; height: 20px; width: 20px; left: 689px; top: 374px;"><svg style="position:absolute;left:0px;top:0px" width="20" height="20" pointer-events="all" position="absolute" version="1.1"
      xmlns="http://www.w3.org/1999/xhtml"><circle cx="10" cy="10" r="10" version="1.1"
      xmlns="http://www.w3.org/1999/xhtml" fill="#666" stroke="none" style=""></circle></svg></div><div class="_jsPlumb_endpoint source-endpoint replicate-source-endpoint _jsPlumb_endpoint_anchor_ ui-draggable ui-droppable _jsPlumb_endpoint_connected _jsPlumb_endpoint_full" style="position: absolute; height: 20px; width: 20px; left: 719px; top: 374px;"><svg style="position:absolute;left:0px;top:0px" width="20" height="20" pointer-events="all" position="absolute" version="1.1"
      xmlns="http://www.w3.org/1999/xhtml"><circle cx="10" cy="10" r="10" version="1.1"
      xmlns="http://www.w3.org/1999/xhtml" fill="#e5db3d" stroke="none" style=""></circle></svg></div><div class="_jsPlumb_endpoint source-endpoint dependency-source-endpoint connected _jsPlumb_endpoint_anchor_ ui-draggable ui-droppable _jsPlumb_endpoint_connected" style="position: absolute; height: 20px; width: 20px; left: 689px; top: 502px;"><svg style="position:absolute;left:0px;top:0px" width="20" height="20" pointer-events="all" position="absolute" version="1.1"
      xmlns="http://www.w3.org/1999/xhtml"><circle cx="10" cy="10" r="10" version="1.1"
      xmlns="http://www.w3.org/1999/xhtml" fill="#666" stroke="none" style=""></circle></svg></div><div class="_jsPlumb_endpoint target-endpoint replicate-target-endpoint _jsPlumb_endpoint_anchor_ ui-draggable ui-droppable _jsPlumb_endpoint_connected _jsPlumb_endpoint_full" style="position: absolute; height: 20px; width: 20px; left: 719px; top: 462px;"><svg style="position:absolute;left:0px;top:0px" width="20" height="20" pointer-events="all" position="absolute" version="1.1"
      xmlns="http://www.w3.org/1999/xhtml"><circle cx="10" cy="10" r="10" version="1.1"
      xmlns="http://www.w3.org/1999/xhtml" fill="#e5db3d" stroke="none" style=""></circle></svg></div><div class="_jsPlumb_endpoint target-endpoint dependency-target-endpoint _jsPlumb_endpoint_anchor_ ui-draggable ui-droppable _jsPlumb_endpoint_connected" style="position: absolute; height: 20px; width: 20px; left: 689px; top: 462px;"><svg style="position:absolute;left:0px;top:0px" width="20" height="20" pointer-events="all" position="absolute" version="1.1"
      xmlns="http://www.w3.org/1999/xhtml"><circle cx="10" cy="10" r="10" version="1.1"
      xmlns="http://www.w3.org/1999/xhtml" fill="#666" stroke="none" style=""></circle></svg></div><div class="_jsPlumb_endpoint source-endpoint dependency-source-endpoint connected _jsPlumb_endpoint_anchor_ ui-draggable ui-droppable" style="position: absolute; height: 20px; width: 20px; left: 689px; top: 630px;"><svg style="position:absolute;left:0px;top:0px" width="20" height="20" pointer-events="all" position="absolute" version="1.1"
      xmlns="http://www.w3.org/1999/xhtml"><circle cx="10" cy="10" r="10" version="1.1"
      xmlns="http://www.w3.org/1999/xhtml" fill="#666" stroke="none" style=""></circle></svg></div><div class="_jsPlumb_endpoint target-endpoint dependency-target-endpoint _jsPlumb_endpoint_anchor_ ui-draggable ui-droppable _jsPlumb_endpoint_connected" style="position: absolute; height: 20px; width: 20px; left: 689px; top: 590px;"><svg style="position:absolute;left:0px;top:0px" width="20" height="20" pointer-events="all" position="absolute" version="1.1"
      xmlns="http://www.w3.org/1999/xhtml"><circle cx="10" cy="10" r="10" version="1.1"
      xmlns="http://www.w3.org/1999/xhtml" fill="#666" stroke="none" style=""></circle></svg></div></div></div></body></html>
 ]]>
        </visualization>
    </metadata>
</job>