{
	"metadata": {
		"slug": "cloudautomation-kafka",
		"name": "CloudAutomation Kafka",
		"short_description": "Lifecycle management workflows for Kafka",
		"author": "ActiveEon's Team",
		"tags": ["Cloud Automation", "Kafka", "Big Data", "Data Streaming"],
		"version": "1.0"
	},
	"catalog" : {
		"bucket" : "cloud-automation",
		"objects" : [
			{
				"name" : "Kafka",
				"metadata" : {
					"kind": "Workflow/pca",
					"commitMessage": "First commit",
					"contentType": "application/xml"
				},
				"file" : "resources/catalog/Kafka.xml"
			},
			{
				"name" : "Finish_Kafka",
				"metadata" : {
					"kind": "Workflow/pca",
					"commitMessage": "First commit",
					"contentType": "application/xml"
				},
				"file" : "resources/catalog/Finish_Kafka.xml"
			}
		]
	}
}
