<?xml version="1.0" encoding="UTF-8"?>
<job
  xmlns:xsi="http://www.w3.org/2001/XMLSchema-instance"
  xmlns="urn:proactive:jobdescriptor:3.11" xsi:schemaLocation="urn:proactive:jobdescriptor:3.11 http://www.activeeon.com/public_content/schemas/proactive/jobdescriptor/3.11/schedulerjob.xsd"  name="Greenplum" projectName="2. SQL" priority="normal" onTaskError="continueJobExecution"  maxNumberOfExecution="2" >
  <variables>
    <variable name="DATABASE" value="" />
    <variable name="HOST" value="localhost" />
    <variable name="PORT" value="5432" model="PA:Integer"/>
    <variable name="USER" value="" />
    <variable name="CREDENTIALS_KEY" value="greenplum://${USER}@${HOST}:${PORT}" model="PA:Credential"/>
  </variables>
  <description>
    <![CDATA[ Import data from (or export data to) Greenplum database. Before the execution, the user has to provide the following variables:
DATABASE (required) is the database name.
HOST (required) is the hostname or the IP of the machine hosting the DB.
PORT (required) is the listening port.
USER (required) is the user.]]>
  </description>
  <genericInformation>
    <info name="bucketName" value="data-connectors"/>
    <info name="workflow.icon" value="/automation-dashboard/styles/patterns/img/wf-icons/greenplum.png"/>
    <info name="Documentation" value="user/ProActiveUserGuide.html#_sql"/>
    <info name="group" value="public-objects"/>
  </genericInformation>
  <taskFlow>
    <task name="Import_from_Greenplum" >
      <description>
        <![CDATA[ This task allows to import data from Greenplum database.
It requires the following third-party credential:  {key: greenplum://<username>@<host>:<port>, value: GREENPLUM_PASSWORD}. Please refer to the User documentation to learn how to add third-party credentials.
It uses the following variables:
DATABASE (required) is the database name.
HOST (required) is the hostname or the IP of the machine hosting the DB.
PORT (required) is the listening port.
USER (required) is the user.
SQL_QUERY (required) is the user's sql query.
OUTPUT_FILE (optional) is a relative path in the data space used to save the results in a CSV file.
OUTPUT_TYPE (optional) if set to HTML, it allows to preview the results in Scheduler Portal in an HTML format. Default is HTML. ]]>
      </description>
      <variables>
        <variable name="DATABASE" value="" inherited="true" />
        <variable name="HOST" value="" inherited="true"/>
        <variable name="PORT" value="" model="PA:Integer" inherited="true"/>
        <variable name="USER" value="" inherited="true"/>
        <variable name="CREDENTIALS_KEY" value="greenplum://${USER}@${HOST}:${PORT}" model="PA:Credential" inherited="true"/>
        <variable name="SQL_QUERY" value="" inherited="false" />
        <variable name="OUTPUT_FILE" value="" inherited="false" />
        <variable name="OUTPUT_TYPE" value="HTML" inherited="false" model="PA:List(CSV,HTML)"/>
      </variables>
      <genericInformation>
        <info name="task.icon" value="/automation-dashboard/styles/patterns/img/wf-icons/greenplum.png"/>
        <info name="task.documentation" value="user/ProActiveUserGuide.html#_sql"/>
      </genericInformation>
      <depends>
        <task ref="Export_to_Greenplum"/>
      </depends>
      <forkEnvironment javaHome="/usr" >
        <envScript>
          <script>
            <file language="groovy" url="${PA_CATALOG_REST_URL}/buckets/scripts/resources/fork_env_docker_dlm3/raw"/>
          </script>
        </envScript>
      </forkEnvironment>
      <scriptExecutable>
        <script>
          <file url="${PA_CATALOG_REST_URL}/buckets/data-connector-scripts/resources/ImportFromSqlDB/raw" language="cpython">
            <arguments>
              <argument value="greenplum"/>
            </arguments>
          </file>
        </script>
      </scriptExecutable>
      <outputFiles>
        <files  includes="$OUTPUT_FILE" accessMode="transferToGlobalSpace"/>
      </outputFiles>
    </task>
    <task name="Export_to_Greenplum" >
      <description>
        <![CDATA[ This task allows to export data to Greenplum database.
It requires the following third-party credential:  {key: greenplum://<username>@<host>:<port>, value: GREENPLUM_PASSWORD}. Please refer to the User documentation to learn how to add third-party credentials.
It uses the following variables:
DATABASE (required) is the database name.
HOST (required) is the hostname or the IP of the machine hosting the DB.
PORT (required) is the listening port.
USER (required) is the user.
TABLE (required) is the table name.
INSERT_MODE (required) indicates the behavior to follow when the table exists in the database amongst:
. fail: If table exists, do nothing.
. replace: If table exists, drop it, recreate it, and insert data.
. append: (default) If table exists, insert data. Create if does not exist.
INPUT_FILE (required) is the relative path in the data space of the CSV file that contains data to be imported. The string could also be a URL. Valid URL schemes include http, ftp, s3, and file. ]]>
      </description>
      <variables>
        <variable name="DATABASE" value="" inherited="true" />
        <variable name="HOST" value="" inherited="true"/>
        <variable name="PORT" value="" model="PA:Integer" inherited="true"/>
        <variable name="USER" value="" inherited="true"/>
        <variable name="CREDENTIALS_KEY" value="greenplum://${USER}@${HOST}:${PORT}" model="PA:Credential" inherited="true"/>
        <variable name="TABLE" value="" inherited="false" />
        <variable name="INSERT_MODE" value="append" inherited="false" model="PA:LIST(fail, replace, append)"/>
        <variable name="INPUT_FILE" value="" inherited="false" />
      </variables>
      <genericInformation>
        <info name="task.icon" value="/automation-dashboard/styles/patterns/img/wf-icons/greenplum.png"/>
        <info name="task.documentation" value="user/ProActiveUserGuide.html#_sql"/>
      </genericInformation>
      <inputFiles>
        <files  includes="$INPUT_FILE" accessMode="transferFromGlobalSpace"/>
      </inputFiles>
      <forkEnvironment javaHome="/usr" >
        <envScript>
          <script>
            <file language="groovy" url="${PA_CATALOG_REST_URL}/buckets/scripts/resources/fork_env_docker_dlm3/raw"/>
          </script>
        </envScript>
      </forkEnvironment>
      <scriptExecutable>
        <script>
          <file url="${PA_CATALOG_REST_URL}/buckets/data-connector-scripts/resources/ExportToSqlDB/raw" language="cpython">
            <arguments>
              <argument value="greenplum"/>
            </arguments>
          </file>
        </script>
      </scriptExecutable>
    </task>
  </taskFlow>
  <metadata>
    <visualization>
      <![CDATA[ <html><head><link rel="stylesheet" href="/studio/styles/studio-standalone.css"><style>
        #workflow-designer {
            left:0 !important;
            top:0 !important;
            width:1139px;
            height:566px;
            }
        </style></head><body><div id="workflow-visualization-view"><div id="workflow-visualization" style="position:relative;top:-269.9875030517578px;left:-476.25px"><div class="task ui-draggable _jsPlumb_endpoint_anchor_" id="jsPlumb_1_1319" style="top: 403px; left: 481.25px;"><a class="task-name"><img src="/automation-dashboard/styles/patterns/img/wf-icons/greenplum.png" width="20px">&nbsp;<span class="name">Import_from_Greenplum</span></a></div><div class="task _jsPlumb_endpoint_anchor_ ui-draggable" id="jsPlumb_1_1322" style="top: 275px; left: 481.25px;"><a class="task-name"><img src="/automation-dashboard/styles/patterns/img/wf-icons/greenplum.png" width="20px">&nbsp;<span class="name">Export_to_Greenplum</span></a></div><svg style="position:absolute;left:538px;top:314.5px" width="26" height="89" pointer-events="none" position="absolute" version="1.1"
      xmlns="http://www.w3.org/1999/xhtml" class="_jsPlumb_connector "><path d="M 5 88 C 15 38 -10 50 0 0 " transform="translate(10.5,0.5)" pointer-events="visibleStroke" version="1.1"
      xmlns="http://www.w3.org/1999/xhtml" fill="none" stroke="#666" style=""></path><path pointer-events="all" version="1.1"
      xmlns="http://www.w3.org/1999/xhtml" d="M7.409531250000001,66.78168750000002 L12.520990380459518,46.21781175738666 L6.108748919827519,52.84224829573104 L-1.4184488238094648,47.518594087559144 L7.409531250000001,66.78168750000002" class="" stroke="#666" fill="#666" transform="translate(10.5,0.5)"></path><path pointer-events="all" version="1.1"
      xmlns="http://www.w3.org/1999/xhtml" d="M7.409531250000001,66.78168750000002 L12.520990380459518,46.21781175738666 L6.108748919827519,52.84224829573104 L-1.4184488238094648,47.518594087559144 L7.409531250000001,66.78168750000002" class="" stroke="#666" fill="#666" transform="translate(10.5,0.5)"></path></svg><div class="_jsPlumb_endpoint source-endpoint dependency-source-endpoint connected _jsPlumb_endpoint_anchor_ ui-draggable ui-droppable" style="position: absolute; height: 20px; width: 20px; left: 543.5px; top: 433px;"><svg style="position:absolute;left:0px;top:0px" width="20" height="20" pointer-events="all" position="absolute" version="1.1"
      xmlns="http://www.w3.org/1999/xhtml"><circle cx="10" cy="10" r="10" version="1.1"
      xmlns="http://www.w3.org/1999/xhtml" fill="#666" stroke="none" style=""></circle></svg></div><div class="_jsPlumb_endpoint target-endpoint dependency-target-endpoint _jsPlumb_endpoint_anchor_ ui-draggable ui-droppable _jsPlumb_endpoint_connected" style="position: absolute; height: 20px; width: 20px; left: 543.5px; top: 393px;"><svg style="position:absolute;left:0px;top:0px" width="20" height="20" pointer-events="all" position="absolute" version="1.1"
      xmlns="http://www.w3.org/1999/xhtml"><circle cx="10" cy="10" r="10" version="1.1"
      xmlns="http://www.w3.org/1999/xhtml" fill="#666" stroke="none" style=""></circle></svg></div><div class="_jsPlumb_endpoint source-endpoint dependency-source-endpoint connected _jsPlumb_endpoint_anchor_ ui-draggable ui-droppable _jsPlumb_endpoint_connected" style="position: absolute; height: 20px; width: 20px; left: 538.5px; top: 305px;"><svg style="position:absolute;left:0px;top:0px" width="20" height="20" pointer-events="all" position="absolute" version="1.1"
      xmlns="http://www.w3.org/1999/xhtml"><circle cx="10" cy="10" r="10" version="1.1"
      xmlns="http://www.w3.org/1999/xhtml" fill="#666" stroke="none" style=""></circle></svg></div></div></div></body></html>
 ]]>
    </visualization>
  </metadata>
</job>