<?xml version="1.0" encoding="UTF-8"?>
<job
  xmlns:xsi="http://www.w3.org/2001/XMLSchema-instance"
  xmlns="urn:proactive:jobdescriptor:3.11" xsi:schemaLocation="urn:proactive:jobdescriptor:3.11 http://www.activeeon.com/public_content/schemas/proactive/jobdescriptor/3.11/schedulerjob.xsd"  name="MongoDB" projectName="3. NoSQL" priority="normal" onTaskError="continueJobExecution"  maxNumberOfExecution="2" >
  <variables>
    <variable name="MONGODB_HOST" value="localhost" />
    <variable name="MONGODB_PORT" value="27018" model="PA:Integer"/>
    <variable name="MONGODB_USER" value="" />
  </variables>
  <description>
    <![CDATA[ Import or export data from/to MongoDB. ]]>
  </description>
  <genericInformation>
    <info name="bucketName" value="data-connectors"/>
    <info name="Documentation" value="https://doc.activeeon.com/latest/user/ProActiveUserGuide.html#_nosql"/>
    <info name="group" value="public-objects"/>
    <info name="workflow.icon" value="/automation-dashboard/styles/patterns/img/wf-icons/mongodb.png"/>
  </genericInformation>
  <taskFlow>
    <task name="Export_to_MongoDB" >
      <description>
        <![CDATA[ This task allows exporting data to MongoDB.
The task requires the following third-party credentials: {key: mongodb://<username>@<hostname>:<port>, value: MONGODB_PASSWORD}. Please refer to the User documentation to learn how to add third-party credentials.
It uses the following variables:
$MONGODB_DATABASE (required) the database to use. It is created if it does not exist
$MONGODB_COLLECTION (required) the collection to use. It is created if it does not exist
$MONGODB_INPUT (required) A JSON Object/Array to be inserted in MongoDB. This variable can:
 - A String describing the JSON Object/Array
 - A relative path in the data space of a JSON file. ]]>
      </description>
      <variables>
        <variable name="MONGODB_COLLECTION" value="" inherited="false" />
        <variable name="MONGODB_INPUT" value="" inherited="false" />
        <variable name="MONGODB_DATABASE" value="" inherited="false" />
      </variables>
      <genericInformation>
        <info name="task.icon" value="/automation-dashboard/styles/patterns/img/wf-icons/mongodb.png"/>
        <info name="task.documentation" value="https://doc.activeeon.com/latest/user/ProActiveUserGuide.html#_nosql"/>
      </genericInformation>
      <inputFiles>
        <files  includes="$MONGODB_INPUT" accessMode="transferFromGlobalSpace"/>
      </inputFiles>
      <forkEnvironment javaHome="/usr" >
        <envScript>
          <script>
            <code language="python">
              <![CDATA[
# In the Java Home location field, use the value: "/usr" to force using the JRE provided in the docker image below (Recommended).
#Be aware, that the prefix command is internally split by spaces. So paths with spaces won't work.
# Prepare Docker parameters
containerName = 'activeeon/dlm3'
dockerRunCommand =  'docker run '
dockerParameters = '--rm '
# Prepare ProActive home volume
paHomeHost = variables.get("PA_SCHEDULER_HOME")
paHomeContainer = variables.get("PA_SCHEDULER_HOME")
proActiveHomeVolume = '-v '+paHomeHost +':'+paHomeContainer+' '
# Prepare working directory (For Dataspaces and serialized task file)
workspaceHost = localspace
workspaceContainer = localspace
workspaceVolume = '-v '+localspace +':'+localspace+' '
# Prepare container working directory
containerWorkingDirectory = '-w '+workspaceContainer+' '
# Save pre execution command into magic variable 'preJavaHomeCmd', which is picked up by the node
preJavaHomeCmd = dockerRunCommand + dockerParameters + proActiveHomeVolume + workspaceVolume + containerWorkingDirectory + containerName
]]>
            </code>
          </script>
        </envScript>
      </forkEnvironment>
      <scriptExecutable>
        <script>
          <code language="cpython">
            <![CDATA[
import pandas as pd
from pymongo import MongoClient
from bson.json_util import dumps, loads
import json

def get_input_type(input):
    """
    A util for detecting whether the input string is a valid json or a file path/url
    """
    if input.startswith(("{", "[")):
        print("Exporting a JSON String")
        return loads(input)
    else:
        print("Exporting JSON File:{0}".format(input))
        json_data = open(input, "r").read()
        return loads(json_data)
        

def connect_mongo(host, port, username, password, db):
    """
    A util for making a connection to mongo
    """

    if username and password:
        mongo_uri = 'mongodb://%s:%s@%s:%s' % (username, password, host, port)
        conn = MongoClient(mongo_uri)
    else:
        print("Connecting without authentification")
        conn = MongoClient(host, port)
    return conn[db]

def write_mongo(db, collection, inputs, host, port, username, password, no_id=True):
    """
    Write to MongoDB from a DataFrame
    """

    # Connect to MongoDB
    db = connect_mongo(host=host, port=port, username=username, password=password, db=db)
    # Point to a Collection to write to
    cursor = db[collection]
    # if returns true, then JSON Array
    if isinstance(inputs, list):
        inserts = cursor.insert_many(inputs)
        if len(inserts.inserted_ids) == len(inputs):
            print("Successfully inserted [{0}/{1}] documents.".format(len(inserts.inserted_ids), len(inputs)))
            return 'True'
        else:
            print("Failed to insert all documents. Only [{0}/{1}] were inserted".format(len(inserts.inserted_ids), len(inputs)))
            return 'False'
    elif isinstance(inputs,dict):
        inserts = cursor.insert_one(inputs)
        if inserts.inserted_id:
            print("Successfully inserted 1 documents")
        else:
            print("Failed to insert document.")

HOST = variables.get("MONGODB_HOST")
PORT = int(variables.get("MONGODB_PORT"))
DATABASE = variables.get("MONGODB_DATABASE")
COLLECTION = variables.get("MONGODB_COLLECTION")
INPUT = variables.get("MONGODB_INPUT")
USER = variables.get("MONGODB_USER")
# This key is used for getting the password from 3rd party credentials.
MONGODB_PASSWORD_KEY = "mongodb://" + USER + "@" + HOST + ":" + str(PORT)
PASSWORD = credentials.get(MONGODB_PASSWORD_KEY)
MONGODB_URL_KEY = "mongodb://<username>@<hostname>:<port>"

if not HOST:
    print("ERROR: The MONGODB_HOST variable is not provided by the user.")
    sys.exit(1)
if not PORT:
    print("ERROR: The MONGODB_PORT is not provided by the user. Using the default value: " + PORT)
    PORT = 27017
if not DATABASE:
    print("ERROR: The MONGODB_DATABASE variable is not provided by the user.")
    sys.exit(1)
if not COLLECTION:
    print("ERROR: The MONGODB_COLLECTION variable is not provided by the user.")
    sys.exit(1)
if USER:
    if not PASSWORD:
        print("ERROR: The MONGODB_USER and MONGODB_PASSWORD are used in junction. Please add your mongodb password to 3rd-party credentials in the scheduler-portal under the key :\"" + MONGODB_URL_KEY + "\"")
        sys.exit(1)
if INPUT:
    INPUT = get_input_type(INPUT)
else:
    print("ERROR: The MONGODB_INPUT variable is not provided by the user.")
    sys.exit(1)

print("BEGIN Export Data to mongoDB")
print("INSERTING DATA IN MONGODB...")
print('MONGODB_HOST=' + HOST)
print('MONGODB_USER=' + USER)
print('MONGODB_PORT=', PORT)
print('MONGODB_DATABASE=' + DATABASE)
print('MONGODB_COLLECTION=' + COLLECTION)
    
# Insert INPUT in mongoDB
write_mongo(DATABASE, COLLECTION, INPUT, HOST,  PORT,  USER,  PASSWORD)
print("END Export Data")
]]>
          </code>
        </script>
      </scriptExecutable>
    </task>
    <task name="Import_from_MongoDB" >
      <description>
        <![CDATA[ This task allows importing data from MongoDB.
The task requires the following third-party credentials: MONGODB_USERNAME and MONGODB_PASSWORD. Please refer to the User documentation to learn how to add third-party credentials.
It uses the following variables:
$MONGODB_DATABASE (required) the database to use. It is created if it does not exist
$MONGODB_COLLECTION (required) the collection to use. It is created if it does not exist
$MONGODB_QUERY (optional) A query used to find documents in MongoDB.
$MONGODB_OUTPUT (optional) is a relative path in the data space used to save the results in a CSV file.
The output of this task is saved to the local space in a JSON file (result.json) containing a JSON array of the results. It can be aquired in the depending tasks using the result[0] scheme. ]]>
      </description>
      <variables>
        <variable name="MONGODB_COLLECTION" value="" inherited="false" />
        <variable name="MONGODB_QUERY" value="" inherited="false" />
        <variable name="MONGODB_OUTPUT" value="" inherited="false" />
        <variable name="MONGODB_DATABASE" value="" inherited="false" />
      </variables>
      <genericInformation>
        <info name="task.icon" value="/automation-dashboard/styles/patterns/img/wf-icons/mongodb.png"/>
        <info name="task.documentation" value="https://doc.activeeon.com/latest/user/ProActiveUserGuide.html#_nosql"/>
      </genericInformation>
      <depends>
        <task ref="Export_to_MongoDB"/>
      </depends>
      <forkEnvironment javaHome="/usr" >
        <envScript>
          <script>
            <code language="python">
              <![CDATA[
# In the Java Home location field, use the value: "/usr" to force using the JRE provided in the docker image below (Recommended).
#Be aware, that the prefix command is internally split by spaces. So paths with spaces won't work.
# Prepare Docker parameters
containerName = 'activeeon/dlm3'
dockerRunCommand =  'docker run '
dockerParameters = '--rm '
# Prepare ProActive home volume
paHomeHost = variables.get("PA_SCHEDULER_HOME")
paHomeContainer = variables.get("PA_SCHEDULER_HOME")
proActiveHomeVolume = '-v '+paHomeHost +':'+paHomeContainer+' '
# Prepare working directory (For Dataspaces and serialized task file)
workspaceHost = localspace
workspaceContainer = localspace
workspaceVolume = '-v '+localspace +':'+localspace+' '
# Prepare container working directory
containerWorkingDirectory = '-w '+workspaceContainer+' '
# Save pre execution command into magic variable 'preJavaHomeCmd', which is picked up by the node
preJavaHomeCmd = dockerRunCommand + dockerParameters + proActiveHomeVolume + workspaceVolume + containerWorkingDirectory + containerName
]]>
            </code>
          </script>
        </envScript>
      </forkEnvironment>
      <scriptExecutable>
        <script>
          <code language="cpython">
            <![CDATA[
import pandas as pd
import json
from pymongo import MongoClient
from bson.json_util import dumps, loads

PORT = 27017
MODE= 'QUERY'
MONGODB_OUTPUT = variables.get("MONGODB_OUTPUT")
HOST = variables.get("MONGODB_HOST")
PORT = int(variables.get("MONGODB_PORT"))
DATABASE = variables.get("MONGODB_DATABASE")
COLLECTION = variables.get("MONGODB_COLLECTION")
QUERY = variables.get('MONGODB_QUERY')
USER = variables.get("MONGODB_USER")
# This key is used for getting the password from 3rd party credentials.
MONGODB_PASSWORD_KEY = "mongodb://" + USER + "@" + HOST + ":" + str(PORT)
PASSWORD = credentials.get(MONGODB_PASSWORD_KEY)
MONGODB_URL_KEY = "mongodb://<username>@<hostname>:<port>"

if not HOST:
    print("ERROR: The MONGODB_HOST variable is not provided by the user.")
    sys.exit(1)
if not PORT:
    print("ERROR: The MONGODB_PORT is not provided by the user. Using the default value: " + PORT)
if not DATABASE:
    print("ERROR: The MONGODB_DATABASE variable is not provided by the user.")
    sys.exit(1)
if not COLLECTION:
    print("ERROR: The MONGODB_COLLECTION variable is not provided by the user.")
    sys.exit(1)
if USER:
    if not PASSWORD:
        print("ERROR: The MONGODB_USER and MONGODB_PASSWORD are used in junction. Please add your mongodb password to 3rd-party credentials in the scheduler-portal under the key :\"" + MONGODB_URL_KEY + "\"")
        sys.exit(1)
if QUERY:
    # This is a workaround to force the variable string value into json
    QUERY=loads(variables.get('MONGODB_QUERY'))
else:
    print("The MONGODB_QUERY variable is not provided by the user. Fetching all collections")
    QUERY = {}

IS_LABELED_DATA = 'False'
try:
    LABEL = variables.get("LABEL")
    if LABEL:
        IS_LABELED_DATA='True'
except NameError:
    pass

def connect_mongo(host, port, username, password, db):
    """
    A util for making a connection to mongo
    """

    if username and password:
        mongo_uri = 'mongodb://%s:%s@%s:%s' % (username, password, host, port)
        conn = MongoClient(mongo_uri)
    else:
        print("Connecting without authentification")
        conn = MongoClient(host, port)
    return conn[db]


def read_mongo(db, collection, query, host, port, username, password, no_id=True):
    """
    Read from MongoDB and Store into DataFrame
    """

    # Connect to MongoDB
    db = connect_mongo(host=host, port=port, username=username, password=password, db=db)
    # Make a query to the specific DB and Collection
    cursor = db[collection].find(query)

    # Expand the cursor and deserialize into JSON
    json_result = dumps(list(cursor))

    return json_result

print("BEGIN Import Data from mongoDB")
print("EXECUTING QUERY...")
print('MONGODB_HOST='+HOST)
print('MONGODB_PORT=', PORT)
print('MONGODB_DATABASE='+DATABASE)
print('MONGODB_COLLECTION='+COLLECTION)
print('MONGODB_QUERY='+dumps(QUERY))
if MONGODB_OUTPUT:
    print('MONGODB_OUTPUT='+ MONGODB_OUTPUT)
# Execute search query and return results as JSON String
json_result = read_mongo(DATABASE, COLLECTION, QUERY, HOST,  PORT,  USER,  PASSWORD)

if MONGODB_OUTPUT:
         with open(MONGODB_OUTPUT, 'w') as outfile:
             json.dump(json_result, outfile)

# Write the results as a bytearray.
result = json_result.encode('utf-8')
resultMetadata.put("file.extension", ".json")
resultMetadata.put("file.name", "result.json")
resultMetadata.put("content.type", "application/json")
print("END Import Data")
]]>
          </code>
        </script>
      </scriptExecutable>
      <outputFiles>
        <files  includes="$MONGODB_OUTPUT" accessMode="transferToGlobalSpace"/>
      </outputFiles>
    </task>
  </taskFlow>
  <metadata>
    <visualization>
      <![CDATA[ <html><head><link rel="stylesheet" href="/studio/styles/studio-standalone.css"><style>
        #workflow-designer {
            left:0 !important;
            top:0 !important;
            width:1139px;
            height:566px;
            }
        </style></head><body><div id="workflow-visualization-view"><div id="workflow-visualization" style="position:relative;top:-269.9875030517578px;left:-469px"><div class="task _jsPlumb_endpoint_anchor_ ui-draggable" id="jsPlumb_1_1337" style="top: 275px; left: 474px;"><a class="task-name"><img src="/automation-dashboard/styles/patterns/img/wf-icons/mongodb.png" width="20px">&nbsp;<span class="name">Export_to_MongoDB</span></a></div><div class="task ui-draggable _jsPlumb_endpoint_anchor_" id="jsPlumb_1_1340" style="top: 403px; left: 474px;"><a class="task-name"><img src="/automation-dashboard/styles/patterns/img/wf-icons/mongodb.png" width="20px">&nbsp;<span class="name">Import_from_MongoDB</span></a></div><svg style="position:absolute;left:527px;top:314.5px" width="26.5" height="89" pointer-events="none" position="absolute" version="1.1"
      xmlns="http://www.w3.org/1999/xhtml" class="_jsPlumb_connector "><path d="M 5.5 88 C 15.5 38 -10 50 0 0 " transform="translate(10.5,0.5)" pointer-events="visibleStroke" version="1.1"
      xmlns="http://www.w3.org/1999/xhtml" fill="none" stroke="#666" style=""></path><path pointer-events="all" version="1.1"
      xmlns="http://www.w3.org/1999/xhtml" d="M7.868953124999999,66.78168750000002 L12.848095417762192,46.18537370290451 L6.478576933147113,52.85089950918167 L-1.0826925730561543,47.575749894757394 L7.868953124999999,66.78168750000002" class="" stroke="#666" fill="#666" transform="translate(10.5,0.5)"></path><path pointer-events="all" version="1.1"
      xmlns="http://www.w3.org/1999/xhtml" d="M7.868953124999999,66.78168750000002 L12.848095417762192,46.18537370290451 L6.478576933147113,52.85089950918167 L-1.0826925730561543,47.575749894757394 L7.868953124999999,66.78168750000002" class="" stroke="#666" fill="#666" transform="translate(10.5,0.5)"></path></svg><div class="_jsPlumb_endpoint source-endpoint dependency-source-endpoint connected _jsPlumb_endpoint_anchor_ ui-draggable ui-droppable _jsPlumb_endpoint_connected" style="position: absolute; height: 20px; width: 20px; left: 527.5px; top: 305px;"><svg style="position:absolute;left:0px;top:0px" width="20" height="20" pointer-events="all" position="absolute" version="1.1"
      xmlns="http://www.w3.org/1999/xhtml"><circle cx="10" cy="10" r="10" version="1.1"
      xmlns="http://www.w3.org/1999/xhtml" fill="#666" stroke="none" style=""></circle></svg></div><div class="_jsPlumb_endpoint source-endpoint dependency-source-endpoint connected _jsPlumb_endpoint_anchor_ ui-draggable ui-droppable" style="position: absolute; height: 20px; width: 20px; left: 533px; top: 433px;"><svg style="position:absolute;left:0px;top:0px" width="20" height="20" pointer-events="all" position="absolute" version="1.1"
      xmlns="http://www.w3.org/1999/xhtml"><circle cx="10" cy="10" r="10" version="1.1"
      xmlns="http://www.w3.org/1999/xhtml" fill="#666" stroke="none" style=""></circle></svg></div><div class="_jsPlumb_endpoint target-endpoint dependency-target-endpoint _jsPlumb_endpoint_anchor_ ui-draggable ui-droppable _jsPlumb_endpoint_connected" style="position: absolute; height: 20px; width: 20px; left: 533px; top: 393px;"><svg style="position:absolute;left:0px;top:0px" width="20" height="20" pointer-events="all" position="absolute" version="1.1"
      xmlns="http://www.w3.org/1999/xhtml"><circle cx="10" cy="10" r="10" version="1.1"
      xmlns="http://www.w3.org/1999/xhtml" fill="#666" stroke="none" style=""></circle></svg></div></div></div></body></html>
 ]]>
    </visualization>
  </metadata>
</job>