<?xml version="1.0" encoding="UTF-8"?>
<job
  xmlns:xsi="http://www.w3.org/2001/XMLSchema-instance"
  xmlns="urn:proactive:jobdescriptor:3.12" xsi:schemaLocation="urn:proactive:jobdescriptor:3.12 http://www.activeeon.com/public_content/schemas/proactive/jobdescriptor/3.12/schedulerjob.xsd"  name="SFTP" projectName="1. File" priority="normal" onTaskError="continueJobExecution"  maxNumberOfExecution="2"  >
  <variables>
    <variable name="HOST" value="localhost" />
    <variable name="PORT" value="" />
    <variable name="USERNAME" value="" />
    <variable name="CREDENTIAL_KEY" value="sftp://${USERNAME}@${HOST}" model="PA:Credential"/>
  </variables>
  <description>
    <![CDATA[ Import /Export file(s) from/to an SFTP server.
Before the execution, the user has to provide the following variables:
HOST (required) is the SFTP server host. Default value is localhost.
USERNAME (required) is the username used for accessing the SFTP server.
PORT (optional) is the listening port. ]]>
  </description>
  <genericInformation>
    <info name="bucketName" value="data-connectors"/>
    <info name="workflow.icon" value="/automation-dashboard/styles/patterns/img/wf-icons/sftp_import.png"/>
    <info name="Documentation" value="user/ProActiveUserGuide.html#_file"/>
    <info name="group" value="public-objects"/>
  </genericInformation>
  <taskFlow>
    <task name="Import_from_SFTP_Server" fork="true">
      <description>
        <![CDATA[ This task allows to import locally (data space) files from an SFTP (SSH FTP) server. The task requires the following third-party credential: {key: sftp://<username>@<hostname>, value: PASSWORD}.  Please refer to the User documentation to learn how to add third-party credentials.
It is launched with the following parameters:
$HOST (required) is the SFTP server host. Default value is localhost.
$USERNAME (required) is the username used for accessing the SFTP server.
$PORT (optional) is the listening port.
$LOCAL_BASE (optional) is either a global path or a local relative path in the data space from which we export file(s) to the SFTP server. $LOCAL_BASE can be either a path to a folder terminated by / or an empty value for the root (e.g. LOCAL/, /global/path/LOCAL/).
$REMOTE_BASE (optional) is the remote relative path on the SFTP server to which we export file(s). $REMOTE_BASE can be either a path to a folder terminated by / or an empty value for the root (e.g. REMOTE/).
$FILE_PATTERN (optional) is either a file name or a wildcard string pattern (e.g. file.txt, *.txt, **) ]]>
      </description>
      <variables>
        <variable name="HOST" value="" inherited="true" />
        <variable name="USERNAME" value="" inherited="true" />
        <variable name="PORT" value="" inherited="true" />
        <variable name="CREDENTIAL_KEY" value="sftp://${USERNAME}@${HOST}" inherited="false" model="PA:Credential"/>
        <variable name="FILE_PATTERN" value="" inherited="false" />
        <variable name="REMOTE_BASE" value="" inherited="false" model="PA:REGEXP(^$|^.+/$)"/>
        <variable name="LOCAL_BASE" value="" inherited="false" model="PA:REGEXP(^$|^.+/$)"/>
      </variables>
      <genericInformation>
        <info name="task.icon" value="/automation-dashboard/styles/patterns/img/wf-icons/sftp_import.png"/>
        <info name="task.documentation" value="user/ProActiveUserGuide.html#_file"/>
      </genericInformation>
      <depends>
        <task ref="Export_to_SFTP_Server"/>
      </depends>
      <scriptExecutable>
        <script>
          <file url="${PA_CATALOG_REST_URL}/buckets/data-connector-scripts/resources/ImportFromFileSystem/raw" language="groovy">
            <arguments>
              <argument value="sftp"/>
            </arguments>
          </file>
        </script>
      </scriptExecutable>
      <outputFiles>
        <files  includes="${LOCAL_BASE}${FILE_PATTERN}" accessMode="transferToGlobalSpace"/>
      </outputFiles>
    </task>
    <task name="Export_to_SFTP_Server" fork="true">
      <description>
        <![CDATA[ This task allows to export files to an SFTP (SSH FTP) server. The task requires the following third-party credential: {key: sftp://<username>@<host>, value: PASSWORD}. Please refer to the User documentation to learn how to add third-party credentials.
It is launched with the following parameters:
$HOST (required) is the SFTP server host. Default value is localhost.
$USERNAME (required) is the username used for accessing the SFTP server.
$PORT (optional) is the listening port.
$LOCAL_BASE (optional) is either a global path or a local relative path in the data space from which we export file(s) to the SFTP server. $LOCAL_BASE can be either a path to a folder terminated by / or an empty value for the root (e.g. LOCAL/, /global/path/LOCAL/).
$REMOTE_BASE (optional) is the remote relative path on the SFTP server to which we export file(s). $REMOTE_BASE can be either a path to a folder terminated by / or an empty value for the root (e.g. REMOTE/).
$FILE_PATTERN (optional) is either a file name or a wildcard string pattern (e.g. file.txt, *.txt, ** ) ]]>
      </description>
      <variables>
        <variable name="HOST" value="" inherited="true" />
        <variable name="USERNAME" value="" inherited="true" />
        <variable name="PORT" value="" inherited="true" />
        <variable name="CREDENTIAL_KEY" value="sftp://${USERNAME}@${HOST}" inherited="false" model="PA:Credential"/>
        <variable name="FILE_PATTERN" value="" inherited="false" />
        <variable name="REMOTE_BASE" value="" inherited="false" model="PA:REGEXP(^$|^.+/$)"/>
        <variable name="LOCAL_BASE" value="" inherited="false" model="PA:REGEXP(^$|^.+/$)"/>
      </variables>
      <genericInformation>
        <info name="task.icon" value="/automation-dashboard/styles/patterns/img/wf-icons/sftp_import.png"/>
        <info name="task.documentation" value="user/ProActiveUserGuide.html#_file"/>
      </genericInformation>
      <inputFiles>
        <files  includes="${LOCAL_BASE}${FILE_PATTERN}" accessMode="transferFromGlobalSpace"/>
      </inputFiles>
      <scriptExecutable>
        <script>
          <file url="${PA_CATALOG_REST_URL}/buckets/data-connector-scripts/resources/ExportToFileSystem/raw" language="groovy">
            <arguments>
              <argument value="sftp"/>
            </arguments>
          </file>
        </script>
      </scriptExecutable>
    </task>
  </taskFlow>
  <metadata>
    <visualization>
      <![CDATA[ <html><head><link rel="stylesheet" href="/studio/styles/studio-standalone.css"><style>
        #workflow-designer {
            left:0 !important;
            top:0 !important;
            width:2864px;
            height:3500px;
            }
        </style></head><body><div id="workflow-visualization-view"><div id="workflow-visualization" style="position:relative;top:-195px;left:-930.5px"><div class="task ui-draggable _jsPlumb_endpoint_anchor_" id="jsPlumb_1_127" style="top: 328px; left: 935.5px;"><a class="task-name"><img src="/automation-dashboard/styles/patterns/img/wf-icons/sftp_import.png" width="20px">&nbsp;<span class="name">Import_from_SFTP_Server</span></a></div><div class="task _jsPlumb_endpoint_anchor_ ui-draggable" id="jsPlumb_1_130" style="top: 200px; left: 935.5px;"><a class="task-name"><img src="/automation-dashboard/styles/patterns/img/wf-icons/sftp_import.png" width="20px">&nbsp;<span class="name">Export_to_SFTP_Server</span></a></div><svg style="position:absolute;left:997px;top:239.5px" width="26.5" height="89" pointer-events="none" position="absolute" version="1.1"
      xmlns="http://www.w3.org/1999/xhtml" class="_jsPlumb_connector "><path d="M 5.5 88 C 15.5 38 -10 50 0 0 " transform="translate(10.5,0.5)" pointer-events="visibleStroke" version="1.1"
      xmlns="http://www.w3.org/1999/xhtml" fill="none" stroke="#666" style=""></path><path pointer-events="all" version="1.1"
      xmlns="http://www.w3.org/1999/xhtml" d="M7.868953124999999,66.78168750000002 L12.848095417762192,46.18537370290451 L6.478576933147113,52.85089950918167 L-1.0826925730561543,47.575749894757394 L7.868953124999999,66.78168750000002" class="" stroke="#666" fill="#666" transform="translate(10.5,0.5)"></path><path pointer-events="all" version="1.1"
      xmlns="http://www.w3.org/1999/xhtml" d="M7.868953124999999,66.78168750000002 L12.848095417762192,46.18537370290451 L6.478576933147113,52.85089950918167 L-1.0826925730561543,47.575749894757394 L7.868953124999999,66.78168750000002" class="" stroke="#666" fill="#666" transform="translate(10.5,0.5)"></path></svg><div class="_jsPlumb_endpoint source-endpoint dependency-source-endpoint connected _jsPlumb_endpoint_anchor_ ui-draggable ui-droppable" style="position: absolute; height: 20px; width: 20px; left: 1003px; top: 358px;"><svg style="position:absolute;left:0px;top:0px" width="20" height="20" pointer-events="all" position="absolute" version="1.1"
      xmlns="http://www.w3.org/1999/xhtml"><circle cx="10" cy="10" r="10" version="1.1"
      xmlns="http://www.w3.org/1999/xhtml" fill="#666" stroke="none" style=""></circle></svg></div><div class="_jsPlumb_endpoint target-endpoint dependency-target-endpoint _jsPlumb_endpoint_anchor_ ui-draggable ui-droppable _jsPlumb_endpoint_connected" style="position: absolute; height: 20px; width: 20px; left: 1003px; top: 318px;"><svg style="position:absolute;left:0px;top:0px" width="20" height="20" pointer-events="all" position="absolute" version="1.1"
      xmlns="http://www.w3.org/1999/xhtml"><circle cx="10" cy="10" r="10" version="1.1"
      xmlns="http://www.w3.org/1999/xhtml" fill="#666" stroke="none" style=""></circle></svg></div><div class="_jsPlumb_endpoint source-endpoint dependency-source-endpoint connected _jsPlumb_endpoint_anchor_ ui-draggable ui-droppable _jsPlumb_endpoint_connected" style="position: absolute; height: 20px; width: 20px; left: 997.5px; top: 230px;"><svg style="position:absolute;left:0px;top:0px" width="20" height="20" pointer-events="all" position="absolute" version="1.1"
      xmlns="http://www.w3.org/1999/xhtml"><circle cx="10" cy="10" r="10" version="1.1"
      xmlns="http://www.w3.org/1999/xhtml" fill="#666" stroke="none" style=""></circle></svg></div></div></div></body></html>
 ]]>
    </visualization>
  </metadata>
</job>