<?xml version="1.0" encoding="UTF-8"?>
<job
  xmlns:xsi="http://www.w3.org/2001/XMLSchema-instance"
  xmlns="urn:proactive:jobdescriptor:3.11" xsi:schemaLocation="urn:proactive:jobdescriptor:3.11 http://www.activeeon.com/public_content/schemas/proactive/jobdescriptor/3.11/schedulerjob.xsd"  name="SQL_Server" projectName="2. SQL" priority="normal" onTaskError="continueJobExecution"  maxNumberOfExecution="2" >
  <variables>
    <variable name="SQL_SERVER_DATABASE" value="" />
    <variable name="SQL_SERVER_HOST" value="localhost" />
    <variable name="SQL_SERVER_PORT" value="1433" />
    <variable name="SQL_SERVER_USER" value="" />
  </variables>
  <description>
    <![CDATA[ Import data from (or export data to) SQL Server database. ]]>
  </description>
  <genericInformation>
    <info name="bucketName" value="data-connectors"/>
    <info name="workflow.icon" value="/automation-dashboard/styles/patterns/img/wf-icons/sql-server.png"/>
    <info name="Documentation" value="https://doc.activeeon.com/latest/user/ProActiveUserGuide.html#_sql"/>
    <info name="group" value="public-objects"/>
  </genericInformation>
  <taskFlow>
    <task name="Import_from_SQL_Server" >
      <description>
        <![CDATA[ This task allows to import data from SQL Server database.
It requires the following third-party credential:  {key: sqlserver://<username>@<host>:<port>, value: SQL_SERVER_PASSWORD}. Please refer to the User documentation to learn how to add third-party credentials.
It uses the following variables:
$SQL_SERVER_QUERY (required) is the user's sql query.
$OUTPUT_FILE (optional) is a relative path in the data space used to save the results in a CSV file.
$OUTPUT_TYPE (optional) if set to HTML, it allows to preview the results in Scheduler Portal in an HTML format. Default is CSV
This task uses also the task variable RMDB_DRIVER as a driver to connect to the database. The specified default driver "pyodbc" as well as "pymssql" are already provided for this task. To use another driver, make sure you have it properly installed before.
The imported data is exported in a JSON format using the variable $DATAFRAME_JSON. ]]>
      </description>
      <variables>
        <variable name="SQL_SERVER_QUERY" value="" inherited="false" />
        <variable name="OUTPUT_FILE" value="" inherited="false" />
        <variable name="OUTPUT_TYPE" value="CSV" inherited="false" model="PA:List(CSV,HTML)"/>
      </variables>
      <genericInformation>
        <info name="task.icon" value="/automation-dashboard/styles/patterns/img/wf-icons/sql-server.png"/>
        <info name="task.documentation" value="https://doc.activeeon.com/latest/user/ProActiveUserGuide.html#_sql"/>
      </genericInformation>
      <depends>
        <task ref="Export_to_SQL_Server"/>
      </depends>
      <forkEnvironment javaHome="/usr" >
        <envScript>
          <script>
            <code language="python">
              <![CDATA[
# In the Java Home location field, use the value: "/usr" to force using the JRE provided in the docker image below (Recommended).
#Be aware, that the prefix command is internally split by spaces. So paths with spaces won't work.
# Prepare Docker parameters
containerName = 'activeeon/dlm3'
dockerRunCommand = 'docker run '
dockerParameters = '--rm '
# Prepare ProActive home volume
paHomeHost = variables.get("PA_SCHEDULER_HOME")
paHomeContainer = variables.get("PA_SCHEDULER_HOME")
proActiveHomeVolume = '-v '+paHomeHost +':'+paHomeContainer+' '
# Prepare working directory (For Dataspaces and serialized task file)
workspaceHost = localspace
workspaceContainer = localspace
workspaceVolume = '-v '+localspace +':'+localspace+' '
# Prepare container working directory
containerWorkingDirectory = '-w '+workspaceContainer+' '
# Save pre execution command into magic variable 'preJavaHomeCmd', which is picked up by the node
preJavaHomeCmd = dockerRunCommand + dockerParameters + proActiveHomeVolume + workspaceVolume + containerWorkingDirectory + containerName
]]>
            </code>
          </script>
        </envScript>
      </forkEnvironment>
      <scriptExecutable>
        <script>
          <file url="${PA_CATALOG_REST_URL}/buckets/data-connector-scripts/resources/ExportToSqlDB/raw" language="cpython">
            <arguments>
              <argument value="SQL Server"/>
            </arguments>
          </file>
        </script>
      </scriptExecutable>
      <outputFiles>
        <files  includes="$OUTPUT_FILE" accessMode="transferToGlobalSpace"/>
      </outputFiles>
    </task>
    <task name="Export_to_SQL_Server" >
      <description>
        <![CDATA[ This task allows to export data to SQL Server database.
It requires the following third-party credential:  {key: sqlserver://<username>@<host>:<port>, value: SQL_SERVER_PASSWORD}. Please refer to the User documentation to learn how to add third-party credentials.
It uses the following variables: 
$SQL_SERVER_TABLE (required) is the table name.
$INSERT_MODE (required) indicates the behavior to follow when the table exists in the database amongst: 
. fail: If table exists, do nothing.
. replace: If table exists, drop it, recreate it, and insert data.
. append: (default) If table exists, insert data. Create if does not exist.
$INPUT_FILE (required) is the relative path in the data space of the CSV file that contains data to be imported. The string could also be a URL. Valid URL schemes include http, ftp, s3, and file. 
This task uses also the task variable RMDB_DRIVER as a driver to connect to the database. The specified default driver "pyodbc" as well as "pymssql" are already provided for this task. To use another driver, make sure you have it properly installed before. ]]>
      </description>
      <variables>
        <variable name="SQL_SERVER_TABLE" value="" inherited="false" />
        <variable name="INSERT_MODE" value="append" inherited="false" model="PA:LIST(fail, replace, append)"/>
        <variable name="INPUT_FILE" value="" inherited="false" />
      </variables>
      <genericInformation>
        <info name="task.icon" value="/automation-dashboard/styles/patterns/img/wf-icons/sql-server.png"/>
        <info name="task.documentation" value="https://doc.activeeon.com/latest/user/ProActiveUserGuide.html#_sql"/>
      </genericInformation>
      <inputFiles>
        <files  includes="$INPUT_FILE" accessMode="transferFromGlobalSpace"/>
      </inputFiles>
      <forkEnvironment javaHome="/usr" >
        <envScript>
          <script>
            <code language="python">
              <![CDATA[
# In the Java Home location field, use the value: "/usr" to force using the JRE provided in the docker image below (Recommended).
#Be aware, that the prefix command is internally split by spaces. So paths with spaces won't work.
# Prepare Docker parameters
containerName = 'activeeon/dlm3'
dockerRunCommand = 'docker run '
dockerParameters = '--rm '
# Prepare ProActive home volume
paHomeHost = variables.get("PA_SCHEDULER_HOME")
paHomeContainer = variables.get("PA_SCHEDULER_HOME")
proActiveHomeVolume = '-v '+paHomeHost +':'+paHomeContainer+' '
# Prepare working directory (For Dataspaces and serialized task file)
workspaceHost = localspace
workspaceContainer = localspace
workspaceVolume = '-v '+localspace +':'+localspace+' '
# Prepare container working directory
containerWorkingDirectory = '-w '+workspaceContainer+' '
# Save pre execution command into magic variable 'preJavaHomeCmd', which is picked up by the node
preJavaHomeCmd = dockerRunCommand + dockerParameters + proActiveHomeVolume + workspaceVolume + containerWorkingDirectory + containerName
]]>
            </code>
          </script>
        </envScript>
      </forkEnvironment>
      <scriptExecutable>
        <script>
          <file url="${PA_CATALOG_REST_URL}/buckets/data-connector-scripts/resources/ImportFromSqlDB/raw" language="cpython">
            <arguments>
              <argument value="SQL Server"/>
            </arguments>
          </file>
        </script>
      </scriptExecutable>
    </task>
  </taskFlow>
  <metadata>
    <visualization>
      <![CDATA[ <html><head><link rel="stylesheet" href="/studio/styles/studio-standalone.css"><style>
        #workflow-designer {
            left:0 !important;
            top:0 !important;
            width:1139px;
            height:566px;
            }
        </style></head><body><div id="workflow-visualization-view"><div id="workflow-visualization" style="position:relative;top:-269.9875030517578px;left:-472px"><div class="task ui-draggable _jsPlumb_endpoint_anchor_" id="jsPlumb_1_1421" style="top: 403px; left: 477px;"><a class="task-name"><img src="/automation-dashboard/styles/patterns/img/wf-icons/sql-server.png" width="20px">&nbsp;<span class="name">Import_from_SQL_Server</span></a></div><div class="task _jsPlumb_endpoint_anchor_ ui-draggable" id="jsPlumb_1_1424" style="top: 275px; left: 477px;"><a class="task-name"><img src="/automation-dashboard/styles/patterns/img/wf-icons/sql-server.png" width="20px">&nbsp;<span class="name">Export_to_SQL_Server</span></a></div><svg style="position:absolute;left:535.5px;top:314.5px" width="26.5" height="89" pointer-events="none" position="absolute" version="1.1"
      xmlns="http://www.w3.org/1999/xhtml" class="_jsPlumb_connector "><path d="M 5.5 88 C 15.5 38 -10 50 0 0 " transform="translate(10.5,0.5)" pointer-events="visibleStroke" version="1.1"
      xmlns="http://www.w3.org/1999/xhtml" fill="none" stroke="#666" style=""></path><path pointer-events="all" version="1.1"
      xmlns="http://www.w3.org/1999/xhtml" d="M7.868953124999999,66.78168750000002 L12.848095417762192,46.18537370290451 L6.478576933147113,52.85089950918167 L-1.0826925730561543,47.575749894757394 L7.868953124999999,66.78168750000002" class="" stroke="#666" fill="#666" transform="translate(10.5,0.5)"></path><path pointer-events="all" version="1.1"
      xmlns="http://www.w3.org/1999/xhtml" d="M7.868953124999999,66.78168750000002 L12.848095417762192,46.18537370290451 L6.478576933147113,52.85089950918167 L-1.0826925730561543,47.575749894757394 L7.868953124999999,66.78168750000002" class="" stroke="#666" fill="#666" transform="translate(10.5,0.5)"></path></svg><div class="_jsPlumb_endpoint source-endpoint dependency-source-endpoint connected _jsPlumb_endpoint_anchor_ ui-draggable ui-droppable" style="position: absolute; height: 20px; width: 20px; left: 541.5px; top: 433px;"><svg style="position:absolute;left:0px;top:0px" width="20" height="20" pointer-events="all" position="absolute" version="1.1"
      xmlns="http://www.w3.org/1999/xhtml"><circle cx="10" cy="10" r="10" version="1.1"
      xmlns="http://www.w3.org/1999/xhtml" fill="#666" stroke="none" style=""></circle></svg></div><div class="_jsPlumb_endpoint target-endpoint dependency-target-endpoint _jsPlumb_endpoint_anchor_ ui-draggable ui-droppable _jsPlumb_endpoint_connected" style="position: absolute; height: 20px; width: 20px; left: 541.5px; top: 393px;"><svg style="position:absolute;left:0px;top:0px" width="20" height="20" pointer-events="all" position="absolute" version="1.1"
      xmlns="http://www.w3.org/1999/xhtml"><circle cx="10" cy="10" r="10" version="1.1"
      xmlns="http://www.w3.org/1999/xhtml" fill="#666" stroke="none" style=""></circle></svg></div><div class="_jsPlumb_endpoint source-endpoint dependency-source-endpoint connected _jsPlumb_endpoint_anchor_ ui-draggable ui-droppable _jsPlumb_endpoint_connected" style="position: absolute; height: 20px; width: 20px; left: 536px; top: 305px;"><svg style="position:absolute;left:0px;top:0px" width="20" height="20" pointer-events="all" position="absolute" version="1.1"
      xmlns="http://www.w3.org/1999/xhtml"><circle cx="10" cy="10" r="10" version="1.1"
      xmlns="http://www.w3.org/1999/xhtml" fill="#666" stroke="none" style=""></circle></svg></div></div></div></body></html>
 ]]>
    </visualization>
  </metadata>
</job>