{
	"metadata": {
		"slug": "cloudautomation-aws",
		"name": "CloudAutomation AWS",
		"short_description": "Lifecycle management workflows for AWS",
		"author": "ActiveEon's Team",
		"tags": ["Cloud Automation", "AWS"],
		"version": "1.0"
	},
	"catalog" : {
		"bucket" : "cloud-automation",
		"objects" : [
			{
				"name" : "AWS",
				"metadata" : {
					"kind": "Workflow/pca",
					"commitMessage": "First commit",
					"contentType": "application/xml"
				},
				"file" : "resources/catalog/AWS.xml"
			},
			{
				"name" : "AWS_Delete",
				"metadata" : {
					"kind": "Workflow/pca",
					"commitMessage": "First commit",
					"contentType": "application/xml"
				},
				"file" : "resources/catalog/AWS_delete.xml"
			}
		]
	}
}
