<?xml version="1.0" encoding="UTF-8"?>
<job
        xmlns:xsi="http://www.w3.org/2001/XMLSchema-instance"
        xmlns="urn:proactive:jobdescriptor:3.11" xsi:schemaLocation="urn:proactive:jobdescriptor:3.11 http://www.activeeon.com/public_content/schemas/proactive/jobdescriptor/3.11/schedulerjob.xsd"  name="Variables_Propagation_10_Minutes" projectName="Job Planner Example Workflows" priority="normal" onTaskError="continueJobExecution"  maxNumberOfExecution="2" >
    <variables>
        <variable name="numberOfLights" value="1" model="PA:LIST(1,2,3,4,5)"/>
        <variable name="minRequiredAngle" value="120" model="PA:INTEGER"/>
        <variable name="coveredAnglePerLight" value="90" model="PA:INTEGER"/>
        <variable name="currentCoverage" value="0" model="PA:INTEGER"/>
    </variables>
    <description>
        <![CDATA[ Demonstrate how variables can be read/written to in different script tasks. ]]>
    </description>
    <genericInformation>
        <info name="workflow.icon" value="/automation-dashboard/styles/patterns/img/wf-icons/variables_propagation.png"/>
        <info name="JOB_EXEC_TIME" value="10:00"/>
    </genericInformation>
    <taskFlow>
        <task name="DisplayVariables" >
            <description>
                <![CDATA[ The simplest task, ran by a groovy engine. ]]>
            </description>
            <genericInformation>
                <info name="task.icon" value="/automation-dashboard/styles/patterns/img/wf-icons/variables_propagation.png"/>
            </genericInformation>
            <depends>
                <task ref="Start"/>
            </depends>
            <scriptExecutable>
                <script>
                    <code language="groovy">
                        <![CDATA[
println "This workflow will calculate the maximum angular coverage according to the number of lights and their"
println "covering angle defined in the Job Variables."

Integer coveredAnglePerLight=variables.get("coveredAnglePerLight").toInteger()
Integer numberOfLights=variables.get("numberOfLights").toInteger()
Integer minRequiredAngle=variables.get("minRequiredAngle").toInteger()

println " "
println "You chose to use: "+numberOfLights+ " light(s)."
println "Each light might cover: "+coveredAnglePerLight+" degrees."
println "You want to cover an angle of: "+minRequiredAngle+" degrees."
]]>
                    </code>
                </script>
            </scriptExecutable>
            <controlFlow block="start"></controlFlow>
        </task>
        <task name="Condition" >
            <depends>
                <task ref="VariableOverridingForCoverage"/>
            </depends>
            <scriptExecutable>
                <script>
                    <code language="groovy">
                        <![CDATA[
print ""
]]>
                    </code>
                </script>
            </scriptExecutable>
            <controlFlow >
                <if target="If"
                    else="Else"
                    continuation="Continuation">
                    <script>
                        <code language="groovy">
                            <![CDATA[
Integer currentCoverage=variables.get("currentCoverage").toInteger()
Integer coveredAnglePerLight=variables.get("coveredAnglePerLight").toInteger()
Integer numberOfLights=variables.get("numberOfLights").toInteger()
Integer minRequiredAngle=variables.get("minRequiredAngle").toInteger()
Integer i=(numberOfLights * coveredAnglePerLight)

println " "


if(currentCoverage <= minRequiredAngle)
{
    branch = "if";
} else {
    branch = "else";
}
]]>
                        </code>
                    </script>
                </if>
            </controlFlow>
        </task>
        <task name="If" >
            <scriptExecutable>
                <script>
                    <code language="groovy">
                        <![CDATA[
println "You haven't enough lights!"

Integer numberOfLights=variables.get("numberOfLights").toInteger()
numberOfLights++
variables.put("numberOfLights", numberOfLights)

println " "
println "Adding one more light..."
println "We will now try with "+numberOfLights+" lights!"
]]>
                    </code>
                </script>
            </scriptExecutable>
            <controlFlow block="none"></controlFlow>
        </task>
        <task name="Else" >
            <scriptExecutable>
                <script>
                    <code language="groovy">
                        <![CDATA[
println "You have enough lights!"
]]>
                    </code>
                </script>
            </scriptExecutable>
            <controlFlow block="none"></controlFlow>
        </task>
        <task name="Continuation" >
            <scriptExecutable>
                <script>
                    <code language="groovy">
                        <![CDATA[
Integer currentCoverage=variables.get("currentCoverage").toInteger()
Integer coveredAnglePerLight=variables.get("coveredAnglePerLight").toInteger()
Integer numberOfLights=variables.get("numberOfLights").toInteger()
Integer minRequiredAngle=variables.get("minRequiredAngle").toInteger()

println " "
println "With "+numberOfLights+ " lights, you can cover "+currentCoverage+" degrees maximum."
println "You wanted to cover "+minRequiredAngle+" degrees."
]]>
                    </code>
                </script>
            </scriptExecutable>
            <controlFlow block="none"></controlFlow>
        </task>
        <task name="VariableOverridingForCoverage" >
            <description>
                <![CDATA[ The simplest task, ran by a groovy engine. ]]>
            </description>
            <genericInformation>
                <info name="task.icon" value="/automation-dashboard/styles/patterns/img/wf-icons/variables_propagation.png"/>
            </genericInformation>
            <depends>
                <task ref="DisplayVariables"/>
            </depends>
            <scriptExecutable>
                <script>
                    <code language="groovy">
                        <![CDATA[
Integer currentCoverage=variables.get("currentCoverage").toInteger()
Integer coveredAnglePerLight=variables.get("coveredAnglePerLight").toInteger()
Integer numberOfLights=variables.get("numberOfLights").toInteger()
Integer minRequiredAngle=variables.get("minRequiredAngle").toInteger()

println "Calculation in progress..."

Integer i=(numberOfLights * coveredAnglePerLight)
variables.put("currentCoverage", i)
]]>
                    </code>
                </script>
            </scriptExecutable>
            <controlFlow block="none"></controlFlow>
        </task>
        <task name="Start" >
            <scriptExecutable>
                <script>
                    <code language="groovy">
                        <![CDATA[
println "Hello!"
]]>
                    </code>
                </script>
            </scriptExecutable>
            <controlFlow block="none"></controlFlow>
        </task>
        <task name="Loop" >
            <depends>
                <task ref="Continuation"/>
            </depends>
            <scriptExecutable>
                <script>
                    <code language="groovy">
                        <![CDATA[
println "Loop in progress..."
]]>
                    </code>
                </script>
            </scriptExecutable>
            <controlFlow  block="end">
                <loop target="DisplayVariables">
                    <script>
                        <code language="groovy">
                            <![CDATA[
Integer currentCoverage=variables.get("currentCoverage").toInteger()
Integer minRequiredAngle=variables.get("minRequiredAngle").toInteger()

if(currentCoverage < minRequiredAngle) {
    loop = true;
} else {
    loop = false;
}
]]>
                        </code>
                    </script>
                </loop>
            </controlFlow>
        </task>
        <task name="Groovy_Task3" >
            <description>
                <![CDATA[ The simplest task, ran by a groovy engine. ]]>
            </description>
            <depends>
                <task ref="Loop"/>
            </depends>
            <scriptExecutable>
                <script>
                    <code language="groovy">
                        <![CDATA[
Integer currentCoverage=variables.get("currentCoverage").toInteger()
Integer coveredAnglePerLight=variables.get("coveredAnglePerLight").toInteger()
Integer numberOfLights=variables.get("numberOfLights").toInteger()
Integer minRequiredAngle=variables.get("minRequiredAngle").toInteger()

println " "
println "With "+numberOfLights+" lights, you have enough lights to cover "+minRequiredAngle+" degrees."
]]>
                    </code>
                </script>
            </scriptExecutable>
            <controlFlow block="none"></controlFlow>
        </task>
    </taskFlow>
    <metadata>
        <visualization>
            <![CDATA[ <html><head><link rel="stylesheet" href="/studio/styles/studio-standalone.css"><style>
        #workflow-designer {
            left:0 !important;
            top:0 !important;
            width:1122px;
            height:923px;
            }
        </style></head><body><div id="workflow-visualization-view"><div id="workflow-visualization" style="position:relative;top:-108px;left:-341px"><div class="task block-start ui-draggable _jsPlumb_endpoint_anchor_" id="jsPlumb_1_105" style="top: 239px; left: 590px;"><a class="task-name"><img src="/automation-dashboard/styles/patterns/img/wf-icons/variables_propagation.png" width="20px">&nbsp;<span class="name">DisplayVariables</span></a></div><div class="task ui-draggable _jsPlumb_endpoint_anchor_" id="jsPlumb_1_108" style="top: 493px; left: 484px;"><a class="task-name"><img src="/studio/images/Groovy.png" width="20px">&nbsp;<span class="name">Condition</span></a></div><div class="task ui-draggable _jsPlumb_endpoint_anchor_" id="jsPlumb_1_111" style="top: 621px; left: 346px;"><a class="task-name"><img src="/studio/images/Groovy.png" width="20px">&nbsp;<span class="name">If</span></a></div><div class="task ui-draggable _jsPlumb_endpoint_anchor_" id="jsPlumb_1_114" style="top: 621px; left: 484px;"><a class="task-name"><img src="/studio/images/Groovy.png" width="20px">&nbsp;<span class="name">Else</span></a></div><div class="task ui-draggable _jsPlumb_endpoint_anchor_" id="jsPlumb_1_117" style="top: 621px; left: 622px;"><a class="task-name"><img src="/studio/images/Groovy.png" width="20px">&nbsp;<span class="name">Continuation</span></a></div><div class="task ui-draggable _jsPlumb_endpoint_anchor_" id="jsPlumb_1_120" style="top: 365px; left: 484px;"><a class="task-name"><img src="/automation-dashboard/styles/patterns/img/wf-icons/variables_propagation.png" width="20px">&nbsp;<span class="name">VariableOverridingForCoverage</span></a></div><div class="task _jsPlumb_endpoint_anchor_ ui-draggable" id="jsPlumb_1_123" style="top: 113px; left: 590px;"><a class="task-name"><img src="/studio/images/Groovy.png" width="20px">&nbsp;<span class="name">Start</span></a></div><div class="task block-end ui-draggable _jsPlumb_endpoint_anchor_" id="jsPlumb_1_126" style="top: 747px; left: 659px;"><a class="task-name"><img src="/studio/images/Groovy.png" width="20px">&nbsp;<span class="name">Loop</span></a></div><div class="task ui-draggable _jsPlumb_endpoint_anchor_" id="jsPlumb_1_129" style="top: 873px; left: 659px;"><a class="task-name"><img src="/studio/images/Groovy.png" width="20px">&nbsp;<span class="name">Groovy_Task3</span></a></div><svg style="position:absolute;left:629.5px;top:152.5px" width="25" height="87" pointer-events="none" position="absolute" version="1.1"
      xmlns="http://www.w3.org/1999/xhtml" class="_jsPlumb_connector "><path d="M 4 86 C 14 36 -10 50 0 0 " transform="translate(10.5,0.5)" pointer-events="visibleStroke" version="1.1"
      xmlns="http://www.w3.org/1999/xhtml" fill="none" stroke="#666" style=""></path><path pointer-events="all" version="1.1"
      xmlns="http://www.w3.org/1999/xhtml" d="M6.4906875,64.94400000000002 L11.823000909145822,44.43628355699633 L5.33988915511463,50.99137791060732 L-2.129621180246878,45.5870819018817 L6.4906875,64.94400000000002" class="" stroke="#666" fill="#666" transform="translate(10.5,0.5)"></path><path pointer-events="all" version="1.1"
      xmlns="http://www.w3.org/1999/xhtml" d="M6.4906875,64.94400000000002 L11.823000909145822,44.43628355699633 L5.33988915511463,50.99137791060732 L-2.129621180246878,45.5870819018817 L6.4906875,64.94400000000002" class="" stroke="#666" fill="#666" transform="translate(10.5,0.5)"></path></svg><svg style="position:absolute;left:523.5px;top:404.5px" width="58.5" height="89" pointer-events="none" position="absolute" version="1.1"
      xmlns="http://www.w3.org/1999/xhtml" class="_jsPlumb_connector "><path d="M 0 88 C -10 38 47.5 50 37.5 0 " transform="translate(10.5,0.5)" pointer-events="visibleStroke" version="1.1"
      xmlns="http://www.w3.org/1999/xhtml" fill="none" stroke="#666" style=""></path><path pointer-events="all" version="1.1"
      xmlns="http://www.w3.org/1999/xhtml" d="M0.684284999999998,65.364084 L16.40885498364452,51.16063727642387 L7.390168778418719,53.07461197105016 L4.119382954694674,44.45475349800515 L0.684284999999998,65.364084" class="" stroke="#666" fill="#666" transform="translate(10.5,0.5)"></path><path pointer-events="all" version="1.1"
      xmlns="http://www.w3.org/1999/xhtml" d="M0.684284999999998,65.364084 L16.40885498364452,51.16063727642387 L7.390168778418719,53.07461197105016 L4.119382954694674,44.45475349800515 L0.684284999999998,65.364084" class="" stroke="#666" fill="#666" transform="translate(10.5,0.5)"></path></svg><svg style="position:absolute;left:335.5px;top:532.5px" width="159" height="89" pointer-events="none" position="absolute" version="1.1"
      xmlns="http://www.w3.org/1999/xhtml" class="_jsPlumb_connector "><path d="M 0 88 C -10 38 148 50 138 0 " transform="translate(10.5,0.5)" pointer-events="visibleStroke" version="1.1"
      xmlns="http://www.w3.org/1999/xhtml" fill="none" stroke="#00f" style=""></path><path pointer-events="all" version="1.1"
      xmlns="http://www.w3.org/1999/xhtml" d="M17.961342,60.59109050000001 L39.07198391220434,58.76330548674452 L30.72717007153269,54.843601165684724 L33.32449457788905,45.997477415211826 L17.961342,60.59109050000001" class="" stroke="#00f" fill="#00f" transform="translate(10.5,0.5)"></path><path pointer-events="all" version="1.1"
      xmlns="http://www.w3.org/1999/xhtml" d="M17.961342,60.59109050000001 L39.07198391220434,58.76330548674452 L30.72717007153269,54.843601165684724 L33.32449457788905,45.997477415211826 L17.961342,60.59109050000001" class="" stroke="#00f" fill="#00f" transform="translate(10.5,0.5)"></path></svg><div class="_jsPlumb_overlay l1 component label" id="jsPlumb_1_143" style="position: absolute; transform: translate(-50%, -50%); left: 414.5px; top: 576.5px;">if</div><svg style="position:absolute;left:468.98171321138256px;top:532.5px" width="15.518286788617468" height="89" pointer-events="none" position="absolute" version="1.1"
      xmlns="http://www.w3.org/1999/xhtml" class="_jsPlumb_connector "><path d="M 0 88 C -10 38 -10 50 0 0 " transform="translate(15.018286788617468,0.5)" pointer-events="visibleStroke" version="1.1"
      xmlns="http://www.w3.org/1999/xhtml" fill="none" stroke="#00f" style=""></path><path pointer-events="all" version="1.1"
      xmlns="http://www.w3.org/1999/xhtml" d="M-4.427999999999998,66.303232 L-1.2615185838583702,45.35154005301801 L-7.026331880366543,52.546463795240896 L-15.018286788617468,47.94987193338456 L-4.427999999999998,66.303232" class="" stroke="#00f" fill="#00f" transform="translate(15.018286788617468,0.5)"></path><path pointer-events="all" version="1.1"
      xmlns="http://www.w3.org/1999/xhtml" d="M-4.427999999999998,66.303232 L-1.2615185838583702,45.35154005301801 L-7.026331880366543,52.546463795240896 L-15.018286788617468,47.94987193338456 L-4.427999999999998,66.303232" class="" stroke="#00f" fill="#00f" transform="translate(15.018286788617468,0.5)"></path></svg><div class="_jsPlumb_overlay l1 component label" id="jsPlumb_1_147" style="position: absolute; transform: translate(-50%, -50%); left: 476px; top: 576.5px;">else</div><svg style="position:absolute;left:473.5px;top:532.5px" width="159" height="89" pointer-events="none" position="absolute" version="1.1"
      xmlns="http://www.w3.org/1999/xhtml" class="_jsPlumb_connector "><path d="M 138 88 C 148 38 -10 50 0 0 " transform="translate(10.5,0.5)" pointer-events="visibleStroke" version="1.1"
      xmlns="http://www.w3.org/1999/xhtml" fill="none" stroke="#00f" style=""></path><path pointer-events="all" version="1.1"
      xmlns="http://www.w3.org/1999/xhtml" d="M120.038658,60.59109050000001 L104.67550542211094,45.997477415211826 L107.2728299284673,54.843601165684724 L98.92801608779567,58.76330548674452 L120.038658,60.59109050000001" class="" stroke="#00f" fill="#00f" transform="translate(10.5,0.5)"></path><path pointer-events="all" version="1.1"
      xmlns="http://www.w3.org/1999/xhtml" d="M120.038658,60.59109050000001 L104.67550542211094,45.997477415211826 L107.2728299284673,54.843601165684724 L98.92801608779567,58.76330548674452 L120.038658,60.59109050000001" class="" stroke="#00f" fill="#00f" transform="translate(10.5,0.5)"></path></svg><div class="_jsPlumb_overlay l1 component label" id="jsPlumb_1_151" style="position: absolute; transform: translate(-50%, -50%); left: 552.5px; top: 576.5px;">continuation</div><svg style="position:absolute;left:561px;top:278.5px" width="93.5" height="87" pointer-events="none" position="absolute" version="1.1"
      xmlns="http://www.w3.org/1999/xhtml" class="_jsPlumb_connector "><path d="M 0 86 C -10 36 82.5 50 72.5 0 " transform="translate(10.5,0.5)" pointer-events="visibleStroke" version="1.1"
      xmlns="http://www.w3.org/1999/xhtml" fill="none" stroke="#666" style=""></path><path pointer-events="all" version="1.1"
      xmlns="http://www.w3.org/1999/xhtml" d="M5.362244999999997,61.78179200000001 L24.935361103999,53.66433390159415 L15.796457952062237,52.44759679789412 L15.601165901893111,43.23012094953191 L5.362244999999997,61.78179200000001" class="" stroke="#666" fill="#666" transform="translate(10.5,0.5)"></path><path pointer-events="all" version="1.1"
      xmlns="http://www.w3.org/1999/xhtml" d="M5.362244999999997,61.78179200000001 L24.935361103999,53.66433390159415 L15.796457952062237,52.44759679789412 L15.601165901893111,43.23012094953191 L5.362244999999997,61.78179200000001" class="" stroke="#666" fill="#666" transform="translate(10.5,0.5)"></path></svg><svg style="position:absolute;left:661.5px;top:660.5px" width="58" height="87" pointer-events="none" position="absolute" version="1.1"
      xmlns="http://www.w3.org/1999/xhtml" class="_jsPlumb_connector "><path d="M 37 86 C 47 36 -10 50 0 0 " transform="translate(10.5,0.5)" pointer-events="visibleStroke" version="1.1"
      xmlns="http://www.w3.org/1999/xhtml" fill="none" stroke="#666" style=""></path><path pointer-events="all" version="1.1"
      xmlns="http://www.w3.org/1999/xhtml" d="M36.363006000000006,63.55324800000002 L32.795916169070956,42.666030135045325 L29.57963739548844,51.30637450611078 L20.549042675181717,49.44939873955689 L36.363006000000006,63.55324800000002" class="" stroke="#666" fill="#666" transform="translate(10.5,0.5)"></path><path pointer-events="all" version="1.1"
      xmlns="http://www.w3.org/1999/xhtml" d="M36.363006000000006,63.55324800000002 L32.795916169070956,42.666030135045325 L29.57963739548844,51.30637450611078 L20.549042675181717,49.44939873955689 L36.363006000000006,63.55324800000002" class="" stroke="#666" fill="#666" transform="translate(10.5,0.5)"></path></svg><svg style="position:absolute;left:687.5px;top:278.5px" width="82" height="469" pointer-events="none" position="absolute" version="1.1"
      xmlns="http://www.w3.org/1999/xhtml" class="_jsPlumb_connector "><path d="M 0 0 C -10 50 71 418 61 468 " transform="translate(10.5,0.5)" pointer-events="visibleStroke" version="1.1"
      xmlns="http://www.w3.org/1999/xhtml" fill="none" stroke="#316b31" style=""></path><path pointer-events="all" version="1.1"
      xmlns="http://www.w3.org/1999/xhtml" d="M9.007936000000003,102.83212800000003 L18.930506239421184,121.55491090863178 L11.109243220472207,116.67353356320751 L5.08910067621369,123.65621812910398 L9.007936000000003,102.83212800000003" class="" stroke="#316b31" fill="#316b31" transform="translate(10.5,0.5)"></path><path pointer-events="all" version="1.1"
      xmlns="http://www.w3.org/1999/xhtml" d="M9.007936000000003,102.83212800000003 L18.930506239421184,121.55491090863178 L11.109243220472207,116.67353356320751 L5.08910067621369,123.65621812910398 L9.007936000000003,102.83212800000003" class="" stroke="#316b31" fill="#316b31" transform="translate(10.5,0.5)"></path></svg><div class="_jsPlumb_overlay l1 component label" id="jsPlumb_1_163" style="position: absolute; transform: translate(-50%, -50%); left: 728px; top: 512.5px;">loop</div><svg style="position:absolute;left:693.9783554952701px;top:786.5px" width="15.521644504729927" height="87" pointer-events="none" position="absolute" version="1.1"
      xmlns="http://www.w3.org/1999/xhtml" class="_jsPlumb_connector "><path d="M 0 86 C -10 36 -10 50 0 0 " transform="translate(15.021644504729927,0.5)" pointer-events="visibleStroke" version="1.1"
      xmlns="http://www.w3.org/1999/xhtml" fill="none" stroke="#666" style=""></path><path pointer-events="all" version="1.1"
      xmlns="http://www.w3.org/1999/xhtml" d="M-4.331249999999999,64.94400000000002 L-1.2792764656232984,43.975321988607305 L-7.004697339623629,51.20163196089339 L-15.021644504729927,46.64876932823094 L-4.331249999999999,64.94400000000002" class="" stroke="#666" fill="#666" transform="translate(15.021644504729927,0.5)"></path><path pointer-events="all" version="1.1"
      xmlns="http://www.w3.org/1999/xhtml" d="M-4.331249999999999,64.94400000000002 L-1.2792764656232984,43.975321988607305 L-7.004697339623629,51.20163196089339 L-15.021644504729927,46.64876932823094 L-4.331249999999999,64.94400000000002" class="" stroke="#666" fill="#666" transform="translate(15.021644504729927,0.5)"></path></svg><div class="_jsPlumb_endpoint source-endpoint dependency-source-endpoint connected _jsPlumb_endpoint_anchor_ ui-draggable ui-droppable _jsPlumb_endpoint_connected" style="position: absolute; height: 20px; width: 20px; left: 634px; top: 269px;"><svg style="position:absolute;left:0px;top:0px" width="20" height="20" pointer-events="all" position="absolute" version="1.1"
      xmlns="http://www.w3.org/1999/xhtml"><circle cx="10" cy="10" r="10" version="1.1"
      xmlns="http://www.w3.org/1999/xhtml" fill="#666" stroke="none" style=""></circle></svg></div><div class="_jsPlumb_endpoint target-endpoint dependency-target-endpoint _jsPlumb_endpoint_anchor_ ui-draggable ui-droppable _jsPlumb_endpoint_connected" style="position: absolute; height: 20px; width: 20px; left: 634px; top: 229px;"><svg style="position:absolute;left:0px;top:0px" width="20" height="20" pointer-events="all" position="absolute" version="1.1"
      xmlns="http://www.w3.org/1999/xhtml"><circle cx="10" cy="10" r="10" version="1.1"
      xmlns="http://www.w3.org/1999/xhtml" fill="#666" stroke="none" style=""></circle></svg></div><div class="_jsPlumb_endpoint target-endpoint loop-target-endpoint _jsPlumb_endpoint_anchor_ ui-draggable ui-droppable _jsPlumb_endpoint_connected _jsPlumb_endpoint_full" style="position: absolute; height: 20px; width: 20px; left: 688px; top: 269px;"><svg style="position:absolute;left:0px;top:0px" width="20" height="20" pointer-events="all" position="absolute" version="1.1"
      xmlns="http://www.w3.org/1999/xhtml"><circle cx="10" cy="10" r="10" version="1.1"
      xmlns="http://www.w3.org/1999/xhtml" fill="#316b31" stroke="none" style=""></circle></svg></div><div class="_jsPlumb_endpoint source-endpoint dependency-source-endpoint connected _jsPlumb_endpoint_anchor_ ui-draggable ui-droppable" style="position: absolute; height: 20px; width: 20px; left: 524px; top: 523px;"><svg style="position:absolute;left:0px;top:0px" width="20" height="20" pointer-events="all" position="absolute" version="1.1"
      xmlns="http://www.w3.org/1999/xhtml"><circle cx="10" cy="10" r="10" version="1.1"
      xmlns="http://www.w3.org/1999/xhtml" fill="#666" stroke="none" style=""></circle></svg></div><div class="_jsPlumb_endpoint target-endpoint dependency-target-endpoint _jsPlumb_endpoint_anchor_ ui-draggable ui-droppable _jsPlumb_endpoint_connected" style="position: absolute; height: 20px; width: 20px; left: 524px; top: 483px;"><svg style="position:absolute;left:0px;top:0px" width="20" height="20" pointer-events="all" position="absolute" version="1.1"
      xmlns="http://www.w3.org/1999/xhtml"><circle cx="10" cy="10" r="10" version="1.1"
      xmlns="http://www.w3.org/1999/xhtml" fill="#666" stroke="none" style=""></circle></svg></div><div class="_jsPlumb_endpoint source-endpoint if-source-endpoint _jsPlumb_endpoint_anchor_ ui-draggable ui-droppable _jsPlumb_endpoint_connected _jsPlumb_endpoint_full" style="position: absolute; height: 20px; width: 20px; left: 474px; top: 523px;"><svg style="position:absolute;left:0px;top:0px" width="20" height="20" pointer-events="all" position="absolute" version="1.1"
      xmlns="http://www.w3.org/1999/xhtml"><circle cx="10" cy="10" r="10" version="1.1"
      xmlns="http://www.w3.org/1999/xhtml" fill="#00f" stroke="none" style=""></circle></svg></div><div class="_jsPlumb_endpoint source-endpoint dependency-source-endpoint connected _jsPlumb_endpoint_anchor_ ui-draggable ui-droppable" style="position: absolute; height: 20px; width: 20px; left: 386px; top: 651px;"><svg style="position:absolute;left:0px;top:0px" width="20" height="20" pointer-events="all" position="absolute" version="1.1"
      xmlns="http://www.w3.org/1999/xhtml"><circle cx="10" cy="10" r="10" version="1.1"
      xmlns="http://www.w3.org/1999/xhtml" fill="#666" stroke="none" style=""></circle></svg></div><div class="_jsPlumb_endpoint target-endpoint if-target-endpoint _jsPlumb_endpoint_anchor_ ui-draggable ui-droppable _jsPlumb_endpoint_connected _jsPlumb_endpoint_full" style="position: absolute; height: 20px; width: 20px; left: 336px; top: 611px;"><svg style="position:absolute;left:0px;top:0px" width="20" height="20" pointer-events="all" position="absolute" version="1.1"
      xmlns="http://www.w3.org/1999/xhtml"><circle cx="10" cy="10" r="10" version="1.1"
      xmlns="http://www.w3.org/1999/xhtml" fill="#00f" stroke="none" style=""></circle></svg></div><div class="_jsPlumb_endpoint source-endpoint dependency-source-endpoint connected _jsPlumb_endpoint_anchor_ ui-draggable ui-droppable" style="position: absolute; height: 20px; width: 20px; left: 524px; top: 651px;"><svg style="position:absolute;left:0px;top:0px" width="20" height="20" pointer-events="all" position="absolute" version="1.1"
      xmlns="http://www.w3.org/1999/xhtml"><circle cx="10" cy="10" r="10" version="1.1"
      xmlns="http://www.w3.org/1999/xhtml" fill="#666" stroke="none" style=""></circle></svg></div><div class="_jsPlumb_endpoint target-endpoint if-target-endpoint _jsPlumb_endpoint_anchor_ ui-draggable ui-droppable _jsPlumb_endpoint_connected _jsPlumb_endpoint_full" style="position: absolute; height: 20px; width: 20px; left: 474px; top: 611px;"><svg style="position:absolute;left:0px;top:0px" width="20" height="20" pointer-events="all" position="absolute" version="1.1"
      xmlns="http://www.w3.org/1999/xhtml"><circle cx="10" cy="10" r="10" version="1.1"
      xmlns="http://www.w3.org/1999/xhtml" fill="#00f" stroke="none" style=""></circle></svg></div><div class="_jsPlumb_endpoint source-endpoint dependency-source-endpoint connected _jsPlumb_endpoint_anchor_ ui-draggable ui-droppable _jsPlumb_endpoint_connected" style="position: absolute; height: 20px; width: 20px; left: 662px; top: 651px;"><svg style="position:absolute;left:0px;top:0px" width="20" height="20" pointer-events="all" position="absolute" version="1.1"
      xmlns="http://www.w3.org/1999/xhtml"><circle cx="10" cy="10" r="10" version="1.1"
      xmlns="http://www.w3.org/1999/xhtml" fill="#666" stroke="none" style=""></circle></svg></div><div class="_jsPlumb_endpoint target-endpoint if-target-endpoint _jsPlumb_endpoint_anchor_ ui-draggable ui-droppable _jsPlumb_endpoint_connected _jsPlumb_endpoint_full" style="position: absolute; height: 20px; width: 20px; left: 612px; top: 611px;"><svg style="position:absolute;left:0px;top:0px" width="20" height="20" pointer-events="all" position="absolute" version="1.1"
      xmlns="http://www.w3.org/1999/xhtml"><circle cx="10" cy="10" r="10" version="1.1"
      xmlns="http://www.w3.org/1999/xhtml" fill="#00f" stroke="none" style=""></circle></svg></div><div class="_jsPlumb_endpoint source-endpoint dependency-source-endpoint connected _jsPlumb_endpoint_anchor_ ui-draggable ui-droppable _jsPlumb_endpoint_connected" style="position: absolute; height: 20px; width: 20px; left: 561.5px; top: 395px;"><svg style="position:absolute;left:0px;top:0px" width="20" height="20" pointer-events="all" position="absolute" version="1.1"
      xmlns="http://www.w3.org/1999/xhtml"><circle cx="10" cy="10" r="10" version="1.1"
      xmlns="http://www.w3.org/1999/xhtml" fill="#666" stroke="none" style=""></circle></svg></div><div class="_jsPlumb_endpoint target-endpoint dependency-target-endpoint _jsPlumb_endpoint_anchor_ ui-draggable ui-droppable _jsPlumb_endpoint_connected" style="position: absolute; height: 20px; width: 20px; left: 561.5px; top: 355px;"><svg style="position:absolute;left:0px;top:0px" width="20" height="20" pointer-events="all" position="absolute" version="1.1"
      xmlns="http://www.w3.org/1999/xhtml"><circle cx="10" cy="10" r="10" version="1.1"
      xmlns="http://www.w3.org/1999/xhtml" fill="#666" stroke="none" style=""></circle></svg></div><div class="_jsPlumb_endpoint source-endpoint dependency-source-endpoint connected _jsPlumb_endpoint_anchor_ ui-draggable ui-droppable _jsPlumb_endpoint_connected" style="position: absolute; height: 20px; width: 20px; left: 630px; top: 143px;"><svg style="position:absolute;left:0px;top:0px" width="20" height="20" pointer-events="all" position="absolute" version="1.1"
      xmlns="http://www.w3.org/1999/xhtml"><circle cx="10" cy="10" r="10" version="1.1"
      xmlns="http://www.w3.org/1999/xhtml" fill="#666" stroke="none" style=""></circle></svg></div><div class="_jsPlumb_endpoint source-endpoint dependency-source-endpoint connected _jsPlumb_endpoint_anchor_ ui-draggable ui-droppable _jsPlumb_endpoint_connected" style="position: absolute; height: 20px; width: 20px; left: 699px; top: 777px;"><svg style="position:absolute;left:0px;top:0px" width="20" height="20" pointer-events="all" position="absolute" version="1.1"
      xmlns="http://www.w3.org/1999/xhtml"><circle cx="10" cy="10" r="10" version="1.1"
      xmlns="http://www.w3.org/1999/xhtml" fill="#666" stroke="none" style=""></circle></svg></div><div class="_jsPlumb_endpoint target-endpoint dependency-target-endpoint _jsPlumb_endpoint_anchor_ ui-draggable ui-droppable _jsPlumb_endpoint_connected" style="position: absolute; height: 20px; width: 20px; left: 699px; top: 737px;"><svg style="position:absolute;left:0px;top:0px" width="20" height="20" pointer-events="all" position="absolute" version="1.1"
      xmlns="http://www.w3.org/1999/xhtml"><circle cx="10" cy="10" r="10" version="1.1"
      xmlns="http://www.w3.org/1999/xhtml" fill="#666" stroke="none" style=""></circle></svg></div><div class="_jsPlumb_endpoint source-endpoint loop-source-endpoint _jsPlumb_endpoint_anchor_ ui-draggable ui-droppable _jsPlumb_endpoint_connected _jsPlumb_endpoint_full" style="position: absolute; height: 20px; width: 20px; left: 749px; top: 737px;"><svg style="position:absolute;left:0px;top:0px" width="20" height="20" pointer-events="all" position="absolute" version="1.1"
      xmlns="http://www.w3.org/1999/xhtml"><circle cx="10" cy="10" r="10" version="1.1"
      xmlns="http://www.w3.org/1999/xhtml" fill="#316b31" stroke="none" style=""></circle></svg></div><div class="_jsPlumb_endpoint source-endpoint dependency-source-endpoint connected _jsPlumb_endpoint_anchor_ ui-draggable ui-droppable" style="position: absolute; height: 20px; width: 20px; left: 699px; top: 903px;"><svg style="position:absolute;left:0px;top:0px" width="20" height="20" pointer-events="all" position="absolute" version="1.1"
      xmlns="http://www.w3.org/1999/xhtml"><circle cx="10" cy="10" r="10" version="1.1"
      xmlns="http://www.w3.org/1999/xhtml" fill="#666" stroke="none" style=""></circle></svg></div><div class="_jsPlumb_endpoint target-endpoint dependency-target-endpoint _jsPlumb_endpoint_anchor_ ui-draggable ui-droppable _jsPlumb_endpoint_connected" style="position: absolute; height: 20px; width: 20px; left: 699px; top: 863px;"><svg style="position:absolute;left:0px;top:0px" width="20" height="20" pointer-events="all" position="absolute" version="1.1"
      xmlns="http://www.w3.org/1999/xhtml"><circle cx="10" cy="10" r="10" version="1.1"
      xmlns="http://www.w3.org/1999/xhtml" fill="#666" stroke="none" style=""></circle></svg></div></div></div></body></html>
 ]]>
        </visualization>
    </metadata>
</job>