{
	"metadata": {
		"slug": "in-memory-workflows",
		"name": "In Memory Workflows",
		"short_description": "In memory workflow examples",
		"author": "ActiveEon's Team",
		"tags": ["In Memory", "Critical Section"],
		"version": "1.0"
	},
	"test": {
		"scenarios": "resources/test/scenarios.json"
	},
	"catalog" : {
		"bucket" : "basic-examples",
		"objects" : [
			{
				"name" : "In_Memory_Workflow",
				"metadata" : {
					"kind": "Workflow/standard",
					"commitMessage": "First commit",
					"contentType": "application/xml"
				},
				"file" : "resources/catalog/InMemoryWorkflow.xml"
			}
		]
	}
}
