{
	"metadata": {
		"slug": "in-memory-workflows",
		"name": "In Memory Workflows",
		"short_description": "In memory workflow examples",
		"author": "ActiveEon's Team",
		"tags": ["In Memory", "Machine Learning"],
		"version": "1.0"
	},
	"catalog" : {
		"bucket" : "machine-learning-workflows",
		"objects" : [
			{
				"name" : "In_Memory_Iris_Flowers_Classification",
				"metadata" : {
					"kind": "Workflow/standard",
					"commitMessage": "First commit",
					"contentType": "application/xml"
				},
				"file" : "resources/catalog/In_Memory_Iris_Flowers_Classification.xml"
			},
			{
				"name" : "Start_IPython_Cluster",
				"metadata" : {
					"kind": "Workflow/standard",
					"commitMessage": "First commit",
					"contentType": "application/xml"
				},
				"file" : "resources/catalog/Start_IPython_Cluster.xml"
			}
		]
	}
}
