{
	"metadata": {
		"slug": "fluid-dynamics-cfd-paraview-flexnet-pbs",
		"name": "Fluid dynamics CFD Paraview Flexnet PBS",
		"short_description": "Computational fluid dynamics",
		"author": "ActiveEon's Team",
		"tags": ["CFD", "LaBS", "solver", "Paraview", "PostLaBS", "fluid dynamics", "Flexnet"],
		"version": "1.0"
	},
	"dataspace" : {
		"target" : "global",
		"files" : ["resources/dataspace/Solve_labs_TO_BE_SUBMITTED.xml",
			       "resources/dataspace/Start_Flexnet_TO_BE_SUBMITTED.xml",
			       "resources/dataspace/Start_LaBSGUI_TO_BE_SUBMITTED.xml",
			       "resources/dataspace/Start_Paraview_client_TO_BE_SUBMITTED.xml",
			       "resources/dataspace/Start_Paraview_server_TO_BE_SUBMITTED.xml",
			       "resources/dataspace/commons-jexl3-3.0.jar",
			       "resources/dataspace/ini_template_0.txt",
				   "resources/dataspace/ini_template_1.txt",
			 	   "resources/dataspace/log_tube_impedance_ferme_pulse_v0m_s_porous_0.txt",
				   "resources/dataspace/log_tube_impedance_ferme_pulse_v0m_s_porous_1.txt",
				   "resources/dataspace/log_tube_impedance_ferme_pulse_v0m_s_porous_2.txt",
				   "resources/dataspace/mapping_logs_ini_templates.txt"]
	},
	"catalog" : {
		"bucket" : "fluid-dynamics-cfd-paraview-flexnet-pbs",
		"objects" : [
			{
				"name" : "Flexnet_Start",
				"metadata" : {
					"kind": "Workflow/pca",
					"commitMessage": "First commit",
					"contentType": "application/xml"
				},
				"file" : "resources/catalog/Flexnet_start.xml"
			},
			{
				"name" : "Flexnet_Stop",
				"metadata" : {
					"kind": "Workflow/pca",
					"commitMessage": "First commit",
					"contentType": "application/xml"
				},
				"file" : "resources/catalog/Flexnet_stop.xml"
			},
			{
				"name" : "Generate_Multiple_INI",
				"metadata" : {
					"kind": "Workflow/standard",
					"commitMessage": "First commit",
					"contentType": "application/xml"
				},
				"file" : "resources/catalog/Generate_multiple_ini.xml"
			},
			{
				"name" : "Generate_Multiple_Labs",
				"metadata" : {
					"kind": "Workflow/standard",
					"commitMessage": "First commit",
					"contentType": "application/xml"
				},
				"file" : "resources/catalog/Generate_multiple_labs.xml"
			},
			{
				"name" : "LaBSGUI_Deploy",
				"metadata" : {
					"kind": "Workflow/pca",
					"commitMessage": "First commit",
					"contentType": "application/xml"
				},
				"file" : "resources/catalog/LaBSGUI_deploy.xml"
			},
			{
				"name" : "LaBSGUI_Start",
				"metadata" : {
					"kind": "Workflow/pca",
					"commitMessage": "First commit",
					"contentType": "application/xml"
				},
				"file" : "resources/catalog/LaBSGUI_start.xml"
			},
			{
				"name" : "LaBSGUI_Stop",
				"metadata" : {
					"kind": "Workflow/pca",
					"commitMessage": "First commit",
					"contentType": "application/xml"
				},
				"file" : "resources/catalog/LaBSGUI_stop.xml"
			},
			{
				"name" : "LaBSGUI_Undeploy",
				"metadata" : {
					"kind": "Workflow/pca",
					"commitMessage": "First commit",
					"contentType": "application/xml"
				},
				"file" : "resources/catalog/LaBSGUI_undeploy.xml"
			},
			{
				"name" : "LaBSsolver_Deploy",
				"metadata" : {
					"kind": "Workflow/pca",
					"commitMessage": "First commit",
					"contentType": "application/xml"
				},
				"file" : "resources/catalog/LaBSsolver_deploy.xml"
			},
			{
				"name" : "LaBSsolver_Multiple",
				"metadata" : {
					"kind": "Workflow/standard",
					"commitMessage": "First commit",
					"contentType": "application/xml"
				},
				"file" : "resources/catalog/LaBSsolver_multiple.xml"
			},
			{
				"name" : "LaBSsolver_PBS_Multiple",
				"metadata" : {
					"kind": "Workflow/standard",
					"commitMessage": "First commit",
					"contentType": "application/xml"
				},
				"file" : "resources/catalog/LaBSsolver_PBS_multiple.xml"
			},
			{
				"name" : "LaBSsolver_PBS_NS_Multiple",
				"metadata" : {
					"kind": "Workflow/standard",
					"commitMessage": "First commit",
					"contentType": "application/xml"
				},
				"file" : "resources/catalog/LaBSsolver_PBS_NS_multiple.xml"
			},
			{
				"name" : "LaBSsolver_Undeploy",
				"metadata" : {
					"kind": "Workflow/pca",
					"commitMessage": "First commit",
					"contentType": "application/xml"
				},
				"file" : "resources/catalog/LaBSsolver_undeploy.xml"
			},
			{
				"name" : "Optimize_Mesh_Size",
				"metadata" : {
					"kind": "Workflow/standard",
					"commitMessage": "First commit",
					"contentType": "application/xml"
				},
				"file" : "resources/catalog/Optimize_mesh_size.xml"
			},
			{
				"name" : "Paraview_Client_Start",
				"metadata" : {
					"kind": "Workflow/pca",
					"commitMessage": "First commit",
					"contentType": "application/xml"
				},
				"file" : "resources/catalog/Paraview_client_start.xml"
			},
			{
				"name" : "Paraview_Client_Stop",
				"metadata" : {
					"kind": "Workflow/pca",
					"commitMessage": "First commit",
					"contentType": "application/xml"
				},
				"file" : "resources/catalog/Paraview_client_stop.xml"
			},
			{
				"name" : "Paraview_Deploy",
				"metadata" : {
					"kind": "Workflow/pca",
					"commitMessage": "First commit",
					"contentType": "application/xml"
				},
				"file" : "resources/catalog/Paraview_deploy.xml"
			},
			{
				"name" : "Paraview_Multiple",
				"metadata" : {
					"kind": "Workflow/standard",
					"commitMessage": "First commit",
					"contentType": "application/xml"
				},
				"file" : "resources/catalog/Paraview_multiple.xml"
			},
			{
				"name" : "Paraview_Server_Start",
				"metadata" : {
					"kind": "Workflow/pca",
					"commitMessage": "First commit",
					"contentType": "application/xml"
				},
				"file" : "resources/catalog/Paraview_server_start.xml"
			},
			{
				"name" : "Paraview_Server_Stop",
				"metadata" : {
					"kind": "Workflow/pca",
					"commitMessage": "First commit",
					"contentType": "application/xml"
				},
				"file" : "resources/catalog/Paraview_server_stop.xml"
			},
			{
				"name" : "Paraview_Undeploy",
				"metadata" : {
					"kind": "Workflow/pca",
					"commitMessage": "First commit",
					"contentType": "application/xml"
				},
				"file" : "resources/catalog/Paraview_undeploy.xml"
			},
			{
				"name" : "PostLaBS_Deploy",
				"metadata" : {
					"kind": "Workflow/pca",
					"commitMessage": "First commit",
					"contentType": "application/xml"
				},
				"file" : "resources/catalog/PostLaBS_deploy.xml"
			},
			{
				"name" : "PostLaBS_Multiple",
				"metadata" : {
					"kind": "Workflow/standard",
					"commitMessage": "First commit",
					"contentType": "application/xml"
				},
				"file" : "resources/catalog/PostLaBS_multiple.xml"
			},
			{
				"name" : "PostLaBS_Undeploy",
				"metadata" : {
					"kind": "Workflow/pca",
					"commitMessage": "First commit",
					"contentType": "application/xml"
				},
				"file" : "resources/catalog/PostLaBS_undeploy.xml"
			}
		]
	}
}

