<?xml version="1.0" encoding="UTF-8"?>
<job
  xmlns:xsi="http://www.w3.org/2001/XMLSchema-instance"
  xmlns="urn:proactive:jobdescriptor:3.11" xsi:schemaLocation="urn:proactive:jobdescriptor:3.11 http://www.activeeon.com/public_content/schemas/proactive/jobdescriptor/3.11/schedulerjob.xsd"  name="Demo_DIAD" projectName="MC-Optim" priority="normal" onTaskError="continueJobExecution"  maxNumberOfExecution="2" >
  <genericInformation>
    <info name="workflow.icon" value="/automation-dashboard/styles/patterns/img/wf-icons/diad.png"/>
  </genericInformation>
  <taskFlow>
    <task name="MC-OPTIM" >
      <variables>
        <variable name="MC_OPTIM_v6_General_DIAD_exe_path" value="C:/Users/mu-mcsuite/Desktop/DemoFinal/MC_OPTIM_v6_General_DIAD.exe" inherited="false" />
      </variables>
      <genericInformation>
        <info name="task.icon" value="/automation-dashboard/styles/patterns/img/wf-icons/diad.png"/>
      </genericInformation>
      <selection>
        <script type="dynamic">
          <code language="groovy">
            <![CDATA[
def MC_OPTIM_v6_General_DIAD_exe_path = variables.get("MC_OPTIM_v6_General_DIAD_exe_path")
selected = new File(MC_OPTIM_v6_General_DIAD_exe_path).exists()
]]>
          </code>
        </script>
      </selection>
      <scriptExecutable>
        <script>
          <code language="cmd">
            <![CDATA[
cd "C:/Users/mu-mcsuite/Desktop/DemoFinal" &&  "MC_OPTIM_v6_General_DIAD.exe"
]]>
          </code>
        </script>
      </scriptExecutable>
    </task>
  </taskFlow>
  <metadata>
    <visualization>
      <![CDATA[ <html><head><link rel="stylesheet" href="/studio/styles/studio-standalone.css"><style>
        #workflow-designer {
            left:0 !important;
            top:0 !important;
            width:1139px;
            height:566px;
            }
        </style></head><body><div id="workflow-visualization-view"><div id="workflow-visualization" style="position:relative;top:-333.9875030517578px;left:-497.5px"><div class="task _jsPlumb_endpoint_anchor_ ui-draggable" id="jsPlumb_1_1644" style="top: 339px; left: 502.5px;"><a class="task-name"><img src="/automation-dashboard/styles/patterns/img/wf-icons/diad.png" width="20px">&nbsp;<span class="name">MC-OPTIM</span></a></div><div class="_jsPlumb_endpoint source-endpoint dependency-source-endpoint connected _jsPlumb_endpoint_anchor_ ui-draggable ui-droppable" style="position: absolute; height: 20px; width: 20px; left: 542px; top: 369px;"><svg style="position:absolute;left:0px;top:0px" width="20" height="20" pointer-events="all" position="absolute" version="1.1"
      xmlns="http://www.w3.org/1999/xhtml"><circle cx="10" cy="10" r="10" version="1.1"
      xmlns="http://www.w3.org/1999/xhtml" fill="#666" stroke="none" style=""></circle></svg></div></div></div></body></html>
 ]]>
    </visualization>
  </metadata>
</job>