{
	"metadata": {
		"slug": "MySQL",
		"name": "MySQL Service",
		"short_description": "Lifecycle management workflow of MySQL Server for Cloud Automation",
		"author": "ActiveEon's Team",
		"tags": ["Cloud Automation", "MySQL", "Database", "SQL"],
		"version": "1.0"
	},
	"catalog" : {
		"bucket" : "cloud-automation",
		"objects" : [
			{
				"name" : "MySQL",
				"metadata" : {
					"kind": "Workflow/pca",
					"commitMessage": "First commit",
					"contentType": "application/xml"
				},
				"file" : "resources/catalog/MySQL.xml"
			},
			{
				"name" : "Finish_MySQL",
				"metadata" : {
					"kind": "Workflow/pca",
					"commitMessage": "First commit",
					"contentType": "application/xml"
				},
				"file" : "resources/catalog/Finish_MySQL.xml"
			},
			{
				"name" : "Resume_MySQL",
				"metadata" : {
					"kind": "Workflow/pca",
					"commitMessage": "First commit",
					"contentType": "application/xml"
				},
				"file" : "resources/catalog/Resume_MySQL.xml"
			},
			{
				"name" : "Pause_MySQL",
				"metadata" : {
					"kind": "Workflow/pca",
					"commitMessage": "First commit",
					"contentType": "application/xml"
				},
				"file" : "resources/catalog/Pause_MySQL.xml"
			}
		]
	}
}
