{
	"metadata": {
		"slug": "scripts",
		"name": "Scripts",
		"short_description": "Data connector scripts",
		"author": "ActiveEon's Team",
		"tags": ["Scripts", "FTP", "SFTP", "SQL"],
		"version": "1.0"
	},
	"catalog" : {
		"bucket" : "data-connector-scripts",
		"objects" : [
			{
				"name" : "ExportToFileSystem",
				"metadata" : {
					"kind": "Script/task",
					"commitMessage": "First commit",
					"contentType": "text/x-groovy"
				},
				"file" : "resources/catalog/ExportToFileSystem.groovy"
			},
			{
				"name" : "ImportFromFileSystem",
				"metadata" : {
					"kind": "Script/task",
					"commitMessage": "First commit",
					"contentType": "text/x-groovy"
				},
				"file" : "resources/catalog/ImportFromFileSystem.groovy"
			},
			{
				"name" : "ExportToSqlDB",
				"metadata" : {
					"kind": "Script/task",
					"commitMessage": "First commit",
					"contentType": "text/x-python"
				},
				"file" : "resources/catalog/export_to_SQL_DB.py"
			},
			{
				"name" : "ImportFromSqlDB",
				"metadata" : {
					"kind": "Script/task",
					"commitMessage": "First commit",
					"contentType": "text/x-python"
				},
				"file" : "resources/catalog/import_from_SQL_DB.py"
			},
			{
				"name" : "Export_Data_To_Tableau_Server",
				"metadata" : {
					"kind": "Script/task",
					"commitMessage": "First commit",
					"contentType": "text/x-python"
				},
				"file" : "resources/catalog/Export_Data_To_Tableau_Server.py"
			},
			{
				"name" : "ParseEndpoint",
				"metadata" : {
					"kind": "Script/task",
					"commitMessage": "First commit",
					"contentType": "text/x-groovy"
				},
				"file" : "resources/catalog/Parse_Endpoint.groovy"
			}
        ]
	}
}
