<?xml version="1.0" encoding="UTF-8" standalone="no"?>
<job xmlns="urn:proactive:jobdescriptor:3.12" xmlns:xsi="http://www.w3.org/2001/XMLSchema-instance" maxNumberOfExecution="2" name="In_Memory_Iris_Flowers_Classification" onTaskError="continueJobExecution" priority="normal" projectName="6. In Memory Workflows" xsi:schemaLocation="urn:proactive:jobdescriptor:3.12 http://www.activeeon.com/public_content/schemas/proactive/jobdescriptor/3.12/schedulerjob.xsd">
  <variables>
    <variable model="PA:LIST(python3,/usr/bin/python3,/home/proactive/anaconda3/bin/python)" name="PYTHON_COMMAND" value="/home/proactive/anaconda3/bin/python"/>
    <variable model="PA:Boolean" name="IPYPARALLEL_ENABLED" value="True"/>
    <variable model="PA:Integer" name="IPYPARALLEL_ENGINE" value="0"/>
    <variable name="IPYPARALLEL_CONNECTOR" value=""/>
    <variable model="PA:Boolean" name="DOCKER_ENABLED" value="False"/>
    <variable model="PA:LIST(,GPU)" name="NODE_ACCESS_TOKEN" value="GPU"/>
  </variables>
  <description>
    <![CDATA[ Classify Iris flowers using the logistic regression algorithm. This workflow uses an external IPython Engine for in-memory execution. ]]>
  </description>
  <genericInformation>
<info name="bucketName" value="machine-learning-workflows"/>
<info name="workflow.icon" value="/automation-dashboard/styles/patterns/img/wf-icons/machine_learning.png"/>
<info name="PYTHON_COMMAND" value="$PYTHON_COMMAND"/>
<info name="IPYPARALLEL_ENABLED" value="$IPYPARALLEL_ENABLED"/>
<info name="Documentation" value="MLOS/MLOSUserGuide.html#_machine_learning_workflows_examples"/>
<info name="NODE_ACCESS_TOKEN" value="$NODE_ACCESS_TOKEN"/>
<info name="IPYPARALLEL_ENGINE" value="$IPYPARALLEL_ENGINE"/>
<info name="IPYPARALLEL_CONNECTOR" value="$IPYPARALLEL_CONNECTOR"/>
<info name="group" value="public-objects"/>
</genericInformation>
  <taskFlow>
    <task fork="true" name="Load_Iris_Dataset" preciousResult="true">
      <description>
        <![CDATA[ Load and return the iris dataset classification. ]]>
      </description>
      <variables>
        <variable inherited="true" model="PA:Boolean" name="DOCKER_ENABLED" value="True"/>
        <variable inherited="true" name="DOCKER_IMAGE" value="activeeon/dlm3"/>
        <variable inherited="false" model="PA:Boolean" name="TASK_ENABLED" value="True"/>
        <variable inherited="false" model="PA:LIST(PA:URL,PA:URI,PA:USER_FILE,PA:GLOBAL_FILE)" name="IMPORT_FROM" value="PA:URL"/>
        <variable inherited="false" model="$IMPORT_FROM" name="FILE_PATH" value="https://s3.eu-west-2.amazonaws.com/activeeon-public/datasets/iris.csv"/>
        <variable inherited="false" name="FILE_DELIMITER" value=","/>
        <variable inherited="false" model="PA:Integer" name="LIMIT_OUTPUT_VIEW" value="-1"/>
      </variables>
      <genericInformation>
        <info name="task.icon" value="/automation-dashboard/styles/patterns/img/wf-icons/load_dataset.png"/>
        <info name="task.documentation" value="MLOS/MLOSUserGuide.html#_load_iris_dataset"/>
      </genericInformation>
      <forkEnvironment javaHome="/usr">
        <envScript>
          <script>
            <file language="groovy" url="${PA_CATALOG_REST_URL}/buckets/scripts/resources/fork_env_docker_vars/raw"/>
          </script>
        </envScript>
      </forkEnvironment>
      <scriptExecutable>
        <script>
          <file language="cpython" url="${PA_CATALOG_REST_URL}/buckets/machine-learning-scripts/resources/Load_Iris_Dataset/raw"/>
        </script>
      </scriptExecutable>
      <controlFlow block="none"/>
      <metadata>
        <positionTop>
            52.40234375
        </positionTop>
        <positionLeft>
            346.9921875
        </positionLeft>
      </metadata>
    </task>
    <task fork="true" name="Split_Data">
      <description>
        <![CDATA[ Separate data into training and testing sets. ]]>
      </description>
      <variables>
        <variable inherited="false" name="TRAIN_SIZE" value="0.7"/>
        <variable inherited="true" model="PA:Boolean" name="DOCKER_ENABLED" value="True"/>
        <variable inherited="true" name="DOCKER_IMAGE" value="activeeon/dlm3"/>
        <variable inherited="false" model="PA:Boolean" name="TASK_ENABLED" value="True"/>
      </variables>
      <genericInformation>
        <info name="task.icon" value="/automation-dashboard/styles/patterns/img/wf-icons/data-processing.png"/>
        <info name="task.documentation" value="MLOS/MLOSUserGuide.html#_split_data"/>
      </genericInformation>
      <depends>
        <task ref="Load_Iris_Dataset"/>
      </depends>
      <forkEnvironment javaHome="/usr">
        <envScript>
          <script>
            <file language="groovy" url="${PA_CATALOG_REST_URL}/buckets/scripts/resources/fork_env_docker_vars/raw"/>
          </script>
        </envScript>
      </forkEnvironment>
      <scriptExecutable>
        <script>
          <file language="cpython" url="${PA_CATALOG_REST_URL}/buckets/machine-learning-scripts/resources/Split_Data/raw"/>
        </script>
      </scriptExecutable>
      <controlFlow block="none"/>
      <metadata>
        <positionTop>
            180.41015625
        </positionTop>
        <positionLeft>
            346.9921875
        </positionLeft>
      </metadata>
    </task>
    <task fork="true" name="Download_Model" preciousResult="true">
      <description>
        <![CDATA[ Download a trained model. ]]>
      </description>
      <variables>
        <variable inherited="true" model="PA:Boolean" name="DOCKER_ENABLED" value="True"/>
        <variable inherited="true" name="DOCKER_IMAGE" value="activeeon/dlm3"/>
        <variable inherited="false" model="PA:Boolean" name="TASK_ENABLED" value="True"/>
      </variables>
      <genericInformation>
        <info name="task.icon" value="/automation-dashboard/styles/patterns/img/wf-icons/download_model.png"/>
        <info name="task.documentation" value="MLOS/MLOSUserGuide.html#_download_model"/>
      </genericInformation>
      <depends>
        <task ref="Train_Model"/>
      </depends>
      <forkEnvironment javaHome="/usr">
        <envScript>
          <script>
            <file language="groovy" url="${PA_CATALOG_REST_URL}/buckets/scripts/resources/fork_env_docker_vars/raw"/>
          </script>
        </envScript>
      </forkEnvironment>
      <scriptExecutable>
        <script>
          <file language="cpython" url="${PA_CATALOG_REST_URL}/buckets/machine-learning-scripts/resources/Download_Model/raw"/>
        </script>
      </scriptExecutable>
      <controlFlow block="none"/>
      <metadata>
        <positionTop>
            436.42578125
        </positionTop>
        <positionLeft>
            353.49609375
        </positionLeft>
      </metadata>
    </task>
    <task fork="true" name="Predict_Model" preciousResult="true">
      <description>
        <![CDATA[ Generate predictions using a trained model. ]]>
      </description>
      <variables>
        <variable inherited="true" model="PA:Boolean" name="DOCKER_ENABLED" value="True"/>
        <variable inherited="true" name="DOCKER_IMAGE" value="activeeon/dlm3"/>
        <variable inherited="false" model="PA:Boolean" name="TASK_ENABLED" value="True"/>
        <variable inherited="false" name="LABEL_COLUMN" value=""/>
      </variables>
      <genericInformation>
        <info name="task.icon" value="/automation-dashboard/styles/patterns/img/wf-icons/predict.png"/>
        <info name="task.documentation" value="MLOS/MLOSUserGuide.html#_predict_model"/>
      </genericInformation>
      <depends>
        <task ref="Split_Data"/>
        <task ref="Train_Model"/>
      </depends>
      <forkEnvironment javaHome="/usr">
        <envScript>
          <script>
            <file language="groovy" url="${PA_CATALOG_REST_URL}/buckets/scripts/resources/fork_env_docker_vars/raw"/>
          </script>
        </envScript>
      </forkEnvironment>
      <scriptExecutable>
        <script>
          <file language="cpython" url="${PA_CATALOG_REST_URL}/buckets/machine-learning-scripts/resources/Predict_Model/raw"/>
        </script>
      </scriptExecutable>
      <controlFlow block="none"/>
      <metadata>
        <positionTop>
            436.42578125
        </positionTop>
        <positionLeft>
            497.5
        </positionLeft>
      </metadata>
    </task>
    <task fork="true" name="Preview_Results" preciousResult="true">
      <description>
        <![CDATA[ Export the results. ]]>
      </description>
      <variables>
        <variable inherited="true" model="PA:Boolean" name="DOCKER_ENABLED" value="True"/>
        <variable inherited="true" name="DOCKER_IMAGE" value="activeeon/dlm3"/>
        <variable inherited="false" model="PA:Boolean" name="TASK_ENABLED" value="True"/>
        <variable inherited="false" model="PA:LIST(CSV,JSON,HTML)" name="OUTPUT_TYPE" value="HTML"/>
        <variable inherited="false" model="PA:Integer" name="LIMIT_OUTPUT_VIEW" value="1000"/>
      </variables>
      <genericInformation>
        <info name="task.icon" value="/automation-dashboard/styles/patterns/img/wf-icons/preview_results.png"/>
        <info name="task.documentation" value="MLOS/MLOSUserGuide.html#_export_results"/>
      </genericInformation>
      <depends>
        <task ref="Predict_Model"/>
      </depends>
      <forkEnvironment javaHome="/usr">
        <envScript>
          <script>
            <file language="groovy" url="${PA_CATALOG_REST_URL}/buckets/scripts/resources/fork_env_docker_vars/raw"/>
          </script>
        </envScript>
      </forkEnvironment>
      <scriptExecutable>
        <script>
          <file language="cpython" url="${PA_CATALOG_REST_URL}/buckets/machine-learning-scripts/resources/Preview_Results/raw"/>
        </script>
      </scriptExecutable>
      <controlFlow block="none"/>
      <metadata>
        <positionTop>
            564.43359375
        </positionTop>
        <positionLeft>
            497.5
        </positionLeft>
      </metadata>
    </task>
    <task fork="true" name="Logistic_Regression">
      <description>
        <![CDATA[ Logistic Regression is a regression model where the Dependent Variable (DV) is categorical. ]]>
      </description>
      <variables>
        <variable inherited="true" model="PA:Boolean" name="DOCKER_ENABLED" value="True"/>
        <variable inherited="true" name="DOCKER_IMAGE" value="activeeon/dlm3"/>
        <variable inherited="false" model="PA:Boolean" name="TASK_ENABLED" value="True"/>
        <variable inherited="true" name="INPUT_VARIABLES" value="{}"/>
        <variable inherited="false" model="PA:List(accuracy,balanced_accuracy, average_precision, brier_score_loss, f1, f1_micro, f1_macro, f1_weighted, f1_samples, neg_log_loss, precision, recall, roc_auc)" name="SCORING" value="accuracy"/>
      </variables>
      <genericInformation>
        <info name="task.icon" value="/automation-dashboard/styles/patterns/img/wf-icons/ml_classification.png"/>
        <info name="task.documentation" value="MLOS/MLOSUserGuide.html#_logistic_regression"/>
      </genericInformation>
      <forkEnvironment javaHome="/usr">
        <envScript>
          <script>
            <file language="groovy" url="${PA_CATALOG_REST_URL}/buckets/scripts/resources/fork_env_docker_vars/raw"/>
          </script>
        </envScript>
      </forkEnvironment>
      <pre>
        <script>
          <file url="${PA_CATALOG_REST_URL}/buckets/scripts/resources/get_automl_params/raw" language="groovy"></file>
        </script>
      </pre>
      <scriptExecutable>
        <script>
          <file language="cpython" url="${PA_CATALOG_REST_URL}/buckets/machine-learning-scripts/resources/Logistic_Regression/raw"/>
        </script>
      </scriptExecutable>
      <controlFlow block="none"/>
      <metadata>
        <positionTop>
            180.41015625
        </positionTop>
        <positionLeft>
            497.5
        </positionLeft>
      </metadata>
    </task>
    <task fork="true" name="Train_Model">
      <description>
        <![CDATA[ Train a classification/clustering/anomaly detection model ]]>
      </description>
      <variables>
        <variable inherited="true" name="DOCKER_ENABLED" value="True"/>
        <variable inherited="true" name="DOCKER_IMAGE" value="activeeon/dlm3"/>
        <variable inherited="false" name="TASK_ENABLED" value="True"/>
        <variable inherited="false" name="LABEL_COLUMN" value="species"/>
        <variable inherited="false" name="TOKEN" value="{&quot;_token_id&quot;: 0}"/>
        <variable inherited="false" model="PA:Integer" name="N_SPLITS" value="5"/>
      </variables>
      <genericInformation>
        <info name="task.icon" value="/automation-dashboard/styles/patterns/img/wf-icons/train.png"/>
        <info name="task.documentation" value="MLOS/MLOSUserGuide.html#_train_model"/>
      </genericInformation>
      <depends>
        <task ref="Split_Data"/>
        <task ref="Logistic_Regression"/>
      </depends>
      <forkEnvironment javaHome="/usr">
        <envScript>
          <script>
            <file language="groovy" url="${PA_CATALOG_REST_URL}/buckets/scripts/resources/fork_env_docker_vars/raw"/>
          </script>
        </envScript>
      </forkEnvironment>
      <pre>
        <script>
          <code language="groovy">
            <![CDATA[
token_encoded = variables.get('token_encoded')

// If encoded variables are found
if (token_encoded != null && token_encoded.length() > 0)
{
    println "Found encoded variables:"
    println "token_encoded: " + token_encoded
    byte[] token_decoded = token_encoded.decodeBase64()
    token = new String(token_decoded)
    variables.put('TOKEN', token)
}
]]>
          </code>
        </script>
      </pre>
      <scriptExecutable>
        <script>
          <file language="cpython" url="${PA_CATALOG_REST_URL}/buckets/machine-learning-scripts/resources/Train_Model/raw"/>
        </script>
      </scriptExecutable>
      <controlFlow block="none"/>
      <metadata>
        <positionTop>
            308.41796875
        </positionTop>
        <positionLeft>
            497.5
        </positionLeft>
      </metadata>
    </task>
  </taskFlow>
  <metadata>
    <visualization>
      <![CDATA[ <html>
    <head>
    <link rel="stylesheet" href="/studio/styles/studio-standalone.css">
        <style>
        #workflow-designer {
            left:0 !important;
            top:0 !important;
            width:2646px;
            height:3501px;
            }
        </style>
    </head>
    <body>
    <div id="workflow-visualization-view"><div id="workflow-visualization" style="position:relative;top:-47.40234375px;left:-341.9921875px"><div class="task _jsPlumb_endpoint_anchor_ ui-draggable" id="jsPlumb_1_161" style="top: 52.4039px; left: 347.007px;"><a class="task-name" data-toggle="tooltip" data-placement="right" title="Load and return the iris dataset classification."><img src="/automation-dashboard/styles/patterns/img/wf-icons/load_dataset.png" width="20px">&nbsp;<span class="name">Load_Iris_Dataset</span></a></div><div class="task ui-draggable _jsPlumb_endpoint_anchor_" id="jsPlumb_1_164" style="top: 180.412px; left: 347.007px;"><a class="task-name" data-toggle="tooltip" data-placement="right" title="Separate data into training and testing sets."><img src="/automation-dashboard/styles/patterns/img/wf-icons/data-processing.png" width="20px">&nbsp;<span class="name">Split_Data</span></a></div><div class="task ui-draggable _jsPlumb_endpoint_anchor_" id="jsPlumb_1_167" style="top: 436.442px; left: 353.507px;"><a class="task-name" data-toggle="tooltip" data-placement="right" title="Download a trained model."><img src="/automation-dashboard/styles/patterns/img/wf-icons/download_model.png" width="20px">&nbsp;<span class="name">Download_Model</span></a></div><div class="task ui-draggable _jsPlumb_endpoint_anchor_" id="jsPlumb_1_170" style="top: 436.442px; left: 497.51px;"><a class="task-name" data-toggle="tooltip" data-placement="right" title="Generate predictions using a trained model."><img src="/automation-dashboard/styles/patterns/img/wf-icons/predict.png" width="20px">&nbsp;<span class="name">Predict_Model</span></a></div><div class="task ui-draggable _jsPlumb_endpoint_anchor_" id="jsPlumb_1_173" style="top: 564.45px; left: 497.51px;"><a class="task-name" data-toggle="tooltip" data-placement="right" title="Export the results."><img src="/automation-dashboard/styles/patterns/img/wf-icons/preview_results.png" width="20px">&nbsp;<span class="name">Preview_Results</span></a></div><div class="task _jsPlumb_endpoint_anchor_ ui-draggable" id="jsPlumb_1_176" style="top: 180.412px; left: 497.51px;"><a class="task-name" data-toggle="tooltip" data-placement="right" title="Logistic Regression is a regression model where the Dependent Variable (DV) is categorical."><img src="/automation-dashboard/styles/patterns/img/wf-icons/ml_classification.png" width="20px">&nbsp;<span class="name">Logistic_Regression</span></a></div><div class="task ui-draggable _jsPlumb_endpoint_anchor_" id="jsPlumb_1_179" style="top: 308.434px; left: 497.51px;"><a class="task-name" data-toggle="tooltip" data-placement="right" title="Train a classification/clustering/anomaly detection model"><img src="/automation-dashboard/styles/patterns/img/wf-icons/train.png" width="20px">&nbsp;<span class="name">Train_Model</span></a></div><svg style="position:absolute;left:386.5px;top:92.5px" width="28.5" height="88" pointer-events="none" position="absolute" version="1.1" xmlns="http://www.w3.org/1999/xhtml" class="_jsPlumb_connector "><path d="M 0 87 C -10 37 17.5 50 7.5 0 " transform="translate(10.5,0.5)" pointer-events="visibleStroke" version="1.1" xmlns="http://www.w3.org/1999/xhtml" fill="none" stroke="#666" style=""></path><path pointer-events="all" version="1.1" xmlns="http://www.w3.org/1999/xhtml" d="M-2.2066406250000004,65.86284375000001 L7.265120014877919,46.90800926428478 L-0.4371101137177624,51.97512393105056 L-6.622599804071527,45.13847875300254 L-2.2066406250000004,65.86284375000001" class="" stroke="#666" fill="#666" transform="translate(10.5,0.5)"></path><path pointer-events="all" version="1.1" xmlns="http://www.w3.org/1999/xhtml" d="M-2.2066406250000004,65.86284375000001 L7.265120014877919,46.90800926428478 L-0.4371101137177624,51.97512393105056 L-6.622599804071527,45.13847875300254 L-2.2066406250000004,65.86284375000001" class="" stroke="#666" fill="#666" transform="translate(10.5,0.5)"></path></svg><svg style="position:absolute;left:399.5px;top:347.5px" width="158" height="89" pointer-events="none" position="absolute" version="1.1" xmlns="http://www.w3.org/1999/xhtml" class="_jsPlumb_connector "><path d="M 0 88 C -10 38 147 50 137 0 " transform="translate(10.5,0.5)" pointer-events="visibleStroke" version="1.1" xmlns="http://www.w3.org/1999/xhtml" fill="none" stroke="#666" style=""></path><path pointer-events="all" version="1.1" xmlns="http://www.w3.org/1999/xhtml" d="M17.810679249999996,60.59109050000001 L38.91642639190671,58.70762624976945 L30.56130219701845,54.809947493382154 L33.13528338528886,45.95700330275099 L17.810679249999996,60.59109050000001" class="" stroke="#666" fill="#666" transform="translate(10.5,0.5)"></path><path pointer-events="all" version="1.1" xmlns="http://www.w3.org/1999/xhtml" d="M17.810679249999996,60.59109050000001 L38.91642639190671,58.70762624976945 L30.56130219701845,54.809947493382154 L33.13528338528886,45.95700330275099 L17.810679249999996,60.59109050000001" class="" stroke="#666" fill="#666" transform="translate(10.5,0.5)"></path></svg><svg style="position:absolute;left:386.5px;top:219.5px" width="171" height="217" pointer-events="none" position="absolute" version="1.1" xmlns="http://www.w3.org/1999/xhtml" class="_jsPlumb_connector "><path d="M 150 216 C 160 166 -10 50 0 0 " transform="translate(10.5,0.5)" pointer-events="visibleStroke" version="1.1" xmlns="http://www.w3.org/1999/xhtml" fill="none" stroke="#666" style=""></path><path pointer-events="all" version="1.1" xmlns="http://www.w3.org/1999/xhtml" d="M126.72796499999998,164.8019205 L119.45855333126282,144.89826118844553 L117.85047306285357,153.97648115991313 L108.63311399117596,153.77575312559196 L126.72796499999998,164.8019205" class="" stroke="#666" fill="#666" transform="translate(10.5,0.5)"></path><path pointer-events="all" version="1.1" xmlns="http://www.w3.org/1999/xhtml" d="M126.72796499999998,164.8019205 L119.45855333126282,144.89826118844553 L117.85047306285357,153.97648115991313 L108.63311399117596,153.77575312559196 L126.72796499999998,164.8019205" class="" stroke="#666" fill="#666" transform="translate(10.5,0.5)"></path></svg><svg style="position:absolute;left:531.9817132113825px;top:347.5px" width="15.518286788617468" height="89" pointer-events="none" position="absolute" version="1.1" xmlns="http://www.w3.org/1999/xhtml" class="_jsPlumb_connector "><path d="M 0 88 C -10 38 -10 50 0 0 " transform="translate(15.018286788617468,0.5)" pointer-events="visibleStroke" version="1.1" xmlns="http://www.w3.org/1999/xhtml" fill="none" stroke="#666" style=""></path><path pointer-events="all" version="1.1" xmlns="http://www.w3.org/1999/xhtml" d="M-4.427999999999998,66.303232 L-1.2615185838583702,45.35154005301801 L-7.026331880366543,52.546463795240896 L-15.018286788617468,47.94987193338456 L-4.427999999999998,66.303232" class="" stroke="#666" fill="#666" transform="translate(15.018286788617468,0.5)"></path><path pointer-events="all" version="1.1" xmlns="http://www.w3.org/1999/xhtml" d="M-4.427999999999998,66.303232 L-1.2615185838583702,45.35154005301801 L-7.026331880366543,52.546463795240896 L-15.018286788617468,47.94987193338456 L-4.427999999999998,66.303232" class="" stroke="#666" fill="#666" transform="translate(15.018286788617468,0.5)"></path></svg><svg style="position:absolute;left:536.5px;top:475.5px" width="26" height="90" pointer-events="none" position="absolute" version="1.1" xmlns="http://www.w3.org/1999/xhtml" class="_jsPlumb_connector "><path d="M 5 89 C 15 39 -10 50 0 0 " transform="translate(10.5,0.5)" pointer-events="visibleStroke" version="1.1" xmlns="http://www.w3.org/1999/xhtml" fill="none" stroke="#666" style=""></path><path pointer-events="all" version="1.1" xmlns="http://www.w3.org/1999/xhtml" d="M7.40624,67.21769599999999 L12.458449338190006,46.63918340061357 L6.065314342880473,53.28206116042133 L-1.4771855013886555,47.980109057733095 L7.40624,67.21769599999999" class="" stroke="#666" fill="#666" transform="translate(10.5,0.5)"></path><path pointer-events="all" version="1.1" xmlns="http://www.w3.org/1999/xhtml" d="M7.40624,67.21769599999999 L12.458449338190006,46.63918340061357 L6.065314342880473,53.28206116042133 L-1.4771855013886555,47.980109057733095 L7.40624,67.21769599999999" class="" stroke="#666" fill="#666" transform="translate(10.5,0.5)"></path></svg><svg style="position:absolute;left:386.5px;top:219.5px" width="171" height="89" pointer-events="none" position="absolute" version="1.1" xmlns="http://www.w3.org/1999/xhtml" class="_jsPlumb_connector "><path d="M 150 88 C 160 38 -10 50 0 0 " transform="translate(10.5,0.5)" pointer-events="visibleStroke" version="1.1" xmlns="http://www.w3.org/1999/xhtml" fill="none" stroke="#666" style=""></path><path pointer-events="all" version="1.1" xmlns="http://www.w3.org/1999/xhtml" d="M129.375,60.1875 L113.52667074459112,46.122278358939695 L116.42194006160713,54.87541582969529 L108.21458657428641,59.075338297332564 L129.375,60.1875" class="" stroke="#666" fill="#666" transform="translate(10.5,0.5)"></path><path pointer-events="all" version="1.1" xmlns="http://www.w3.org/1999/xhtml" d="M129.375,60.1875 L113.52667074459112,46.122278358939695 L116.42194006160713,54.87541582969529 L108.21458657428641,59.075338297332564 L129.375,60.1875" class="" stroke="#666" fill="#666" transform="translate(10.5,0.5)"></path></svg><svg style="position:absolute;left:536.5px;top:219.5px" width="33.5" height="89" pointer-events="none" position="absolute" version="1.1" xmlns="http://www.w3.org/1999/xhtml" class="_jsPlumb_connector "><path d="M 0 88 C -10 38 22.5 50 12.5 0 " transform="translate(10.5,0.5)" pointer-events="visibleStroke" version="1.1" xmlns="http://www.w3.org/1999/xhtml" fill="none" stroke="#666" style=""></path><path pointer-events="all" version="1.1" xmlns="http://www.w3.org/1999/xhtml" d="M-1.7647200000000005,66.303232 L8.955147275230877,48.02525493465072 L0.9308726161701921,52.565190638595936 L-4.782894086173185,45.32966231848053 L-1.7647200000000005,66.303232" class="" stroke="#666" fill="#666" transform="translate(10.5,0.5)"></path><path pointer-events="all" version="1.1" xmlns="http://www.w3.org/1999/xhtml" d="M-1.7647200000000005,66.303232 L8.955147275230877,48.02525493465072 L0.9308726161701921,52.565190638595936 L-4.782894086173185,45.32966231848053 L-1.7647200000000005,66.303232" class="" stroke="#666" fill="#666" transform="translate(10.5,0.5)"></path></svg><div class="_jsPlumb_endpoint source-endpoint dependency-source-endpoint connected _jsPlumb_endpoint_anchor_ ui-draggable ui-droppable _jsPlumb_endpoint_connected" style="position: absolute; height: 20px; width: 20px; left: 394.5px; top: 83px;"><svg style="position:absolute;left:0px;top:0px" width="20" height="20" pointer-events="all" position="absolute" version="1.1" xmlns="http://www.w3.org/1999/xhtml"><circle cx="10" cy="10" r="10" version="1.1" xmlns="http://www.w3.org/1999/xhtml" fill="#666" stroke="none" style=""></circle></svg></div><div class="_jsPlumb_endpoint source-endpoint dependency-source-endpoint connected _jsPlumb_endpoint_anchor_ ui-draggable ui-droppable _jsPlumb_endpoint_connected" style="position: absolute; height: 20px; width: 20px; left: 387px; top: 210px;"><svg style="position:absolute;left:0px;top:0px" width="20" height="20" pointer-events="all" position="absolute" version="1.1" xmlns="http://www.w3.org/1999/xhtml"><circle cx="10" cy="10" r="10" version="1.1" xmlns="http://www.w3.org/1999/xhtml" fill="#666" stroke="none" style=""></circle></svg></div><div class="_jsPlumb_endpoint target-endpoint dependency-target-endpoint _jsPlumb_endpoint_anchor_ ui-draggable ui-droppable _jsPlumb_endpoint_connected" style="position: absolute; height: 20px; width: 20px; left: 387px; top: 170px;"><svg style="position:absolute;left:0px;top:0px" width="20" height="20" pointer-events="all" position="absolute" version="1.1" xmlns="http://www.w3.org/1999/xhtml"><circle cx="10" cy="10" r="10" version="1.1" xmlns="http://www.w3.org/1999/xhtml" fill="#666" stroke="none" style=""></circle></svg></div><div class="_jsPlumb_endpoint source-endpoint dependency-source-endpoint connected _jsPlumb_endpoint_anchor_ ui-draggable ui-droppable" style="position: absolute; height: 20px; width: 20px; left: 400px; top: 466px;"><svg style="position:absolute;left:0px;top:0px" width="20" height="20" pointer-events="all" position="absolute" version="1.1" xmlns="http://www.w3.org/1999/xhtml"><circle cx="10" cy="10" r="10" version="1.1" xmlns="http://www.w3.org/1999/xhtml" fill="#666" stroke="none" style=""></circle></svg></div><div class="_jsPlumb_endpoint target-endpoint dependency-target-endpoint _jsPlumb_endpoint_anchor_ ui-draggable ui-droppable _jsPlumb_endpoint_connected" style="position: absolute; height: 20px; width: 20px; left: 400px; top: 426px;"><svg style="position:absolute;left:0px;top:0px" width="20" height="20" pointer-events="all" position="absolute" version="1.1" xmlns="http://www.w3.org/1999/xhtml"><circle cx="10" cy="10" r="10" version="1.1" xmlns="http://www.w3.org/1999/xhtml" fill="#666" stroke="none" style=""></circle></svg></div><div class="_jsPlumb_endpoint source-endpoint dependency-source-endpoint connected _jsPlumb_endpoint_anchor_ ui-draggable ui-droppable _jsPlumb_endpoint_connected" style="position: absolute; height: 20px; width: 20px; left: 537px; top: 466px;"><svg style="position:absolute;left:0px;top:0px" width="20" height="20" pointer-events="all" position="absolute" version="1.1" xmlns="http://www.w3.org/1999/xhtml"><circle cx="10" cy="10" r="10" version="1.1" xmlns="http://www.w3.org/1999/xhtml" fill="#666" stroke="none" style=""></circle></svg></div><div class="_jsPlumb_endpoint target-endpoint dependency-target-endpoint _jsPlumb_endpoint_anchor_ ui-draggable ui-droppable _jsPlumb_endpoint_connected" style="position: absolute; height: 20px; width: 20px; left: 537px; top: 426px;"><svg style="position:absolute;left:0px;top:0px" width="20" height="20" pointer-events="all" position="absolute" version="1.1" xmlns="http://www.w3.org/1999/xhtml"><circle cx="10" cy="10" r="10" version="1.1" xmlns="http://www.w3.org/1999/xhtml" fill="#666" stroke="none" style=""></circle></svg></div><div class="_jsPlumb_endpoint source-endpoint dependency-source-endpoint connected _jsPlumb_endpoint_anchor_ ui-draggable ui-droppable" style="position: absolute; height: 20px; width: 20px; left: 542px; top: 595px;"><svg style="position:absolute;left:0px;top:0px" width="20" height="20" pointer-events="all" position="absolute" version="1.1" xmlns="http://www.w3.org/1999/xhtml"><circle cx="10" cy="10" r="10" version="1.1" xmlns="http://www.w3.org/1999/xhtml" fill="#666" stroke="none" style=""></circle></svg></div><div class="_jsPlumb_endpoint target-endpoint dependency-target-endpoint _jsPlumb_endpoint_anchor_ ui-draggable ui-droppable _jsPlumb_endpoint_connected" style="position: absolute; height: 20px; width: 20px; left: 542px; top: 555px;"><svg style="position:absolute;left:0px;top:0px" width="20" height="20" pointer-events="all" position="absolute" version="1.1" xmlns="http://www.w3.org/1999/xhtml"><circle cx="10" cy="10" r="10" version="1.1" xmlns="http://www.w3.org/1999/xhtml" fill="#666" stroke="none" style=""></circle></svg></div><div class="_jsPlumb_endpoint source-endpoint dependency-source-endpoint connected _jsPlumb_endpoint_anchor_ ui-draggable ui-droppable _jsPlumb_endpoint_connected" style="position: absolute; height: 20px; width: 20px; left: 549.5px; top: 210px;"><svg style="position:absolute;left:0px;top:0px" width="20" height="20" pointer-events="all" position="absolute" version="1.1" xmlns="http://www.w3.org/1999/xhtml"><circle cx="10" cy="10" r="10" version="1.1" xmlns="http://www.w3.org/1999/xhtml" fill="#666" stroke="none" style=""></circle></svg></div><div class="_jsPlumb_endpoint source-endpoint dependency-source-endpoint connected _jsPlumb_endpoint_anchor_ ui-draggable ui-droppable _jsPlumb_endpoint_connected" style="position: absolute; height: 20px; width: 20px; left: 537px; top: 338px;"><svg style="position:absolute;left:0px;top:0px" width="20" height="20" pointer-events="all" position="absolute" version="1.1" xmlns="http://www.w3.org/1999/xhtml"><circle cx="10" cy="10" r="10" version="1.1" xmlns="http://www.w3.org/1999/xhtml" fill="#666" stroke="none" style=""></circle></svg></div><div class="_jsPlumb_endpoint target-endpoint dependency-target-endpoint _jsPlumb_endpoint_anchor_ ui-draggable ui-droppable _jsPlumb_endpoint_connected" style="position: absolute; height: 20px; width: 20px; left: 537px; top: 298px;"><svg style="position:absolute;left:0px;top:0px" width="20" height="20" pointer-events="all" position="absolute" version="1.1" xmlns="http://www.w3.org/1999/xhtml"><circle cx="10" cy="10" r="10" version="1.1" xmlns="http://www.w3.org/1999/xhtml" fill="#666" stroke="none" style=""></circle></svg></div></div></div>
    </body>
</html>
 ]]>
    </visualization>
  </metadata>
</job>
