<?xml version="1.0" encoding="UTF-8"?>
<job
  xmlns:xsi="http://www.w3.org/2001/XMLSchema-instance"
  xmlns="urn:proactive:jobdescriptor:3.11" xsi:schemaLocation="urn:proactive:jobdescriptor:3.11 http://www.activeeon.com/public_content/schemas/proactive/jobdescriptor/3.11/schedulerjob.xsd"  name="In_Memory_Workflow" projectName="4. In Memory Workflows" priority="normal" onTaskError="continueJobExecution"  maxNumberOfExecution="2" >
  <description>
    <![CDATA[ An example workflow which starts a server and keeps it running inside a task and keep the data in memory, while other tasks are interacting with the server and processing the data kept in memory. A final task sends a 'close' message to the server and allows the server to terminate. ]]>
  </description>
  <genericInformation>
    <info name="bucketName" value="basic-examples"/>
    <info name="workflow.icon" value="/automation-dashboard/styles/patterns/img/wf-icons/train.png"/>
    <info name="group" value="public-objects"/>
  </genericInformation>
  <taskFlow>
    <task name="Load_and_Execute" >
      <description>
        <![CDATA[ The task that load a piece of data from Amazon S3, and keep it in an in-memory list, then process the in-memory tasks on this list until it receives the termination message. ]]>
      </description>
      <depends>
        <task ref="Init"/>
      </depends>
      <scriptExecutable>
        <script>
          <code language="cpython">
            <![CDATA[
import sys
if sys.version_info >= (3,0):
    import urllib.request
    with urllib.request.urlopen('https://s3.eu-west-2.amazonaws.com/activeeon-public/datasets/data.txt') as response:
        html = response.read()
        html = html.decode("utf-8").split('\n')
        print("The initial data is: ")
        print(html)
else:
    import urllib
    response = urllib.urlopen('https://s3.eu-west-2.amazonaws.com/activeeon-public/datasets/data.txt')
    html = response.read()
    html = html.split('\n')
    print("The initial data is: ")
    print(html)

from py4j.java_gateway import java_import
import os

java_import(gateway.jvm,'java.io.*')
mustExit = False
channelId = "INMEMORY_" + variables["PA_JOB_ID"]
os.makedirs(channelId)
userspaceapi.connect()
while True:
    predicateActionResult = synchronizationapi.waitUntilThen(channelId, "pending_tasks", "{ k, v -> !v.isEmpty()}", "{k, v -> v}")
    stack = predicateActionResult.getActionResult()
    action = stack.pop()

    if (action == "EXIT"):
        print("Exiting...")
        schedulerapi.disconnect()
        quit()

	
    outFile = gateway.jvm.File(action)
    
    userspaceapi.pullFile(action, outFile)
    print("Executing " + action)
    if sys.version_info >= (3,0):
        exec(open(action).read())
    else:
        execfile(action)
    print("################################################################")
    print("The data becomes: ")
    print(html)   
    # remove action executed from the stack
    synchronizationapi.compute(channelId, "pending_tasks", "{k, v -> v.remove(\"" + action + "\"); v}")
]]>
          </code>
        </script>
      </scriptExecutable>
    </task>
    <task name="Clean" >
      <description>
        <![CDATA[ The clean task that delete the channel and cleans all the intermediate file. ]]>
      </description>
      <depends>
        <task ref="Load_and_Execute"/>
        <task ref="close_message"/>
      </depends>
      <scriptExecutable>
        <script>
          <code language="groovy">
            <![CDATA[
channelId = "INMEMORY_" + variables.get("PA_JOB_ID")
synchronizationapi.deleteChannel(channelId)
println "Channel " + channelId + " deleted."

userspaceapi.connect()
userspaceapi.deleteFile(channelId)
schedulerapi.disconnect()
]]>
          </code>
        </script>
      </scriptExecutable>
    </task>
    <task name="in_memory_1" >
      <description>
        <![CDATA[ The first in-memory task ]]>
      </description>
      <genericInformation>
        <info name="PRE_SCRIPT_AS_FILE" value="${PA_TASK_NAME}.py"/>
      </genericInformation>
      <depends>
        <task ref="Init"/>
      </depends>
      <pre>
        <script>
          <code language="cpython">
            <![CDATA[
word = html.pop(0)
print(word)
]]>
          </code>
        </script>
      </pre>
      <scriptExecutable>
        <script>
          <code language="cpython">
            <![CDATA[
# Add 'PYTHON_COMMAND' Generic Info to run a specific Python version
# Go to http://doc.activeeon.com/latest/user/ProActiveUserGuide.html#_python_script_engine for more info
from py4j.java_gateway import java_import
java_import(gateway.jvm,'java.io.*')
# This block of code will skip the execution of the pre-script, and transfer the content of the pre-script to the Load_and_Execute task
channelId = "INMEMORY_" + variables["PA_JOB_ID"]
userspaceapi.connect()
localFileName = variables["PA_TASK_NAME"]+ ".py"
remoteFileName = channelId + "/" + localFileName
file = gateway.jvm.File(localFileName)
userspaceapi.pushFile(file, remoteFileName)
schedulerapi.disconnect()
synchronizationapi.compute(channelId, "pending_tasks", "{ k, stack -> stack.push(\"" + remoteFileName + "\"); stack}")
]]>
          </code>
        </script>
      </scriptExecutable>
    </task>
    <task name="Init" >
      <description>
        <![CDATA[ The initial task that creates a channel and associates a stack in the channel map. ]]>
      </description>
      <scriptExecutable>
        <script>
          <code language="groovy">
            <![CDATA[
channelId = "INMEMORY_" + variables.get("PA_JOB_ID")
synchronizationapi.createChannel(channelId, false)
synchronizationapi.put(channelId, "pending_tasks", new java.util.Stack())
println "Channel " + channelId + " created."
]]>
          </code>
        </script>
      </scriptExecutable>
    </task>
    <task name="in_memory_2" >
      <description>
        <![CDATA[ The second in memory task ]]>
      </description>
      <genericInformation>
        <info name="PRE_SCRIPT_AS_FILE" value="${PA_TASK_NAME}.py"/>
      </genericInformation>
      <depends>
        <task ref="in_memory_1"/>
      </depends>
      <pre>
        <script>
          <code language="cpython">
            <![CDATA[
word = html.pop(0)
print(word)
]]>
          </code>
        </script>
      </pre>
      <scriptExecutable>
        <script>
          <code language="cpython">
            <![CDATA[
# Add 'PYTHON_COMMAND' Generic Info to run a specific Python version
# Go to http://doc.activeeon.com/latest/user/ProActiveUserGuide.html#_python_script_engine for more info
from py4j.java_gateway import java_import
java_import(gateway.jvm,'java.io.*')
# This block of code will skip the execution of the pre-script, and transfer the content of the pre-script to the Load_and_Execute task
channelId = "INMEMORY_" + variables["PA_JOB_ID"]
userspaceapi.connect()
localFileName = variables["PA_TASK_NAME"]+ ".py"
remoteFileName = channelId + "/" + localFileName
file = gateway.jvm.File(localFileName)
userspaceapi.pushFile(file, remoteFileName)
schedulerapi.disconnect()
synchronizationapi.compute(channelId, "pending_tasks", "{ k, stack -> stack.push(\"" + remoteFileName + "\"); stack}")
]]>
          </code>
        </script>
      </scriptExecutable>
    </task>
    <task name="close_message" >
      <description>
        <![CDATA[ The task that sends a close message to terminate the execution ]]>
      </description>
      <depends>
        <task ref="in_memory_2"/>
      </depends>
      <scriptExecutable>
        <script>
          <code language="cpython">
            <![CDATA[
# Add 'PYTHON_COMMAND' Generic Info to run a specific Python version
# Go to http://doc.activeeon.com/latest/user/ProActiveUserGuide.html#_python_script_engine for more info
channelId = "INMEMORY_" + variables["PA_JOB_ID"]
synchronizationapi.compute(channelId, "pending_tasks", "{ k, stack -> stack.push(\"EXIT\"); stack}")
]]>
          </code>
        </script>
      </scriptExecutable>
    </task>
  </taskFlow>
  <metadata>
    <visualization>
      <![CDATA[ <html><head><link rel="stylesheet" href="/studio/styles/studio-standalone.css"><style>
        #workflow-designer {
            left:0 !important;
            top:0 !important;
            width:2050px;
            height:2724px;
            }
        </style></head><body><div id="workflow-visualization-view"><div id="workflow-visualization" style="position:relative;top:-135.5px;left:-420.5px"><div class="task ui-draggable _jsPlumb_endpoint_anchor_ active-task" id="jsPlumb_1_1" style="top: 268.5px; left: 425.5px;"><a class="task-name"><img src="images/Python.png" width="20px">&nbsp;<span class="name">Load_and_Execute</span></a></div><div class="task ui-draggable _jsPlumb_endpoint_anchor_" id="jsPlumb_1_4" style="top: 652.5px; left: 499.5px;"><a class="task-name"><img src="/studio/images/Groovy.png" width="20px">&nbsp;<span class="name">Clean</span></a></div><div class="task ui-draggable _jsPlumb_endpoint_anchor_" id="jsPlumb_1_7" style="top: 268.5px; left: 573.5px;"><a class="task-name"><img src="/studio/images/Python.png" width="20px">&nbsp;<span class="name">in_memory_1</span></a></div><div class="task _jsPlumb_endpoint_anchor_ ui-draggable" id="jsPlumb_1_10" style="top: 140.5px; left: 499.5px;"><a class="task-name"><img src="/studio/images/Groovy.png" width="20px">&nbsp;<span class="name">Init</span></a></div><div class="task ui-draggable _jsPlumb_endpoint_anchor_" id="jsPlumb_1_13" style="top: 396.5px; left: 573.5px;"><a class="task-name"><img src="/studio/images/Python.png" width="20px">&nbsp;<span class="name">in_memory_2</span></a></div><div class="task ui-draggable _jsPlumb_endpoint_anchor_" id="jsPlumb_1_16" style="top: 524.5px; left: 573.5px;"><a class="task-name"><img src="/studio/images/Python.png" width="20px">&nbsp;<span class="name">close_message</span></a></div><svg style="position:absolute;left:475.5px;top:180.5px" width="85" height="89" pointer-events="none" position="absolute" version="1.1"
      xmlns="http://www.w3.org/1999/xhtml" class="_jsPlumb_connector"><path d="M 0 88 C -10 38 74 50 64 0 " transform="translate(10.5,0.5)" pointer-events="visibleStroke" version="1.1"
      xmlns="http://www.w3.org/1999/xhtml" fill="none" stroke="#666" style=""></path><path pointer-events="all" version="1.1"
      xmlns="http://www.w3.org/1999/xhtml" d="M4.081406499999998,63.998374500000004 L22.929075029560156,54.31512137928547 L13.721469712576434,53.84607519109808 L12.776775720658232,44.675058166709036 L4.081406499999998,63.998374500000004" class="" stroke="#666" fill="#666" transform="translate(10.5,0.5)"></path><path pointer-events="all" version="1.1"
      xmlns="http://www.w3.org/1999/xhtml" d="M4.081406499999998,63.998374500000004 L22.929075029560156,54.31512137928547 L13.721469712576434,53.84607519109808 L12.776775720658232,44.675058166709036 L4.081406499999998,63.998374500000004" class="" stroke="#666" fill="#666" transform="translate(10.5,0.5)"></path></svg><svg style="position:absolute;left:475.5px;top:308.5px" width="85" height="345" pointer-events="none" position="absolute" version="1.1"
      xmlns="http://www.w3.org/1999/xhtml" class="_jsPlumb_connector "><path d="M 64 344 C 74 294 -10 50 0 0 " transform="translate(10.5,0.5)" pointer-events="visibleStroke" version="1.1"
      xmlns="http://www.w3.org/1999/xhtml" fill="none" stroke="#666" style=""></path><path pointer-events="all" version="1.1"
      xmlns="http://www.w3.org/1999/xhtml" d="M55.24260399999999,268.709204 L57.79622375069992,247.67401856775732 L52.24386314885566,255.03413349533062 L44.121153246030545,250.67275941890162 L55.24260399999999,268.709204" class="" stroke="#666" fill="#666" transform="translate(10.5,0.5)"></path><path pointer-events="all" version="1.1"
      xmlns="http://www.w3.org/1999/xhtml" d="M55.24260399999999,268.709204 L57.79622375069992,247.67401856775732 L52.24386314885566,255.03413349533062 L44.121153246030545,250.67275941890162 L55.24260399999999,268.709204" class="" stroke="#666" fill="#666" transform="translate(10.5,0.5)"></path></svg><svg style="position:absolute;left:539.5px;top:564.5px" width="97" height="89" pointer-events="none" position="absolute" version="1.1"
      xmlns="http://www.w3.org/1999/xhtml" class="_jsPlumb_connector "><path d="M 0 88 C -10 38 86 50 76 0 " transform="translate(10.5,0.5)" pointer-events="visibleStroke" version="1.1"
      xmlns="http://www.w3.org/1999/xhtml" fill="none" stroke="#666" style=""></path><path pointer-events="all" version="1.1"
      xmlns="http://www.w3.org/1999/xhtml" d="M6.142614499999997,63.115491500000005 L25.838671930233495,55.301061149363825 L16.71963433541878,53.943433312158106 L16.666613742391597,44.724041313945044 L6.142614499999997,63.115491500000005" class="" stroke="#666" fill="#666" transform="translate(10.5,0.5)"></path><path pointer-events="all" version="1.1"
      xmlns="http://www.w3.org/1999/xhtml" d="M6.142614499999997,63.115491500000005 L25.838671930233495,55.301061149363825 L16.71963433541878,53.943433312158106 L16.666613742391597,44.724041313945044 L6.142614499999997,63.115491500000005" class="" stroke="#666" fill="#666" transform="translate(10.5,0.5)"></path></svg><svg style="position:absolute;left:539.5px;top:180.5px" width="95" height="89" pointer-events="none" position="absolute" version="1.1"
      xmlns="http://www.w3.org/1999/xhtml" class="_jsPlumb_connector "><path d="M 74 88 C 84 38 -10 50 0 0 " transform="translate(10.5,0.5)" pointer-events="visibleStroke" version="1.1"
      xmlns="http://www.w3.org/1999/xhtml" fill="none" stroke="#666" style=""></path><path pointer-events="all" version="1.1"
      xmlns="http://www.w3.org/1999/xhtml" d="M68.094982,63.115491500000005 L57.80335817440827,44.59300573181779 L57.63427314376939,53.81099956195317 L48.49886623636143,55.0537145880484 L68.094982,63.115491500000005" class="" stroke="#666" fill="#666" transform="translate(10.5,0.5)"></path><path pointer-events="all" version="1.1"
      xmlns="http://www.w3.org/1999/xhtml" d="M68.094982,63.115491500000005 L57.80335817440827,44.59300573181779 L57.63427314376939,53.81099956195317 L48.49886623636143,55.0537145880484 L68.094982,63.115491500000005" class="" stroke="#666" fill="#666" transform="translate(10.5,0.5)"></path></svg><svg style="position:absolute;left:608.9817132113825px;top:308.5px" width="15.518286788617468" height="89" pointer-events="none" position="absolute" version="1.1"
      xmlns="http://www.w3.org/1999/xhtml" class="_jsPlumb_connector "><path d="M 0 88 C -10 38 -10 50 0 0 " transform="translate(15.018286788617468,0.5)" pointer-events="visibleStroke" version="1.1"
      xmlns="http://www.w3.org/1999/xhtml" fill="none" stroke="#666" style=""></path><path pointer-events="all" version="1.1"
      xmlns="http://www.w3.org/1999/xhtml" d="M-4.427999999999998,66.303232 L-1.2615185838583702,45.35154005301801 L-7.026331880366543,52.546463795240896 L-15.018286788617468,47.94987193338456 L-4.427999999999998,66.303232" class="" stroke="#666" fill="#666" transform="translate(15.018286788617468,0.5)"></path><path pointer-events="all" version="1.1"
      xmlns="http://www.w3.org/1999/xhtml" d="M-4.427999999999998,66.303232 L-1.2615185838583702,45.35154005301801 L-7.026331880366543,52.546463795240896 L-15.018286788617468,47.94987193338456 L-4.427999999999998,66.303232" class="" stroke="#666" fill="#666" transform="translate(15.018286788617468,0.5)"></path></svg><svg style="position:absolute;left:613.5px;top:436.5px" width="23" height="89" pointer-events="none" position="absolute" version="1.1"
      xmlns="http://www.w3.org/1999/xhtml" class="_jsPlumb_connector "><path d="M 2 88 C 12 38 -10 50 0 0 " transform="translate(10.5,0.5)" pointer-events="visibleStroke" version="1.1"
      xmlns="http://www.w3.org/1999/xhtml" fill="none" stroke="#666" style=""></path><path pointer-events="all" version="1.1"
      xmlns="http://www.w3.org/1999/xhtml" d="M4.652999999999999,66.78168750000002 L10.556660138865833,46.431090531734775 L3.8927913941925145,52.80234263424697 L-3.422684726887219,47.19129913754225 L4.652999999999999,66.78168750000002" class="" stroke="#666" fill="#666" transform="translate(10.5,0.5)"></path><path pointer-events="all" version="1.1"
      xmlns="http://www.w3.org/1999/xhtml" d="M4.652999999999999,66.78168750000002 L10.556660138865833,46.431090531734775 L3.8927913941925145,52.80234263424697 L-3.422684726887219,47.19129913754225 L4.652999999999999,66.78168750000002" class="" stroke="#666" fill="#666" transform="translate(10.5,0.5)"></path></svg><div class="_jsPlumb_endpoint source-endpoint dependency-source-endpoint connected _jsPlumb_endpoint_anchor_ ui-draggable ui-droppable _jsPlumb_endpoint_connected" style="position: absolute; height: 20px; width: 20px; left: 476px; top: 299px;"><svg style="position:absolute;left:0px;top:0px" width="20" height="20" pointer-events="all" position="absolute" version="1.1"
      xmlns="http://www.w3.org/1999/xhtml"><circle cx="10" cy="10" r="10" version="1.1"
      xmlns="http://www.w3.org/1999/xhtml" fill="#666" stroke="none" style=""></circle></svg></div><div class="_jsPlumb_endpoint target-endpoint dependency-target-endpoint _jsPlumb_endpoint_anchor_ ui-draggable ui-droppable _jsPlumb_endpoint_connected" style="position: absolute; height: 20px; width: 20px; left: 476px; top: 259px;"><svg style="position:absolute;left:0px;top:0px" width="20" height="20" pointer-events="all" position="absolute" version="1.1"
      xmlns="http://www.w3.org/1999/xhtml"><circle cx="10" cy="10" r="10" version="1.1"
      xmlns="http://www.w3.org/1999/xhtml" fill="#666" stroke="none" style=""></circle></svg></div><div class="_jsPlumb_endpoint source-endpoint dependency-source-endpoint connected _jsPlumb_endpoint_anchor_ ui-draggable ui-droppable" style="position: absolute; height: 20px; width: 20px; left: 540px; top: 683px;"><svg style="position:absolute;left:0px;top:0px" width="20" height="20" pointer-events="all" position="absolute" version="1.1"
      xmlns="http://www.w3.org/1999/xhtml"><circle cx="10" cy="10" r="10" version="1.1"
      xmlns="http://www.w3.org/1999/xhtml" fill="#666" stroke="none" style=""></circle></svg></div><div class="_jsPlumb_endpoint target-endpoint dependency-target-endpoint _jsPlumb_endpoint_anchor_ ui-draggable ui-droppable _jsPlumb_endpoint_connected" style="position: absolute; height: 20px; width: 20px; left: 540px; top: 643px;"><svg style="position:absolute;left:0px;top:0px" width="20" height="20" pointer-events="all" position="absolute" version="1.1"
      xmlns="http://www.w3.org/1999/xhtml"><circle cx="10" cy="10" r="10" version="1.1"
      xmlns="http://www.w3.org/1999/xhtml" fill="#666" stroke="none" style=""></circle></svg></div><div class="_jsPlumb_endpoint source-endpoint dependency-source-endpoint connected _jsPlumb_endpoint_anchor_ ui-draggable ui-droppable _jsPlumb_endpoint_connected" style="position: absolute; height: 20px; width: 20px; left: 614px; top: 299px;"><svg style="position:absolute;left:0px;top:0px" width="20" height="20" pointer-events="all" position="absolute" version="1.1"
      xmlns="http://www.w3.org/1999/xhtml"><circle cx="10" cy="10" r="10" version="1.1"
      xmlns="http://www.w3.org/1999/xhtml" fill="#666" stroke="none" style=""></circle></svg></div><div class="_jsPlumb_endpoint target-endpoint dependency-target-endpoint _jsPlumb_endpoint_anchor_ ui-draggable ui-droppable _jsPlumb_endpoint_connected" style="position: absolute; height: 20px; width: 20px; left: 614px; top: 259px;"><svg style="position:absolute;left:0px;top:0px" width="20" height="20" pointer-events="all" position="absolute" version="1.1"
      xmlns="http://www.w3.org/1999/xhtml"><circle cx="10" cy="10" r="10" version="1.1"
      xmlns="http://www.w3.org/1999/xhtml" fill="#666" stroke="none" style=""></circle></svg></div><div class="_jsPlumb_endpoint source-endpoint dependency-source-endpoint connected _jsPlumb_endpoint_anchor_ ui-draggable ui-droppable _jsPlumb_endpoint_connected" style="position: absolute; height: 20px; width: 20px; left: 540px; top: 171px;"><svg style="position:absolute;left:0px;top:0px" width="20" height="20" pointer-events="all" position="absolute" version="1.1"
      xmlns="http://www.w3.org/1999/xhtml"><circle cx="10" cy="10" r="10" version="1.1"
      xmlns="http://www.w3.org/1999/xhtml" fill="#666" stroke="none" style=""></circle></svg></div><div class="_jsPlumb_endpoint source-endpoint dependency-source-endpoint connected _jsPlumb_endpoint_anchor_ ui-draggable ui-droppable _jsPlumb_endpoint_connected" style="position: absolute; height: 20px; width: 20px; left: 614px; top: 427px;"><svg style="position:absolute;left:0px;top:0px" width="20" height="20" pointer-events="all" position="absolute" version="1.1"
      xmlns="http://www.w3.org/1999/xhtml"><circle cx="10" cy="10" r="10" version="1.1"
      xmlns="http://www.w3.org/1999/xhtml" fill="#666" stroke="none" style=""></circle></svg></div><div class="_jsPlumb_endpoint target-endpoint dependency-target-endpoint _jsPlumb_endpoint_anchor_ ui-draggable ui-droppable _jsPlumb_endpoint_connected" style="position: absolute; height: 20px; width: 20px; left: 614px; top: 387px;"><svg style="position:absolute;left:0px;top:0px" width="20" height="20" pointer-events="all" position="absolute" version="1.1"
      xmlns="http://www.w3.org/1999/xhtml"><circle cx="10" cy="10" r="10" version="1.1"
      xmlns="http://www.w3.org/1999/xhtml" fill="#666" stroke="none" style=""></circle></svg></div><div class="_jsPlumb_endpoint source-endpoint dependency-source-endpoint connected _jsPlumb_endpoint_anchor_ ui-draggable ui-droppable _jsPlumb_endpoint_connected" style="position: absolute; height: 20px; width: 20px; left: 616px; top: 555px;"><svg style="position:absolute;left:0px;top:0px" width="20" height="20" pointer-events="all" position="absolute" version="1.1"
      xmlns="http://www.w3.org/1999/xhtml"><circle cx="10" cy="10" r="10" version="1.1"
      xmlns="http://www.w3.org/1999/xhtml" fill="#666" stroke="none" style=""></circle></svg></div><div class="_jsPlumb_endpoint target-endpoint dependency-target-endpoint _jsPlumb_endpoint_anchor_ ui-draggable ui-droppable _jsPlumb_endpoint_connected" style="position: absolute; height: 20px; width: 20px; left: 616px; top: 515px;"><svg style="position:absolute;left:0px;top:0px" width="20" height="20" pointer-events="all" position="absolute" version="1.1"
      xmlns="http://www.w3.org/1999/xhtml"><circle cx="10" cy="10" r="10" version="1.1"
      xmlns="http://www.w3.org/1999/xhtml" fill="#666" stroke="none" style=""></circle></svg></div></div></div></body></html>
 ]]>
    </visualization>
  </metadata>
</job>