{
	"metadata": {
		"slug": "clearwater",
		"name": "CloudAutomation Clearwater",
		"short_description": "Lifecycle management workflows for Clearwater",
		"author": "ActiveEon's Team",
		"tags": ["Cloud Automation", "Clearwater", "Big Data", "Analytics"],
		"version": "1.0"
	},
	"catalog" : {
		"bucket" : "cloud-automation",
		"objects" : [
			{
				"name" : "Clearwater",
				"metadata" : {
					"kind": "Workflow/pca",
					"commitMessage": "First commit",
					"contentType": "application/xml"
				},
				"file" : "resources/catalog/Clearwater.xml"
			},
			{
				"name" : "Clearwater_Delete",
				"metadata" : {
					"kind": "Workflow/pca",
					"commitMessage": "First commit",
					"contentType": "application/xml"
				},
				"file" : "resources/catalog/Clearwater_delete.xml"
			}
		]
	}
}
