{
	"metadata": {
		"slug": "emails",
		"name": "Email",
		"short_description": "Notification emails",
		"author": "ActiveEon's Team",
		"tags": ["Messaging", "Notification"],
		"version": "1.0"
	},
	"catalog" : {
		"bucket" : "notification-tools",
		"objects" : [
			{
				"name" : "Email_Notification",
				"metadata" : {
					"kind": "Workflow/standard",
					"commitMessage": "First commit",
					"contentType": "application/xml"
				},
				"file" : "resources/catalog/email.xml"
			},
			{
				"name" : "Email_Validation",
				"metadata" : {
					"kind": "Workflow/standard",
					"commitMessage": "First commit",
					"contentType": "application/xml"
				},
				"file" : "resources/catalog/email_validation.xml"
			}
		]
	}
}
