{
	"metadata": {
		"slug": "scripts",
		"name": "Scripts",
		"short_description": "Deep Learning scripts",
		"author": "ActiveEon's Team",
		"tags": ["Scripts", "DL", "visualization"],
		"version": "1.0"
	},
	"catalog" : {
		"bucket" : "deep-learning-scripts",
		"objects" : [
			{
				"name" : "AlexNet",
				"metadata" : {
					"kind": "Script/task",
					"commitMessage": "First commit",
					"contentType": "text/x-python"
				},
				"file" : "resources/catalog/AlexNet.py"
			},
			{
				"name" : "DenseNet_161",
				"metadata" : {
					"kind": "Script/task",
					"commitMessage": "First commit",
					"contentType": "text/x-python"
				},
				"file" : "resources/catalog/DenseNet_161.py"
			},
			{
				"name" : "Download_Model",
				"metadata" : {
					"kind": "Script/task",
					"commitMessage": "First commit",
					"contentType": "text/x-python"
				},
				"file" : "resources/catalog/Download_Model.py"
			},
			{
				"name" : "Export_Images",
				"metadata" : {
					"kind": "Script/task",
					"commitMessage": "First commit",
					"contentType": "text/x-python"
				},
				"file" : "resources/catalog/Export_Images.py"
			},
			{
				"name" : "FCN",
				"metadata" : {
					"kind": "Script/task",
					"commitMessage": "First commit",
					"contentType": "text/x-python"
				},
				"file" : "resources/catalog/FCN.py"
			},
			{
				"name" : "GRU",
				"metadata" : {
					"kind": "Script/task",
					"commitMessage": "First commit",
					"contentType": "text/x-python"
				},
				"file" : "resources/catalog/GRU.py"
			},
			{
				"name" : "Import_Image_Dataset",
				"metadata" : {
					"kind": "Script/task",
					"commitMessage": "First commit",
					"contentType": "text/x-python"
				},
				"file" : "resources/catalog/Import_Image_Dataset.py"
			},
			{
				"name" : "Import_Model",
				"metadata" : {
					"kind": "Script/task",
					"commitMessage": "First commit",
					"contentType": "text/x-python"
				},
				"file" : "resources/catalog/Import_Model.py"
			},
			{
				"name" : "Import_Text_Dataset",
				"metadata" : {
					"kind": "Script/task",
					"commitMessage": "First commit",
					"contentType": "text/x-python"
				},
				"file" : "resources/catalog/Import_Text_Dataset.py"
			},
			{
				"name" : "LSTM",
				"metadata" : {
					"kind": "Script/task",
					"commitMessage": "First commit",
					"contentType": "text/x-python"
				},
				"file" : "resources/catalog/LSTM.py"
			},
			{
				"name" : "Predict_Image_Classification_Model",
				"metadata" : {
					"kind": "Script/task",
					"commitMessage": "First commit",
					"contentType": "text/x-python"
				},
				"file" : "resources/catalog/Predict_Image_Classification_Model.py"
			},
			{
				"name" : "Predict_Image_Segmentation_Model",
				"metadata" : {
					"kind": "Script/task",
					"commitMessage": "First commit",
					"contentType": "text/x-python"
				},
				"file" : "resources/catalog/Predict_Image_Segmentation_Model.py"
			},
			{
				"name" : "Predict_Image_Object_Detection_Model",
				"metadata" : {
					"kind": "Script/task",
					"commitMessage": "First commit",
					"contentType": "text/x-python"
				},
				"file" : "resources/catalog/Predict_Image_Object_Detection_Model.py"
			},
			{
				"name" : "Predict_Text_Classification_Model",
				"metadata" : {
					"kind": "Script/task",
					"commitMessage": "First commit",
					"contentType": "text/x-python"
				},
				"file" : "resources/catalog/Predict_Text_Classification_Model.py"
			},
			{
				"name" : "Preview_Results",
				"metadata" : {
					"kind": "Script/task",
					"commitMessage": "First commit",
					"contentType": "text/x-python"
				},
				"file" : "resources/catalog/Preview_Results.py"
			},
			{
				"name" : "ResNet_18",
				"metadata" : {
					"kind": "Script/task",
					"commitMessage": "First commit",
					"contentType": "text/x-python"
				},
				"file" : "resources/catalog/ResNet_18.py"
			},
			{
				"name" : "RNN",
				"metadata" : {
					"kind": "Script/task",
					"commitMessage": "First commit",
					"contentType": "text/x-python"
				},
				"file" : "resources/catalog/RNN.py"
			},
			{
				"name" : "SegNet",
				"metadata" : {
					"kind": "Script/task",
					"commitMessage": "First commit",
					"contentType": "text/x-python"
				},
				"file" : "resources/catalog/SegNet.py"
			},
			{
				"name" : "SSD",
				"metadata" : {
					"kind": "Script/task",
					"commitMessage": "First commit",
					"contentType": "text/x-python"
				},
				"file" : "resources/catalog/SSD.py"
			},
			{
				"name" : "Train_Image_Classification_Model",
				"metadata" : {
					"kind": "Script/task",
					"commitMessage": "First commit",
					"contentType": "text/x-python"
				},
				"file" : "resources/catalog/Train_Image_Classification_Model.py"
			},
			{
				"name" : "Train_Image_Segmentation_Model",
				"metadata" : {
					"kind": "Script/task",
					"commitMessage": "First commit",
					"contentType": "text/x-python"
				},
				"file" : "resources/catalog/Train_Image_Segmentation_Model.py"
			},
			{
				"name" : "Train_Text_Classification_Model",
				"metadata" : {
					"kind": "Script/task",
					"commitMessage": "First commit",
					"contentType": "text/x-python"
				},
				"file" : "resources/catalog/Train_Text_Classification_Model.py"
			},
			{
				"name" : "Train_Image_Object_Detection_Model",
				"metadata" : {
					"kind": "Script/task",
					"commitMessage": "First commit",
					"contentType": "text/x-python"
				},
				"file" : "resources/catalog/Train_Image_Object_Detection_Model.py"
			},
			{
				"name" : "UNet",
				"metadata" : {
					"kind": "Script/task",
					"commitMessage": "First commit",
					"contentType": "text/x-python"
				},
				"file" : "resources/catalog/UNet.py"
			},
			{
				"name" : "VGG_16",
				"metadata" : {
					"kind": "Script/task",
					"commitMessage": "First commit",
					"contentType": "text/x-python"
				},
				"file" : "resources/catalog/VGG_16.py"
			},
			{
				"name" : "Model_Explainability",
				"metadata" : {
					"kind": "Script/task",
					"commitMessage": "First commit",
					"contentType": "text/x-python"
				},
				"file" : "resources/catalog/Model_Explainability.py"
			},
			{
				"name" : "Search_Image_Dataset",
				"metadata" : {
					"kind": "Script/task",
					"commitMessage": "First commit",
					"contentType": "text/x-python"
				},
				"file" : "resources/catalog/Search_Image_Dataset.py"
			},
			{
				"name" : "YOLO",
				"metadata" : {
					"kind": "Script/task",
					"commitMessage": "First commit",
					"contentType": "text/x-python"
				},
				"file" : "resources/catalog/YOLO.py"
			}
        ]
	}
}
