{
	"metadata": {
		"slug": "cloudautomation-storm",
		"name": "CloudAutomation Storm",
		"short_description": "Lifecycle management workflows for Storm",
		"author": "ActiveEon's Team",
		"tags": ["Cloud Automation", "Storm", "Big Data", "Analytics"],
		"version": "1.0"
	},
	"dataspace" : {
		"target" : "global",
		"files" : ["resources/dataspace/storm.yaml"]
	},
	"catalog" : {
		"bucket" : "cloud-automation",
		"objects" : [
			{
				"name" : "Storm",
				"metadata" : {
					"kind": "Workflow/pca",
					"commitMessage": "First commit",
					"contentType": "application/xml"
				},
				"file" : "resources/catalog/Storm.xml"
			},
			{
				"name" : "Finish_Storm",
				"metadata" : {
					"kind": "Workflow/pca",
					"commitMessage": "First commit",
					"contentType": "application/xml"
				},
				"file" : "resources/catalog/Finish_Storm.xml"
			}
		]
	}
}
