{
  "metadata": {
    "slug": "kibana",
    "name": "Kibana Service",
    "short_description": "Lifecycle management workflow of Kibana Server for Cloud Automation",
    "author": "ActiveEon's Team",
    "tags": ["Cloud Automation", "Kibana"],
    "version": "1.0"
  },
  "catalog" : {
    "bucket" : "cloud-automation",
    "objects" : [
      {
        "name" : "Kibana",
        "metadata" : {
        "kind": "Workflow/pca",
        "commitMessage": "First commit",
        "contentType": "application/xml"
        },
        "file" : "resources/catalog/Kibana.xml"
      },
      {
        "name" : "Finish_Kibana",
        "metadata" : {
        "kind": "Workflow/pca",
        "commitMessage": "First commit",
        "contentType": "application/xml"
        },
        "file" : "resources/catalog/Finish_Kibana.xml"
      },
      {
        "name" : "Pause_Kibana",
        "metadata" : {
        "kind": "Workflow/pca",
        "commitMessage": "First commit",
        "contentType": "application/xml"
        },
        "file" : "resources/catalog/Pause_Kibana.xml"
      },
      {
        "name" : "Resume_Kibana",
        "metadata" : {
        "kind": "Workflow/pca",
        "commitMessage": "First commit",
        "contentType": "application/xml"
        },
        "file" : "resources/catalog/Resume_Kibana.xml"
      }
    ]
  }
}
