{
	"metadata": {
		"slug": "textanalysis",
		"name": "Text Analysis",
		"short_description": "Text analysis with machine learning and deep learning",
		"author": "ActiveEon's Team",
		"tags": ["Samples", "Machine Learning", "Text Analysis", "Big Data", "Analytics", "Deep Learning"],
		"version": "1.0"
	},
	"test": {
		"scenarios": "resources/test/scenarios.json"
	},
	"catalog" : {
		"bucket" : "machine-learning-workflows",
		"objects" : [
			{
				"name" : "One_Hot_Encode_Sequence_Data",
				"metadata" : {
					"kind": "Workflow/standard",
					"commitMessage": "First commit",
					"contentType": "application/xml"
				},
				"file" : "resources/catalog/One_Hot_Encode_Sequence_Data.xml"
			}
		]
	}
}
