{
	"metadata": {
		"slug": "twitter",
		"name": "Twitter",
		"short_description": "Use Twitter API from ProActive",
		"author": "ActiveEon's Team",
		"tags": ["Samples", "R", "Twitter"],
		"version": "1.0"
	},
	"catalog" : {
		"bucket" : "big-data",
		"objects" : [
			{
				"name" : "Twitter_Language_R_Analysis",
				"metadata" : {
					"kind": "Workflow/standard",
					"commitMessage": "First commit",
					"contentType": "application/xml"
				},
				"file" : "resources/catalog/twitter_language_r_analysis.xml",
				"studio_template" : {
					"name" : "Twitter_Language_R_Analysis",
					"offsets_json_string": "{\"offsets\":{\"Analysis\":{\"top\":392,\"left\":966.5},\"Split\":{\"top\":266,\"left\":966.5},\"Merge\":{\"top\":770,\"left\":966.5},\"Images\":{\"top\":518,\"left\":932},\"Additional\":{\"top\":644,\"left\":966.5},\"Image\":{\"top\":898,\"left\":966.5}},\"project\":\"Basic Big Data\",\"detailedView\":true}"
				}
			}
		]
	}
}
