{
	"metadata": {
		"slug": "dataconnectors",
		"name": "DataConnectors",
		"short_description": "Data Connectors",
		"author": "ActiveEon's Team",
		"tags": ["Data Connectors", "SQL", "NoSQL", "Data Warehouse", "Cloud Storage", "File", "ERP", "Tableau"],
		"version": "1.0"
	},
	"dataspace" : {
		"target" : "global",
		"files" : ["resources/dataspace/sapjco3.jar",
			"resources/dataspace/sapjco3.dll",
			"resources/dataspace/libsapjco3.jnilib",
			"resources/dataspace/libsapjco3.so",
			"resources/dataspace/opencsv-4.1.jar",			
			"resources/dataspace/script.usql",
			"resources/dataspace/aws-java-sdk-fat-1.11.228.jar",
			"resources/dataspace/azure-storage-blob-fat-10.0.3-Preview.jar"]
	},
	"catalog" : {
		"bucket" : "data-connectors",
		"objects" : [
			{
				"name" : "PostgreSQL",
				"metadata" : {
					"kind": "Workflow/standard",
					"commitMessage": "Compact version",
					"contentType": "application/xml"
				},
				"file" : "resources/catalog/PostgreSQL.xml"
			},
			{
				"name" : "Greenplum",
				"metadata" : {
					"kind": "Workflow/standard",
					"commitMessage": "Compact version",
					"contentType": "application/xml"
				},
				"file" : "resources/catalog/Greenplum.xml"
			},
			{
				"name" : "MySQL",
				"metadata" : {
					"kind": "Workflow/standard",
					"commitMessage": "Compact version",
					"contentType": "application/xml"
				},
				"file" : "resources/catalog/MySQL.xml"
			},
			{
				"name" : "Oracle",
				"metadata" : {
					"kind": "Workflow/standard",
					"commitMessage": "Compact version",
					"contentType": "application/xml"
				},
				"file" : "resources/catalog/Oracle.xml"
			},
			{
				"name" : "SQL_Server",
				"metadata" : {
					"kind": "Workflow/standard",
					"commitMessage": "Compact version",
					"contentType": "application/xml"
				},
				"file" : "resources/catalog/SQL_Server.xml"
			},
			{
				"name" : "MongoDB",
				"metadata" : {
					"kind": "Workflow/standard",
					"commitMessage": "Compact version",
					"contentType": "application/xml"
				},
				"file" : "resources/catalog/MongoDB.xml"
			},
			{
				"name" : "Cassandra",
				"metadata" : {
					"kind": "Workflow/standard",
					"commitMessage": "Compact version",
					"contentType": "application/xml"
				},
				"file" : "resources/catalog/Cassandra.xml"
			},
			{
				"name" : "Elasticsearch",
				"metadata" : {
					"kind": "Workflow/standard",
					"commitMessage": "Compact version",
					"contentType": "application/xml"
				},
				"file" : "resources/catalog/ElasticSearch.xml"
			},
			{
				"name" : "URL",
				"metadata" : {
					"kind": "Workflow/standard",
					"commitMessage": "Compact version",
					"contentType": "application/xml"
				},
				"file" : "resources/catalog/URL.xml"
			},
			{
				"name" : "FTP",
				"metadata" : {
					"kind": "Workflow/standard",
					"commitMessage": "Compact version",
					"contentType": "application/xml"
				},
				"file" : "resources/catalog/FTP.xml"
			},
			{
				"name" : "SFTP",
				"metadata" : {
					"kind": "Workflow/standard",
					"commitMessage": "Compact version",
					"contentType": "application/xml"
				},
				"file" : "resources/catalog/SFTP.xml"
			},
			{
				"name" : "Azure_Blob_Storage",
				"metadata" : {
					"kind": "Workflow/standard",
					"commitMessage": "Compact version",
					"contentType": "application/xml"
				},
				"file" : "resources/catalog/Azure_Blob_Storage.xml"
			},
			{
				"name" : "Azure_Data_Lake",
				"metadata" : {
					"kind": "Workflow/standard",
					"commitMessage": "Compact version",
					"contentType": "application/xml"
				},
				"file" : "resources/catalog/Azure_Data_Lake.xml"
			},
			{
				"name" : "S3",
				"metadata" : {
					"kind": "Workflow/standard",
					"commitMessage": "Compact version",
					"contentType": "application/xml"
				},
				"file" : "resources/catalog/AWS_S3.xml"
			},
			{
				"name" : "Snowflake",
				"metadata" : {
					"kind": "Workflow/standard",
					"commitMessage": "Compact version",
					"contentType": "application/xml"
				},
				"file" : "resources/catalog/Snowflake.xml"
			},
			{
				"name" : "SQL_Statements",
				"metadata" : {
					"kind": "Workflow/standard",
					"commitMessage": "Compact version",
					"contentType": "application/xml"
				},
				"file" : "resources/catalog/SQL_Statements.xml"
			},
			{
				"name" : "SQL_Pooled_Connection_Query",
				"metadata" : {
					"kind": "Workflow/standard",
					"commitMessage": "Compact version",
					"contentType": "application/xml"
				},
				"file" : "resources/catalog/SQL_Pooled_Connection_Query.xml"
			},
			{
				"name" : "SQL_Pooled_Connection_Update",
				"metadata" : {
					"kind": "Workflow/standard",
					"commitMessage": "Compact version",
					"contentType": "application/xml"
				},
				"file" : "resources/catalog/SQL_Pooled_Connection_Update.xml"
			},
			{
				"name" : "Export_Data_To_Tableau_Server",
				"metadata" : {
					"kind": "Workflow/standard",
					"commitMessage": "Compact version",
					"contentType": "application/xml"
				},
				"file" : "resources/catalog/Export_Data_To_Tableau_Server.xml"
			}
		]
	}
}
