{
	"metadata": {
		"slug": "scripts",
		"name": "Scripts",
		"short_description": "Data Visualization scripts",
		"author": "ActiveEon's Team",
		"tags": ["Scripts", "Visualization"],
		"version": "1.0"
	},
	"catalog" : {
		"bucket" : "data-visualization-scripts",
		"objects" : [
			{
				"name" : "Visdom_Visualize_Results",
				"metadata" : {
					"kind": "Script/task",
					"commitMessage": "First commit",
					"contentType": "text/x-python"
				},
				"file" : "resources/catalog/Visdom_Visualize_Results.py"
			},
			{
				"name" : "Visdom_Plots",
				"metadata" : {
					"kind": "Script/task",
					"commitMessage": "First commit",
					"contentType": "text/x-python"
				},
				"file" : "resources/catalog/Visdom_Plots.py"
			},
			{
				"name" : "Visdom_Train_CNN",
				"metadata" : {
					"kind": "Script/task",
					"commitMessage": "First commit",
					"contentType": "text/x-python"
				},
				"file" : "resources/catalog/Visdom_Train_CNN.py"
			}
		]
	}
}
