{
  "metadata": {
    "slug": "OpenShift",
	"name": "OpenShift Examples",
	"short_description": "Examples which are OpenShift compatible and relevant",
	"author": "ActiveEon's Team",
	"tags": [
	  "OpenShift"
	],
	"version": "1.0"
  },
  "test": {
		"scenarios": "resources/test/scenarios.json"
	},
  "catalog": {
	"bucket": "openshift-examples",
	"objects": [
      {
        "name" : "2_Minutes_Cron",
        "metadata" : {
          "kind": "Workflow/standard",
          "commitMessage": "First commit",
          "contentType": "application/xml"
        },
        "file" : "resources/catalog/2_minutes_cron.xml",
        "studio_template" : {
          "name" : "2_Minutes_Cron",
          "offsets_json_string": "{\"offsets\":{\"Cron_Task\":{\"top\":620.5,\"left\":986}},\"project\":\"1. Basic Workflows\",\"detailedView\":true}"
        }
      },
      {
        "name" : "Start_At",
        "metadata" : {
          "kind": "Workflow/standard",
          "commitMessage": "First commit",
          "contentType": "application/xml"
        },
        "file" : "resources/catalog/start_at.xml",
        "studio_template" : {
          "name" : "Start_At",
          "offsets_json_string": "{\"offsets\":{\"Start_At\":{\"top\":290,\"left\":966}},\"project\":\"1. Basic Workflows\"}"
        }
      },
      {
        "name" : "Pre_Post_Clean_Scripts",
        "metadata" : {
          "kind": "Workflow/standard",
          "commitMessage": "First commit",
          "contentType": "application/xml"
        },
        "file" : "resources/catalog/pre_post_clean_scripts.xml",
        "studio_template" : {
          "name" : "Pre_Post_Clean_Scripts",
          "offsets_json_string": "{\"offsets\":{\"Task_With_Scripts\":{\"top\":547,\"left\":922},\"failing_task\":{\"top\":547,\"left\":1050}},\"project\":\"1. Basic Workflows\"}"
        }
      },
      {
        "name" : "File_Trigger",
        "metadata" : {
          "kind": "Workflow/standard",
          "commitMessage": "First commit",
          "contentType": "application/xml"
        },
        "file" : "resources/catalog/file_trigger.xml",
        "studio_template" : {
          "name" : "File_Trigger",
          "offsets_json_string": "{\"offsets\":{\"File_Trigger\":{\"top\":290,\"left\":966}},\"project\":\"1. Basic Workflows\"}"
        }
      },
      {
        "name" : "MPI_Job",
        "metadata" : {
          "kind": "Workflow/standard",
          "commitMessage": "First commit",
          "contentType": "application/xml"
        },
        "file" : "resources/catalog/mpi_job.xml",
        "studio_template" : {
          "name" : "MPI_Job",
          "offsets_json_string": "{\"offsets\":{\"MPI_Task\":{\"top\":374.5,\"left\":986}},\"project\":\"2. Advanced Workflows\"}"
        }
      },
      {
        "name" : "Multi_Node_Task",
        "metadata" : {
          "kind": "Workflow/standard",
          "commitMessage": "First commit",
          "contentType": "application/xml"
        },
        "file" : "resources/catalog/multi_node_task.xml",
        "studio_template" : {
          "name" : "Multi_Node_Task",
          "offsets_json_string": "{\"offsets\":{\"Multi_Node_Task\":{\"top\":374.5,\"left\":986}},\"project\":\"2. Advanced Workflows\"}"
        }
      },
      {
        "name" : "Print_File_Name",
        "metadata" : {
          "kind": "Workflow/standard",
          "commitMessage": "First commit",
          "contentType": "application/xml"
        },
        "file" : "resources/catalog/print_file_name.xml"
      },
      {
        "name" : "Data_Management",
        "metadata" : {
          "kind": "Workflow/standard",
          "commitMessage": "First commit",
          "contentType": "application/xml"
        },
        "file" : "resources/catalog/data_management.xml",
        "studio_template" : {
          "name" : "Data_Management",
          "offsets_json_string": "{\"offsets\":{\"create_file_in_userspace\":{\"top\":310.5,\"left\":986},\"read_file_from_userspace\":{\"top\":438.5,\"left\":986}},\"project\":\"2. Advanced Workflows\"}"
        }
      },
      {
        "name" : "Selection_Scripts",
        "metadata" : {
          "kind": "Workflow/standard",
          "commitMessage": "First commit",
          "contentType": "application/xml"
        },
        "file" : "resources/catalog/selection_scripts.xml",
        "studio_template" : {
          "name" : "Selection_Scripts",
          "offsets_json_string": "{\"offsets\":{\"run_only_on_linux\":{\"top\":547,\"left\":858},\"run_only_on_windows\":{\"top\":547,\"left\":986},\"run_only_on_mac\":{\"top\":547,\"left\":1114}},\"project\":\"1. Basic Workflows\"}"
        }
      },
      {
        "name" : "Key_Value",
        "metadata" : {
          "kind": "Workflow/standard",
          "commitMessage": "First commit",
          "contentType": "application/xml"
        },
        "file" : "resources/catalog/KeyValue.xml"
      },
      {
        "name" : "Key_Value_Wait",
        "metadata" : {
          "kind": "Workflow/standard",
          "commitMessage": "First commit",
          "contentType": "application/xml"
        },
        "file" : "resources/catalog/KeyValueWait.xml"
      },
      {
        "name" : "Critical_Section",
        "metadata" : {
          "kind": "Workflow/standard",
          "commitMessage": "First commit",
          "contentType": "application/xml"
        },
        "file" : "resources/catalog/CriticalSection.xml"
      },
      {
        "name" : "Critical_Section_With_Selection_Scripts",
        "metadata" : {
          "kind": "Workflow/standard",
          "commitMessage": "First commit",
          "contentType": "application/xml"
        },
        "file" : "resources/catalog/CriticalSectionWithSelectionScripts.xml"
      },
	  {
		"name": "Distributed_Computing_Pi",
		"metadata": {
		  "kind": "Workflow/standard",
		  "commitMessage": "First commit",
		  "contentType": "application/xml"
		},
		"file": "resources/catalog/distributed_computing_PI.xml",
		"studio_template": {
		  "name": "Distributed_Computing_Pi",
		  "offsets_json_string": "{\"offsets\":{\"Computation1\":{\"top\":246.5,\"left\":666},\"Computation2\":{\"top\":246.5,\"left\":794},\"Computation3\":{\"top\":246.5,\"left\":922},\"Computation4\":{\"top\":246.5,\"left\":1050},\"Computation5\":{\"top\":246.5,\"left\":1178},\"Computation6\":{\"top\":246.5,\"left\":1306},\"Average1\":{\"top\":374.5,\"left\":794},\"Average2\":{\"top\":374.5,\"left\":1178},\"LastAverage\":{\"top\":502.5,\"left\":986}},\"project\":\"2. Advanced Workflows\"}"
		}
	  },
	  {
		"name": "Native_Task",
		"metadata": {
		  "kind": "Workflow/standard",
		  "commitMessage": "First commit",
		  "contentType": "application/xml"
		},
		"file": "resources/catalog/native_task.xml"
	  },
	  {
		"name": "Native_Task_Linux",
		"metadata": {
		  "kind": "Workflow/standard",
		  "commitMessage": "First commit",
		  "contentType": "application/xml"
		},
		"file": "resources/catalog/native_task_linux.xml"
	  }
	]
  }
}
